[2026-08-28 05:28:34] local.ERROR: No connection could be made because the target machine actively refused it {"exception":"[object] (RedisException(code: 0): No connection could be made because the target machine actively refused it at C:/Users/DELL/growza/growza/vendor/laravel/framework/src/Illuminate/Redis/Connectors/PhpRedisConnector.php:175)
[stacktrace]
#0 C:/Users/DELL/growza/growza/vendor/laravel/framework/src/Illuminate/Redis/Connectors/PhpRedisConnector.php(175): Redis->connect('127.0.0.1', '6379', 0.0, NULL, 0, 0.0)
#1 C:/Users/DELL/growza/growza/vendor/laravel/framework/src/Illuminate/Redis/Connectors/PhpRedisConnector.php(104): Illuminate/Redis/Connectors/PhpRedisConnector->establishConnection(Object(Redis), Array)
#2 C:/Users/DELL/growza/growza/vendor/laravel/framework/src/Illuminate/Support/helpers.php(399): Illuminate/Redis/Connectors/PhpRedisConnector->{closure:Illuminate/Redis/Connectors/PhpRedisConnector::createClient():79}(Object(Redis))
#3 C:/Users/DELL/growza/growza/vendor/laravel/framework/src/Illuminate/Redis/Connectors/PhpRedisConnector.php(79): tap(Object(Redis), Object(Closure))
#4 C:/Users/DELL/growza/growza/vendor/laravel/framework/src/Illuminate/Redis/Connectors/PhpRedisConnector.php(33): Illuminate/Redis/Connectors/PhpRedisConnector->createClient(Array)
#5 C:/Users/DELL/growza/growza/vendor/laravel/framework/src/Illuminate/Redis/Connectors/PhpRedisConnector.php(38): Illuminate/Redis/Connectors/PhpRedisConnector->{closure:Illuminate/Redis/Connectors/PhpRedisConnector::connect():32}()
#6 C:/Users/DELL/growza/growza/vendor/laravel/framework/src/Illuminate/Redis/RedisManager.php(110): Illuminate/Redis/Connectors/PhpRedisConnector->connect(Array, Array)
#7 C:/Users/DELL/growza/growza/vendor/laravel/framework/src/Illuminate/Redis/RedisManager.php(91): Illuminate/Redis/RedisManager->resolve('cache')
#8 C:/Users/DELL/growza/growza/vendor/laravel/framework/src/Illuminate/Cache/RedisStore.php(357): Illuminate/Redis/RedisManager->connection('cache')
#9 C:/Users/DELL/growza/growza/vendor/laravel/framework/src/Illuminate/Cache/RedisStore.php(270): Illuminate/Cache/RedisStore->connection()
#10 C:/Users/DELL/growza/growza/vendor/laravel/framework/src/Illuminate/Cache/Repository.php(792): Illuminate/Cache/RedisStore->flush()
#11 C:/Users/DELL/growza/growza/vendor/laravel/framework/src/Illuminate/Cache/Console/ClearCommand.php(69): Illuminate/Cache/Repository->__call('flush', Array)
#12 C:/Users/DELL/growza/growza/vendor/laravel/framework/src/Illuminate/Container/BoundMethod.php(36): Illuminate/Cache/Console/ClearCommand->handle()
#13 C:/Users/DELL/growza/growza/vendor/laravel/framework/src/Illuminate/Container/Util.php(43): Illuminate/Container/BoundMethod::{closure:Illuminate/Container/BoundMethod::call():35}()
#14 C:/Users/DELL/growza/growza/vendor/laravel/framework/src/Illuminate/Container/BoundMethod.php(95): Illuminate/Container/Util::unwrapIfClosure(Object(Closure))
#15 C:/Users/DELL/growza/growza/vendor/laravel/framework/src/Illuminate/Container/BoundMethod.php(35): Illuminate/Container/BoundMethod::callBoundMethod(Object(Illuminate/Foundation/Application), Array, Object(Closure))
#16 C:/Users/DELL/growza/growza/vendor/laravel/framework/src/Illuminate/Container/Container.php(696): Illuminate/Container/BoundMethod::call(Object(Illuminate/Foundation/Application), Array, Array, NULL)
#17 C:/Users/DELL/growza/growza/vendor/laravel/framework/src/Illuminate/Console/Command.php(213): Illuminate/Container/Container->call(Array)
#18 C:/Users/DELL/growza/growza/vendor/symfony/console/Command/Command.php(341): Illuminate/Console/Command->execute(Object(Symfony/Component/Console/Input/ArrayInput), Object(Illuminate/Console/OutputStyle))
#19 C:/Users/DELL/growza/growza/vendor/laravel/framework/src/Illuminate/Console/Command.php(182): Symfony/Component/Console/Command/Command->run(Object(Symfony/Component/Console/Input/ArrayInput), Object(Illuminate/Console/OutputStyle))
#20 C:/Users/DELL/growza/growza/vendor/laravel/framework/src/Illuminate/Console/Concerns/CallsCommands.php(68): Illuminate/Console/Command->run(Object(Symfony/Component/Console/Input/ArrayInput), Object(Symfony/Component/Console/Output/NullOutput))
#21 C:/Users/DELL/growza/growza/vendor/laravel/framework/src/Illuminate/Console/Concerns/CallsCommands.php(41): Illuminate/Console/Command->runCommand('cache:clear', Array, Object(Symfony/Component/Console/Output/NullOutput))
#22 C:/Users/DELL/growza/growza/vendor/laravel/framework/src/Illuminate/Console/Concerns/CallsCommands.php(53): Illuminate/Console/Command->callSilent('cache:clear', Array)
#23 C:/Users/DELL/growza/growza/vendor/laravel/framework/src/Illuminate/Foundation/Console/OptimizeClearCommand.php(48): Illuminate/Console/Command->callSilently('cache:clear')
#24 C:/Users/DELL/growza/growza/vendor/laravel/framework/src/Illuminate/Console/View/Components/Task.php(40): Illuminate/Foundation/Console/OptimizeClearCommand->{closure:Illuminate/Foundation/Console/OptimizeClearCommand::handle():48}()
#25 C:/Users/DELL/growza/growza/vendor/laravel/framework/src/Illuminate/Console/View/Components/Factory.php(60): Illuminate/Console/View/Components/Task->render('cache', Object(Closure))
#26 C:/Users/DELL/growza/growza/vendor/laravel/framework/src/Illuminate/Foundation/Console/OptimizeClearCommand.php(48): Illuminate/Console/View/Components/Factory->__call('task', Array)
#27 C:/Users/DELL/growza/growza/vendor/laravel/framework/src/Illuminate/Container/BoundMethod.php(36): Illuminate/Foundation/Console/OptimizeClearCommand->handle()
#28 C:/Users/DELL/growza/growza/vendor/laravel/framework/src/Illuminate/Container/Util.php(43): Illuminate/Container/BoundMethod::{closure:Illuminate/Container/BoundMethod::call():35}()
#29 C:/Users/DELL/growza/growza/vendor/laravel/framework/src/Illuminate/Container/BoundMethod.php(95): Illuminate/Container/Util::unwrapIfClosure(Object(Closure))
#30 C:/Users/DELL/growza/growza/vendor/laravel/framework/src/Illuminate/Container/BoundMethod.php(35): Illuminate/Container/BoundMethod::callBoundMethod(Object(Illuminate/Foundation/Application), Array, Object(Closure))
#31 C:/Users/DELL/growza/growza/vendor/laravel/framework/src/Illuminate/Container/Container.php(696): Illuminate/Container/BoundMethod::call(Object(Illuminate/Foundation/Application), Array, Array, NULL)
#32 C:/Users/DELL/growza/growza/vendor/laravel/framework/src/Illuminate/Console/Command.php(213): Illuminate/Container/Container->call(Array)
#33 C:/Users/DELL/growza/growza/vendor/symfony/console/Command/Command.php(341): Illuminate/Console/Command->execute(Object(Symfony/Component/Console/Input/ArgvInput), Object(Illuminate/Console/OutputStyle))
#34 C:/Users/DELL/growza/growza/vendor/laravel/framework/src/Illuminate/Console/Command.php(182): Symfony/Component/Console/Command/Command->run(Object(Symfony/Component/Console/Input/ArgvInput), Object(Illuminate/Console/OutputStyle))
#35 C:/Users/DELL/growza/growza/vendor/symfony/console/Application.php(1117): Illuminate/Console/Command->run(Object(Symfony/Component/Console/Input/ArgvInput), Object(Symfony/Component/Console/Output/ConsoleOutput))
#36 C:/Users/DELL/growza/growza/vendor/symfony/console/Application.php(356): Symfony/Component/Console/Application->doRunCommand(Object(Illuminate/Foundation/Console/OptimizeClearCommand), Object(Symfony/Component/Console/Input/ArgvInput), Object(Symfony/Component/Console/Output/ConsoleOutput))
#37 C:/Users/DELL/growza/growza/vendor/symfony/console/Application.php(195): Symfony/Component/Console/Application->doRun(Object(Symfony/Component/Console/Input/ArgvInput), Object(Symfony/Component/Console/Output/ConsoleOutput))
#38 C:/Users/DELL/growza/growza/vendor/laravel/framework/src/Illuminate/Foundation/Console/Kernel.php(198): Symfony/Component/Console/Application->run(Object(Symfony/Component/Console/Input/ArgvInput), Object(Symfony/Component/Console/Output/ConsoleOutput))
#39 C:/Users/DELL/growza/growza/vendor/laravel/framework/src/Illuminate/Foundation/Application.php(1235): Illuminate/Foundation/Console/Kernel->handle(Object(Symfony/Component/Console/Input/ArgvInput), Object(Symfony/Component/Console/Output/ConsoleOutput))
#40 C:/Users/DELL/growza/growza/artisan(14): Illuminate/Foundation/Application->handleCommand(Object(Symfony/Component/Console/Input/ArgvInput))
#41 {main}
"} 
[2026-08-30 02:12:22] local.ERROR: Connection refused {"exception":"[object] (RedisException(code: 0): Connection refused at /var/www/html/vendor/laravel/framework/src/Illuminate/Redis/Connectors/PhpRedisConnector.php:175)
[stacktrace]
#0 /var/www/html/vendor/laravel/framework/src/Illuminate/Redis/Connectors/PhpRedisConnector.php(175): Redis->connect('127.0.0.1', '6379', 0.0, NULL, 0, 0.0)
#1 /var/www/html/vendor/laravel/framework/src/Illuminate/Redis/Connectors/PhpRedisConnector.php(104): Illuminate\\Redis\\Connectors\\PhpRedisConnector->establishConnection(Object(Redis), Array)
#2 /var/www/html/vendor/laravel/framework/src/Illuminate/Support/helpers.php(399): Illuminate\\Redis\\Connectors\\PhpRedisConnector->{closure:Illuminate\\Redis\\Connectors\\PhpRedisConnector::createClient():79}(Object(Redis))
#3 /var/www/html/vendor/laravel/framework/src/Illuminate/Redis/Connectors/PhpRedisConnector.php(79): tap(Object(Redis), Object(Closure))
#4 /var/www/html/vendor/laravel/framework/src/Illuminate/Redis/Connectors/PhpRedisConnector.php(33): Illuminate\\Redis\\Connectors\\PhpRedisConnector->createClient(Array)
#5 /var/www/html/vendor/laravel/framework/src/Illuminate/Redis/Connectors/PhpRedisConnector.php(38): Illuminate\\Redis\\Connectors\\PhpRedisConnector->{closure:Illuminate\\Redis\\Connectors\\PhpRedisConnector::connect():32}()
#6 /var/www/html/vendor/laravel/framework/src/Illuminate/Redis/RedisManager.php(110): Illuminate\\Redis\\Connectors\\PhpRedisConnector->connect(Array, Array)
#7 /var/www/html/vendor/laravel/framework/src/Illuminate/Redis/RedisManager.php(91): Illuminate\\Redis\\RedisManager->resolve('cache')
#8 /var/www/html/vendor/laravel/framework/src/Illuminate/Cache/RedisStore.php(357): Illuminate\\Redis\\RedisManager->connection('cache')
#9 /var/www/html/vendor/laravel/framework/src/Illuminate/Cache/RedisStore.php(71): Illuminate\\Cache\\RedisStore->connection()
#10 /var/www/html/vendor/laravel/framework/src/Illuminate/Cache/Repository.php(117): Illuminate\\Cache\\RedisStore->get('illuminate:queu...')
#11 /var/www/html/vendor/laravel/framework/src/Illuminate/Queue/Worker.php(733): Illuminate\\Cache\\Repository->get('illuminate:queu...')
#12 /var/www/html/vendor/laravel/framework/src/Illuminate/Queue/Worker.php(146): Illuminate\\Queue\\Worker->getTimestampOfLastQueueRestart()
#13 /var/www/html/vendor/laravel/framework/src/Illuminate/Queue/Console/WorkCommand.php(150): Illuminate\\Queue\\Worker->daemon('redis', 'payments,orders...', Object(Illuminate\\Queue\\WorkerOptions))
#14 /var/www/html/vendor/laravel/framework/src/Illuminate/Queue/Console/WorkCommand.php(133): Illuminate\\Queue\\Console\\WorkCommand->runWorker('redis', 'payments,orders...')
#15 /var/www/html/vendor/laravel/framework/src/Illuminate/Container/BoundMethod.php(36): Illuminate\\Queue\\Console\\WorkCommand->handle()
#16 /var/www/html/vendor/laravel/framework/src/Illuminate/Container/Util.php(43): Illuminate\\Container\\BoundMethod::{closure:Illuminate\\Container\\BoundMethod::call():35}()
#17 /var/www/html/vendor/laravel/framework/src/Illuminate/Container/BoundMethod.php(95): Illuminate\\Container\\Util::unwrapIfClosure(Object(Closure))
#18 /var/www/html/vendor/laravel/framework/src/Illuminate/Container/BoundMethod.php(35): Illuminate\\Container\\BoundMethod::callBoundMethod(Object(Illuminate\\Foundation\\Application), Array, Object(Closure))
#19 /var/www/html/vendor/laravel/framework/src/Illuminate/Container/Container.php(696): Illuminate\\Container\\BoundMethod::call(Object(Illuminate\\Foundation\\Application), Array, Array, NULL)
#20 /var/www/html/vendor/laravel/framework/src/Illuminate/Console/Command.php(213): Illuminate\\Container\\Container->call(Array)
#21 /var/www/html/vendor/symfony/console/Command/Command.php(341): Illuminate\\Console\\Command->execute(Object(Symfony\\Component\\Console\\Input\\ArgvInput), Object(Illuminate\\Console\\OutputStyle))
#22 /var/www/html/vendor/laravel/framework/src/Illuminate/Console/Command.php(182): Symfony\\Component\\Console\\Command\\Command->run(Object(Symfony\\Component\\Console\\Input\\ArgvInput), Object(Illuminate\\Console\\OutputStyle))
#23 /var/www/html/vendor/symfony/console/Application.php(1117): Illuminate\\Console\\Command->run(Object(Symfony\\Component\\Console\\Input\\ArgvInput), Object(Symfony\\Component\\Console\\Output\\ConsoleOutput))
#24 /var/www/html/vendor/symfony/console/Application.php(356): Symfony\\Component\\Console\\Application->doRunCommand(Object(Illuminate\\Queue\\Console\\WorkCommand), Object(Symfony\\Component\\Console\\Input\\ArgvInput), Object(Symfony\\Component\\Console\\Output\\ConsoleOutput))
#25 /var/www/html/vendor/symfony/console/Application.php(195): Symfony\\Component\\Console\\Application->doRun(Object(Symfony\\Component\\Console\\Input\\ArgvInput), Object(Symfony\\Component\\Console\\Output\\ConsoleOutput))
#26 /var/www/html/vendor/laravel/framework/src/Illuminate/Foundation/Console/Kernel.php(198): Symfony\\Component\\Console\\Application->run(Object(Symfony\\Component\\Console\\Input\\ArgvInput), Object(Symfony\\Component\\Console\\Output\\ConsoleOutput))
#27 /var/www/html/vendor/laravel/framework/src/Illuminate/Foundation/Application.php(1235): Illuminate\\Foundation\\Console\\Kernel->handle(Object(Symfony\\Component\\Console\\Input\\ArgvInput), Object(Symfony\\Component\\Console\\Output\\ConsoleOutput))
#28 /var/www/html/artisan(14): Illuminate\\Foundation\\Application->handleCommand(Object(Symfony\\Component\\Console\\Input\\ArgvInput))
#29 {main}
"} 
[2026-08-30 02:38:51] local.ERROR: No application encryption key has been specified. {"exception":"[object] (Illuminate\\Encryption\\MissingAppKeyException(code: 0): No application encryption key has been specified. at /var/www/html/vendor/laravel/framework/src/Illuminate/Encryption/EncryptionServiceProvider.php:83)
[stacktrace]
#0 /var/www/html/vendor/laravel/framework/src/Illuminate/Support/helpers.php(399): Illuminate\\Encryption\\EncryptionServiceProvider->{closure:Illuminate\\Encryption\\EncryptionServiceProvider::key():81}('')
#1 /var/www/html/vendor/laravel/framework/src/Illuminate/Encryption/EncryptionServiceProvider.php(81): tap('', Object(Closure))
#2 /var/www/html/vendor/laravel/framework/src/Illuminate/Encryption/EncryptionServiceProvider.php(64): Illuminate\\Encryption\\EncryptionServiceProvider->key(Array)
#3 /var/www/html/vendor/laravel/framework/src/Illuminate/Encryption/EncryptionServiceProvider.php(32): Illuminate\\Encryption\\EncryptionServiceProvider->parseKey(Array)
#4 /var/www/html/vendor/laravel/framework/src/Illuminate/Container/Container.php(952): Illuminate\\Encryption\\EncryptionServiceProvider->{closure:Illuminate\\Encryption\\EncryptionServiceProvider::registerEncrypter():29}(Object(Illuminate\\Foundation\\Application), Array)
#5 /var/www/html/vendor/laravel/framework/src/Illuminate/Container/Container.php(832): Illuminate\\Container\\Container->build(Object(Closure))
#6 /var/www/html/vendor/laravel/framework/src/Illuminate/Foundation/Application.php(1078): Illuminate\\Container\\Container->resolve('encrypter', Array, true)
#7 /var/www/html/vendor/laravel/framework/src/Illuminate/Container/Container.php(763): Illuminate\\Foundation\\Application->resolve('encrypter', Array)
#8 /var/www/html/vendor/laravel/framework/src/Illuminate/Foundation/Application.php(1058): Illuminate\\Container\\Container->make('encrypter', Array)
#9 /var/www/html/vendor/laravel/framework/src/Illuminate/Container/Container.php(1133): Illuminate\\Foundation\\Application->make('encrypter')
#10 /var/www/html/vendor/laravel/framework/src/Illuminate/Container/Container.php(1043): Illuminate\\Container\\Container->resolveClass(Object(ReflectionParameter))
#11 /var/www/html/vendor/laravel/framework/src/Illuminate/Container/Container.php(994): Illuminate\\Container\\Container->resolveDependencies(Array)
#12 /var/www/html/vendor/laravel/framework/src/Illuminate/Container/Container.php(832): Illuminate\\Container\\Container->build('Illuminate\\\\Cook...')
#13 /var/www/html/vendor/laravel/framework/src/Illuminate/Foundation/Application.php(1078): Illuminate\\Container\\Container->resolve('Illuminate\\\\Cook...', Array, true)
#14 /var/www/html/vendor/laravel/framework/src/Illuminate/Container/Container.php(763): Illuminate\\Foundation\\Application->resolve('Illuminate\\\\Cook...', Array)
#15 /var/www/html/vendor/laravel/framework/src/Illuminate/Foundation/Application.php(1058): Illuminate\\Container\\Container->make('Illuminate\\\\Cook...', Array)
#16 /var/www/html/vendor/laravel/framework/src/Illuminate/Pipeline/Pipeline.php(198): Illuminate\\Foundation\\Application->make('Illuminate\\\\Cook...')
#17 /var/www/html/vendor/laravel/framework/src/Illuminate/Pipeline/Pipeline.php(127): Illuminate\\Pipeline\\Pipeline->{closure:{closure:Illuminate\\Pipeline\\Pipeline::carry():184}:185}(Object(Illuminate\\Http\\Request))
#18 /var/www/html/vendor/laravel/framework/src/Illuminate/Routing/Router.php(807): Illuminate\\Pipeline\\Pipeline->then(Object(Closure))
#19 /var/www/html/vendor/laravel/framework/src/Illuminate/Routing/Router.php(786): Illuminate\\Routing\\Router->runRouteWithinStack(Object(Illuminate\\Routing\\Route), Object(Illuminate\\Http\\Request))
#20 /var/www/html/vendor/laravel/framework/src/Illuminate/Routing/Router.php(750): Illuminate\\Routing\\Router->runRoute(Object(Illuminate\\Http\\Request), Object(Illuminate\\Routing\\Route))
#21 /var/www/html/vendor/laravel/framework/src/Illuminate/Routing/Router.php(739): Illuminate\\Routing\\Router->dispatchToRoute(Object(Illuminate\\Http\\Request))
#22 /var/www/html/vendor/laravel/framework/src/Illuminate/Foundation/Http/Kernel.php(201): Illuminate\\Routing\\Router->dispatch(Object(Illuminate\\Http\\Request))
#23 /var/www/html/vendor/laravel/framework/src/Illuminate/Pipeline/Pipeline.php(170): Illuminate\\Foundation\\Http\\Kernel->{closure:Illuminate\\Foundation\\Http\\Kernel::dispatchToRouter():198}(Object(Illuminate\\Http\\Request))
#24 /var/www/html/vendor/livewire/livewire/src/Features/SupportDisablingBackButtonCache/DisableBackButtonCacheMiddleware.php(19): Illuminate\\Pipeline\\Pipeline->{closure:Illuminate\\Pipeline\\Pipeline::prepareDestination():168}(Object(Illuminate\\Http\\Request))
#25 /var/www/html/vendor/laravel/framework/src/Illuminate/Pipeline/Pipeline.php(209): Livewire\\Features\\SupportDisablingBackButtonCache\\DisableBackButtonCacheMiddleware->handle(Object(Illuminate\\Http\\Request), Object(Closure))
#26 /var/www/html/vendor/laravel/framework/src/Illuminate/Foundation/Http/Middleware/TransformsRequest.php(21): Illuminate\\Pipeline\\Pipeline->{closure:{closure:Illuminate\\Pipeline\\Pipeline::carry():184}:185}(Object(Illuminate\\Http\\Request))
#27 /var/www/html/vendor/laravel/framework/src/Illuminate/Foundation/Http/Middleware/ConvertEmptyStringsToNull.php(31): Illuminate\\Foundation\\Http\\Middleware\\TransformsRequest->handle(Object(Illuminate\\Http\\Request), Object(Closure))
#28 /var/www/html/vendor/laravel/framework/src/Illuminate/Pipeline/Pipeline.php(209): Illuminate\\Foundation\\Http\\Middleware\\ConvertEmptyStringsToNull->handle(Object(Illuminate\\Http\\Request), Object(Closure))
#29 /var/www/html/vendor/laravel/framework/src/Illuminate/Foundation/Http/Middleware/TransformsRequest.php(21): Illuminate\\Pipeline\\Pipeline->{closure:{closure:Illuminate\\Pipeline\\Pipeline::carry():184}:185}(Object(Illuminate\\Http\\Request))
#30 /var/www/html/vendor/laravel/framework/src/Illuminate/Foundation/Http/Middleware/TrimStrings.php(51): Illuminate\\Foundation\\Http\\Middleware\\TransformsRequest->handle(Object(Illuminate\\Http\\Request), Object(Closure))
#31 /var/www/html/vendor/laravel/framework/src/Illuminate/Pipeline/Pipeline.php(209): Illuminate\\Foundation\\Http\\Middleware\\TrimStrings->handle(Object(Illuminate\\Http\\Request), Object(Closure))
#32 /var/www/html/vendor/laravel/framework/src/Illuminate/Http/Middleware/ValidatePostSize.php(27): Illuminate\\Pipeline\\Pipeline->{closure:{closure:Illuminate\\Pipeline\\Pipeline::carry():184}:185}(Object(Illuminate\\Http\\Request))
#33 /var/www/html/vendor/laravel/framework/src/Illuminate/Pipeline/Pipeline.php(209): Illuminate\\Http\\Middleware\\ValidatePostSize->handle(Object(Illuminate\\Http\\Request), Object(Closure))
#34 /var/www/html/vendor/laravel/framework/src/Illuminate/Foundation/Http/Middleware/PreventRequestsDuringMaintenance.php(110): Illuminate\\Pipeline\\Pipeline->{closure:{closure:Illuminate\\Pipeline\\Pipeline::carry():184}:185}(Object(Illuminate\\Http\\Request))
#35 /var/www/html/vendor/laravel/framework/src/Illuminate/Pipeline/Pipeline.php(209): Illuminate\\Foundation\\Http\\Middleware\\PreventRequestsDuringMaintenance->handle(Object(Illuminate\\Http\\Request), Object(Closure))
#36 /var/www/html/vendor/laravel/framework/src/Illuminate/Http/Middleware/HandleCors.php(49): Illuminate\\Pipeline\\Pipeline->{closure:{closure:Illuminate\\Pipeline\\Pipeline::carry():184}:185}(Object(Illuminate\\Http\\Request))
#37 /var/www/html/vendor/laravel/framework/src/Illuminate/Pipeline/Pipeline.php(209): Illuminate\\Http\\Middleware\\HandleCors->handle(Object(Illuminate\\Http\\Request), Object(Closure))
#38 /var/www/html/vendor/laravel/framework/src/Illuminate/Http/Middleware/TrustProxies.php(58): Illuminate\\Pipeline\\Pipeline->{closure:{closure:Illuminate\\Pipeline\\Pipeline::carry():184}:185}(Object(Illuminate\\Http\\Request))
#39 /var/www/html/vendor/laravel/framework/src/Illuminate/Pipeline/Pipeline.php(209): Illuminate\\Http\\Middleware\\TrustProxies->handle(Object(Illuminate\\Http\\Request), Object(Closure))
#40 /var/www/html/vendor/laravel/framework/src/Illuminate/Foundation/Http/Middleware/InvokeDeferredCallbacks.php(22): Illuminate\\Pipeline\\Pipeline->{closure:{closure:Illuminate\\Pipeline\\Pipeline::carry():184}:185}(Object(Illuminate\\Http\\Request))
#41 /var/www/html/vendor/laravel/framework/src/Illuminate/Pipeline/Pipeline.php(209): Illuminate\\Foundation\\Http\\Middleware\\InvokeDeferredCallbacks->handle(Object(Illuminate\\Http\\Request), Object(Closure))
#42 /var/www/html/vendor/laravel/framework/src/Illuminate/Pipeline/Pipeline.php(127): Illuminate\\Pipeline\\Pipeline->{closure:{closure:Illuminate\\Pipeline\\Pipeline::carry():184}:185}(Object(Illuminate\\Http\\Request))
#43 /var/www/html/vendor/laravel/framework/src/Illuminate/Foundation/Http/Kernel.php(176): Illuminate\\Pipeline\\Pipeline->then(Object(Closure))
#44 /var/www/html/vendor/laravel/framework/src/Illuminate/Foundation/Http/Kernel.php(145): Illuminate\\Foundation\\Http\\Kernel->sendRequestThroughRouter(Object(Illuminate\\Http\\Request))
#45 /var/www/html/vendor/laravel/framework/src/Illuminate/Foundation/Application.php(1220): Illuminate\\Foundation\\Http\\Kernel->handle(Object(Illuminate\\Http\\Request))
#46 /var/www/html/public/index.php(20): Illuminate\\Foundation\\Application->handleRequest(Object(Illuminate\\Http\\Request))
#47 {main}
"} 
[2026-08-30 02:38:51] local.ERROR: The stream or file "/var/www/html/storage/logs/security-2026-08-30.log" could not be opened in append mode: Failed to open stream: Permission denied
The exception occurred while attempting to log: No application encryption key has been specified.
Context: {"exception":{}} {"exception":"[object] (UnexpectedValueException(code: 0): The stream or file \"/var/www/html/storage/logs/security-2026-08-30.log\" could not be opened in append mode: Failed to open stream: Permission denied
The exception occurred while attempting to log: No application encryption key has been specified.
Context: {\"exception\":{}} at /var/www/html/vendor/monolog/monolog/src/Monolog/Handler/StreamHandler.php:164)
[stacktrace]
#0 /var/www/html/vendor/monolog/monolog/src/Monolog/Handler/RotatingFileHandler.php(113): Monolog\\Handler\\StreamHandler->write(Object(Monolog\\LogRecord))
#1 /var/www/html/vendor/monolog/monolog/src/Monolog/Handler/AbstractProcessingHandler.php(44): Monolog\\Handler\\RotatingFileHandler->write(Object(Monolog\\LogRecord))
#2 /var/www/html/vendor/monolog/monolog/src/Monolog/Logger.php(391): Monolog\\Handler\\AbstractProcessingHandler->handle(Object(Monolog\\LogRecord))
#3 /var/www/html/vendor/monolog/monolog/src/Monolog/Logger.php(646): Monolog\\Logger->addRecord(Monolog\\Level::Error, 'No application ...', Array)
#4 /var/www/html/vendor/laravel/framework/src/Illuminate/Log/Logger.php(184): Monolog\\Logger->error('No application ...', Array)
#5 /var/www/html/vendor/laravel/framework/src/Illuminate/Log/Logger.php(97): Illuminate\\Log\\Logger->writeLog('error', 'No application ...', Array)
#6 /var/www/html/vendor/laravel/framework/src/Illuminate/Log/LogManager.php(701): Illuminate\\Log\\Logger->error('No application ...', Array)
#7 /var/www/html/vendor/laravel/framework/src/Illuminate/Foundation/Exceptions/Handler.php(380): Illuminate\\Log\\LogManager->error('No application ...', Array)
#8 /var/www/html/vendor/laravel/framework/src/Illuminate/Foundation/Exceptions/Handler.php(343): Illuminate\\Foundation\\Exceptions\\Handler->reportThrowable(Object(Illuminate\\Encryption\\MissingAppKeyException))
#9 /var/www/html/vendor/laravel/framework/src/Illuminate/Routing/Pipeline.php(49): Illuminate\\Foundation\\Exceptions\\Handler->report(Object(Illuminate\\Encryption\\MissingAppKeyException))
#10 /var/www/html/vendor/laravel/framework/src/Illuminate/Pipeline/Pipeline.php(214): Illuminate\\Routing\\Pipeline->handleException(Object(Illuminate\\Http\\Request), Object(Illuminate\\Encryption\\MissingAppKeyException))
#11 /var/www/html/vendor/laravel/framework/src/Illuminate/Pipeline/Pipeline.php(127): Illuminate\\Pipeline\\Pipeline->{closure:{closure:Illuminate\\Pipeline\\Pipeline::carry():184}:185}(Object(Illuminate\\Http\\Request))
#12 /var/www/html/vendor/laravel/framework/src/Illuminate/Routing/Router.php(807): Illuminate\\Pipeline\\Pipeline->then(Object(Closure))
#13 /var/www/html/vendor/laravel/framework/src/Illuminate/Routing/Router.php(786): Illuminate\\Routing\\Router->runRouteWithinStack(Object(Illuminate\\Routing\\Route), Object(Illuminate\\Http\\Request))
#14 /var/www/html/vendor/laravel/framework/src/Illuminate/Routing/Router.php(750): Illuminate\\Routing\\Router->runRoute(Object(Illuminate\\Http\\Request), Object(Illuminate\\Routing\\Route))
#15 /var/www/html/vendor/laravel/framework/src/Illuminate/Routing/Router.php(739): Illuminate\\Routing\\Router->dispatchToRoute(Object(Illuminate\\Http\\Request))
#16 /var/www/html/vendor/laravel/framework/src/Illuminate/Foundation/Http/Kernel.php(201): Illuminate\\Routing\\Router->dispatch(Object(Illuminate\\Http\\Request))
#17 /var/www/html/vendor/laravel/framework/src/Illuminate/Pipeline/Pipeline.php(170): Illuminate\\Foundation\\Http\\Kernel->{closure:Illuminate\\Foundation\\Http\\Kernel::dispatchToRouter():198}(Object(Illuminate\\Http\\Request))
#18 /var/www/html/vendor/livewire/livewire/src/Features/SupportDisablingBackButtonCache/DisableBackButtonCacheMiddleware.php(19): Illuminate\\Pipeline\\Pipeline->{closure:Illuminate\\Pipeline\\Pipeline::prepareDestination():168}(Object(Illuminate\\Http\\Request))
#19 /var/www/html/vendor/laravel/framework/src/Illuminate/Pipeline/Pipeline.php(209): Livewire\\Features\\SupportDisablingBackButtonCache\\DisableBackButtonCacheMiddleware->handle(Object(Illuminate\\Http\\Request), Object(Closure))
#20 /var/www/html/vendor/laravel/framework/src/Illuminate/Foundation/Http/Middleware/TransformsRequest.php(21): Illuminate\\Pipeline\\Pipeline->{closure:{closure:Illuminate\\Pipeline\\Pipeline::carry():184}:185}(Object(Illuminate\\Http\\Request))
#21 /var/www/html/vendor/laravel/framework/src/Illuminate/Foundation/Http/Middleware/ConvertEmptyStringsToNull.php(31): Illuminate\\Foundation\\Http\\Middleware\\TransformsRequest->handle(Object(Illuminate\\Http\\Request), Object(Closure))
#22 /var/www/html/vendor/laravel/framework/src/Illuminate/Pipeline/Pipeline.php(209): Illuminate\\Foundation\\Http\\Middleware\\ConvertEmptyStringsToNull->handle(Object(Illuminate\\Http\\Request), Object(Closure))
#23 /var/www/html/vendor/laravel/framework/src/Illuminate/Foundation/Http/Middleware/TransformsRequest.php(21): Illuminate\\Pipeline\\Pipeline->{closure:{closure:Illuminate\\Pipeline\\Pipeline::carry():184}:185}(Object(Illuminate\\Http\\Request))
#24 /var/www/html/vendor/laravel/framework/src/Illuminate/Foundation/Http/Middleware/TrimStrings.php(51): Illuminate\\Foundation\\Http\\Middleware\\TransformsRequest->handle(Object(Illuminate\\Http\\Request), Object(Closure))
#25 /var/www/html/vendor/laravel/framework/src/Illuminate/Pipeline/Pipeline.php(209): Illuminate\\Foundation\\Http\\Middleware\\TrimStrings->handle(Object(Illuminate\\Http\\Request), Object(Closure))
#26 /var/www/html/vendor/laravel/framework/src/Illuminate/Http/Middleware/ValidatePostSize.php(27): Illuminate\\Pipeline\\Pipeline->{closure:{closure:Illuminate\\Pipeline\\Pipeline::carry():184}:185}(Object(Illuminate\\Http\\Request))
#27 /var/www/html/vendor/laravel/framework/src/Illuminate/Pipeline/Pipeline.php(209): Illuminate\\Http\\Middleware\\ValidatePostSize->handle(Object(Illuminate\\Http\\Request), Object(Closure))
#28 /var/www/html/vendor/laravel/framework/src/Illuminate/Foundation/Http/Middleware/PreventRequestsDuringMaintenance.php(110): Illuminate\\Pipeline\\Pipeline->{closure:{closure:Illuminate\\Pipeline\\Pipeline::carry():184}:185}(Object(Illuminate\\Http\\Request))
#29 /var/www/html/vendor/laravel/framework/src/Illuminate/Pipeline/Pipeline.php(209): Illuminate\\Foundation\\Http\\Middleware\\PreventRequestsDuringMaintenance->handle(Object(Illuminate\\Http\\Request), Object(Closure))
#30 /var/www/html/vendor/laravel/framework/src/Illuminate/Http/Middleware/HandleCors.php(49): Illuminate\\Pipeline\\Pipeline->{closure:{closure:Illuminate\\Pipeline\\Pipeline::carry():184}:185}(Object(Illuminate\\Http\\Request))
#31 /var/www/html/vendor/laravel/framework/src/Illuminate/Pipeline/Pipeline.php(209): Illuminate\\Http\\Middleware\\HandleCors->handle(Object(Illuminate\\Http\\Request), Object(Closure))
#32 /var/www/html/vendor/laravel/framework/src/Illuminate/Http/Middleware/TrustProxies.php(58): Illuminate\\Pipeline\\Pipeline->{closure:{closure:Illuminate\\Pipeline\\Pipeline::carry():184}:185}(Object(Illuminate\\Http\\Request))
#33 /var/www/html/vendor/laravel/framework/src/Illuminate/Pipeline/Pipeline.php(209): Illuminate\\Http\\Middleware\\TrustProxies->handle(Object(Illuminate\\Http\\Request), Object(Closure))
#34 /var/www/html/vendor/laravel/framework/src/Illuminate/Foundation/Http/Middleware/InvokeDeferredCallbacks.php(22): Illuminate\\Pipeline\\Pipeline->{closure:{closure:Illuminate\\Pipeline\\Pipeline::carry():184}:185}(Object(Illuminate\\Http\\Request))
#35 /var/www/html/vendor/laravel/framework/src/Illuminate/Pipeline/Pipeline.php(209): Illuminate\\Foundation\\Http\\Middleware\\InvokeDeferredCallbacks->handle(Object(Illuminate\\Http\\Request), Object(Closure))
#36 /var/www/html/vendor/laravel/framework/src/Illuminate/Pipeline/Pipeline.php(127): Illuminate\\Pipeline\\Pipeline->{closure:{closure:Illuminate\\Pipeline\\Pipeline::carry():184}:185}(Object(Illuminate\\Http\\Request))
#37 /var/www/html/vendor/laravel/framework/src/Illuminate/Foundation/Http/Kernel.php(176): Illuminate\\Pipeline\\Pipeline->then(Object(Closure))
#38 /var/www/html/vendor/laravel/framework/src/Illuminate/Foundation/Http/Kernel.php(145): Illuminate\\Foundation\\Http\\Kernel->sendRequestThroughRouter(Object(Illuminate\\Http\\Request))
#39 /var/www/html/vendor/laravel/framework/src/Illuminate/Foundation/Application.php(1220): Illuminate\\Foundation\\Http\\Kernel->handle(Object(Illuminate\\Http\\Request))
#40 /var/www/html/public/index.php(20): Illuminate\\Foundation\\Application->handleRequest(Object(Illuminate\\Http\\Request))
#41 {main}
"} 
[2026-08-30 02:38:51] local.ERROR: The stream or file "/var/www/html/storage/logs/security-2026-08-30.log" could not be opened in append mode: Failed to open stream: Permission denied
The exception occurred while attempting to log: The stream or file "/var/www/html/storage/logs/security-2026-08-30.log" could not be opened in append mode: Failed to open stream: Permission denied
The exception occurred while attempting to log: No application encryption key has been specified.
Context: {"exception":{}}
Context: {"exception":{}} {"exception":"[object] (UnexpectedValueException(code: 0): The stream or file \"/var/www/html/storage/logs/security-2026-08-30.log\" could not be opened in append mode: Failed to open stream: Permission denied
The exception occurred while attempting to log: The stream or file \"/var/www/html/storage/logs/security-2026-08-30.log\" could not be opened in append mode: Failed to open stream: Permission denied
The exception occurred while attempting to log: No application encryption key has been specified.
Context: {\"exception\":{}}
Context: {\"exception\":{}} at /var/www/html/vendor/monolog/monolog/src/Monolog/Handler/StreamHandler.php:164)
[stacktrace]
#0 /var/www/html/vendor/monolog/monolog/src/Monolog/Handler/RotatingFileHandler.php(113): Monolog\\Handler\\StreamHandler->write(Object(Monolog\\LogRecord))
#1 /var/www/html/vendor/monolog/monolog/src/Monolog/Handler/AbstractProcessingHandler.php(44): Monolog\\Handler\\RotatingFileHandler->write(Object(Monolog\\LogRecord))
#2 /var/www/html/vendor/monolog/monolog/src/Monolog/Logger.php(391): Monolog\\Handler\\AbstractProcessingHandler->handle(Object(Monolog\\LogRecord))
#3 /var/www/html/vendor/monolog/monolog/src/Monolog/Logger.php(646): Monolog\\Logger->addRecord(Monolog\\Level::Error, 'The stream or f...', Array)
#4 /var/www/html/vendor/laravel/framework/src/Illuminate/Log/Logger.php(184): Monolog\\Logger->error('The stream or f...', Array)
#5 /var/www/html/vendor/laravel/framework/src/Illuminate/Log/Logger.php(97): Illuminate\\Log\\Logger->writeLog('error', 'The stream or f...', Array)
#6 /var/www/html/vendor/laravel/framework/src/Illuminate/Log/LogManager.php(701): Illuminate\\Log\\Logger->error('The stream or f...', Array)
#7 /var/www/html/vendor/laravel/framework/src/Illuminate/Foundation/Exceptions/Handler.php(380): Illuminate\\Log\\LogManager->error('The stream or f...', Array)
#8 /var/www/html/vendor/laravel/framework/src/Illuminate/Foundation/Exceptions/Handler.php(343): Illuminate\\Foundation\\Exceptions\\Handler->reportThrowable(Object(UnexpectedValueException))
#9 /var/www/html/vendor/laravel/framework/src/Illuminate/Routing/Pipeline.php(49): Illuminate\\Foundation\\Exceptions\\Handler->report(Object(UnexpectedValueException))
#10 /var/www/html/vendor/laravel/framework/src/Illuminate/Pipeline/Pipeline.php(172): Illuminate\\Routing\\Pipeline->handleException(Object(Illuminate\\Http\\Request), Object(UnexpectedValueException))
#11 /var/www/html/vendor/livewire/livewire/src/Features/SupportDisablingBackButtonCache/DisableBackButtonCacheMiddleware.php(19): Illuminate\\Pipeline\\Pipeline->{closure:Illuminate\\Pipeline\\Pipeline::prepareDestination():168}(Object(Illuminate\\Http\\Request))
#12 /var/www/html/vendor/laravel/framework/src/Illuminate/Pipeline/Pipeline.php(209): Livewire\\Features\\SupportDisablingBackButtonCache\\DisableBackButtonCacheMiddleware->handle(Object(Illuminate\\Http\\Request), Object(Closure))
#13 /var/www/html/vendor/laravel/framework/src/Illuminate/Foundation/Http/Middleware/TransformsRequest.php(21): Illuminate\\Pipeline\\Pipeline->{closure:{closure:Illuminate\\Pipeline\\Pipeline::carry():184}:185}(Object(Illuminate\\Http\\Request))
#14 /var/www/html/vendor/laravel/framework/src/Illuminate/Foundation/Http/Middleware/ConvertEmptyStringsToNull.php(31): Illuminate\\Foundation\\Http\\Middleware\\TransformsRequest->handle(Object(Illuminate\\Http\\Request), Object(Closure))
#15 /var/www/html/vendor/laravel/framework/src/Illuminate/Pipeline/Pipeline.php(209): Illuminate\\Foundation\\Http\\Middleware\\ConvertEmptyStringsToNull->handle(Object(Illuminate\\Http\\Request), Object(Closure))
#16 /var/www/html/vendor/laravel/framework/src/Illuminate/Foundation/Http/Middleware/TransformsRequest.php(21): Illuminate\\Pipeline\\Pipeline->{closure:{closure:Illuminate\\Pipeline\\Pipeline::carry():184}:185}(Object(Illuminate\\Http\\Request))
#17 /var/www/html/vendor/laravel/framework/src/Illuminate/Foundation/Http/Middleware/TrimStrings.php(51): Illuminate\\Foundation\\Http\\Middleware\\TransformsRequest->handle(Object(Illuminate\\Http\\Request), Object(Closure))
#18 /var/www/html/vendor/laravel/framework/src/Illuminate/Pipeline/Pipeline.php(209): Illuminate\\Foundation\\Http\\Middleware\\TrimStrings->handle(Object(Illuminate\\Http\\Request), Object(Closure))
#19 /var/www/html/vendor/laravel/framework/src/Illuminate/Http/Middleware/ValidatePostSize.php(27): Illuminate\\Pipeline\\Pipeline->{closure:{closure:Illuminate\\Pipeline\\Pipeline::carry():184}:185}(Object(Illuminate\\Http\\Request))
#20 /var/www/html/vendor/laravel/framework/src/Illuminate/Pipeline/Pipeline.php(209): Illuminate\\Http\\Middleware\\ValidatePostSize->handle(Object(Illuminate\\Http\\Request), Object(Closure))
#21 /var/www/html/vendor/laravel/framework/src/Illuminate/Foundation/Http/Middleware/PreventRequestsDuringMaintenance.php(110): Illuminate\\Pipeline\\Pipeline->{closure:{closure:Illuminate\\Pipeline\\Pipeline::carry():184}:185}(Object(Illuminate\\Http\\Request))
#22 /var/www/html/vendor/laravel/framework/src/Illuminate/Pipeline/Pipeline.php(209): Illuminate\\Foundation\\Http\\Middleware\\PreventRequestsDuringMaintenance->handle(Object(Illuminate\\Http\\Request), Object(Closure))
#23 /var/www/html/vendor/laravel/framework/src/Illuminate/Http/Middleware/HandleCors.php(49): Illuminate\\Pipeline\\Pipeline->{closure:{closure:Illuminate\\Pipeline\\Pipeline::carry():184}:185}(Object(Illuminate\\Http\\Request))
#24 /var/www/html/vendor/laravel/framework/src/Illuminate/Pipeline/Pipeline.php(209): Illuminate\\Http\\Middleware\\HandleCors->handle(Object(Illuminate\\Http\\Request), Object(Closure))
#25 /var/www/html/vendor/laravel/framework/src/Illuminate/Http/Middleware/TrustProxies.php(58): Illuminate\\Pipeline\\Pipeline->{closure:{closure:Illuminate\\Pipeline\\Pipeline::carry():184}:185}(Object(Illuminate\\Http\\Request))
#26 /var/www/html/vendor/laravel/framework/src/Illuminate/Pipeline/Pipeline.php(209): Illuminate\\Http\\Middleware\\TrustProxies->handle(Object(Illuminate\\Http\\Request), Object(Closure))
#27 /var/www/html/vendor/laravel/framework/src/Illuminate/Foundation/Http/Middleware/InvokeDeferredCallbacks.php(22): Illuminate\\Pipeline\\Pipeline->{closure:{closure:Illuminate\\Pipeline\\Pipeline::carry():184}:185}(Object(Illuminate\\Http\\Request))
#28 /var/www/html/vendor/laravel/framework/src/Illuminate/Pipeline/Pipeline.php(209): Illuminate\\Foundation\\Http\\Middleware\\InvokeDeferredCallbacks->handle(Object(Illuminate\\Http\\Request), Object(Closure))
#29 /var/www/html/vendor/laravel/framework/src/Illuminate/Pipeline/Pipeline.php(127): Illuminate\\Pipeline\\Pipeline->{closure:{closure:Illuminate\\Pipeline\\Pipeline::carry():184}:185}(Object(Illuminate\\Http\\Request))
#30 /var/www/html/vendor/laravel/framework/src/Illuminate/Foundation/Http/Kernel.php(176): Illuminate\\Pipeline\\Pipeline->then(Object(Closure))
#31 /var/www/html/vendor/laravel/framework/src/Illuminate/Foundation/Http/Kernel.php(145): Illuminate\\Foundation\\Http\\Kernel->sendRequestThroughRouter(Object(Illuminate\\Http\\Request))
#32 /var/www/html/vendor/laravel/framework/src/Illuminate/Foundation/Application.php(1220): Illuminate\\Foundation\\Http\\Kernel->handle(Object(Illuminate\\Http\\Request))
#33 /var/www/html/public/index.php(20): Illuminate\\Foundation\\Application->handleRequest(Object(Illuminate\\Http\\Request))
#34 {main}
"} 
[2026-08-30 02:38:51] local.ERROR: The stream or file "/var/www/html/storage/logs/security-2026-08-30.log" could not be opened in append mode: Failed to open stream: Permission denied
The exception occurred while attempting to log: The stream or file "/var/www/html/storage/logs/security-2026-08-30.log" could not be opened in append mode: Failed to open stream: Permission denied
The exception occurred while attempting to log: The stream or file "/var/www/html/storage/logs/security-2026-08-30.log" could not be opened in append mode: Failed to open stream: Permission denied
The exception occurred while attempting to log: No application encryption key has been specified.
Context: {"exception":{}}
Context: {"exception":{}}
Context: {"exception":{}} {"exception":"[object] (UnexpectedValueException(code: 0): The stream or file \"/var/www/html/storage/logs/security-2026-08-30.log\" could not be opened in append mode: Failed to open stream: Permission denied
The exception occurred while attempting to log: The stream or file \"/var/www/html/storage/logs/security-2026-08-30.log\" could not be opened in append mode: Failed to open stream: Permission denied
The exception occurred while attempting to log: The stream or file \"/var/www/html/storage/logs/security-2026-08-30.log\" could not be opened in append mode: Failed to open stream: Permission denied
The exception occurred while attempting to log: No application encryption key has been specified.
Context: {\"exception\":{}}
Context: {\"exception\":{}}
Context: {\"exception\":{}} at /var/www/html/vendor/monolog/monolog/src/Monolog/Handler/StreamHandler.php:164)
[stacktrace]
#0 /var/www/html/vendor/monolog/monolog/src/Monolog/Handler/RotatingFileHandler.php(113): Monolog\\Handler\\StreamHandler->write(Object(Monolog\\LogRecord))
#1 /var/www/html/vendor/monolog/monolog/src/Monolog/Handler/AbstractProcessingHandler.php(44): Monolog\\Handler\\RotatingFileHandler->write(Object(Monolog\\LogRecord))
#2 /var/www/html/vendor/monolog/monolog/src/Monolog/Logger.php(391): Monolog\\Handler\\AbstractProcessingHandler->handle(Object(Monolog\\LogRecord))
#3 /var/www/html/vendor/monolog/monolog/src/Monolog/Logger.php(646): Monolog\\Logger->addRecord(Monolog\\Level::Error, 'The stream or f...', Array)
#4 /var/www/html/vendor/laravel/framework/src/Illuminate/Log/Logger.php(184): Monolog\\Logger->error('The stream or f...', Array)
#5 /var/www/html/vendor/laravel/framework/src/Illuminate/Log/Logger.php(97): Illuminate\\Log\\Logger->writeLog('error', 'The stream or f...', Array)
#6 /var/www/html/vendor/laravel/framework/src/Illuminate/Log/LogManager.php(701): Illuminate\\Log\\Logger->error('The stream or f...', Array)
#7 /var/www/html/vendor/laravel/framework/src/Illuminate/Foundation/Exceptions/Handler.php(380): Illuminate\\Log\\LogManager->error('The stream or f...', Array)
#8 /var/www/html/vendor/laravel/framework/src/Illuminate/Foundation/Exceptions/Handler.php(343): Illuminate\\Foundation\\Exceptions\\Handler->reportThrowable(Object(UnexpectedValueException))
#9 /var/www/html/vendor/laravel/framework/src/Illuminate/Routing/Pipeline.php(49): Illuminate\\Foundation\\Exceptions\\Handler->report(Object(UnexpectedValueException))
#10 /var/www/html/vendor/laravel/framework/src/Illuminate/Pipeline/Pipeline.php(214): Illuminate\\Routing\\Pipeline->handleException(Object(Illuminate\\Http\\Request), Object(UnexpectedValueException))
#11 /var/www/html/vendor/laravel/framework/src/Illuminate/Foundation/Http/Middleware/TransformsRequest.php(21): Illuminate\\Pipeline\\Pipeline->{closure:{closure:Illuminate\\Pipeline\\Pipeline::carry():184}:185}(Object(Illuminate\\Http\\Request))
#12 /var/www/html/vendor/laravel/framework/src/Illuminate/Foundation/Http/Middleware/ConvertEmptyStringsToNull.php(31): Illuminate\\Foundation\\Http\\Middleware\\TransformsRequest->handle(Object(Illuminate\\Http\\Request), Object(Closure))
#13 /var/www/html/vendor/laravel/framework/src/Illuminate/Pipeline/Pipeline.php(209): Illuminate\\Foundation\\Http\\Middleware\\ConvertEmptyStringsToNull->handle(Object(Illuminate\\Http\\Request), Object(Closure))
#14 /var/www/html/vendor/laravel/framework/src/Illuminate/Foundation/Http/Middleware/TransformsRequest.php(21): Illuminate\\Pipeline\\Pipeline->{closure:{closure:Illuminate\\Pipeline\\Pipeline::carry():184}:185}(Object(Illuminate\\Http\\Request))
#15 /var/www/html/vendor/laravel/framework/src/Illuminate/Foundation/Http/Middleware/TrimStrings.php(51): Illuminate\\Foundation\\Http\\Middleware\\TransformsRequest->handle(Object(Illuminate\\Http\\Request), Object(Closure))
#16 /var/www/html/vendor/laravel/framework/src/Illuminate/Pipeline/Pipeline.php(209): Illuminate\\Foundation\\Http\\Middleware\\TrimStrings->handle(Object(Illuminate\\Http\\Request), Object(Closure))
#17 /var/www/html/vendor/laravel/framework/src/Illuminate/Http/Middleware/ValidatePostSize.php(27): Illuminate\\Pipeline\\Pipeline->{closure:{closure:Illuminate\\Pipeline\\Pipeline::carry():184}:185}(Object(Illuminate\\Http\\Request))
#18 /var/www/html/vendor/laravel/framework/src/Illuminate/Pipeline/Pipeline.php(209): Illuminate\\Http\\Middleware\\ValidatePostSize->handle(Object(Illuminate\\Http\\Request), Object(Closure))
#19 /var/www/html/vendor/laravel/framework/src/Illuminate/Foundation/Http/Middleware/PreventRequestsDuringMaintenance.php(110): Illuminate\\Pipeline\\Pipeline->{closure:{closure:Illuminate\\Pipeline\\Pipeline::carry():184}:185}(Object(Illuminate\\Http\\Request))
#20 /var/www/html/vendor/laravel/framework/src/Illuminate/Pipeline/Pipeline.php(209): Illuminate\\Foundation\\Http\\Middleware\\PreventRequestsDuringMaintenance->handle(Object(Illuminate\\Http\\Request), Object(Closure))
#21 /var/www/html/vendor/laravel/framework/src/Illuminate/Http/Middleware/HandleCors.php(49): Illuminate\\Pipeline\\Pipeline->{closure:{closure:Illuminate\\Pipeline\\Pipeline::carry():184}:185}(Object(Illuminate\\Http\\Request))
#22 /var/www/html/vendor/laravel/framework/src/Illuminate/Pipeline/Pipeline.php(209): Illuminate\\Http\\Middleware\\HandleCors->handle(Object(Illuminate\\Http\\Request), Object(Closure))
#23 /var/www/html/vendor/laravel/framework/src/Illuminate/Http/Middleware/TrustProxies.php(58): Illuminate\\Pipeline\\Pipeline->{closure:{closure:Illuminate\\Pipeline\\Pipeline::carry():184}:185}(Object(Illuminate\\Http\\Request))
#24 /var/www/html/vendor/laravel/framework/src/Illuminate/Pipeline/Pipeline.php(209): Illuminate\\Http\\Middleware\\TrustProxies->handle(Object(Illuminate\\Http\\Request), Object(Closure))
#25 /var/www/html/vendor/laravel/framework/src/Illuminate/Foundation/Http/Middleware/InvokeDeferredCallbacks.php(22): Illuminate\\Pipeline\\Pipeline->{closure:{closure:Illuminate\\Pipeline\\Pipeline::carry():184}:185}(Object(Illuminate\\Http\\Request))
#26 /var/www/html/vendor/laravel/framework/src/Illuminate/Pipeline/Pipeline.php(209): Illuminate\\Foundation\\Http\\Middleware\\InvokeDeferredCallbacks->handle(Object(Illuminate\\Http\\Request), Object(Closure))
#27 /var/www/html/vendor/laravel/framework/src/Illuminate/Pipeline/Pipeline.php(127): Illuminate\\Pipeline\\Pipeline->{closure:{closure:Illuminate\\Pipeline\\Pipeline::carry():184}:185}(Object(Illuminate\\Http\\Request))
#28 /var/www/html/vendor/laravel/framework/src/Illuminate/Foundation/Http/Kernel.php(176): Illuminate\\Pipeline\\Pipeline->then(Object(Closure))
#29 /var/www/html/vendor/laravel/framework/src/Illuminate/Foundation/Http/Kernel.php(145): Illuminate\\Foundation\\Http\\Kernel->sendRequestThroughRouter(Object(Illuminate\\Http\\Request))
#30 /var/www/html/vendor/laravel/framework/src/Illuminate/Foundation/Application.php(1220): Illuminate\\Foundation\\Http\\Kernel->handle(Object(Illuminate\\Http\\Request))
#31 /var/www/html/public/index.php(20): Illuminate\\Foundation\\Application->handleRequest(Object(Illuminate\\Http\\Request))
#32 {main}
"} 
[2026-08-30 02:38:51] local.ERROR: The stream or file "/var/www/html/storage/logs/security-2026-08-30.log" could not be opened in append mode: Failed to open stream: Permission denied
The exception occurred while attempting to log: The stream or file "/var/www/html/storage/logs/security-2026-08-30.log" could not be opened in append mode: Failed to open stream: Permission denied
The exception occurred while attempting to log: The stream or file "/var/www/html/storage/logs/security-2026-08-30.log" could not be opened in append mode: Failed to open stream: Permission denied
The exception occurred while attempting to log: The stream or file "/var/www/html/storage/logs/security-2026-08-30.log" could not be opened in append mode: Failed to open stream: Permission denied
The exception occurred while attempting to log: No application encryption key has been specified.
Context: {"exception":{}}
Context: {"exception":{}}
Context: {"exception":{}}
Context: {"exception":{}} {"exception":"[object] (UnexpectedValueException(code: 0): The stream or file \"/var/www/html/storage/logs/security-2026-08-30.log\" could not be opened in append mode: Failed to open stream: Permission denied
The exception occurred while attempting to log: The stream or file \"/var/www/html/storage/logs/security-2026-08-30.log\" could not be opened in append mode: Failed to open stream: Permission denied
The exception occurred while attempting to log: The stream or file \"/var/www/html/storage/logs/security-2026-08-30.log\" could not be opened in append mode: Failed to open stream: Permission denied
The exception occurred while attempting to log: The stream or file \"/var/www/html/storage/logs/security-2026-08-30.log\" could not be opened in append mode: Failed to open stream: Permission denied
The exception occurred while attempting to log: No application encryption key has been specified.
Context: {\"exception\":{}}
Context: {\"exception\":{}}
Context: {\"exception\":{}}
Context: {\"exception\":{}} at /var/www/html/vendor/monolog/monolog/src/Monolog/Handler/StreamHandler.php:164)
[stacktrace]
#0 /var/www/html/vendor/monolog/monolog/src/Monolog/Handler/RotatingFileHandler.php(113): Monolog\\Handler\\StreamHandler->write(Object(Monolog\\LogRecord))
#1 /var/www/html/vendor/monolog/monolog/src/Monolog/Handler/AbstractProcessingHandler.php(44): Monolog\\Handler\\RotatingFileHandler->write(Object(Monolog\\LogRecord))
#2 /var/www/html/vendor/monolog/monolog/src/Monolog/Logger.php(391): Monolog\\Handler\\AbstractProcessingHandler->handle(Object(Monolog\\LogRecord))
#3 /var/www/html/vendor/monolog/monolog/src/Monolog/Logger.php(646): Monolog\\Logger->addRecord(Monolog\\Level::Error, 'The stream or f...', Array)
#4 /var/www/html/vendor/laravel/framework/src/Illuminate/Log/Logger.php(184): Monolog\\Logger->error('The stream or f...', Array)
#5 /var/www/html/vendor/laravel/framework/src/Illuminate/Log/Logger.php(97): Illuminate\\Log\\Logger->writeLog('error', 'The stream or f...', Array)
#6 /var/www/html/vendor/laravel/framework/src/Illuminate/Log/LogManager.php(701): Illuminate\\Log\\Logger->error('The stream or f...', Array)
#7 /var/www/html/vendor/laravel/framework/src/Illuminate/Foundation/Exceptions/Handler.php(380): Illuminate\\Log\\LogManager->error('The stream or f...', Array)
#8 /var/www/html/vendor/laravel/framework/src/Illuminate/Foundation/Exceptions/Handler.php(343): Illuminate\\Foundation\\Exceptions\\Handler->reportThrowable(Object(UnexpectedValueException))
#9 /var/www/html/vendor/laravel/framework/src/Illuminate/Routing/Pipeline.php(49): Illuminate\\Foundation\\Exceptions\\Handler->report(Object(UnexpectedValueException))
#10 /var/www/html/vendor/laravel/framework/src/Illuminate/Pipeline/Pipeline.php(214): Illuminate\\Routing\\Pipeline->handleException(Object(Illuminate\\Http\\Request), Object(UnexpectedValueException))
#11 /var/www/html/vendor/laravel/framework/src/Illuminate/Foundation/Http/Middleware/TransformsRequest.php(21): Illuminate\\Pipeline\\Pipeline->{closure:{closure:Illuminate\\Pipeline\\Pipeline::carry():184}:185}(Object(Illuminate\\Http\\Request))
#12 /var/www/html/vendor/laravel/framework/src/Illuminate/Foundation/Http/Middleware/TrimStrings.php(51): Illuminate\\Foundation\\Http\\Middleware\\TransformsRequest->handle(Object(Illuminate\\Http\\Request), Object(Closure))
#13 /var/www/html/vendor/laravel/framework/src/Illuminate/Pipeline/Pipeline.php(209): Illuminate\\Foundation\\Http\\Middleware\\TrimStrings->handle(Object(Illuminate\\Http\\Request), Object(Closure))
#14 /var/www/html/vendor/laravel/framework/src/Illuminate/Http/Middleware/ValidatePostSize.php(27): Illuminate\\Pipeline\\Pipeline->{closure:{closure:Illuminate\\Pipeline\\Pipeline::carry():184}:185}(Object(Illuminate\\Http\\Request))
#15 /var/www/html/vendor/laravel/framework/src/Illuminate/Pipeline/Pipeline.php(209): Illuminate\\Http\\Middleware\\ValidatePostSize->handle(Object(Illuminate\\Http\\Request), Object(Closure))
#16 /var/www/html/vendor/laravel/framework/src/Illuminate/Foundation/Http/Middleware/PreventRequestsDuringMaintenance.php(110): Illuminate\\Pipeline\\Pipeline->{closure:{closure:Illuminate\\Pipeline\\Pipeline::carry():184}:185}(Object(Illuminate\\Http\\Request))
#17 /var/www/html/vendor/laravel/framework/src/Illuminate/Pipeline/Pipeline.php(209): Illuminate\\Foundation\\Http\\Middleware\\PreventRequestsDuringMaintenance->handle(Object(Illuminate\\Http\\Request), Object(Closure))
#18 /var/www/html/vendor/laravel/framework/src/Illuminate/Http/Middleware/HandleCors.php(49): Illuminate\\Pipeline\\Pipeline->{closure:{closure:Illuminate\\Pipeline\\Pipeline::carry():184}:185}(Object(Illuminate\\Http\\Request))
#19 /var/www/html/vendor/laravel/framework/src/Illuminate/Pipeline/Pipeline.php(209): Illuminate\\Http\\Middleware\\HandleCors->handle(Object(Illuminate\\Http\\Request), Object(Closure))
#20 /var/www/html/vendor/laravel/framework/src/Illuminate/Http/Middleware/TrustProxies.php(58): Illuminate\\Pipeline\\Pipeline->{closure:{closure:Illuminate\\Pipeline\\Pipeline::carry():184}:185}(Object(Illuminate\\Http\\Request))
#21 /var/www/html/vendor/laravel/framework/src/Illuminate/Pipeline/Pipeline.php(209): Illuminate\\Http\\Middleware\\TrustProxies->handle(Object(Illuminate\\Http\\Request), Object(Closure))
#22 /var/www/html/vendor/laravel/framework/src/Illuminate/Foundation/Http/Middleware/InvokeDeferredCallbacks.php(22): Illuminate\\Pipeline\\Pipeline->{closure:{closure:Illuminate\\Pipeline\\Pipeline::carry():184}:185}(Object(Illuminate\\Http\\Request))
#23 /var/www/html/vendor/laravel/framework/src/Illuminate/Pipeline/Pipeline.php(209): Illuminate\\Foundation\\Http\\Middleware\\InvokeDeferredCallbacks->handle(Object(Illuminate\\Http\\Request), Object(Closure))
#24 /var/www/html/vendor/laravel/framework/src/Illuminate/Pipeline/Pipeline.php(127): Illuminate\\Pipeline\\Pipeline->{closure:{closure:Illuminate\\Pipeline\\Pipeline::carry():184}:185}(Object(Illuminate\\Http\\Request))
#25 /var/www/html/vendor/laravel/framework/src/Illuminate/Foundation/Http/Kernel.php(176): Illuminate\\Pipeline\\Pipeline->then(Object(Closure))
#26 /var/www/html/vendor/laravel/framework/src/Illuminate/Foundation/Http/Kernel.php(145): Illuminate\\Foundation\\Http\\Kernel->sendRequestThroughRouter(Object(Illuminate\\Http\\Request))
#27 /var/www/html/vendor/laravel/framework/src/Illuminate/Foundation/Application.php(1220): Illuminate\\Foundation\\Http\\Kernel->handle(Object(Illuminate\\Http\\Request))
#28 /var/www/html/public/index.php(20): Illuminate\\Foundation\\Application->handleRequest(Object(Illuminate\\Http\\Request))
#29 {main}
"} 
[2026-08-30 02:38:51] local.ERROR: The stream or file "/var/www/html/storage/logs/security-2026-08-30.log" could not be opened in append mode: Failed to open stream: Permission denied
The exception occurred while attempting to log: The stream or file "/var/www/html/storage/logs/security-2026-08-30.log" could not be opened in append mode: Failed to open stream: Permission denied
The exception occurred while attempting to log: The stream or file "/var/www/html/storage/logs/security-2026-08-30.log" could not be opened in append mode: Failed to open stream: Permission denied
The exception occurred while attempting to log: The stream or file "/var/www/html/storage/logs/security-2026-08-30.log" could not be opened in append mode: Failed to open stream: Permission denied
The exception occurred while attempting to log: The stream or file "/var/www/html/storage/logs/security-2026-08-30.log" could not be opened in append mode: Failed to open stream: Permission denied
The exception occurred while attempting to log: No application encryption key has been specified.
Context: {"exception":{}}
Context: {"exception":{}}
Context: {"exception":{}}
Context: {"exception":{}}
Context: {"exception":{}} {"exception":"[object] (UnexpectedValueException(code: 0): The stream or file \"/var/www/html/storage/logs/security-2026-08-30.log\" could not be opened in append mode: Failed to open stream: Permission denied
The exception occurred while attempting to log: The stream or file \"/var/www/html/storage/logs/security-2026-08-30.log\" could not be opened in append mode: Failed to open stream: Permission denied
The exception occurred while attempting to log: The stream or file \"/var/www/html/storage/logs/security-2026-08-30.log\" could not be opened in append mode: Failed to open stream: Permission denied
The exception occurred while attempting to log: The stream or file \"/var/www/html/storage/logs/security-2026-08-30.log\" could not be opened in append mode: Failed to open stream: Permission denied
The exception occurred while attempting to log: The stream or file \"/var/www/html/storage/logs/security-2026-08-30.log\" could not be opened in append mode: Failed to open stream: Permission denied
The exception occurred while attempting to log: No application encryption key has been specified.
Context: {\"exception\":{}}
Context: {\"exception\":{}}
Context: {\"exception\":{}}
Context: {\"exception\":{}}
Context: {\"exception\":{}} at /var/www/html/vendor/monolog/monolog/src/Monolog/Handler/StreamHandler.php:164)
[stacktrace]
#0 /var/www/html/vendor/monolog/monolog/src/Monolog/Handler/RotatingFileHandler.php(113): Monolog\\Handler\\StreamHandler->write(Object(Monolog\\LogRecord))
#1 /var/www/html/vendor/monolog/monolog/src/Monolog/Handler/AbstractProcessingHandler.php(44): Monolog\\Handler\\RotatingFileHandler->write(Object(Monolog\\LogRecord))
#2 /var/www/html/vendor/monolog/monolog/src/Monolog/Logger.php(391): Monolog\\Handler\\AbstractProcessingHandler->handle(Object(Monolog\\LogRecord))
#3 /var/www/html/vendor/monolog/monolog/src/Monolog/Logger.php(646): Monolog\\Logger->addRecord(Monolog\\Level::Error, 'The stream or f...', Array)
#4 /var/www/html/vendor/laravel/framework/src/Illuminate/Log/Logger.php(184): Monolog\\Logger->error('The stream or f...', Array)
#5 /var/www/html/vendor/laravel/framework/src/Illuminate/Log/Logger.php(97): Illuminate\\Log\\Logger->writeLog('error', 'The stream or f...', Array)
#6 /var/www/html/vendor/laravel/framework/src/Illuminate/Log/LogManager.php(701): Illuminate\\Log\\Logger->error('The stream or f...', Array)
#7 /var/www/html/vendor/laravel/framework/src/Illuminate/Foundation/Exceptions/Handler.php(380): Illuminate\\Log\\LogManager->error('The stream or f...', Array)
#8 /var/www/html/vendor/laravel/framework/src/Illuminate/Foundation/Exceptions/Handler.php(343): Illuminate\\Foundation\\Exceptions\\Handler->reportThrowable(Object(UnexpectedValueException))
#9 /var/www/html/vendor/laravel/framework/src/Illuminate/Routing/Pipeline.php(49): Illuminate\\Foundation\\Exceptions\\Handler->report(Object(UnexpectedValueException))
#10 /var/www/html/vendor/laravel/framework/src/Illuminate/Pipeline/Pipeline.php(214): Illuminate\\Routing\\Pipeline->handleException(Object(Illuminate\\Http\\Request), Object(UnexpectedValueException))
#11 /var/www/html/vendor/laravel/framework/src/Illuminate/Http/Middleware/ValidatePostSize.php(27): Illuminate\\Pipeline\\Pipeline->{closure:{closure:Illuminate\\Pipeline\\Pipeline::carry():184}:185}(Object(Illuminate\\Http\\Request))
#12 /var/www/html/vendor/laravel/framework/src/Illuminate/Pipeline/Pipeline.php(209): Illuminate\\Http\\Middleware\\ValidatePostSize->handle(Object(Illuminate\\Http\\Request), Object(Closure))
#13 /var/www/html/vendor/laravel/framework/src/Illuminate/Foundation/Http/Middleware/PreventRequestsDuringMaintenance.php(110): Illuminate\\Pipeline\\Pipeline->{closure:{closure:Illuminate\\Pipeline\\Pipeline::carry():184}:185}(Object(Illuminate\\Http\\Request))
#14 /var/www/html/vendor/laravel/framework/src/Illuminate/Pipeline/Pipeline.php(209): Illuminate\\Foundation\\Http\\Middleware\\PreventRequestsDuringMaintenance->handle(Object(Illuminate\\Http\\Request), Object(Closure))
#15 /var/www/html/vendor/laravel/framework/src/Illuminate/Http/Middleware/HandleCors.php(49): Illuminate\\Pipeline\\Pipeline->{closure:{closure:Illuminate\\Pipeline\\Pipeline::carry():184}:185}(Object(Illuminate\\Http\\Request))
#16 /var/www/html/vendor/laravel/framework/src/Illuminate/Pipeline/Pipeline.php(209): Illuminate\\Http\\Middleware\\HandleCors->handle(Object(Illuminate\\Http\\Request), Object(Closure))
#17 /var/www/html/vendor/laravel/framework/src/Illuminate/Http/Middleware/TrustProxies.php(58): Illuminate\\Pipeline\\Pipeline->{closure:{closure:Illuminate\\Pipeline\\Pipeline::carry():184}:185}(Object(Illuminate\\Http\\Request))
#18 /var/www/html/vendor/laravel/framework/src/Illuminate/Pipeline/Pipeline.php(209): Illuminate\\Http\\Middleware\\TrustProxies->handle(Object(Illuminate\\Http\\Request), Object(Closure))
#19 /var/www/html/vendor/laravel/framework/src/Illuminate/Foundation/Http/Middleware/InvokeDeferredCallbacks.php(22): Illuminate\\Pipeline\\Pipeline->{closure:{closure:Illuminate\\Pipeline\\Pipeline::carry():184}:185}(Object(Illuminate\\Http\\Request))
#20 /var/www/html/vendor/laravel/framework/src/Illuminate/Pipeline/Pipeline.php(209): Illuminate\\Foundation\\Http\\Middleware\\InvokeDeferredCallbacks->handle(Object(Illuminate\\Http\\Request), Object(Closure))
#21 /var/www/html/vendor/laravel/framework/src/Illuminate/Pipeline/Pipeline.php(127): Illuminate\\Pipeline\\Pipeline->{closure:{closure:Illuminate\\Pipeline\\Pipeline::carry():184}:185}(Object(Illuminate\\Http\\Request))
#22 /var/www/html/vendor/laravel/framework/src/Illuminate/Foundation/Http/Kernel.php(176): Illuminate\\Pipeline\\Pipeline->then(Object(Closure))
#23 /var/www/html/vendor/laravel/framework/src/Illuminate/Foundation/Http/Kernel.php(145): Illuminate\\Foundation\\Http\\Kernel->sendRequestThroughRouter(Object(Illuminate\\Http\\Request))
#24 /var/www/html/vendor/laravel/framework/src/Illuminate/Foundation/Application.php(1220): Illuminate\\Foundation\\Http\\Kernel->handle(Object(Illuminate\\Http\\Request))
#25 /var/www/html/public/index.php(20): Illuminate\\Foundation\\Application->handleRequest(Object(Illuminate\\Http\\Request))
#26 {main}
"} 
[2026-08-30 02:38:51] local.ERROR: The stream or file "/var/www/html/storage/logs/security-2026-08-30.log" could not be opened in append mode: Failed to open stream: Permission denied
The exception occurred while attempting to log: The stream or file "/var/www/html/storage/logs/security-2026-08-30.log" could not be opened in append mode: Failed to open stream: Permission denied
The exception occurred while attempting to log: The stream or file "/var/www/html/storage/logs/security-2026-08-30.log" could not be opened in append mode: Failed to open stream: Permission denied
The exception occurred while attempting to log: The stream or file "/var/www/html/storage/logs/security-2026-08-30.log" could not be opened in append mode: Failed to open stream: Permission denied
The exception occurred while attempting to log: The stream or file "/var/www/html/storage/logs/security-2026-08-30.log" could not be opened in append mode: Failed to open stream: Permission denied
The exception occurred while attempting to log: The stream or file "/var/www/html/storage/logs/security-2026-08-30.log" could not be opened in append mode: Failed to open stream: Permission denied
The exception occurred while attempting to log: No application encryption key has been specified.
Context: {"exception":{}}
Context: {"exception":{}}
Context: {"exception":{}}
Context: {"exception":{}}
Context: {"exception":{}}
Context: {"exception":{}} {"exception":"[object] (UnexpectedValueException(code: 0): The stream or file \"/var/www/html/storage/logs/security-2026-08-30.log\" could not be opened in append mode: Failed to open stream: Permission denied
The exception occurred while attempting to log: The stream or file \"/var/www/html/storage/logs/security-2026-08-30.log\" could not be opened in append mode: Failed to open stream: Permission denied
The exception occurred while attempting to log: The stream or file \"/var/www/html/storage/logs/security-2026-08-30.log\" could not be opened in append mode: Failed to open stream: Permission denied
The exception occurred while attempting to log: The stream or file \"/var/www/html/storage/logs/security-2026-08-30.log\" could not be opened in append mode: Failed to open stream: Permission denied
The exception occurred while attempting to log: The stream or file \"/var/www/html/storage/logs/security-2026-08-30.log\" could not be opened in append mode: Failed to open stream: Permission denied
The exception occurred while attempting to log: The stream or file \"/var/www/html/storage/logs/security-2026-08-30.log\" could not be opened in append mode: Failed to open stream: Permission denied
The exception occurred while attempting to log: No application encryption key has been specified.
Context: {\"exception\":{}}
Context: {\"exception\":{}}
Context: {\"exception\":{}}
Context: {\"exception\":{}}
Context: {\"exception\":{}}
Context: {\"exception\":{}} at /var/www/html/vendor/monolog/monolog/src/Monolog/Handler/StreamHandler.php:164)
[stacktrace]
#0 /var/www/html/vendor/monolog/monolog/src/Monolog/Handler/RotatingFileHandler.php(113): Monolog\\Handler\\StreamHandler->write(Object(Monolog\\LogRecord))
#1 /var/www/html/vendor/monolog/monolog/src/Monolog/Handler/AbstractProcessingHandler.php(44): Monolog\\Handler\\RotatingFileHandler->write(Object(Monolog\\LogRecord))
#2 /var/www/html/vendor/monolog/monolog/src/Monolog/Logger.php(391): Monolog\\Handler\\AbstractProcessingHandler->handle(Object(Monolog\\LogRecord))
#3 /var/www/html/vendor/monolog/monolog/src/Monolog/Logger.php(646): Monolog\\Logger->addRecord(Monolog\\Level::Error, 'The stream or f...', Array)
#4 /var/www/html/vendor/laravel/framework/src/Illuminate/Log/Logger.php(184): Monolog\\Logger->error('The stream or f...', Array)
#5 /var/www/html/vendor/laravel/framework/src/Illuminate/Log/Logger.php(97): Illuminate\\Log\\Logger->writeLog('error', 'The stream or f...', Array)
#6 /var/www/html/vendor/laravel/framework/src/Illuminate/Log/LogManager.php(701): Illuminate\\Log\\Logger->error('The stream or f...', Array)
#7 /var/www/html/vendor/laravel/framework/src/Illuminate/Foundation/Exceptions/Handler.php(380): Illuminate\\Log\\LogManager->error('The stream or f...', Array)
#8 /var/www/html/vendor/laravel/framework/src/Illuminate/Foundation/Exceptions/Handler.php(343): Illuminate\\Foundation\\Exceptions\\Handler->reportThrowable(Object(UnexpectedValueException))
#9 /var/www/html/vendor/laravel/framework/src/Illuminate/Routing/Pipeline.php(49): Illuminate\\Foundation\\Exceptions\\Handler->report(Object(UnexpectedValueException))
#10 /var/www/html/vendor/laravel/framework/src/Illuminate/Pipeline/Pipeline.php(214): Illuminate\\Routing\\Pipeline->handleException(Object(Illuminate\\Http\\Request), Object(UnexpectedValueException))
#11 /var/www/html/vendor/laravel/framework/src/Illuminate/Foundation/Http/Middleware/PreventRequestsDuringMaintenance.php(110): Illuminate\\Pipeline\\Pipeline->{closure:{closure:Illuminate\\Pipeline\\Pipeline::carry():184}:185}(Object(Illuminate\\Http\\Request))
#12 /var/www/html/vendor/laravel/framework/src/Illuminate/Pipeline/Pipeline.php(209): Illuminate\\Foundation\\Http\\Middleware\\PreventRequestsDuringMaintenance->handle(Object(Illuminate\\Http\\Request), Object(Closure))
#13 /var/www/html/vendor/laravel/framework/src/Illuminate/Http/Middleware/HandleCors.php(49): Illuminate\\Pipeline\\Pipeline->{closure:{closure:Illuminate\\Pipeline\\Pipeline::carry():184}:185}(Object(Illuminate\\Http\\Request))
#14 /var/www/html/vendor/laravel/framework/src/Illuminate/Pipeline/Pipeline.php(209): Illuminate\\Http\\Middleware\\HandleCors->handle(Object(Illuminate\\Http\\Request), Object(Closure))
#15 /var/www/html/vendor/laravel/framework/src/Illuminate/Http/Middleware/TrustProxies.php(58): Illuminate\\Pipeline\\Pipeline->{closure:{closure:Illuminate\\Pipeline\\Pipeline::carry():184}:185}(Object(Illuminate\\Http\\Request))
#16 /var/www/html/vendor/laravel/framework/src/Illuminate/Pipeline/Pipeline.php(209): Illuminate\\Http\\Middleware\\TrustProxies->handle(Object(Illuminate\\Http\\Request), Object(Closure))
#17 /var/www/html/vendor/laravel/framework/src/Illuminate/Foundation/Http/Middleware/InvokeDeferredCallbacks.php(22): Illuminate\\Pipeline\\Pipeline->{closure:{closure:Illuminate\\Pipeline\\Pipeline::carry():184}:185}(Object(Illuminate\\Http\\Request))
#18 /var/www/html/vendor/laravel/framework/src/Illuminate/Pipeline/Pipeline.php(209): Illuminate\\Foundation\\Http\\Middleware\\InvokeDeferredCallbacks->handle(Object(Illuminate\\Http\\Request), Object(Closure))
#19 /var/www/html/vendor/laravel/framework/src/Illuminate/Pipeline/Pipeline.php(127): Illuminate\\Pipeline\\Pipeline->{closure:{closure:Illuminate\\Pipeline\\Pipeline::carry():184}:185}(Object(Illuminate\\Http\\Request))
#20 /var/www/html/vendor/laravel/framework/src/Illuminate/Foundation/Http/Kernel.php(176): Illuminate\\Pipeline\\Pipeline->then(Object(Closure))
#21 /var/www/html/vendor/laravel/framework/src/Illuminate/Foundation/Http/Kernel.php(145): Illuminate\\Foundation\\Http\\Kernel->sendRequestThroughRouter(Object(Illuminate\\Http\\Request))
#22 /var/www/html/vendor/laravel/framework/src/Illuminate/Foundation/Application.php(1220): Illuminate\\Foundation\\Http\\Kernel->handle(Object(Illuminate\\Http\\Request))
#23 /var/www/html/public/index.php(20): Illuminate\\Foundation\\Application->handleRequest(Object(Illuminate\\Http\\Request))
#24 {main}
"} 
[2026-08-30 02:38:51] local.ERROR: The stream or file "/var/www/html/storage/logs/security-2026-08-30.log" could not be opened in append mode: Failed to open stream: Permission denied
The exception occurred while attempting to log: The stream or file "/var/www/html/storage/logs/security-2026-08-30.log" could not be opened in append mode: Failed to open stream: Permission denied
The exception occurred while attempting to log: The stream or file "/var/www/html/storage/logs/security-2026-08-30.log" could not be opened in append mode: Failed to open stream: Permission denied
The exception occurred while attempting to log: The stream or file "/var/www/html/storage/logs/security-2026-08-30.log" could not be opened in append mode: Failed to open stream: Permission denied
The exception occurred while attempting to log: The stream or file "/var/www/html/storage/logs/security-2026-08-30.log" could not be opened in append mode: Failed to open stream: Permission denied
The exception occurred while attempting to log: The stream or file "/var/www/html/storage/logs/security-2026-08-30.log" could not be opened in append mode: Failed to open stream: Permission denied
The exception occurred while attempting to log: The stream or file "/var/www/html/storage/logs/security-2026-08-30.log" could not be opened in append mode: Failed to open stream: Permission denied
The exception occurred while attempting to log: No application encryption key has been specified.
Context: {"exception":{}}
Context: {"exception":{}}
Context: {"exception":{}}
Context: {"exception":{}}
Context: {"exception":{}}
Context: {"exception":{}}
Context: {"exception":{}} {"exception":"[object] (UnexpectedValueException(code: 0): The stream or file \"/var/www/html/storage/logs/security-2026-08-30.log\" could not be opened in append mode: Failed to open stream: Permission denied
The exception occurred while attempting to log: The stream or file \"/var/www/html/storage/logs/security-2026-08-30.log\" could not be opened in append mode: Failed to open stream: Permission denied
The exception occurred while attempting to log: The stream or file \"/var/www/html/storage/logs/security-2026-08-30.log\" could not be opened in append mode: Failed to open stream: Permission denied
The exception occurred while attempting to log: The stream or file \"/var/www/html/storage/logs/security-2026-08-30.log\" could not be opened in append mode: Failed to open stream: Permission denied
The exception occurred while attempting to log: The stream or file \"/var/www/html/storage/logs/security-2026-08-30.log\" could not be opened in append mode: Failed to open stream: Permission denied
The exception occurred while attempting to log: The stream or file \"/var/www/html/storage/logs/security-2026-08-30.log\" could not be opened in append mode: Failed to open stream: Permission denied
The exception occurred while attempting to log: The stream or file \"/var/www/html/storage/logs/security-2026-08-30.log\" could not be opened in append mode: Failed to open stream: Permission denied
The exception occurred while attempting to log: No application encryption key has been specified.
Context: {\"exception\":{}}
Context: {\"exception\":{}}
Context: {\"exception\":{}}
Context: {\"exception\":{}}
Context: {\"exception\":{}}
Context: {\"exception\":{}}
Context: {\"exception\":{}} at /var/www/html/vendor/monolog/monolog/src/Monolog/Handler/StreamHandler.php:164)
[stacktrace]
#0 /var/www/html/vendor/monolog/monolog/src/Monolog/Handler/RotatingFileHandler.php(113): Monolog\\Handler\\StreamHandler->write(Object(Monolog\\LogRecord))
#1 /var/www/html/vendor/monolog/monolog/src/Monolog/Handler/AbstractProcessingHandler.php(44): Monolog\\Handler\\RotatingFileHandler->write(Object(Monolog\\LogRecord))
#2 /var/www/html/vendor/monolog/monolog/src/Monolog/Logger.php(391): Monolog\\Handler\\AbstractProcessingHandler->handle(Object(Monolog\\LogRecord))
#3 /var/www/html/vendor/monolog/monolog/src/Monolog/Logger.php(646): Monolog\\Logger->addRecord(Monolog\\Level::Error, 'The stream or f...', Array)
#4 /var/www/html/vendor/laravel/framework/src/Illuminate/Log/Logger.php(184): Monolog\\Logger->error('The stream or f...', Array)
#5 /var/www/html/vendor/laravel/framework/src/Illuminate/Log/Logger.php(97): Illuminate\\Log\\Logger->writeLog('error', 'The stream or f...', Array)
#6 /var/www/html/vendor/laravel/framework/src/Illuminate/Log/LogManager.php(701): Illuminate\\Log\\Logger->error('The stream or f...', Array)
#7 /var/www/html/vendor/laravel/framework/src/Illuminate/Foundation/Exceptions/Handler.php(380): Illuminate\\Log\\LogManager->error('The stream or f...', Array)
#8 /var/www/html/vendor/laravel/framework/src/Illuminate/Foundation/Exceptions/Handler.php(343): Illuminate\\Foundation\\Exceptions\\Handler->reportThrowable(Object(UnexpectedValueException))
#9 /var/www/html/vendor/laravel/framework/src/Illuminate/Routing/Pipeline.php(49): Illuminate\\Foundation\\Exceptions\\Handler->report(Object(UnexpectedValueException))
#10 /var/www/html/vendor/laravel/framework/src/Illuminate/Pipeline/Pipeline.php(214): Illuminate\\Routing\\Pipeline->handleException(Object(Illuminate\\Http\\Request), Object(UnexpectedValueException))
#11 /var/www/html/vendor/laravel/framework/src/Illuminate/Http/Middleware/HandleCors.php(49): Illuminate\\Pipeline\\Pipeline->{closure:{closure:Illuminate\\Pipeline\\Pipeline::carry():184}:185}(Object(Illuminate\\Http\\Request))
#12 /var/www/html/vendor/laravel/framework/src/Illuminate/Pipeline/Pipeline.php(209): Illuminate\\Http\\Middleware\\HandleCors->handle(Object(Illuminate\\Http\\Request), Object(Closure))
#13 /var/www/html/vendor/laravel/framework/src/Illuminate/Http/Middleware/TrustProxies.php(58): Illuminate\\Pipeline\\Pipeline->{closure:{closure:Illuminate\\Pipeline\\Pipeline::carry():184}:185}(Object(Illuminate\\Http\\Request))
#14 /var/www/html/vendor/laravel/framework/src/Illuminate/Pipeline/Pipeline.php(209): Illuminate\\Http\\Middleware\\TrustProxies->handle(Object(Illuminate\\Http\\Request), Object(Closure))
#15 /var/www/html/vendor/laravel/framework/src/Illuminate/Foundation/Http/Middleware/InvokeDeferredCallbacks.php(22): Illuminate\\Pipeline\\Pipeline->{closure:{closure:Illuminate\\Pipeline\\Pipeline::carry():184}:185}(Object(Illuminate\\Http\\Request))
#16 /var/www/html/vendor/laravel/framework/src/Illuminate/Pipeline/Pipeline.php(209): Illuminate\\Foundation\\Http\\Middleware\\InvokeDeferredCallbacks->handle(Object(Illuminate\\Http\\Request), Object(Closure))
#17 /var/www/html/vendor/laravel/framework/src/Illuminate/Pipeline/Pipeline.php(127): Illuminate\\Pipeline\\Pipeline->{closure:{closure:Illuminate\\Pipeline\\Pipeline::carry():184}:185}(Object(Illuminate\\Http\\Request))
#18 /var/www/html/vendor/laravel/framework/src/Illuminate/Foundation/Http/Kernel.php(176): Illuminate\\Pipeline\\Pipeline->then(Object(Closure))
#19 /var/www/html/vendor/laravel/framework/src/Illuminate/Foundation/Http/Kernel.php(145): Illuminate\\Foundation\\Http\\Kernel->sendRequestThroughRouter(Object(Illuminate\\Http\\Request))
#20 /var/www/html/vendor/laravel/framework/src/Illuminate/Foundation/Application.php(1220): Illuminate\\Foundation\\Http\\Kernel->handle(Object(Illuminate\\Http\\Request))
#21 /var/www/html/public/index.php(20): Illuminate\\Foundation\\Application->handleRequest(Object(Illuminate\\Http\\Request))
#22 {main}
"} 
[2026-08-30 02:38:51] local.ERROR: The stream or file "/var/www/html/storage/logs/security-2026-08-30.log" could not be opened in append mode: Failed to open stream: Permission denied
The exception occurred while attempting to log: The stream or file "/var/www/html/storage/logs/security-2026-08-30.log" could not be opened in append mode: Failed to open stream: Permission denied
The exception occurred while attempting to log: The stream or file "/var/www/html/storage/logs/security-2026-08-30.log" could not be opened in append mode: Failed to open stream: Permission denied
The exception occurred while attempting to log: The stream or file "/var/www/html/storage/logs/security-2026-08-30.log" could not be opened in append mode: Failed to open stream: Permission denied
The exception occurred while attempting to log: The stream or file "/var/www/html/storage/logs/security-2026-08-30.log" could not be opened in append mode: Failed to open stream: Permission denied
The exception occurred while attempting to log: The stream or file "/var/www/html/storage/logs/security-2026-08-30.log" could not be opened in append mode: Failed to open stream: Permission denied
The exception occurred while attempting to log: The stream or file "/var/www/html/storage/logs/security-2026-08-30.log" could not be opened in append mode: Failed to open stream: Permission denied
The exception occurred while attempting to log: The stream or file "/var/www/html/storage/logs/security-2026-08-30.log" could not be opened in append mode: Failed to open stream: Permission denied
The exception occurred while attempting to log: No application encryption key has been specified.
Context: {"exception":{}}
Context: {"exception":{}}
Context: {"exception":{}}
Context: {"exception":{}}
Context: {"exception":{}}
Context: {"exception":{}}
Context: {"exception":{}}
Context: {"exception":{}} {"exception":"[object] (UnexpectedValueException(code: 0): The stream or file \"/var/www/html/storage/logs/security-2026-08-30.log\" could not be opened in append mode: Failed to open stream: Permission denied
The exception occurred while attempting to log: The stream or file \"/var/www/html/storage/logs/security-2026-08-30.log\" could not be opened in append mode: Failed to open stream: Permission denied
The exception occurred while attempting to log: The stream or file \"/var/www/html/storage/logs/security-2026-08-30.log\" could not be opened in append mode: Failed to open stream: Permission denied
The exception occurred while attempting to log: The stream or file \"/var/www/html/storage/logs/security-2026-08-30.log\" could not be opened in append mode: Failed to open stream: Permission denied
The exception occurred while attempting to log: The stream or file \"/var/www/html/storage/logs/security-2026-08-30.log\" could not be opened in append mode: Failed to open stream: Permission denied
The exception occurred while attempting to log: The stream or file \"/var/www/html/storage/logs/security-2026-08-30.log\" could not be opened in append mode: Failed to open stream: Permission denied
The exception occurred while attempting to log: The stream or file \"/var/www/html/storage/logs/security-2026-08-30.log\" could not be opened in append mode: Failed to open stream: Permission denied
The exception occurred while attempting to log: The stream or file \"/var/www/html/storage/logs/security-2026-08-30.log\" could not be opened in append mode: Failed to open stream: Permission denied
The exception occurred while attempting to log: No application encryption key has been specified.
Context: {\"exception\":{}}
Context: {\"exception\":{}}
Context: {\"exception\":{}}
Context: {\"exception\":{}}
Context: {\"exception\":{}}
Context: {\"exception\":{}}
Context: {\"exception\":{}}
Context: {\"exception\":{}} at /var/www/html/vendor/monolog/monolog/src/Monolog/Handler/StreamHandler.php:164)
[stacktrace]
#0 /var/www/html/vendor/monolog/monolog/src/Monolog/Handler/RotatingFileHandler.php(113): Monolog\\Handler\\StreamHandler->write(Object(Monolog\\LogRecord))
#1 /var/www/html/vendor/monolog/monolog/src/Monolog/Handler/AbstractProcessingHandler.php(44): Monolog\\Handler\\RotatingFileHandler->write(Object(Monolog\\LogRecord))
#2 /var/www/html/vendor/monolog/monolog/src/Monolog/Logger.php(391): Monolog\\Handler\\AbstractProcessingHandler->handle(Object(Monolog\\LogRecord))
#3 /var/www/html/vendor/monolog/monolog/src/Monolog/Logger.php(646): Monolog\\Logger->addRecord(Monolog\\Level::Error, 'The stream or f...', Array)
#4 /var/www/html/vendor/laravel/framework/src/Illuminate/Log/Logger.php(184): Monolog\\Logger->error('The stream or f...', Array)
#5 /var/www/html/vendor/laravel/framework/src/Illuminate/Log/Logger.php(97): Illuminate\\Log\\Logger->writeLog('error', 'The stream or f...', Array)
#6 /var/www/html/vendor/laravel/framework/src/Illuminate/Log/LogManager.php(701): Illuminate\\Log\\Logger->error('The stream or f...', Array)
#7 /var/www/html/vendor/laravel/framework/src/Illuminate/Foundation/Exceptions/Handler.php(380): Illuminate\\Log\\LogManager->error('The stream or f...', Array)
#8 /var/www/html/vendor/laravel/framework/src/Illuminate/Foundation/Exceptions/Handler.php(343): Illuminate\\Foundation\\Exceptions\\Handler->reportThrowable(Object(UnexpectedValueException))
#9 /var/www/html/vendor/laravel/framework/src/Illuminate/Routing/Pipeline.php(49): Illuminate\\Foundation\\Exceptions\\Handler->report(Object(UnexpectedValueException))
#10 /var/www/html/vendor/laravel/framework/src/Illuminate/Pipeline/Pipeline.php(214): Illuminate\\Routing\\Pipeline->handleException(Object(Illuminate\\Http\\Request), Object(UnexpectedValueException))
#11 /var/www/html/vendor/laravel/framework/src/Illuminate/Http/Middleware/TrustProxies.php(58): Illuminate\\Pipeline\\Pipeline->{closure:{closure:Illuminate\\Pipeline\\Pipeline::carry():184}:185}(Object(Illuminate\\Http\\Request))
#12 /var/www/html/vendor/laravel/framework/src/Illuminate/Pipeline/Pipeline.php(209): Illuminate\\Http\\Middleware\\TrustProxies->handle(Object(Illuminate\\Http\\Request), Object(Closure))
#13 /var/www/html/vendor/laravel/framework/src/Illuminate/Foundation/Http/Middleware/InvokeDeferredCallbacks.php(22): Illuminate\\Pipeline\\Pipeline->{closure:{closure:Illuminate\\Pipeline\\Pipeline::carry():184}:185}(Object(Illuminate\\Http\\Request))
#14 /var/www/html/vendor/laravel/framework/src/Illuminate/Pipeline/Pipeline.php(209): Illuminate\\Foundation\\Http\\Middleware\\InvokeDeferredCallbacks->handle(Object(Illuminate\\Http\\Request), Object(Closure))
#15 /var/www/html/vendor/laravel/framework/src/Illuminate/Pipeline/Pipeline.php(127): Illuminate\\Pipeline\\Pipeline->{closure:{closure:Illuminate\\Pipeline\\Pipeline::carry():184}:185}(Object(Illuminate\\Http\\Request))
#16 /var/www/html/vendor/laravel/framework/src/Illuminate/Foundation/Http/Kernel.php(176): Illuminate\\Pipeline\\Pipeline->then(Object(Closure))
#17 /var/www/html/vendor/laravel/framework/src/Illuminate/Foundation/Http/Kernel.php(145): Illuminate\\Foundation\\Http\\Kernel->sendRequestThroughRouter(Object(Illuminate\\Http\\Request))
#18 /var/www/html/vendor/laravel/framework/src/Illuminate/Foundation/Application.php(1220): Illuminate\\Foundation\\Http\\Kernel->handle(Object(Illuminate\\Http\\Request))
#19 /var/www/html/public/index.php(20): Illuminate\\Foundation\\Application->handleRequest(Object(Illuminate\\Http\\Request))
#20 {main}
"} 
[2026-08-30 02:38:51] local.ERROR: The stream or file "/var/www/html/storage/logs/security-2026-08-30.log" could not be opened in append mode: Failed to open stream: Permission denied
The exception occurred while attempting to log: The stream or file "/var/www/html/storage/logs/security-2026-08-30.log" could not be opened in append mode: Failed to open stream: Permission denied
The exception occurred while attempting to log: The stream or file "/var/www/html/storage/logs/security-2026-08-30.log" could not be opened in append mode: Failed to open stream: Permission denied
The exception occurred while attempting to log: The stream or file "/var/www/html/storage/logs/security-2026-08-30.log" could not be opened in append mode: Failed to open stream: Permission denied
The exception occurred while attempting to log: The stream or file "/var/www/html/storage/logs/security-2026-08-30.log" could not be opened in append mode: Failed to open stream: Permission denied
The exception occurred while attempting to log: The stream or file "/var/www/html/storage/logs/security-2026-08-30.log" could not be opened in append mode: Failed to open stream: Permission denied
The exception occurred while attempting to log: The stream or file "/var/www/html/storage/logs/security-2026-08-30.log" could not be opened in append mode: Failed to open stream: Permission denied
The exception occurred while attempting to log: The stream or file "/var/www/html/storage/logs/security-2026-08-30.log" could not be opened in append mode: Failed to open stream: Permission denied
The exception occurred while attempting to log: The stream or file "/var/www/html/storage/logs/security-2026-08-30.log" could not be opened in append mode: Failed to open stream: Permission denied
The exception occurred while attempting to log: No application encryption key has been specified.
Context: {"exception":{}}
Context: {"exception":{}}
Context: {"exception":{}}
Context: {"exception":{}}
Context: {"exception":{}}
Context: {"exception":{}}
Context: {"exception":{}}
Context: {"exception":{}}
Context: {"exception":{}} {"exception":"[object] (UnexpectedValueException(code: 0): The stream or file \"/var/www/html/storage/logs/security-2026-08-30.log\" could not be opened in append mode: Failed to open stream: Permission denied
The exception occurred while attempting to log: The stream or file \"/var/www/html/storage/logs/security-2026-08-30.log\" could not be opened in append mode: Failed to open stream: Permission denied
The exception occurred while attempting to log: The stream or file \"/var/www/html/storage/logs/security-2026-08-30.log\" could not be opened in append mode: Failed to open stream: Permission denied
The exception occurred while attempting to log: The stream or file \"/var/www/html/storage/logs/security-2026-08-30.log\" could not be opened in append mode: Failed to open stream: Permission denied
The exception occurred while attempting to log: The stream or file \"/var/www/html/storage/logs/security-2026-08-30.log\" could not be opened in append mode: Failed to open stream: Permission denied
The exception occurred while attempting to log: The stream or file \"/var/www/html/storage/logs/security-2026-08-30.log\" could not be opened in append mode: Failed to open stream: Permission denied
The exception occurred while attempting to log: The stream or file \"/var/www/html/storage/logs/security-2026-08-30.log\" could not be opened in append mode: Failed to open stream: Permission denied
The exception occurred while attempting to log: The stream or file \"/var/www/html/storage/logs/security-2026-08-30.log\" could not be opened in append mode: Failed to open stream: Permission denied
The exception occurred while attempting to log: The stream or file \"/var/www/html/storage/logs/security-2026-08-30.log\" could not be opened in append mode: Failed to open stream: Permission denied
The exception occurred while attempting to log: No application encryption key has been specified.
Context: {\"exception\":{}}
Context: {\"exception\":{}}
Context: {\"exception\":{}}
Context: {\"exception\":{}}
Context: {\"exception\":{}}
Context: {\"exception\":{}}
Context: {\"exception\":{}}
Context: {\"exception\":{}}
Context: {\"exception\":{}} at /var/www/html/vendor/monolog/monolog/src/Monolog/Handler/StreamHandler.php:164)
[stacktrace]
#0 /var/www/html/vendor/monolog/monolog/src/Monolog/Handler/RotatingFileHandler.php(113): Monolog\\Handler\\StreamHandler->write(Object(Monolog\\LogRecord))
#1 /var/www/html/vendor/monolog/monolog/src/Monolog/Handler/AbstractProcessingHandler.php(44): Monolog\\Handler\\RotatingFileHandler->write(Object(Monolog\\LogRecord))
#2 /var/www/html/vendor/monolog/monolog/src/Monolog/Logger.php(391): Monolog\\Handler\\AbstractProcessingHandler->handle(Object(Monolog\\LogRecord))
#3 /var/www/html/vendor/monolog/monolog/src/Monolog/Logger.php(646): Monolog\\Logger->addRecord(Monolog\\Level::Error, 'The stream or f...', Array)
#4 /var/www/html/vendor/laravel/framework/src/Illuminate/Log/Logger.php(184): Monolog\\Logger->error('The stream or f...', Array)
#5 /var/www/html/vendor/laravel/framework/src/Illuminate/Log/Logger.php(97): Illuminate\\Log\\Logger->writeLog('error', 'The stream or f...', Array)
#6 /var/www/html/vendor/laravel/framework/src/Illuminate/Log/LogManager.php(701): Illuminate\\Log\\Logger->error('The stream or f...', Array)
#7 /var/www/html/vendor/laravel/framework/src/Illuminate/Foundation/Exceptions/Handler.php(380): Illuminate\\Log\\LogManager->error('The stream or f...', Array)
#8 /var/www/html/vendor/laravel/framework/src/Illuminate/Foundation/Exceptions/Handler.php(343): Illuminate\\Foundation\\Exceptions\\Handler->reportThrowable(Object(UnexpectedValueException))
#9 /var/www/html/vendor/laravel/framework/src/Illuminate/Routing/Pipeline.php(49): Illuminate\\Foundation\\Exceptions\\Handler->report(Object(UnexpectedValueException))
#10 /var/www/html/vendor/laravel/framework/src/Illuminate/Pipeline/Pipeline.php(214): Illuminate\\Routing\\Pipeline->handleException(Object(Illuminate\\Http\\Request), Object(UnexpectedValueException))
#11 /var/www/html/vendor/laravel/framework/src/Illuminate/Foundation/Http/Middleware/InvokeDeferredCallbacks.php(22): Illuminate\\Pipeline\\Pipeline->{closure:{closure:Illuminate\\Pipeline\\Pipeline::carry():184}:185}(Object(Illuminate\\Http\\Request))
#12 /var/www/html/vendor/laravel/framework/src/Illuminate/Pipeline/Pipeline.php(209): Illuminate\\Foundation\\Http\\Middleware\\InvokeDeferredCallbacks->handle(Object(Illuminate\\Http\\Request), Object(Closure))
#13 /var/www/html/vendor/laravel/framework/src/Illuminate/Pipeline/Pipeline.php(127): Illuminate\\Pipeline\\Pipeline->{closure:{closure:Illuminate\\Pipeline\\Pipeline::carry():184}:185}(Object(Illuminate\\Http\\Request))
#14 /var/www/html/vendor/laravel/framework/src/Illuminate/Foundation/Http/Kernel.php(176): Illuminate\\Pipeline\\Pipeline->then(Object(Closure))
#15 /var/www/html/vendor/laravel/framework/src/Illuminate/Foundation/Http/Kernel.php(145): Illuminate\\Foundation\\Http\\Kernel->sendRequestThroughRouter(Object(Illuminate\\Http\\Request))
#16 /var/www/html/vendor/laravel/framework/src/Illuminate/Foundation/Application.php(1220): Illuminate\\Foundation\\Http\\Kernel->handle(Object(Illuminate\\Http\\Request))
#17 /var/www/html/public/index.php(20): Illuminate\\Foundation\\Application->handleRequest(Object(Illuminate\\Http\\Request))
#18 {main}
"} 
[2026-08-30 02:38:51] local.ERROR: The stream or file "/var/www/html/storage/logs/security-2026-08-30.log" could not be opened in append mode: Failed to open stream: Permission denied
The exception occurred while attempting to log: The stream or file "/var/www/html/storage/logs/security-2026-08-30.log" could not be opened in append mode: Failed to open stream: Permission denied
The exception occurred while attempting to log: The stream or file "/var/www/html/storage/logs/security-2026-08-30.log" could not be opened in append mode: Failed to open stream: Permission denied
The exception occurred while attempting to log: The stream or file "/var/www/html/storage/logs/security-2026-08-30.log" could not be opened in append mode: Failed to open stream: Permission denied
The exception occurred while attempting to log: The stream or file "/var/www/html/storage/logs/security-2026-08-30.log" could not be opened in append mode: Failed to open stream: Permission denied
The exception occurred while attempting to log: The stream or file "/var/www/html/storage/logs/security-2026-08-30.log" could not be opened in append mode: Failed to open stream: Permission denied
The exception occurred while attempting to log: The stream or file "/var/www/html/storage/logs/security-2026-08-30.log" could not be opened in append mode: Failed to open stream: Permission denied
The exception occurred while attempting to log: The stream or file "/var/www/html/storage/logs/security-2026-08-30.log" could not be opened in append mode: Failed to open stream: Permission denied
The exception occurred while attempting to log: The stream or file "/var/www/html/storage/logs/security-2026-08-30.log" could not be opened in append mode: Failed to open stream: Permission denied
The exception occurred while attempting to log: The stream or file "/var/www/html/storage/logs/security-2026-08-30.log" could not be opened in append mode: Failed to open stream: Permission denied
The exception occurred while attempting to log: No application encryption key has been specified.
Context: {"exception":{}}
Context: {"exception":{}}
Context: {"exception":{}}
Context: {"exception":{}}
Context: {"exception":{}}
Context: {"exception":{}}
Context: {"exception":{}}
Context: {"exception":{}}
Context: {"exception":{}}
Context: {"exception":{}} {"exception":"[object] (UnexpectedValueException(code: 0): The stream or file \"/var/www/html/storage/logs/security-2026-08-30.log\" could not be opened in append mode: Failed to open stream: Permission denied
The exception occurred while attempting to log: The stream or file \"/var/www/html/storage/logs/security-2026-08-30.log\" could not be opened in append mode: Failed to open stream: Permission denied
The exception occurred while attempting to log: The stream or file \"/var/www/html/storage/logs/security-2026-08-30.log\" could not be opened in append mode: Failed to open stream: Permission denied
The exception occurred while attempting to log: The stream or file \"/var/www/html/storage/logs/security-2026-08-30.log\" could not be opened in append mode: Failed to open stream: Permission denied
The exception occurred while attempting to log: The stream or file \"/var/www/html/storage/logs/security-2026-08-30.log\" could not be opened in append mode: Failed to open stream: Permission denied
The exception occurred while attempting to log: The stream or file \"/var/www/html/storage/logs/security-2026-08-30.log\" could not be opened in append mode: Failed to open stream: Permission denied
The exception occurred while attempting to log: The stream or file \"/var/www/html/storage/logs/security-2026-08-30.log\" could not be opened in append mode: Failed to open stream: Permission denied
The exception occurred while attempting to log: The stream or file \"/var/www/html/storage/logs/security-2026-08-30.log\" could not be opened in append mode: Failed to open stream: Permission denied
The exception occurred while attempting to log: The stream or file \"/var/www/html/storage/logs/security-2026-08-30.log\" could not be opened in append mode: Failed to open stream: Permission denied
The exception occurred while attempting to log: The stream or file \"/var/www/html/storage/logs/security-2026-08-30.log\" could not be opened in append mode: Failed to open stream: Permission denied
The exception occurred while attempting to log: No application encryption key has been specified.
Context: {\"exception\":{}}
Context: {\"exception\":{}}
Context: {\"exception\":{}}
Context: {\"exception\":{}}
Context: {\"exception\":{}}
Context: {\"exception\":{}}
Context: {\"exception\":{}}
Context: {\"exception\":{}}
Context: {\"exception\":{}}
Context: {\"exception\":{}} at /var/www/html/vendor/monolog/monolog/src/Monolog/Handler/StreamHandler.php:164)
[stacktrace]
#0 /var/www/html/vendor/monolog/monolog/src/Monolog/Handler/RotatingFileHandler.php(113): Monolog\\Handler\\StreamHandler->write(Object(Monolog\\LogRecord))
#1 /var/www/html/vendor/monolog/monolog/src/Monolog/Handler/AbstractProcessingHandler.php(44): Monolog\\Handler\\RotatingFileHandler->write(Object(Monolog\\LogRecord))
#2 /var/www/html/vendor/monolog/monolog/src/Monolog/Logger.php(391): Monolog\\Handler\\AbstractProcessingHandler->handle(Object(Monolog\\LogRecord))
#3 /var/www/html/vendor/monolog/monolog/src/Monolog/Logger.php(646): Monolog\\Logger->addRecord(Monolog\\Level::Error, 'The stream or f...', Array)
#4 /var/www/html/vendor/laravel/framework/src/Illuminate/Log/Logger.php(184): Monolog\\Logger->error('The stream or f...', Array)
#5 /var/www/html/vendor/laravel/framework/src/Illuminate/Log/Logger.php(97): Illuminate\\Log\\Logger->writeLog('error', 'The stream or f...', Array)
#6 /var/www/html/vendor/laravel/framework/src/Illuminate/Log/LogManager.php(701): Illuminate\\Log\\Logger->error('The stream or f...', Array)
#7 /var/www/html/vendor/laravel/framework/src/Illuminate/Foundation/Exceptions/Handler.php(380): Illuminate\\Log\\LogManager->error('The stream or f...', Array)
#8 /var/www/html/vendor/laravel/framework/src/Illuminate/Foundation/Exceptions/Handler.php(343): Illuminate\\Foundation\\Exceptions\\Handler->reportThrowable(Object(UnexpectedValueException))
#9 /var/www/html/vendor/laravel/framework/src/Illuminate/Routing/Pipeline.php(49): Illuminate\\Foundation\\Exceptions\\Handler->report(Object(UnexpectedValueException))
#10 /var/www/html/vendor/laravel/framework/src/Illuminate/Pipeline/Pipeline.php(214): Illuminate\\Routing\\Pipeline->handleException(Object(Illuminate\\Http\\Request), Object(UnexpectedValueException))
#11 /var/www/html/vendor/laravel/framework/src/Illuminate/Pipeline/Pipeline.php(127): Illuminate\\Pipeline\\Pipeline->{closure:{closure:Illuminate\\Pipeline\\Pipeline::carry():184}:185}(Object(Illuminate\\Http\\Request))
#12 /var/www/html/vendor/laravel/framework/src/Illuminate/Foundation/Http/Kernel.php(176): Illuminate\\Pipeline\\Pipeline->then(Object(Closure))
#13 /var/www/html/vendor/laravel/framework/src/Illuminate/Foundation/Http/Kernel.php(145): Illuminate\\Foundation\\Http\\Kernel->sendRequestThroughRouter(Object(Illuminate\\Http\\Request))
#14 /var/www/html/vendor/laravel/framework/src/Illuminate/Foundation/Application.php(1220): Illuminate\\Foundation\\Http\\Kernel->handle(Object(Illuminate\\Http\\Request))
#15 /var/www/html/public/index.php(20): Illuminate\\Foundation\\Application->handleRequest(Object(Illuminate\\Http\\Request))
#16 {main}
"} 
[2026-08-30 02:38:51] local.ERROR: The stream or file "/var/www/html/storage/logs/security-2026-08-30.log" could not be opened in append mode: Failed to open stream: Permission denied
The exception occurred while attempting to log: The stream or file "/var/www/html/storage/logs/security-2026-08-30.log" could not be opened in append mode: Failed to open stream: Permission denied
The exception occurred while attempting to log: The stream or file "/var/www/html/storage/logs/security-2026-08-30.log" could not be opened in append mode: Failed to open stream: Permission denied
The exception occurred while attempting to log: The stream or file "/var/www/html/storage/logs/security-2026-08-30.log" could not be opened in append mode: Failed to open stream: Permission denied
The exception occurred while attempting to log: The stream or file "/var/www/html/storage/logs/security-2026-08-30.log" could not be opened in append mode: Failed to open stream: Permission denied
The exception occurred while attempting to log: The stream or file "/var/www/html/storage/logs/security-2026-08-30.log" could not be opened in append mode: Failed to open stream: Permission denied
The exception occurred while attempting to log: The stream or file "/var/www/html/storage/logs/security-2026-08-30.log" could not be opened in append mode: Failed to open stream: Permission denied
The exception occurred while attempting to log: The stream or file "/var/www/html/storage/logs/security-2026-08-30.log" could not be opened in append mode: Failed to open stream: Permission denied
The exception occurred while attempting to log: The stream or file "/var/www/html/storage/logs/security-2026-08-30.log" could not be opened in append mode: Failed to open stream: Permission denied
The exception occurred while attempting to log: The stream or file "/var/www/html/storage/logs/security-2026-08-30.log" could not be opened in append mode: Failed to open stream: Permission denied
The exception occurred while attempting to log: The stream or file "/var/www/html/storage/logs/security-2026-08-30.log" could not be opened in append mode: Failed to open stream: Permission denied
The exception occurred while attempting to log: No application encryption key has been specified.
Context: {"exception":{}}
Context: {"exception":{}}
Context: {"exception":{}}
Context: {"exception":{}}
Context: {"exception":{}}
Context: {"exception":{}}
Context: {"exception":{}}
Context: {"exception":{}}
Context: {"exception":{}}
Context: {"exception":{}}
Context: {"exception":{}} {"exception":"[object] (UnexpectedValueException(code: 0): The stream or file \"/var/www/html/storage/logs/security-2026-08-30.log\" could not be opened in append mode: Failed to open stream: Permission denied
The exception occurred while attempting to log: The stream or file \"/var/www/html/storage/logs/security-2026-08-30.log\" could not be opened in append mode: Failed to open stream: Permission denied
The exception occurred while attempting to log: The stream or file \"/var/www/html/storage/logs/security-2026-08-30.log\" could not be opened in append mode: Failed to open stream: Permission denied
The exception occurred while attempting to log: The stream or file \"/var/www/html/storage/logs/security-2026-08-30.log\" could not be opened in append mode: Failed to open stream: Permission denied
The exception occurred while attempting to log: The stream or file \"/var/www/html/storage/logs/security-2026-08-30.log\" could not be opened in append mode: Failed to open stream: Permission denied
The exception occurred while attempting to log: The stream or file \"/var/www/html/storage/logs/security-2026-08-30.log\" could not be opened in append mode: Failed to open stream: Permission denied
The exception occurred while attempting to log: The stream or file \"/var/www/html/storage/logs/security-2026-08-30.log\" could not be opened in append mode: Failed to open stream: Permission denied
The exception occurred while attempting to log: The stream or file \"/var/www/html/storage/logs/security-2026-08-30.log\" could not be opened in append mode: Failed to open stream: Permission denied
The exception occurred while attempting to log: The stream or file \"/var/www/html/storage/logs/security-2026-08-30.log\" could not be opened in append mode: Failed to open stream: Permission denied
The exception occurred while attempting to log: The stream or file \"/var/www/html/storage/logs/security-2026-08-30.log\" could not be opened in append mode: Failed to open stream: Permission denied
The exception occurred while attempting to log: The stream or file \"/var/www/html/storage/logs/security-2026-08-30.log\" could not be opened in append mode: Failed to open stream: Permission denied
The exception occurred while attempting to log: No application encryption key has been specified.
Context: {\"exception\":{}}
Context: {\"exception\":{}}
Context: {\"exception\":{}}
Context: {\"exception\":{}}
Context: {\"exception\":{}}
Context: {\"exception\":{}}
Context: {\"exception\":{}}
Context: {\"exception\":{}}
Context: {\"exception\":{}}
Context: {\"exception\":{}}
Context: {\"exception\":{}} at /var/www/html/vendor/monolog/monolog/src/Monolog/Handler/StreamHandler.php:164)
[stacktrace]
#0 /var/www/html/vendor/monolog/monolog/src/Monolog/Handler/RotatingFileHandler.php(113): Monolog\\Handler\\StreamHandler->write(Object(Monolog\\LogRecord))
#1 /var/www/html/vendor/monolog/monolog/src/Monolog/Handler/AbstractProcessingHandler.php(44): Monolog\\Handler\\RotatingFileHandler->write(Object(Monolog\\LogRecord))
#2 /var/www/html/vendor/monolog/monolog/src/Monolog/Logger.php(391): Monolog\\Handler\\AbstractProcessingHandler->handle(Object(Monolog\\LogRecord))
#3 /var/www/html/vendor/monolog/monolog/src/Monolog/Logger.php(646): Monolog\\Logger->addRecord(Monolog\\Level::Error, 'The stream or f...', Array)
#4 /var/www/html/vendor/laravel/framework/src/Illuminate/Log/Logger.php(184): Monolog\\Logger->error('The stream or f...', Array)
#5 /var/www/html/vendor/laravel/framework/src/Illuminate/Log/Logger.php(97): Illuminate\\Log\\Logger->writeLog('error', 'The stream or f...', Array)
#6 /var/www/html/vendor/laravel/framework/src/Illuminate/Log/LogManager.php(701): Illuminate\\Log\\Logger->error('The stream or f...', Array)
#7 /var/www/html/vendor/laravel/framework/src/Illuminate/Foundation/Exceptions/Handler.php(380): Illuminate\\Log\\LogManager->error('The stream or f...', Array)
#8 /var/www/html/vendor/laravel/framework/src/Illuminate/Foundation/Exceptions/Handler.php(343): Illuminate\\Foundation\\Exceptions\\Handler->reportThrowable(Object(UnexpectedValueException))
#9 /var/www/html/vendor/laravel/framework/src/Illuminate/Foundation/Http/Kernel.php(563): Illuminate\\Foundation\\Exceptions\\Handler->report(Object(UnexpectedValueException))
#10 /var/www/html/vendor/laravel/framework/src/Illuminate/Foundation/Http/Kernel.php(147): Illuminate\\Foundation\\Http\\Kernel->reportException(Object(UnexpectedValueException))
#11 /var/www/html/vendor/laravel/framework/src/Illuminate/Foundation/Application.php(1220): Illuminate\\Foundation\\Http\\Kernel->handle(Object(Illuminate\\Http\\Request))
#12 /var/www/html/public/index.php(20): Illuminate\\Foundation\\Application->handleRequest(Object(Illuminate\\Http\\Request))
#13 {main}
"} 
[2026-08-30 03:37:05] local.ERROR: No application encryption key has been specified. {"exception":"[object] (Illuminate\\Encryption\\MissingAppKeyException(code: 0): No application encryption key has been specified. at /var/www/html/vendor/laravel/framework/src/Illuminate/Encryption/EncryptionServiceProvider.php:83)
[stacktrace]
#0 /var/www/html/vendor/laravel/framework/src/Illuminate/Support/helpers.php(399): Illuminate\\Encryption\\EncryptionServiceProvider->{closure:Illuminate\\Encryption\\EncryptionServiceProvider::key():81}('')
#1 /var/www/html/vendor/laravel/framework/src/Illuminate/Encryption/EncryptionServiceProvider.php(81): tap('', Object(Closure))
#2 /var/www/html/vendor/laravel/framework/src/Illuminate/Encryption/EncryptionServiceProvider.php(64): Illuminate\\Encryption\\EncryptionServiceProvider->key(Array)
#3 /var/www/html/vendor/laravel/framework/src/Illuminate/Encryption/EncryptionServiceProvider.php(32): Illuminate\\Encryption\\EncryptionServiceProvider->parseKey(Array)
#4 /var/www/html/vendor/laravel/framework/src/Illuminate/Container/Container.php(952): Illuminate\\Encryption\\EncryptionServiceProvider->{closure:Illuminate\\Encryption\\EncryptionServiceProvider::registerEncrypter():29}(Object(Illuminate\\Foundation\\Application), Array)
#5 /var/www/html/vendor/laravel/framework/src/Illuminate/Container/Container.php(832): Illuminate\\Container\\Container->build(Object(Closure))
#6 /var/www/html/vendor/laravel/framework/src/Illuminate/Foundation/Application.php(1078): Illuminate\\Container\\Container->resolve('encrypter', Array, true)
#7 /var/www/html/vendor/laravel/framework/src/Illuminate/Container/Container.php(763): Illuminate\\Foundation\\Application->resolve('encrypter', Array)
#8 /var/www/html/vendor/laravel/framework/src/Illuminate/Foundation/Application.php(1058): Illuminate\\Container\\Container->make('encrypter', Array)
#9 /var/www/html/vendor/laravel/framework/src/Illuminate/Container/Container.php(1133): Illuminate\\Foundation\\Application->make('encrypter')
#10 /var/www/html/vendor/laravel/framework/src/Illuminate/Container/Container.php(1043): Illuminate\\Container\\Container->resolveClass(Object(ReflectionParameter))
#11 /var/www/html/vendor/laravel/framework/src/Illuminate/Container/Container.php(994): Illuminate\\Container\\Container->resolveDependencies(Array)
#12 /var/www/html/vendor/laravel/framework/src/Illuminate/Container/Container.php(832): Illuminate\\Container\\Container->build('Illuminate\\\\Cook...')
#13 /var/www/html/vendor/laravel/framework/src/Illuminate/Foundation/Application.php(1078): Illuminate\\Container\\Container->resolve('Illuminate\\\\Cook...', Array, true)
#14 /var/www/html/vendor/laravel/framework/src/Illuminate/Container/Container.php(763): Illuminate\\Foundation\\Application->resolve('Illuminate\\\\Cook...', Array)
#15 /var/www/html/vendor/laravel/framework/src/Illuminate/Foundation/Application.php(1058): Illuminate\\Container\\Container->make('Illuminate\\\\Cook...', Array)
#16 /var/www/html/vendor/laravel/framework/src/Illuminate/Pipeline/Pipeline.php(198): Illuminate\\Foundation\\Application->make('Illuminate\\\\Cook...')
#17 /var/www/html/vendor/laravel/framework/src/Illuminate/Pipeline/Pipeline.php(127): Illuminate\\Pipeline\\Pipeline->{closure:{closure:Illuminate\\Pipeline\\Pipeline::carry():184}:185}(Object(Illuminate\\Http\\Request))
#18 /var/www/html/vendor/laravel/framework/src/Illuminate/Routing/Router.php(807): Illuminate\\Pipeline\\Pipeline->then(Object(Closure))
#19 /var/www/html/vendor/laravel/framework/src/Illuminate/Routing/Router.php(786): Illuminate\\Routing\\Router->runRouteWithinStack(Object(Illuminate\\Routing\\Route), Object(Illuminate\\Http\\Request))
#20 /var/www/html/vendor/laravel/framework/src/Illuminate/Routing/Router.php(750): Illuminate\\Routing\\Router->runRoute(Object(Illuminate\\Http\\Request), Object(Illuminate\\Routing\\Route))
#21 /var/www/html/vendor/laravel/framework/src/Illuminate/Routing/Router.php(739): Illuminate\\Routing\\Router->dispatchToRoute(Object(Illuminate\\Http\\Request))
#22 /var/www/html/vendor/laravel/framework/src/Illuminate/Foundation/Http/Kernel.php(201): Illuminate\\Routing\\Router->dispatch(Object(Illuminate\\Http\\Request))
#23 /var/www/html/vendor/laravel/framework/src/Illuminate/Pipeline/Pipeline.php(170): Illuminate\\Foundation\\Http\\Kernel->{closure:Illuminate\\Foundation\\Http\\Kernel::dispatchToRouter():198}(Object(Illuminate\\Http\\Request))
#24 /var/www/html/vendor/livewire/livewire/src/Features/SupportDisablingBackButtonCache/DisableBackButtonCacheMiddleware.php(19): Illuminate\\Pipeline\\Pipeline->{closure:Illuminate\\Pipeline\\Pipeline::prepareDestination():168}(Object(Illuminate\\Http\\Request))
#25 /var/www/html/vendor/laravel/framework/src/Illuminate/Pipeline/Pipeline.php(209): Livewire\\Features\\SupportDisablingBackButtonCache\\DisableBackButtonCacheMiddleware->handle(Object(Illuminate\\Http\\Request), Object(Closure))
#26 /var/www/html/vendor/laravel/framework/src/Illuminate/Foundation/Http/Middleware/TransformsRequest.php(21): Illuminate\\Pipeline\\Pipeline->{closure:{closure:Illuminate\\Pipeline\\Pipeline::carry():184}:185}(Object(Illuminate\\Http\\Request))
#27 /var/www/html/vendor/laravel/framework/src/Illuminate/Foundation/Http/Middleware/ConvertEmptyStringsToNull.php(31): Illuminate\\Foundation\\Http\\Middleware\\TransformsRequest->handle(Object(Illuminate\\Http\\Request), Object(Closure))
#28 /var/www/html/vendor/laravel/framework/src/Illuminate/Pipeline/Pipeline.php(209): Illuminate\\Foundation\\Http\\Middleware\\ConvertEmptyStringsToNull->handle(Object(Illuminate\\Http\\Request), Object(Closure))
#29 /var/www/html/vendor/laravel/framework/src/Illuminate/Foundation/Http/Middleware/TransformsRequest.php(21): Illuminate\\Pipeline\\Pipeline->{closure:{closure:Illuminate\\Pipeline\\Pipeline::carry():184}:185}(Object(Illuminate\\Http\\Request))
#30 /var/www/html/vendor/laravel/framework/src/Illuminate/Foundation/Http/Middleware/TrimStrings.php(51): Illuminate\\Foundation\\Http\\Middleware\\TransformsRequest->handle(Object(Illuminate\\Http\\Request), Object(Closure))
#31 /var/www/html/vendor/laravel/framework/src/Illuminate/Pipeline/Pipeline.php(209): Illuminate\\Foundation\\Http\\Middleware\\TrimStrings->handle(Object(Illuminate\\Http\\Request), Object(Closure))
#32 /var/www/html/vendor/laravel/framework/src/Illuminate/Http/Middleware/ValidatePostSize.php(27): Illuminate\\Pipeline\\Pipeline->{closure:{closure:Illuminate\\Pipeline\\Pipeline::carry():184}:185}(Object(Illuminate\\Http\\Request))
#33 /var/www/html/vendor/laravel/framework/src/Illuminate/Pipeline/Pipeline.php(209): Illuminate\\Http\\Middleware\\ValidatePostSize->handle(Object(Illuminate\\Http\\Request), Object(Closure))
#34 /var/www/html/vendor/laravel/framework/src/Illuminate/Foundation/Http/Middleware/PreventRequestsDuringMaintenance.php(110): Illuminate\\Pipeline\\Pipeline->{closure:{closure:Illuminate\\Pipeline\\Pipeline::carry():184}:185}(Object(Illuminate\\Http\\Request))
#35 /var/www/html/vendor/laravel/framework/src/Illuminate/Pipeline/Pipeline.php(209): Illuminate\\Foundation\\Http\\Middleware\\PreventRequestsDuringMaintenance->handle(Object(Illuminate\\Http\\Request), Object(Closure))
#36 /var/www/html/vendor/laravel/framework/src/Illuminate/Http/Middleware/HandleCors.php(49): Illuminate\\Pipeline\\Pipeline->{closure:{closure:Illuminate\\Pipeline\\Pipeline::carry():184}:185}(Object(Illuminate\\Http\\Request))
#37 /var/www/html/vendor/laravel/framework/src/Illuminate/Pipeline/Pipeline.php(209): Illuminate\\Http\\Middleware\\HandleCors->handle(Object(Illuminate\\Http\\Request), Object(Closure))
#38 /var/www/html/vendor/laravel/framework/src/Illuminate/Http/Middleware/TrustProxies.php(58): Illuminate\\Pipeline\\Pipeline->{closure:{closure:Illuminate\\Pipeline\\Pipeline::carry():184}:185}(Object(Illuminate\\Http\\Request))
#39 /var/www/html/vendor/laravel/framework/src/Illuminate/Pipeline/Pipeline.php(209): Illuminate\\Http\\Middleware\\TrustProxies->handle(Object(Illuminate\\Http\\Request), Object(Closure))
#40 /var/www/html/vendor/laravel/framework/src/Illuminate/Foundation/Http/Middleware/InvokeDeferredCallbacks.php(22): Illuminate\\Pipeline\\Pipeline->{closure:{closure:Illuminate\\Pipeline\\Pipeline::carry():184}:185}(Object(Illuminate\\Http\\Request))
#41 /var/www/html/vendor/laravel/framework/src/Illuminate/Pipeline/Pipeline.php(209): Illuminate\\Foundation\\Http\\Middleware\\InvokeDeferredCallbacks->handle(Object(Illuminate\\Http\\Request), Object(Closure))
#42 /var/www/html/vendor/laravel/framework/src/Illuminate/Pipeline/Pipeline.php(127): Illuminate\\Pipeline\\Pipeline->{closure:{closure:Illuminate\\Pipeline\\Pipeline::carry():184}:185}(Object(Illuminate\\Http\\Request))
#43 /var/www/html/vendor/laravel/framework/src/Illuminate/Foundation/Http/Kernel.php(176): Illuminate\\Pipeline\\Pipeline->then(Object(Closure))
#44 /var/www/html/vendor/laravel/framework/src/Illuminate/Foundation/Http/Kernel.php(145): Illuminate\\Foundation\\Http\\Kernel->sendRequestThroughRouter(Object(Illuminate\\Http\\Request))
#45 /var/www/html/vendor/laravel/framework/src/Illuminate/Foundation/Application.php(1220): Illuminate\\Foundation\\Http\\Kernel->handle(Object(Illuminate\\Http\\Request))
#46 /var/www/html/public/index.php(20): Illuminate\\Foundation\\Application->handleRequest(Object(Illuminate\\Http\\Request))
#47 {main}
"} 
[2026-08-30 03:37:05] local.ERROR: The stream or file "/var/www/html/storage/logs/security-2026-08-30.log" could not be opened in append mode: Failed to open stream: Permission denied
The exception occurred while attempting to log: No application encryption key has been specified.
Context: {"exception":{}} {"exception":"[object] (UnexpectedValueException(code: 0): The stream or file \"/var/www/html/storage/logs/security-2026-08-30.log\" could not be opened in append mode: Failed to open stream: Permission denied
The exception occurred while attempting to log: No application encryption key has been specified.
Context: {\"exception\":{}} at /var/www/html/vendor/monolog/monolog/src/Monolog/Handler/StreamHandler.php:164)
[stacktrace]
#0 /var/www/html/vendor/monolog/monolog/src/Monolog/Handler/RotatingFileHandler.php(113): Monolog\\Handler\\StreamHandler->write(Object(Monolog\\LogRecord))
#1 /var/www/html/vendor/monolog/monolog/src/Monolog/Handler/AbstractProcessingHandler.php(44): Monolog\\Handler\\RotatingFileHandler->write(Object(Monolog\\LogRecord))
#2 /var/www/html/vendor/monolog/monolog/src/Monolog/Logger.php(391): Monolog\\Handler\\AbstractProcessingHandler->handle(Object(Monolog\\LogRecord))
#3 /var/www/html/vendor/monolog/monolog/src/Monolog/Logger.php(646): Monolog\\Logger->addRecord(Monolog\\Level::Error, 'No application ...', Array)
#4 /var/www/html/vendor/laravel/framework/src/Illuminate/Log/Logger.php(184): Monolog\\Logger->error('No application ...', Array)
#5 /var/www/html/vendor/laravel/framework/src/Illuminate/Log/Logger.php(97): Illuminate\\Log\\Logger->writeLog('error', 'No application ...', Array)
#6 /var/www/html/vendor/laravel/framework/src/Illuminate/Log/LogManager.php(701): Illuminate\\Log\\Logger->error('No application ...', Array)
#7 /var/www/html/vendor/laravel/framework/src/Illuminate/Foundation/Exceptions/Handler.php(380): Illuminate\\Log\\LogManager->error('No application ...', Array)
#8 /var/www/html/vendor/laravel/framework/src/Illuminate/Foundation/Exceptions/Handler.php(343): Illuminate\\Foundation\\Exceptions\\Handler->reportThrowable(Object(Illuminate\\Encryption\\MissingAppKeyException))
#9 /var/www/html/vendor/laravel/framework/src/Illuminate/Routing/Pipeline.php(49): Illuminate\\Foundation\\Exceptions\\Handler->report(Object(Illuminate\\Encryption\\MissingAppKeyException))
#10 /var/www/html/vendor/laravel/framework/src/Illuminate/Pipeline/Pipeline.php(214): Illuminate\\Routing\\Pipeline->handleException(Object(Illuminate\\Http\\Request), Object(Illuminate\\Encryption\\MissingAppKeyException))
#11 /var/www/html/vendor/laravel/framework/src/Illuminate/Pipeline/Pipeline.php(127): Illuminate\\Pipeline\\Pipeline->{closure:{closure:Illuminate\\Pipeline\\Pipeline::carry():184}:185}(Object(Illuminate\\Http\\Request))
#12 /var/www/html/vendor/laravel/framework/src/Illuminate/Routing/Router.php(807): Illuminate\\Pipeline\\Pipeline->then(Object(Closure))
#13 /var/www/html/vendor/laravel/framework/src/Illuminate/Routing/Router.php(786): Illuminate\\Routing\\Router->runRouteWithinStack(Object(Illuminate\\Routing\\Route), Object(Illuminate\\Http\\Request))
#14 /var/www/html/vendor/laravel/framework/src/Illuminate/Routing/Router.php(750): Illuminate\\Routing\\Router->runRoute(Object(Illuminate\\Http\\Request), Object(Illuminate\\Routing\\Route))
#15 /var/www/html/vendor/laravel/framework/src/Illuminate/Routing/Router.php(739): Illuminate\\Routing\\Router->dispatchToRoute(Object(Illuminate\\Http\\Request))
#16 /var/www/html/vendor/laravel/framework/src/Illuminate/Foundation/Http/Kernel.php(201): Illuminate\\Routing\\Router->dispatch(Object(Illuminate\\Http\\Request))
#17 /var/www/html/vendor/laravel/framework/src/Illuminate/Pipeline/Pipeline.php(170): Illuminate\\Foundation\\Http\\Kernel->{closure:Illuminate\\Foundation\\Http\\Kernel::dispatchToRouter():198}(Object(Illuminate\\Http\\Request))
#18 /var/www/html/vendor/livewire/livewire/src/Features/SupportDisablingBackButtonCache/DisableBackButtonCacheMiddleware.php(19): Illuminate\\Pipeline\\Pipeline->{closure:Illuminate\\Pipeline\\Pipeline::prepareDestination():168}(Object(Illuminate\\Http\\Request))
#19 /var/www/html/vendor/laravel/framework/src/Illuminate/Pipeline/Pipeline.php(209): Livewire\\Features\\SupportDisablingBackButtonCache\\DisableBackButtonCacheMiddleware->handle(Object(Illuminate\\Http\\Request), Object(Closure))
#20 /var/www/html/vendor/laravel/framework/src/Illuminate/Foundation/Http/Middleware/TransformsRequest.php(21): Illuminate\\Pipeline\\Pipeline->{closure:{closure:Illuminate\\Pipeline\\Pipeline::carry():184}:185}(Object(Illuminate\\Http\\Request))
#21 /var/www/html/vendor/laravel/framework/src/Illuminate/Foundation/Http/Middleware/ConvertEmptyStringsToNull.php(31): Illuminate\\Foundation\\Http\\Middleware\\TransformsRequest->handle(Object(Illuminate\\Http\\Request), Object(Closure))
#22 /var/www/html/vendor/laravel/framework/src/Illuminate/Pipeline/Pipeline.php(209): Illuminate\\Foundation\\Http\\Middleware\\ConvertEmptyStringsToNull->handle(Object(Illuminate\\Http\\Request), Object(Closure))
#23 /var/www/html/vendor/laravel/framework/src/Illuminate/Foundation/Http/Middleware/TransformsRequest.php(21): Illuminate\\Pipeline\\Pipeline->{closure:{closure:Illuminate\\Pipeline\\Pipeline::carry():184}:185}(Object(Illuminate\\Http\\Request))
#24 /var/www/html/vendor/laravel/framework/src/Illuminate/Foundation/Http/Middleware/TrimStrings.php(51): Illuminate\\Foundation\\Http\\Middleware\\TransformsRequest->handle(Object(Illuminate\\Http\\Request), Object(Closure))
#25 /var/www/html/vendor/laravel/framework/src/Illuminate/Pipeline/Pipeline.php(209): Illuminate\\Foundation\\Http\\Middleware\\TrimStrings->handle(Object(Illuminate\\Http\\Request), Object(Closure))
#26 /var/www/html/vendor/laravel/framework/src/Illuminate/Http/Middleware/ValidatePostSize.php(27): Illuminate\\Pipeline\\Pipeline->{closure:{closure:Illuminate\\Pipeline\\Pipeline::carry():184}:185}(Object(Illuminate\\Http\\Request))
#27 /var/www/html/vendor/laravel/framework/src/Illuminate/Pipeline/Pipeline.php(209): Illuminate\\Http\\Middleware\\ValidatePostSize->handle(Object(Illuminate\\Http\\Request), Object(Closure))
#28 /var/www/html/vendor/laravel/framework/src/Illuminate/Foundation/Http/Middleware/PreventRequestsDuringMaintenance.php(110): Illuminate\\Pipeline\\Pipeline->{closure:{closure:Illuminate\\Pipeline\\Pipeline::carry():184}:185}(Object(Illuminate\\Http\\Request))
#29 /var/www/html/vendor/laravel/framework/src/Illuminate/Pipeline/Pipeline.php(209): Illuminate\\Foundation\\Http\\Middleware\\PreventRequestsDuringMaintenance->handle(Object(Illuminate\\Http\\Request), Object(Closure))
#30 /var/www/html/vendor/laravel/framework/src/Illuminate/Http/Middleware/HandleCors.php(49): Illuminate\\Pipeline\\Pipeline->{closure:{closure:Illuminate\\Pipeline\\Pipeline::carry():184}:185}(Object(Illuminate\\Http\\Request))
#31 /var/www/html/vendor/laravel/framework/src/Illuminate/Pipeline/Pipeline.php(209): Illuminate\\Http\\Middleware\\HandleCors->handle(Object(Illuminate\\Http\\Request), Object(Closure))
#32 /var/www/html/vendor/laravel/framework/src/Illuminate/Http/Middleware/TrustProxies.php(58): Illuminate\\Pipeline\\Pipeline->{closure:{closure:Illuminate\\Pipeline\\Pipeline::carry():184}:185}(Object(Illuminate\\Http\\Request))
#33 /var/www/html/vendor/laravel/framework/src/Illuminate/Pipeline/Pipeline.php(209): Illuminate\\Http\\Middleware\\TrustProxies->handle(Object(Illuminate\\Http\\Request), Object(Closure))
#34 /var/www/html/vendor/laravel/framework/src/Illuminate/Foundation/Http/Middleware/InvokeDeferredCallbacks.php(22): Illuminate\\Pipeline\\Pipeline->{closure:{closure:Illuminate\\Pipeline\\Pipeline::carry():184}:185}(Object(Illuminate\\Http\\Request))
#35 /var/www/html/vendor/laravel/framework/src/Illuminate/Pipeline/Pipeline.php(209): Illuminate\\Foundation\\Http\\Middleware\\InvokeDeferredCallbacks->handle(Object(Illuminate\\Http\\Request), Object(Closure))
#36 /var/www/html/vendor/laravel/framework/src/Illuminate/Pipeline/Pipeline.php(127): Illuminate\\Pipeline\\Pipeline->{closure:{closure:Illuminate\\Pipeline\\Pipeline::carry():184}:185}(Object(Illuminate\\Http\\Request))
#37 /var/www/html/vendor/laravel/framework/src/Illuminate/Foundation/Http/Kernel.php(176): Illuminate\\Pipeline\\Pipeline->then(Object(Closure))
#38 /var/www/html/vendor/laravel/framework/src/Illuminate/Foundation/Http/Kernel.php(145): Illuminate\\Foundation\\Http\\Kernel->sendRequestThroughRouter(Object(Illuminate\\Http\\Request))
#39 /var/www/html/vendor/laravel/framework/src/Illuminate/Foundation/Application.php(1220): Illuminate\\Foundation\\Http\\Kernel->handle(Object(Illuminate\\Http\\Request))
#40 /var/www/html/public/index.php(20): Illuminate\\Foundation\\Application->handleRequest(Object(Illuminate\\Http\\Request))
#41 {main}
"} 
[2026-08-30 03:37:05] local.ERROR: The stream or file "/var/www/html/storage/logs/security-2026-08-30.log" could not be opened in append mode: Failed to open stream: Permission denied
The exception occurred while attempting to log: The stream or file "/var/www/html/storage/logs/security-2026-08-30.log" could not be opened in append mode: Failed to open stream: Permission denied
The exception occurred while attempting to log: No application encryption key has been specified.
Context: {"exception":{}}
Context: {"exception":{}} {"exception":"[object] (UnexpectedValueException(code: 0): The stream or file \"/var/www/html/storage/logs/security-2026-08-30.log\" could not be opened in append mode: Failed to open stream: Permission denied
The exception occurred while attempting to log: The stream or file \"/var/www/html/storage/logs/security-2026-08-30.log\" could not be opened in append mode: Failed to open stream: Permission denied
The exception occurred while attempting to log: No application encryption key has been specified.
Context: {\"exception\":{}}
Context: {\"exception\":{}} at /var/www/html/vendor/monolog/monolog/src/Monolog/Handler/StreamHandler.php:164)
[stacktrace]
#0 /var/www/html/vendor/monolog/monolog/src/Monolog/Handler/RotatingFileHandler.php(113): Monolog\\Handler\\StreamHandler->write(Object(Monolog\\LogRecord))
#1 /var/www/html/vendor/monolog/monolog/src/Monolog/Handler/AbstractProcessingHandler.php(44): Monolog\\Handler\\RotatingFileHandler->write(Object(Monolog\\LogRecord))
#2 /var/www/html/vendor/monolog/monolog/src/Monolog/Logger.php(391): Monolog\\Handler\\AbstractProcessingHandler->handle(Object(Monolog\\LogRecord))
#3 /var/www/html/vendor/monolog/monolog/src/Monolog/Logger.php(646): Monolog\\Logger->addRecord(Monolog\\Level::Error, 'The stream or f...', Array)
#4 /var/www/html/vendor/laravel/framework/src/Illuminate/Log/Logger.php(184): Monolog\\Logger->error('The stream or f...', Array)
#5 /var/www/html/vendor/laravel/framework/src/Illuminate/Log/Logger.php(97): Illuminate\\Log\\Logger->writeLog('error', 'The stream or f...', Array)
#6 /var/www/html/vendor/laravel/framework/src/Illuminate/Log/LogManager.php(701): Illuminate\\Log\\Logger->error('The stream or f...', Array)
#7 /var/www/html/vendor/laravel/framework/src/Illuminate/Foundation/Exceptions/Handler.php(380): Illuminate\\Log\\LogManager->error('The stream or f...', Array)
#8 /var/www/html/vendor/laravel/framework/src/Illuminate/Foundation/Exceptions/Handler.php(343): Illuminate\\Foundation\\Exceptions\\Handler->reportThrowable(Object(UnexpectedValueException))
#9 /var/www/html/vendor/laravel/framework/src/Illuminate/Routing/Pipeline.php(49): Illuminate\\Foundation\\Exceptions\\Handler->report(Object(UnexpectedValueException))
#10 /var/www/html/vendor/laravel/framework/src/Illuminate/Pipeline/Pipeline.php(172): Illuminate\\Routing\\Pipeline->handleException(Object(Illuminate\\Http\\Request), Object(UnexpectedValueException))
#11 /var/www/html/vendor/livewire/livewire/src/Features/SupportDisablingBackButtonCache/DisableBackButtonCacheMiddleware.php(19): Illuminate\\Pipeline\\Pipeline->{closure:Illuminate\\Pipeline\\Pipeline::prepareDestination():168}(Object(Illuminate\\Http\\Request))
#12 /var/www/html/vendor/laravel/framework/src/Illuminate/Pipeline/Pipeline.php(209): Livewire\\Features\\SupportDisablingBackButtonCache\\DisableBackButtonCacheMiddleware->handle(Object(Illuminate\\Http\\Request), Object(Closure))
#13 /var/www/html/vendor/laravel/framework/src/Illuminate/Foundation/Http/Middleware/TransformsRequest.php(21): Illuminate\\Pipeline\\Pipeline->{closure:{closure:Illuminate\\Pipeline\\Pipeline::carry():184}:185}(Object(Illuminate\\Http\\Request))
#14 /var/www/html/vendor/laravel/framework/src/Illuminate/Foundation/Http/Middleware/ConvertEmptyStringsToNull.php(31): Illuminate\\Foundation\\Http\\Middleware\\TransformsRequest->handle(Object(Illuminate\\Http\\Request), Object(Closure))
#15 /var/www/html/vendor/laravel/framework/src/Illuminate/Pipeline/Pipeline.php(209): Illuminate\\Foundation\\Http\\Middleware\\ConvertEmptyStringsToNull->handle(Object(Illuminate\\Http\\Request), Object(Closure))
#16 /var/www/html/vendor/laravel/framework/src/Illuminate/Foundation/Http/Middleware/TransformsRequest.php(21): Illuminate\\Pipeline\\Pipeline->{closure:{closure:Illuminate\\Pipeline\\Pipeline::carry():184}:185}(Object(Illuminate\\Http\\Request))
#17 /var/www/html/vendor/laravel/framework/src/Illuminate/Foundation/Http/Middleware/TrimStrings.php(51): Illuminate\\Foundation\\Http\\Middleware\\TransformsRequest->handle(Object(Illuminate\\Http\\Request), Object(Closure))
#18 /var/www/html/vendor/laravel/framework/src/Illuminate/Pipeline/Pipeline.php(209): Illuminate\\Foundation\\Http\\Middleware\\TrimStrings->handle(Object(Illuminate\\Http\\Request), Object(Closure))
#19 /var/www/html/vendor/laravel/framework/src/Illuminate/Http/Middleware/ValidatePostSize.php(27): Illuminate\\Pipeline\\Pipeline->{closure:{closure:Illuminate\\Pipeline\\Pipeline::carry():184}:185}(Object(Illuminate\\Http\\Request))
#20 /var/www/html/vendor/laravel/framework/src/Illuminate/Pipeline/Pipeline.php(209): Illuminate\\Http\\Middleware\\ValidatePostSize->handle(Object(Illuminate\\Http\\Request), Object(Closure))
#21 /var/www/html/vendor/laravel/framework/src/Illuminate/Foundation/Http/Middleware/PreventRequestsDuringMaintenance.php(110): Illuminate\\Pipeline\\Pipeline->{closure:{closure:Illuminate\\Pipeline\\Pipeline::carry():184}:185}(Object(Illuminate\\Http\\Request))
#22 /var/www/html/vendor/laravel/framework/src/Illuminate/Pipeline/Pipeline.php(209): Illuminate\\Foundation\\Http\\Middleware\\PreventRequestsDuringMaintenance->handle(Object(Illuminate\\Http\\Request), Object(Closure))
#23 /var/www/html/vendor/laravel/framework/src/Illuminate/Http/Middleware/HandleCors.php(49): Illuminate\\Pipeline\\Pipeline->{closure:{closure:Illuminate\\Pipeline\\Pipeline::carry():184}:185}(Object(Illuminate\\Http\\Request))
#24 /var/www/html/vendor/laravel/framework/src/Illuminate/Pipeline/Pipeline.php(209): Illuminate\\Http\\Middleware\\HandleCors->handle(Object(Illuminate\\Http\\Request), Object(Closure))
#25 /var/www/html/vendor/laravel/framework/src/Illuminate/Http/Middleware/TrustProxies.php(58): Illuminate\\Pipeline\\Pipeline->{closure:{closure:Illuminate\\Pipeline\\Pipeline::carry():184}:185}(Object(Illuminate\\Http\\Request))
#26 /var/www/html/vendor/laravel/framework/src/Illuminate/Pipeline/Pipeline.php(209): Illuminate\\Http\\Middleware\\TrustProxies->handle(Object(Illuminate\\Http\\Request), Object(Closure))
#27 /var/www/html/vendor/laravel/framework/src/Illuminate/Foundation/Http/Middleware/InvokeDeferredCallbacks.php(22): Illuminate\\Pipeline\\Pipeline->{closure:{closure:Illuminate\\Pipeline\\Pipeline::carry():184}:185}(Object(Illuminate\\Http\\Request))
#28 /var/www/html/vendor/laravel/framework/src/Illuminate/Pipeline/Pipeline.php(209): Illuminate\\Foundation\\Http\\Middleware\\InvokeDeferredCallbacks->handle(Object(Illuminate\\Http\\Request), Object(Closure))
#29 /var/www/html/vendor/laravel/framework/src/Illuminate/Pipeline/Pipeline.php(127): Illuminate\\Pipeline\\Pipeline->{closure:{closure:Illuminate\\Pipeline\\Pipeline::carry():184}:185}(Object(Illuminate\\Http\\Request))
#30 /var/www/html/vendor/laravel/framework/src/Illuminate/Foundation/Http/Kernel.php(176): Illuminate\\Pipeline\\Pipeline->then(Object(Closure))
#31 /var/www/html/vendor/laravel/framework/src/Illuminate/Foundation/Http/Kernel.php(145): Illuminate\\Foundation\\Http\\Kernel->sendRequestThroughRouter(Object(Illuminate\\Http\\Request))
#32 /var/www/html/vendor/laravel/framework/src/Illuminate/Foundation/Application.php(1220): Illuminate\\Foundation\\Http\\Kernel->handle(Object(Illuminate\\Http\\Request))
#33 /var/www/html/public/index.php(20): Illuminate\\Foundation\\Application->handleRequest(Object(Illuminate\\Http\\Request))
#34 {main}
"} 
[2026-08-30 03:37:05] local.ERROR: The stream or file "/var/www/html/storage/logs/security-2026-08-30.log" could not be opened in append mode: Failed to open stream: Permission denied
The exception occurred while attempting to log: The stream or file "/var/www/html/storage/logs/security-2026-08-30.log" could not be opened in append mode: Failed to open stream: Permission denied
The exception occurred while attempting to log: The stream or file "/var/www/html/storage/logs/security-2026-08-30.log" could not be opened in append mode: Failed to open stream: Permission denied
The exception occurred while attempting to log: No application encryption key has been specified.
Context: {"exception":{}}
Context: {"exception":{}}
Context: {"exception":{}} {"exception":"[object] (UnexpectedValueException(code: 0): The stream or file \"/var/www/html/storage/logs/security-2026-08-30.log\" could not be opened in append mode: Failed to open stream: Permission denied
The exception occurred while attempting to log: The stream or file \"/var/www/html/storage/logs/security-2026-08-30.log\" could not be opened in append mode: Failed to open stream: Permission denied
The exception occurred while attempting to log: The stream or file \"/var/www/html/storage/logs/security-2026-08-30.log\" could not be opened in append mode: Failed to open stream: Permission denied
The exception occurred while attempting to log: No application encryption key has been specified.
Context: {\"exception\":{}}
Context: {\"exception\":{}}
Context: {\"exception\":{}} at /var/www/html/vendor/monolog/monolog/src/Monolog/Handler/StreamHandler.php:164)
[stacktrace]
#0 /var/www/html/vendor/monolog/monolog/src/Monolog/Handler/RotatingFileHandler.php(113): Monolog\\Handler\\StreamHandler->write(Object(Monolog\\LogRecord))
#1 /var/www/html/vendor/monolog/monolog/src/Monolog/Handler/AbstractProcessingHandler.php(44): Monolog\\Handler\\RotatingFileHandler->write(Object(Monolog\\LogRecord))
#2 /var/www/html/vendor/monolog/monolog/src/Monolog/Logger.php(391): Monolog\\Handler\\AbstractProcessingHandler->handle(Object(Monolog\\LogRecord))
#3 /var/www/html/vendor/monolog/monolog/src/Monolog/Logger.php(646): Monolog\\Logger->addRecord(Monolog\\Level::Error, 'The stream or f...', Array)
#4 /var/www/html/vendor/laravel/framework/src/Illuminate/Log/Logger.php(184): Monolog\\Logger->error('The stream or f...', Array)
#5 /var/www/html/vendor/laravel/framework/src/Illuminate/Log/Logger.php(97): Illuminate\\Log\\Logger->writeLog('error', 'The stream or f...', Array)
#6 /var/www/html/vendor/laravel/framework/src/Illuminate/Log/LogManager.php(701): Illuminate\\Log\\Logger->error('The stream or f...', Array)
#7 /var/www/html/vendor/laravel/framework/src/Illuminate/Foundation/Exceptions/Handler.php(380): Illuminate\\Log\\LogManager->error('The stream or f...', Array)
#8 /var/www/html/vendor/laravel/framework/src/Illuminate/Foundation/Exceptions/Handler.php(343): Illuminate\\Foundation\\Exceptions\\Handler->reportThrowable(Object(UnexpectedValueException))
#9 /var/www/html/vendor/laravel/framework/src/Illuminate/Routing/Pipeline.php(49): Illuminate\\Foundation\\Exceptions\\Handler->report(Object(UnexpectedValueException))
#10 /var/www/html/vendor/laravel/framework/src/Illuminate/Pipeline/Pipeline.php(214): Illuminate\\Routing\\Pipeline->handleException(Object(Illuminate\\Http\\Request), Object(UnexpectedValueException))
#11 /var/www/html/vendor/laravel/framework/src/Illuminate/Foundation/Http/Middleware/TransformsRequest.php(21): Illuminate\\Pipeline\\Pipeline->{closure:{closure:Illuminate\\Pipeline\\Pipeline::carry():184}:185}(Object(Illuminate\\Http\\Request))
#12 /var/www/html/vendor/laravel/framework/src/Illuminate/Foundation/Http/Middleware/ConvertEmptyStringsToNull.php(31): Illuminate\\Foundation\\Http\\Middleware\\TransformsRequest->handle(Object(Illuminate\\Http\\Request), Object(Closure))
#13 /var/www/html/vendor/laravel/framework/src/Illuminate/Pipeline/Pipeline.php(209): Illuminate\\Foundation\\Http\\Middleware\\ConvertEmptyStringsToNull->handle(Object(Illuminate\\Http\\Request), Object(Closure))
#14 /var/www/html/vendor/laravel/framework/src/Illuminate/Foundation/Http/Middleware/TransformsRequest.php(21): Illuminate\\Pipeline\\Pipeline->{closure:{closure:Illuminate\\Pipeline\\Pipeline::carry():184}:185}(Object(Illuminate\\Http\\Request))
#15 /var/www/html/vendor/laravel/framework/src/Illuminate/Foundation/Http/Middleware/TrimStrings.php(51): Illuminate\\Foundation\\Http\\Middleware\\TransformsRequest->handle(Object(Illuminate\\Http\\Request), Object(Closure))
#16 /var/www/html/vendor/laravel/framework/src/Illuminate/Pipeline/Pipeline.php(209): Illuminate\\Foundation\\Http\\Middleware\\TrimStrings->handle(Object(Illuminate\\Http\\Request), Object(Closure))
#17 /var/www/html/vendor/laravel/framework/src/Illuminate/Http/Middleware/ValidatePostSize.php(27): Illuminate\\Pipeline\\Pipeline->{closure:{closure:Illuminate\\Pipeline\\Pipeline::carry():184}:185}(Object(Illuminate\\Http\\Request))
#18 /var/www/html/vendor/laravel/framework/src/Illuminate/Pipeline/Pipeline.php(209): Illuminate\\Http\\Middleware\\ValidatePostSize->handle(Object(Illuminate\\Http\\Request), Object(Closure))
#19 /var/www/html/vendor/laravel/framework/src/Illuminate/Foundation/Http/Middleware/PreventRequestsDuringMaintenance.php(110): Illuminate\\Pipeline\\Pipeline->{closure:{closure:Illuminate\\Pipeline\\Pipeline::carry():184}:185}(Object(Illuminate\\Http\\Request))
#20 /var/www/html/vendor/laravel/framework/src/Illuminate/Pipeline/Pipeline.php(209): Illuminate\\Foundation\\Http\\Middleware\\PreventRequestsDuringMaintenance->handle(Object(Illuminate\\Http\\Request), Object(Closure))
#21 /var/www/html/vendor/laravel/framework/src/Illuminate/Http/Middleware/HandleCors.php(49): Illuminate\\Pipeline\\Pipeline->{closure:{closure:Illuminate\\Pipeline\\Pipeline::carry():184}:185}(Object(Illuminate\\Http\\Request))
#22 /var/www/html/vendor/laravel/framework/src/Illuminate/Pipeline/Pipeline.php(209): Illuminate\\Http\\Middleware\\HandleCors->handle(Object(Illuminate\\Http\\Request), Object(Closure))
#23 /var/www/html/vendor/laravel/framework/src/Illuminate/Http/Middleware/TrustProxies.php(58): Illuminate\\Pipeline\\Pipeline->{closure:{closure:Illuminate\\Pipeline\\Pipeline::carry():184}:185}(Object(Illuminate\\Http\\Request))
#24 /var/www/html/vendor/laravel/framework/src/Illuminate/Pipeline/Pipeline.php(209): Illuminate\\Http\\Middleware\\TrustProxies->handle(Object(Illuminate\\Http\\Request), Object(Closure))
#25 /var/www/html/vendor/laravel/framework/src/Illuminate/Foundation/Http/Middleware/InvokeDeferredCallbacks.php(22): Illuminate\\Pipeline\\Pipeline->{closure:{closure:Illuminate\\Pipeline\\Pipeline::carry():184}:185}(Object(Illuminate\\Http\\Request))
#26 /var/www/html/vendor/laravel/framework/src/Illuminate/Pipeline/Pipeline.php(209): Illuminate\\Foundation\\Http\\Middleware\\InvokeDeferredCallbacks->handle(Object(Illuminate\\Http\\Request), Object(Closure))
#27 /var/www/html/vendor/laravel/framework/src/Illuminate/Pipeline/Pipeline.php(127): Illuminate\\Pipeline\\Pipeline->{closure:{closure:Illuminate\\Pipeline\\Pipeline::carry():184}:185}(Object(Illuminate\\Http\\Request))
#28 /var/www/html/vendor/laravel/framework/src/Illuminate/Foundation/Http/Kernel.php(176): Illuminate\\Pipeline\\Pipeline->then(Object(Closure))
#29 /var/www/html/vendor/laravel/framework/src/Illuminate/Foundation/Http/Kernel.php(145): Illuminate\\Foundation\\Http\\Kernel->sendRequestThroughRouter(Object(Illuminate\\Http\\Request))
#30 /var/www/html/vendor/laravel/framework/src/Illuminate/Foundation/Application.php(1220): Illuminate\\Foundation\\Http\\Kernel->handle(Object(Illuminate\\Http\\Request))
#31 /var/www/html/public/index.php(20): Illuminate\\Foundation\\Application->handleRequest(Object(Illuminate\\Http\\Request))
#32 {main}
"} 
[2026-08-30 03:37:05] local.ERROR: The stream or file "/var/www/html/storage/logs/security-2026-08-30.log" could not be opened in append mode: Failed to open stream: Permission denied
The exception occurred while attempting to log: The stream or file "/var/www/html/storage/logs/security-2026-08-30.log" could not be opened in append mode: Failed to open stream: Permission denied
The exception occurred while attempting to log: The stream or file "/var/www/html/storage/logs/security-2026-08-30.log" could not be opened in append mode: Failed to open stream: Permission denied
The exception occurred while attempting to log: The stream or file "/var/www/html/storage/logs/security-2026-08-30.log" could not be opened in append mode: Failed to open stream: Permission denied
The exception occurred while attempting to log: No application encryption key has been specified.
Context: {"exception":{}}
Context: {"exception":{}}
Context: {"exception":{}}
Context: {"exception":{}} {"exception":"[object] (UnexpectedValueException(code: 0): The stream or file \"/var/www/html/storage/logs/security-2026-08-30.log\" could not be opened in append mode: Failed to open stream: Permission denied
The exception occurred while attempting to log: The stream or file \"/var/www/html/storage/logs/security-2026-08-30.log\" could not be opened in append mode: Failed to open stream: Permission denied
The exception occurred while attempting to log: The stream or file \"/var/www/html/storage/logs/security-2026-08-30.log\" could not be opened in append mode: Failed to open stream: Permission denied
The exception occurred while attempting to log: The stream or file \"/var/www/html/storage/logs/security-2026-08-30.log\" could not be opened in append mode: Failed to open stream: Permission denied
The exception occurred while attempting to log: No application encryption key has been specified.
Context: {\"exception\":{}}
Context: {\"exception\":{}}
Context: {\"exception\":{}}
Context: {\"exception\":{}} at /var/www/html/vendor/monolog/monolog/src/Monolog/Handler/StreamHandler.php:164)
[stacktrace]
#0 /var/www/html/vendor/monolog/monolog/src/Monolog/Handler/RotatingFileHandler.php(113): Monolog\\Handler\\StreamHandler->write(Object(Monolog\\LogRecord))
#1 /var/www/html/vendor/monolog/monolog/src/Monolog/Handler/AbstractProcessingHandler.php(44): Monolog\\Handler\\RotatingFileHandler->write(Object(Monolog\\LogRecord))
#2 /var/www/html/vendor/monolog/monolog/src/Monolog/Logger.php(391): Monolog\\Handler\\AbstractProcessingHandler->handle(Object(Monolog\\LogRecord))
#3 /var/www/html/vendor/monolog/monolog/src/Monolog/Logger.php(646): Monolog\\Logger->addRecord(Monolog\\Level::Error, 'The stream or f...', Array)
#4 /var/www/html/vendor/laravel/framework/src/Illuminate/Log/Logger.php(184): Monolog\\Logger->error('The stream or f...', Array)
#5 /var/www/html/vendor/laravel/framework/src/Illuminate/Log/Logger.php(97): Illuminate\\Log\\Logger->writeLog('error', 'The stream or f...', Array)
#6 /var/www/html/vendor/laravel/framework/src/Illuminate/Log/LogManager.php(701): Illuminate\\Log\\Logger->error('The stream or f...', Array)
#7 /var/www/html/vendor/laravel/framework/src/Illuminate/Foundation/Exceptions/Handler.php(380): Illuminate\\Log\\LogManager->error('The stream or f...', Array)
#8 /var/www/html/vendor/laravel/framework/src/Illuminate/Foundation/Exceptions/Handler.php(343): Illuminate\\Foundation\\Exceptions\\Handler->reportThrowable(Object(UnexpectedValueException))
#9 /var/www/html/vendor/laravel/framework/src/Illuminate/Routing/Pipeline.php(49): Illuminate\\Foundation\\Exceptions\\Handler->report(Object(UnexpectedValueException))
#10 /var/www/html/vendor/laravel/framework/src/Illuminate/Pipeline/Pipeline.php(214): Illuminate\\Routing\\Pipeline->handleException(Object(Illuminate\\Http\\Request), Object(UnexpectedValueException))
#11 /var/www/html/vendor/laravel/framework/src/Illuminate/Foundation/Http/Middleware/TransformsRequest.php(21): Illuminate\\Pipeline\\Pipeline->{closure:{closure:Illuminate\\Pipeline\\Pipeline::carry():184}:185}(Object(Illuminate\\Http\\Request))
#12 /var/www/html/vendor/laravel/framework/src/Illuminate/Foundation/Http/Middleware/TrimStrings.php(51): Illuminate\\Foundation\\Http\\Middleware\\TransformsRequest->handle(Object(Illuminate\\Http\\Request), Object(Closure))
#13 /var/www/html/vendor/laravel/framework/src/Illuminate/Pipeline/Pipeline.php(209): Illuminate\\Foundation\\Http\\Middleware\\TrimStrings->handle(Object(Illuminate\\Http\\Request), Object(Closure))
#14 /var/www/html/vendor/laravel/framework/src/Illuminate/Http/Middleware/ValidatePostSize.php(27): Illuminate\\Pipeline\\Pipeline->{closure:{closure:Illuminate\\Pipeline\\Pipeline::carry():184}:185}(Object(Illuminate\\Http\\Request))
#15 /var/www/html/vendor/laravel/framework/src/Illuminate/Pipeline/Pipeline.php(209): Illuminate\\Http\\Middleware\\ValidatePostSize->handle(Object(Illuminate\\Http\\Request), Object(Closure))
#16 /var/www/html/vendor/laravel/framework/src/Illuminate/Foundation/Http/Middleware/PreventRequestsDuringMaintenance.php(110): Illuminate\\Pipeline\\Pipeline->{closure:{closure:Illuminate\\Pipeline\\Pipeline::carry():184}:185}(Object(Illuminate\\Http\\Request))
#17 /var/www/html/vendor/laravel/framework/src/Illuminate/Pipeline/Pipeline.php(209): Illuminate\\Foundation\\Http\\Middleware\\PreventRequestsDuringMaintenance->handle(Object(Illuminate\\Http\\Request), Object(Closure))
#18 /var/www/html/vendor/laravel/framework/src/Illuminate/Http/Middleware/HandleCors.php(49): Illuminate\\Pipeline\\Pipeline->{closure:{closure:Illuminate\\Pipeline\\Pipeline::carry():184}:185}(Object(Illuminate\\Http\\Request))
#19 /var/www/html/vendor/laravel/framework/src/Illuminate/Pipeline/Pipeline.php(209): Illuminate\\Http\\Middleware\\HandleCors->handle(Object(Illuminate\\Http\\Request), Object(Closure))
#20 /var/www/html/vendor/laravel/framework/src/Illuminate/Http/Middleware/TrustProxies.php(58): Illuminate\\Pipeline\\Pipeline->{closure:{closure:Illuminate\\Pipeline\\Pipeline::carry():184}:185}(Object(Illuminate\\Http\\Request))
#21 /var/www/html/vendor/laravel/framework/src/Illuminate/Pipeline/Pipeline.php(209): Illuminate\\Http\\Middleware\\TrustProxies->handle(Object(Illuminate\\Http\\Request), Object(Closure))
#22 /var/www/html/vendor/laravel/framework/src/Illuminate/Foundation/Http/Middleware/InvokeDeferredCallbacks.php(22): Illuminate\\Pipeline\\Pipeline->{closure:{closure:Illuminate\\Pipeline\\Pipeline::carry():184}:185}(Object(Illuminate\\Http\\Request))
#23 /var/www/html/vendor/laravel/framework/src/Illuminate/Pipeline/Pipeline.php(209): Illuminate\\Foundation\\Http\\Middleware\\InvokeDeferredCallbacks->handle(Object(Illuminate\\Http\\Request), Object(Closure))
#24 /var/www/html/vendor/laravel/framework/src/Illuminate/Pipeline/Pipeline.php(127): Illuminate\\Pipeline\\Pipeline->{closure:{closure:Illuminate\\Pipeline\\Pipeline::carry():184}:185}(Object(Illuminate\\Http\\Request))
#25 /var/www/html/vendor/laravel/framework/src/Illuminate/Foundation/Http/Kernel.php(176): Illuminate\\Pipeline\\Pipeline->then(Object(Closure))
#26 /var/www/html/vendor/laravel/framework/src/Illuminate/Foundation/Http/Kernel.php(145): Illuminate\\Foundation\\Http\\Kernel->sendRequestThroughRouter(Object(Illuminate\\Http\\Request))
#27 /var/www/html/vendor/laravel/framework/src/Illuminate/Foundation/Application.php(1220): Illuminate\\Foundation\\Http\\Kernel->handle(Object(Illuminate\\Http\\Request))
#28 /var/www/html/public/index.php(20): Illuminate\\Foundation\\Application->handleRequest(Object(Illuminate\\Http\\Request))
#29 {main}
"} 
[2026-08-30 03:37:05] local.ERROR: The stream or file "/var/www/html/storage/logs/security-2026-08-30.log" could not be opened in append mode: Failed to open stream: Permission denied
The exception occurred while attempting to log: The stream or file "/var/www/html/storage/logs/security-2026-08-30.log" could not be opened in append mode: Failed to open stream: Permission denied
The exception occurred while attempting to log: The stream or file "/var/www/html/storage/logs/security-2026-08-30.log" could not be opened in append mode: Failed to open stream: Permission denied
The exception occurred while attempting to log: The stream or file "/var/www/html/storage/logs/security-2026-08-30.log" could not be opened in append mode: Failed to open stream: Permission denied
The exception occurred while attempting to log: The stream or file "/var/www/html/storage/logs/security-2026-08-30.log" could not be opened in append mode: Failed to open stream: Permission denied
The exception occurred while attempting to log: No application encryption key has been specified.
Context: {"exception":{}}
Context: {"exception":{}}
Context: {"exception":{}}
Context: {"exception":{}}
Context: {"exception":{}} {"exception":"[object] (UnexpectedValueException(code: 0): The stream or file \"/var/www/html/storage/logs/security-2026-08-30.log\" could not be opened in append mode: Failed to open stream: Permission denied
The exception occurred while attempting to log: The stream or file \"/var/www/html/storage/logs/security-2026-08-30.log\" could not be opened in append mode: Failed to open stream: Permission denied
The exception occurred while attempting to log: The stream or file \"/var/www/html/storage/logs/security-2026-08-30.log\" could not be opened in append mode: Failed to open stream: Permission denied
The exception occurred while attempting to log: The stream or file \"/var/www/html/storage/logs/security-2026-08-30.log\" could not be opened in append mode: Failed to open stream: Permission denied
The exception occurred while attempting to log: The stream or file \"/var/www/html/storage/logs/security-2026-08-30.log\" could not be opened in append mode: Failed to open stream: Permission denied
The exception occurred while attempting to log: No application encryption key has been specified.
Context: {\"exception\":{}}
Context: {\"exception\":{}}
Context: {\"exception\":{}}
Context: {\"exception\":{}}
Context: {\"exception\":{}} at /var/www/html/vendor/monolog/monolog/src/Monolog/Handler/StreamHandler.php:164)
[stacktrace]
#0 /var/www/html/vendor/monolog/monolog/src/Monolog/Handler/RotatingFileHandler.php(113): Monolog\\Handler\\StreamHandler->write(Object(Monolog\\LogRecord))
#1 /var/www/html/vendor/monolog/monolog/src/Monolog/Handler/AbstractProcessingHandler.php(44): Monolog\\Handler\\RotatingFileHandler->write(Object(Monolog\\LogRecord))
#2 /var/www/html/vendor/monolog/monolog/src/Monolog/Logger.php(391): Monolog\\Handler\\AbstractProcessingHandler->handle(Object(Monolog\\LogRecord))
#3 /var/www/html/vendor/monolog/monolog/src/Monolog/Logger.php(646): Monolog\\Logger->addRecord(Monolog\\Level::Error, 'The stream or f...', Array)
#4 /var/www/html/vendor/laravel/framework/src/Illuminate/Log/Logger.php(184): Monolog\\Logger->error('The stream or f...', Array)
#5 /var/www/html/vendor/laravel/framework/src/Illuminate/Log/Logger.php(97): Illuminate\\Log\\Logger->writeLog('error', 'The stream or f...', Array)
#6 /var/www/html/vendor/laravel/framework/src/Illuminate/Log/LogManager.php(701): Illuminate\\Log\\Logger->error('The stream or f...', Array)
#7 /var/www/html/vendor/laravel/framework/src/Illuminate/Foundation/Exceptions/Handler.php(380): Illuminate\\Log\\LogManager->error('The stream or f...', Array)
#8 /var/www/html/vendor/laravel/framework/src/Illuminate/Foundation/Exceptions/Handler.php(343): Illuminate\\Foundation\\Exceptions\\Handler->reportThrowable(Object(UnexpectedValueException))
#9 /var/www/html/vendor/laravel/framework/src/Illuminate/Routing/Pipeline.php(49): Illuminate\\Foundation\\Exceptions\\Handler->report(Object(UnexpectedValueException))
#10 /var/www/html/vendor/laravel/framework/src/Illuminate/Pipeline/Pipeline.php(214): Illuminate\\Routing\\Pipeline->handleException(Object(Illuminate\\Http\\Request), Object(UnexpectedValueException))
#11 /var/www/html/vendor/laravel/framework/src/Illuminate/Http/Middleware/ValidatePostSize.php(27): Illuminate\\Pipeline\\Pipeline->{closure:{closure:Illuminate\\Pipeline\\Pipeline::carry():184}:185}(Object(Illuminate\\Http\\Request))
#12 /var/www/html/vendor/laravel/framework/src/Illuminate/Pipeline/Pipeline.php(209): Illuminate\\Http\\Middleware\\ValidatePostSize->handle(Object(Illuminate\\Http\\Request), Object(Closure))
#13 /var/www/html/vendor/laravel/framework/src/Illuminate/Foundation/Http/Middleware/PreventRequestsDuringMaintenance.php(110): Illuminate\\Pipeline\\Pipeline->{closure:{closure:Illuminate\\Pipeline\\Pipeline::carry():184}:185}(Object(Illuminate\\Http\\Request))
#14 /var/www/html/vendor/laravel/framework/src/Illuminate/Pipeline/Pipeline.php(209): Illuminate\\Foundation\\Http\\Middleware\\PreventRequestsDuringMaintenance->handle(Object(Illuminate\\Http\\Request), Object(Closure))
#15 /var/www/html/vendor/laravel/framework/src/Illuminate/Http/Middleware/HandleCors.php(49): Illuminate\\Pipeline\\Pipeline->{closure:{closure:Illuminate\\Pipeline\\Pipeline::carry():184}:185}(Object(Illuminate\\Http\\Request))
#16 /var/www/html/vendor/laravel/framework/src/Illuminate/Pipeline/Pipeline.php(209): Illuminate\\Http\\Middleware\\HandleCors->handle(Object(Illuminate\\Http\\Request), Object(Closure))
#17 /var/www/html/vendor/laravel/framework/src/Illuminate/Http/Middleware/TrustProxies.php(58): Illuminate\\Pipeline\\Pipeline->{closure:{closure:Illuminate\\Pipeline\\Pipeline::carry():184}:185}(Object(Illuminate\\Http\\Request))
#18 /var/www/html/vendor/laravel/framework/src/Illuminate/Pipeline/Pipeline.php(209): Illuminate\\Http\\Middleware\\TrustProxies->handle(Object(Illuminate\\Http\\Request), Object(Closure))
#19 /var/www/html/vendor/laravel/framework/src/Illuminate/Foundation/Http/Middleware/InvokeDeferredCallbacks.php(22): Illuminate\\Pipeline\\Pipeline->{closure:{closure:Illuminate\\Pipeline\\Pipeline::carry():184}:185}(Object(Illuminate\\Http\\Request))
#20 /var/www/html/vendor/laravel/framework/src/Illuminate/Pipeline/Pipeline.php(209): Illuminate\\Foundation\\Http\\Middleware\\InvokeDeferredCallbacks->handle(Object(Illuminate\\Http\\Request), Object(Closure))
#21 /var/www/html/vendor/laravel/framework/src/Illuminate/Pipeline/Pipeline.php(127): Illuminate\\Pipeline\\Pipeline->{closure:{closure:Illuminate\\Pipeline\\Pipeline::carry():184}:185}(Object(Illuminate\\Http\\Request))
#22 /var/www/html/vendor/laravel/framework/src/Illuminate/Foundation/Http/Kernel.php(176): Illuminate\\Pipeline\\Pipeline->then(Object(Closure))
#23 /var/www/html/vendor/laravel/framework/src/Illuminate/Foundation/Http/Kernel.php(145): Illuminate\\Foundation\\Http\\Kernel->sendRequestThroughRouter(Object(Illuminate\\Http\\Request))
#24 /var/www/html/vendor/laravel/framework/src/Illuminate/Foundation/Application.php(1220): Illuminate\\Foundation\\Http\\Kernel->handle(Object(Illuminate\\Http\\Request))
#25 /var/www/html/public/index.php(20): Illuminate\\Foundation\\Application->handleRequest(Object(Illuminate\\Http\\Request))
#26 {main}
"} 
[2026-08-30 03:37:05] local.ERROR: The stream or file "/var/www/html/storage/logs/security-2026-08-30.log" could not be opened in append mode: Failed to open stream: Permission denied
The exception occurred while attempting to log: The stream or file "/var/www/html/storage/logs/security-2026-08-30.log" could not be opened in append mode: Failed to open stream: Permission denied
The exception occurred while attempting to log: The stream or file "/var/www/html/storage/logs/security-2026-08-30.log" could not be opened in append mode: Failed to open stream: Permission denied
The exception occurred while attempting to log: The stream or file "/var/www/html/storage/logs/security-2026-08-30.log" could not be opened in append mode: Failed to open stream: Permission denied
The exception occurred while attempting to log: The stream or file "/var/www/html/storage/logs/security-2026-08-30.log" could not be opened in append mode: Failed to open stream: Permission denied
The exception occurred while attempting to log: The stream or file "/var/www/html/storage/logs/security-2026-08-30.log" could not be opened in append mode: Failed to open stream: Permission denied
The exception occurred while attempting to log: No application encryption key has been specified.
Context: {"exception":{}}
Context: {"exception":{}}
Context: {"exception":{}}
Context: {"exception":{}}
Context: {"exception":{}}
Context: {"exception":{}} {"exception":"[object] (UnexpectedValueException(code: 0): The stream or file \"/var/www/html/storage/logs/security-2026-08-30.log\" could not be opened in append mode: Failed to open stream: Permission denied
The exception occurred while attempting to log: The stream or file \"/var/www/html/storage/logs/security-2026-08-30.log\" could not be opened in append mode: Failed to open stream: Permission denied
The exception occurred while attempting to log: The stream or file \"/var/www/html/storage/logs/security-2026-08-30.log\" could not be opened in append mode: Failed to open stream: Permission denied
The exception occurred while attempting to log: The stream or file \"/var/www/html/storage/logs/security-2026-08-30.log\" could not be opened in append mode: Failed to open stream: Permission denied
The exception occurred while attempting to log: The stream or file \"/var/www/html/storage/logs/security-2026-08-30.log\" could not be opened in append mode: Failed to open stream: Permission denied
The exception occurred while attempting to log: The stream or file \"/var/www/html/storage/logs/security-2026-08-30.log\" could not be opened in append mode: Failed to open stream: Permission denied
The exception occurred while attempting to log: No application encryption key has been specified.
Context: {\"exception\":{}}
Context: {\"exception\":{}}
Context: {\"exception\":{}}
Context: {\"exception\":{}}
Context: {\"exception\":{}}
Context: {\"exception\":{}} at /var/www/html/vendor/monolog/monolog/src/Monolog/Handler/StreamHandler.php:164)
[stacktrace]
#0 /var/www/html/vendor/monolog/monolog/src/Monolog/Handler/RotatingFileHandler.php(113): Monolog\\Handler\\StreamHandler->write(Object(Monolog\\LogRecord))
#1 /var/www/html/vendor/monolog/monolog/src/Monolog/Handler/AbstractProcessingHandler.php(44): Monolog\\Handler\\RotatingFileHandler->write(Object(Monolog\\LogRecord))
#2 /var/www/html/vendor/monolog/monolog/src/Monolog/Logger.php(391): Monolog\\Handler\\AbstractProcessingHandler->handle(Object(Monolog\\LogRecord))
#3 /var/www/html/vendor/monolog/monolog/src/Monolog/Logger.php(646): Monolog\\Logger->addRecord(Monolog\\Level::Error, 'The stream or f...', Array)
#4 /var/www/html/vendor/laravel/framework/src/Illuminate/Log/Logger.php(184): Monolog\\Logger->error('The stream or f...', Array)
#5 /var/www/html/vendor/laravel/framework/src/Illuminate/Log/Logger.php(97): Illuminate\\Log\\Logger->writeLog('error', 'The stream or f...', Array)
#6 /var/www/html/vendor/laravel/framework/src/Illuminate/Log/LogManager.php(701): Illuminate\\Log\\Logger->error('The stream or f...', Array)
#7 /var/www/html/vendor/laravel/framework/src/Illuminate/Foundation/Exceptions/Handler.php(380): Illuminate\\Log\\LogManager->error('The stream or f...', Array)
#8 /var/www/html/vendor/laravel/framework/src/Illuminate/Foundation/Exceptions/Handler.php(343): Illuminate\\Foundation\\Exceptions\\Handler->reportThrowable(Object(UnexpectedValueException))
#9 /var/www/html/vendor/laravel/framework/src/Illuminate/Routing/Pipeline.php(49): Illuminate\\Foundation\\Exceptions\\Handler->report(Object(UnexpectedValueException))
#10 /var/www/html/vendor/laravel/framework/src/Illuminate/Pipeline/Pipeline.php(214): Illuminate\\Routing\\Pipeline->handleException(Object(Illuminate\\Http\\Request), Object(UnexpectedValueException))
#11 /var/www/html/vendor/laravel/framework/src/Illuminate/Foundation/Http/Middleware/PreventRequestsDuringMaintenance.php(110): Illuminate\\Pipeline\\Pipeline->{closure:{closure:Illuminate\\Pipeline\\Pipeline::carry():184}:185}(Object(Illuminate\\Http\\Request))
#12 /var/www/html/vendor/laravel/framework/src/Illuminate/Pipeline/Pipeline.php(209): Illuminate\\Foundation\\Http\\Middleware\\PreventRequestsDuringMaintenance->handle(Object(Illuminate\\Http\\Request), Object(Closure))
#13 /var/www/html/vendor/laravel/framework/src/Illuminate/Http/Middleware/HandleCors.php(49): Illuminate\\Pipeline\\Pipeline->{closure:{closure:Illuminate\\Pipeline\\Pipeline::carry():184}:185}(Object(Illuminate\\Http\\Request))
#14 /var/www/html/vendor/laravel/framework/src/Illuminate/Pipeline/Pipeline.php(209): Illuminate\\Http\\Middleware\\HandleCors->handle(Object(Illuminate\\Http\\Request), Object(Closure))
#15 /var/www/html/vendor/laravel/framework/src/Illuminate/Http/Middleware/TrustProxies.php(58): Illuminate\\Pipeline\\Pipeline->{closure:{closure:Illuminate\\Pipeline\\Pipeline::carry():184}:185}(Object(Illuminate\\Http\\Request))
#16 /var/www/html/vendor/laravel/framework/src/Illuminate/Pipeline/Pipeline.php(209): Illuminate\\Http\\Middleware\\TrustProxies->handle(Object(Illuminate\\Http\\Request), Object(Closure))
#17 /var/www/html/vendor/laravel/framework/src/Illuminate/Foundation/Http/Middleware/InvokeDeferredCallbacks.php(22): Illuminate\\Pipeline\\Pipeline->{closure:{closure:Illuminate\\Pipeline\\Pipeline::carry():184}:185}(Object(Illuminate\\Http\\Request))
#18 /var/www/html/vendor/laravel/framework/src/Illuminate/Pipeline/Pipeline.php(209): Illuminate\\Foundation\\Http\\Middleware\\InvokeDeferredCallbacks->handle(Object(Illuminate\\Http\\Request), Object(Closure))
#19 /var/www/html/vendor/laravel/framework/src/Illuminate/Pipeline/Pipeline.php(127): Illuminate\\Pipeline\\Pipeline->{closure:{closure:Illuminate\\Pipeline\\Pipeline::carry():184}:185}(Object(Illuminate\\Http\\Request))
#20 /var/www/html/vendor/laravel/framework/src/Illuminate/Foundation/Http/Kernel.php(176): Illuminate\\Pipeline\\Pipeline->then(Object(Closure))
#21 /var/www/html/vendor/laravel/framework/src/Illuminate/Foundation/Http/Kernel.php(145): Illuminate\\Foundation\\Http\\Kernel->sendRequestThroughRouter(Object(Illuminate\\Http\\Request))
#22 /var/www/html/vendor/laravel/framework/src/Illuminate/Foundation/Application.php(1220): Illuminate\\Foundation\\Http\\Kernel->handle(Object(Illuminate\\Http\\Request))
#23 /var/www/html/public/index.php(20): Illuminate\\Foundation\\Application->handleRequest(Object(Illuminate\\Http\\Request))
#24 {main}
"} 
[2026-08-30 03:37:05] local.ERROR: The stream or file "/var/www/html/storage/logs/security-2026-08-30.log" could not be opened in append mode: Failed to open stream: Permission denied
The exception occurred while attempting to log: The stream or file "/var/www/html/storage/logs/security-2026-08-30.log" could not be opened in append mode: Failed to open stream: Permission denied
The exception occurred while attempting to log: The stream or file "/var/www/html/storage/logs/security-2026-08-30.log" could not be opened in append mode: Failed to open stream: Permission denied
The exception occurred while attempting to log: The stream or file "/var/www/html/storage/logs/security-2026-08-30.log" could not be opened in append mode: Failed to open stream: Permission denied
The exception occurred while attempting to log: The stream or file "/var/www/html/storage/logs/security-2026-08-30.log" could not be opened in append mode: Failed to open stream: Permission denied
The exception occurred while attempting to log: The stream or file "/var/www/html/storage/logs/security-2026-08-30.log" could not be opened in append mode: Failed to open stream: Permission denied
The exception occurred while attempting to log: The stream or file "/var/www/html/storage/logs/security-2026-08-30.log" could not be opened in append mode: Failed to open stream: Permission denied
The exception occurred while attempting to log: No application encryption key has been specified.
Context: {"exception":{}}
Context: {"exception":{}}
Context: {"exception":{}}
Context: {"exception":{}}
Context: {"exception":{}}
Context: {"exception":{}}
Context: {"exception":{}} {"exception":"[object] (UnexpectedValueException(code: 0): The stream or file \"/var/www/html/storage/logs/security-2026-08-30.log\" could not be opened in append mode: Failed to open stream: Permission denied
The exception occurred while attempting to log: The stream or file \"/var/www/html/storage/logs/security-2026-08-30.log\" could not be opened in append mode: Failed to open stream: Permission denied
The exception occurred while attempting to log: The stream or file \"/var/www/html/storage/logs/security-2026-08-30.log\" could not be opened in append mode: Failed to open stream: Permission denied
The exception occurred while attempting to log: The stream or file \"/var/www/html/storage/logs/security-2026-08-30.log\" could not be opened in append mode: Failed to open stream: Permission denied
The exception occurred while attempting to log: The stream or file \"/var/www/html/storage/logs/security-2026-08-30.log\" could not be opened in append mode: Failed to open stream: Permission denied
The exception occurred while attempting to log: The stream or file \"/var/www/html/storage/logs/security-2026-08-30.log\" could not be opened in append mode: Failed to open stream: Permission denied
The exception occurred while attempting to log: The stream or file \"/var/www/html/storage/logs/security-2026-08-30.log\" could not be opened in append mode: Failed to open stream: Permission denied
The exception occurred while attempting to log: No application encryption key has been specified.
Context: {\"exception\":{}}
Context: {\"exception\":{}}
Context: {\"exception\":{}}
Context: {\"exception\":{}}
Context: {\"exception\":{}}
Context: {\"exception\":{}}
Context: {\"exception\":{}} at /var/www/html/vendor/monolog/monolog/src/Monolog/Handler/StreamHandler.php:164)
[stacktrace]
#0 /var/www/html/vendor/monolog/monolog/src/Monolog/Handler/RotatingFileHandler.php(113): Monolog\\Handler\\StreamHandler->write(Object(Monolog\\LogRecord))
#1 /var/www/html/vendor/monolog/monolog/src/Monolog/Handler/AbstractProcessingHandler.php(44): Monolog\\Handler\\RotatingFileHandler->write(Object(Monolog\\LogRecord))
#2 /var/www/html/vendor/monolog/monolog/src/Monolog/Logger.php(391): Monolog\\Handler\\AbstractProcessingHandler->handle(Object(Monolog\\LogRecord))
#3 /var/www/html/vendor/monolog/monolog/src/Monolog/Logger.php(646): Monolog\\Logger->addRecord(Monolog\\Level::Error, 'The stream or f...', Array)
#4 /var/www/html/vendor/laravel/framework/src/Illuminate/Log/Logger.php(184): Monolog\\Logger->error('The stream or f...', Array)
#5 /var/www/html/vendor/laravel/framework/src/Illuminate/Log/Logger.php(97): Illuminate\\Log\\Logger->writeLog('error', 'The stream or f...', Array)
#6 /var/www/html/vendor/laravel/framework/src/Illuminate/Log/LogManager.php(701): Illuminate\\Log\\Logger->error('The stream or f...', Array)
#7 /var/www/html/vendor/laravel/framework/src/Illuminate/Foundation/Exceptions/Handler.php(380): Illuminate\\Log\\LogManager->error('The stream or f...', Array)
#8 /var/www/html/vendor/laravel/framework/src/Illuminate/Foundation/Exceptions/Handler.php(343): Illuminate\\Foundation\\Exceptions\\Handler->reportThrowable(Object(UnexpectedValueException))
#9 /var/www/html/vendor/laravel/framework/src/Illuminate/Routing/Pipeline.php(49): Illuminate\\Foundation\\Exceptions\\Handler->report(Object(UnexpectedValueException))
#10 /var/www/html/vendor/laravel/framework/src/Illuminate/Pipeline/Pipeline.php(214): Illuminate\\Routing\\Pipeline->handleException(Object(Illuminate\\Http\\Request), Object(UnexpectedValueException))
#11 /var/www/html/vendor/laravel/framework/src/Illuminate/Http/Middleware/HandleCors.php(49): Illuminate\\Pipeline\\Pipeline->{closure:{closure:Illuminate\\Pipeline\\Pipeline::carry():184}:185}(Object(Illuminate\\Http\\Request))
#12 /var/www/html/vendor/laravel/framework/src/Illuminate/Pipeline/Pipeline.php(209): Illuminate\\Http\\Middleware\\HandleCors->handle(Object(Illuminate\\Http\\Request), Object(Closure))
#13 /var/www/html/vendor/laravel/framework/src/Illuminate/Http/Middleware/TrustProxies.php(58): Illuminate\\Pipeline\\Pipeline->{closure:{closure:Illuminate\\Pipeline\\Pipeline::carry():184}:185}(Object(Illuminate\\Http\\Request))
#14 /var/www/html/vendor/laravel/framework/src/Illuminate/Pipeline/Pipeline.php(209): Illuminate\\Http\\Middleware\\TrustProxies->handle(Object(Illuminate\\Http\\Request), Object(Closure))
#15 /var/www/html/vendor/laravel/framework/src/Illuminate/Foundation/Http/Middleware/InvokeDeferredCallbacks.php(22): Illuminate\\Pipeline\\Pipeline->{closure:{closure:Illuminate\\Pipeline\\Pipeline::carry():184}:185}(Object(Illuminate\\Http\\Request))
#16 /var/www/html/vendor/laravel/framework/src/Illuminate/Pipeline/Pipeline.php(209): Illuminate\\Foundation\\Http\\Middleware\\InvokeDeferredCallbacks->handle(Object(Illuminate\\Http\\Request), Object(Closure))
#17 /var/www/html/vendor/laravel/framework/src/Illuminate/Pipeline/Pipeline.php(127): Illuminate\\Pipeline\\Pipeline->{closure:{closure:Illuminate\\Pipeline\\Pipeline::carry():184}:185}(Object(Illuminate\\Http\\Request))
#18 /var/www/html/vendor/laravel/framework/src/Illuminate/Foundation/Http/Kernel.php(176): Illuminate\\Pipeline\\Pipeline->then(Object(Closure))
#19 /var/www/html/vendor/laravel/framework/src/Illuminate/Foundation/Http/Kernel.php(145): Illuminate\\Foundation\\Http\\Kernel->sendRequestThroughRouter(Object(Illuminate\\Http\\Request))
#20 /var/www/html/vendor/laravel/framework/src/Illuminate/Foundation/Application.php(1220): Illuminate\\Foundation\\Http\\Kernel->handle(Object(Illuminate\\Http\\Request))
#21 /var/www/html/public/index.php(20): Illuminate\\Foundation\\Application->handleRequest(Object(Illuminate\\Http\\Request))
#22 {main}
"} 
[2026-08-30 03:37:05] local.ERROR: The stream or file "/var/www/html/storage/logs/security-2026-08-30.log" could not be opened in append mode: Failed to open stream: Permission denied
The exception occurred while attempting to log: The stream or file "/var/www/html/storage/logs/security-2026-08-30.log" could not be opened in append mode: Failed to open stream: Permission denied
The exception occurred while attempting to log: The stream or file "/var/www/html/storage/logs/security-2026-08-30.log" could not be opened in append mode: Failed to open stream: Permission denied
The exception occurred while attempting to log: The stream or file "/var/www/html/storage/logs/security-2026-08-30.log" could not be opened in append mode: Failed to open stream: Permission denied
The exception occurred while attempting to log: The stream or file "/var/www/html/storage/logs/security-2026-08-30.log" could not be opened in append mode: Failed to open stream: Permission denied
The exception occurred while attempting to log: The stream or file "/var/www/html/storage/logs/security-2026-08-30.log" could not be opened in append mode: Failed to open stream: Permission denied
The exception occurred while attempting to log: The stream or file "/var/www/html/storage/logs/security-2026-08-30.log" could not be opened in append mode: Failed to open stream: Permission denied
The exception occurred while attempting to log: The stream or file "/var/www/html/storage/logs/security-2026-08-30.log" could not be opened in append mode: Failed to open stream: Permission denied
The exception occurred while attempting to log: No application encryption key has been specified.
Context: {"exception":{}}
Context: {"exception":{}}
Context: {"exception":{}}
Context: {"exception":{}}
Context: {"exception":{}}
Context: {"exception":{}}
Context: {"exception":{}}
Context: {"exception":{}} {"exception":"[object] (UnexpectedValueException(code: 0): The stream or file \"/var/www/html/storage/logs/security-2026-08-30.log\" could not be opened in append mode: Failed to open stream: Permission denied
The exception occurred while attempting to log: The stream or file \"/var/www/html/storage/logs/security-2026-08-30.log\" could not be opened in append mode: Failed to open stream: Permission denied
The exception occurred while attempting to log: The stream or file \"/var/www/html/storage/logs/security-2026-08-30.log\" could not be opened in append mode: Failed to open stream: Permission denied
The exception occurred while attempting to log: The stream or file \"/var/www/html/storage/logs/security-2026-08-30.log\" could not be opened in append mode: Failed to open stream: Permission denied
The exception occurred while attempting to log: The stream or file \"/var/www/html/storage/logs/security-2026-08-30.log\" could not be opened in append mode: Failed to open stream: Permission denied
The exception occurred while attempting to log: The stream or file \"/var/www/html/storage/logs/security-2026-08-30.log\" could not be opened in append mode: Failed to open stream: Permission denied
The exception occurred while attempting to log: The stream or file \"/var/www/html/storage/logs/security-2026-08-30.log\" could not be opened in append mode: Failed to open stream: Permission denied
The exception occurred while attempting to log: The stream or file \"/var/www/html/storage/logs/security-2026-08-30.log\" could not be opened in append mode: Failed to open stream: Permission denied
The exception occurred while attempting to log: No application encryption key has been specified.
Context: {\"exception\":{}}
Context: {\"exception\":{}}
Context: {\"exception\":{}}
Context: {\"exception\":{}}
Context: {\"exception\":{}}
Context: {\"exception\":{}}
Context: {\"exception\":{}}
Context: {\"exception\":{}} at /var/www/html/vendor/monolog/monolog/src/Monolog/Handler/StreamHandler.php:164)
[stacktrace]
#0 /var/www/html/vendor/monolog/monolog/src/Monolog/Handler/RotatingFileHandler.php(113): Monolog\\Handler\\StreamHandler->write(Object(Monolog\\LogRecord))
#1 /var/www/html/vendor/monolog/monolog/src/Monolog/Handler/AbstractProcessingHandler.php(44): Monolog\\Handler\\RotatingFileHandler->write(Object(Monolog\\LogRecord))
#2 /var/www/html/vendor/monolog/monolog/src/Monolog/Logger.php(391): Monolog\\Handler\\AbstractProcessingHandler->handle(Object(Monolog\\LogRecord))
#3 /var/www/html/vendor/monolog/monolog/src/Monolog/Logger.php(646): Monolog\\Logger->addRecord(Monolog\\Level::Error, 'The stream or f...', Array)
#4 /var/www/html/vendor/laravel/framework/src/Illuminate/Log/Logger.php(184): Monolog\\Logger->error('The stream or f...', Array)
#5 /var/www/html/vendor/laravel/framework/src/Illuminate/Log/Logger.php(97): Illuminate\\Log\\Logger->writeLog('error', 'The stream or f...', Array)
#6 /var/www/html/vendor/laravel/framework/src/Illuminate/Log/LogManager.php(701): Illuminate\\Log\\Logger->error('The stream or f...', Array)
#7 /var/www/html/vendor/laravel/framework/src/Illuminate/Foundation/Exceptions/Handler.php(380): Illuminate\\Log\\LogManager->error('The stream or f...', Array)
#8 /var/www/html/vendor/laravel/framework/src/Illuminate/Foundation/Exceptions/Handler.php(343): Illuminate\\Foundation\\Exceptions\\Handler->reportThrowable(Object(UnexpectedValueException))
#9 /var/www/html/vendor/laravel/framework/src/Illuminate/Routing/Pipeline.php(49): Illuminate\\Foundation\\Exceptions\\Handler->report(Object(UnexpectedValueException))
#10 /var/www/html/vendor/laravel/framework/src/Illuminate/Pipeline/Pipeline.php(214): Illuminate\\Routing\\Pipeline->handleException(Object(Illuminate\\Http\\Request), Object(UnexpectedValueException))
#11 /var/www/html/vendor/laravel/framework/src/Illuminate/Http/Middleware/TrustProxies.php(58): Illuminate\\Pipeline\\Pipeline->{closure:{closure:Illuminate\\Pipeline\\Pipeline::carry():184}:185}(Object(Illuminate\\Http\\Request))
#12 /var/www/html/vendor/laravel/framework/src/Illuminate/Pipeline/Pipeline.php(209): Illuminate\\Http\\Middleware\\TrustProxies->handle(Object(Illuminate\\Http\\Request), Object(Closure))
#13 /var/www/html/vendor/laravel/framework/src/Illuminate/Foundation/Http/Middleware/InvokeDeferredCallbacks.php(22): Illuminate\\Pipeline\\Pipeline->{closure:{closure:Illuminate\\Pipeline\\Pipeline::carry():184}:185}(Object(Illuminate\\Http\\Request))
#14 /var/www/html/vendor/laravel/framework/src/Illuminate/Pipeline/Pipeline.php(209): Illuminate\\Foundation\\Http\\Middleware\\InvokeDeferredCallbacks->handle(Object(Illuminate\\Http\\Request), Object(Closure))
#15 /var/www/html/vendor/laravel/framework/src/Illuminate/Pipeline/Pipeline.php(127): Illuminate\\Pipeline\\Pipeline->{closure:{closure:Illuminate\\Pipeline\\Pipeline::carry():184}:185}(Object(Illuminate\\Http\\Request))
#16 /var/www/html/vendor/laravel/framework/src/Illuminate/Foundation/Http/Kernel.php(176): Illuminate\\Pipeline\\Pipeline->then(Object(Closure))
#17 /var/www/html/vendor/laravel/framework/src/Illuminate/Foundation/Http/Kernel.php(145): Illuminate\\Foundation\\Http\\Kernel->sendRequestThroughRouter(Object(Illuminate\\Http\\Request))
#18 /var/www/html/vendor/laravel/framework/src/Illuminate/Foundation/Application.php(1220): Illuminate\\Foundation\\Http\\Kernel->handle(Object(Illuminate\\Http\\Request))
#19 /var/www/html/public/index.php(20): Illuminate\\Foundation\\Application->handleRequest(Object(Illuminate\\Http\\Request))
#20 {main}
"} 
[2026-08-30 03:37:05] local.ERROR: The stream or file "/var/www/html/storage/logs/security-2026-08-30.log" could not be opened in append mode: Failed to open stream: Permission denied
The exception occurred while attempting to log: The stream or file "/var/www/html/storage/logs/security-2026-08-30.log" could not be opened in append mode: Failed to open stream: Permission denied
The exception occurred while attempting to log: The stream or file "/var/www/html/storage/logs/security-2026-08-30.log" could not be opened in append mode: Failed to open stream: Permission denied
The exception occurred while attempting to log: The stream or file "/var/www/html/storage/logs/security-2026-08-30.log" could not be opened in append mode: Failed to open stream: Permission denied
The exception occurred while attempting to log: The stream or file "/var/www/html/storage/logs/security-2026-08-30.log" could not be opened in append mode: Failed to open stream: Permission denied
The exception occurred while attempting to log: The stream or file "/var/www/html/storage/logs/security-2026-08-30.log" could not be opened in append mode: Failed to open stream: Permission denied
The exception occurred while attempting to log: The stream or file "/var/www/html/storage/logs/security-2026-08-30.log" could not be opened in append mode: Failed to open stream: Permission denied
The exception occurred while attempting to log: The stream or file "/var/www/html/storage/logs/security-2026-08-30.log" could not be opened in append mode: Failed to open stream: Permission denied
The exception occurred while attempting to log: The stream or file "/var/www/html/storage/logs/security-2026-08-30.log" could not be opened in append mode: Failed to open stream: Permission denied
The exception occurred while attempting to log: No application encryption key has been specified.
Context: {"exception":{}}
Context: {"exception":{}}
Context: {"exception":{}}
Context: {"exception":{}}
Context: {"exception":{}}
Context: {"exception":{}}
Context: {"exception":{}}
Context: {"exception":{}}
Context: {"exception":{}} {"exception":"[object] (UnexpectedValueException(code: 0): The stream or file \"/var/www/html/storage/logs/security-2026-08-30.log\" could not be opened in append mode: Failed to open stream: Permission denied
The exception occurred while attempting to log: The stream or file \"/var/www/html/storage/logs/security-2026-08-30.log\" could not be opened in append mode: Failed to open stream: Permission denied
The exception occurred while attempting to log: The stream or file \"/var/www/html/storage/logs/security-2026-08-30.log\" could not be opened in append mode: Failed to open stream: Permission denied
The exception occurred while attempting to log: The stream or file \"/var/www/html/storage/logs/security-2026-08-30.log\" could not be opened in append mode: Failed to open stream: Permission denied
The exception occurred while attempting to log: The stream or file \"/var/www/html/storage/logs/security-2026-08-30.log\" could not be opened in append mode: Failed to open stream: Permission denied
The exception occurred while attempting to log: The stream or file \"/var/www/html/storage/logs/security-2026-08-30.log\" could not be opened in append mode: Failed to open stream: Permission denied
The exception occurred while attempting to log: The stream or file \"/var/www/html/storage/logs/security-2026-08-30.log\" could not be opened in append mode: Failed to open stream: Permission denied
The exception occurred while attempting to log: The stream or file \"/var/www/html/storage/logs/security-2026-08-30.log\" could not be opened in append mode: Failed to open stream: Permission denied
The exception occurred while attempting to log: The stream or file \"/var/www/html/storage/logs/security-2026-08-30.log\" could not be opened in append mode: Failed to open stream: Permission denied
The exception occurred while attempting to log: No application encryption key has been specified.
Context: {\"exception\":{}}
Context: {\"exception\":{}}
Context: {\"exception\":{}}
Context: {\"exception\":{}}
Context: {\"exception\":{}}
Context: {\"exception\":{}}
Context: {\"exception\":{}}
Context: {\"exception\":{}}
Context: {\"exception\":{}} at /var/www/html/vendor/monolog/monolog/src/Monolog/Handler/StreamHandler.php:164)
[stacktrace]
#0 /var/www/html/vendor/monolog/monolog/src/Monolog/Handler/RotatingFileHandler.php(113): Monolog\\Handler\\StreamHandler->write(Object(Monolog\\LogRecord))
#1 /var/www/html/vendor/monolog/monolog/src/Monolog/Handler/AbstractProcessingHandler.php(44): Monolog\\Handler\\RotatingFileHandler->write(Object(Monolog\\LogRecord))
#2 /var/www/html/vendor/monolog/monolog/src/Monolog/Logger.php(391): Monolog\\Handler\\AbstractProcessingHandler->handle(Object(Monolog\\LogRecord))
#3 /var/www/html/vendor/monolog/monolog/src/Monolog/Logger.php(646): Monolog\\Logger->addRecord(Monolog\\Level::Error, 'The stream or f...', Array)
#4 /var/www/html/vendor/laravel/framework/src/Illuminate/Log/Logger.php(184): Monolog\\Logger->error('The stream or f...', Array)
#5 /var/www/html/vendor/laravel/framework/src/Illuminate/Log/Logger.php(97): Illuminate\\Log\\Logger->writeLog('error', 'The stream or f...', Array)
#6 /var/www/html/vendor/laravel/framework/src/Illuminate/Log/LogManager.php(701): Illuminate\\Log\\Logger->error('The stream or f...', Array)
#7 /var/www/html/vendor/laravel/framework/src/Illuminate/Foundation/Exceptions/Handler.php(380): Illuminate\\Log\\LogManager->error('The stream or f...', Array)
#8 /var/www/html/vendor/laravel/framework/src/Illuminate/Foundation/Exceptions/Handler.php(343): Illuminate\\Foundation\\Exceptions\\Handler->reportThrowable(Object(UnexpectedValueException))
#9 /var/www/html/vendor/laravel/framework/src/Illuminate/Routing/Pipeline.php(49): Illuminate\\Foundation\\Exceptions\\Handler->report(Object(UnexpectedValueException))
#10 /var/www/html/vendor/laravel/framework/src/Illuminate/Pipeline/Pipeline.php(214): Illuminate\\Routing\\Pipeline->handleException(Object(Illuminate\\Http\\Request), Object(UnexpectedValueException))
#11 /var/www/html/vendor/laravel/framework/src/Illuminate/Foundation/Http/Middleware/InvokeDeferredCallbacks.php(22): Illuminate\\Pipeline\\Pipeline->{closure:{closure:Illuminate\\Pipeline\\Pipeline::carry():184}:185}(Object(Illuminate\\Http\\Request))
#12 /var/www/html/vendor/laravel/framework/src/Illuminate/Pipeline/Pipeline.php(209): Illuminate\\Foundation\\Http\\Middleware\\InvokeDeferredCallbacks->handle(Object(Illuminate\\Http\\Request), Object(Closure))
#13 /var/www/html/vendor/laravel/framework/src/Illuminate/Pipeline/Pipeline.php(127): Illuminate\\Pipeline\\Pipeline->{closure:{closure:Illuminate\\Pipeline\\Pipeline::carry():184}:185}(Object(Illuminate\\Http\\Request))
#14 /var/www/html/vendor/laravel/framework/src/Illuminate/Foundation/Http/Kernel.php(176): Illuminate\\Pipeline\\Pipeline->then(Object(Closure))
#15 /var/www/html/vendor/laravel/framework/src/Illuminate/Foundation/Http/Kernel.php(145): Illuminate\\Foundation\\Http\\Kernel->sendRequestThroughRouter(Object(Illuminate\\Http\\Request))
#16 /var/www/html/vendor/laravel/framework/src/Illuminate/Foundation/Application.php(1220): Illuminate\\Foundation\\Http\\Kernel->handle(Object(Illuminate\\Http\\Request))
#17 /var/www/html/public/index.php(20): Illuminate\\Foundation\\Application->handleRequest(Object(Illuminate\\Http\\Request))
#18 {main}
"} 
[2026-08-30 03:37:05] local.ERROR: The stream or file "/var/www/html/storage/logs/security-2026-08-30.log" could not be opened in append mode: Failed to open stream: Permission denied
The exception occurred while attempting to log: The stream or file "/var/www/html/storage/logs/security-2026-08-30.log" could not be opened in append mode: Failed to open stream: Permission denied
The exception occurred while attempting to log: The stream or file "/var/www/html/storage/logs/security-2026-08-30.log" could not be opened in append mode: Failed to open stream: Permission denied
The exception occurred while attempting to log: The stream or file "/var/www/html/storage/logs/security-2026-08-30.log" could not be opened in append mode: Failed to open stream: Permission denied
The exception occurred while attempting to log: The stream or file "/var/www/html/storage/logs/security-2026-08-30.log" could not be opened in append mode: Failed to open stream: Permission denied
The exception occurred while attempting to log: The stream or file "/var/www/html/storage/logs/security-2026-08-30.log" could not be opened in append mode: Failed to open stream: Permission denied
The exception occurred while attempting to log: The stream or file "/var/www/html/storage/logs/security-2026-08-30.log" could not be opened in append mode: Failed to open stream: Permission denied
The exception occurred while attempting to log: The stream or file "/var/www/html/storage/logs/security-2026-08-30.log" could not be opened in append mode: Failed to open stream: Permission denied
The exception occurred while attempting to log: The stream or file "/var/www/html/storage/logs/security-2026-08-30.log" could not be opened in append mode: Failed to open stream: Permission denied
The exception occurred while attempting to log: The stream or file "/var/www/html/storage/logs/security-2026-08-30.log" could not be opened in append mode: Failed to open stream: Permission denied
The exception occurred while attempting to log: No application encryption key has been specified.
Context: {"exception":{}}
Context: {"exception":{}}
Context: {"exception":{}}
Context: {"exception":{}}
Context: {"exception":{}}
Context: {"exception":{}}
Context: {"exception":{}}
Context: {"exception":{}}
Context: {"exception":{}}
Context: {"exception":{}} {"exception":"[object] (UnexpectedValueException(code: 0): The stream or file \"/var/www/html/storage/logs/security-2026-08-30.log\" could not be opened in append mode: Failed to open stream: Permission denied
The exception occurred while attempting to log: The stream or file \"/var/www/html/storage/logs/security-2026-08-30.log\" could not be opened in append mode: Failed to open stream: Permission denied
The exception occurred while attempting to log: The stream or file \"/var/www/html/storage/logs/security-2026-08-30.log\" could not be opened in append mode: Failed to open stream: Permission denied
The exception occurred while attempting to log: The stream or file \"/var/www/html/storage/logs/security-2026-08-30.log\" could not be opened in append mode: Failed to open stream: Permission denied
The exception occurred while attempting to log: The stream or file \"/var/www/html/storage/logs/security-2026-08-30.log\" could not be opened in append mode: Failed to open stream: Permission denied
The exception occurred while attempting to log: The stream or file \"/var/www/html/storage/logs/security-2026-08-30.log\" could not be opened in append mode: Failed to open stream: Permission denied
The exception occurred while attempting to log: The stream or file \"/var/www/html/storage/logs/security-2026-08-30.log\" could not be opened in append mode: Failed to open stream: Permission denied
The exception occurred while attempting to log: The stream or file \"/var/www/html/storage/logs/security-2026-08-30.log\" could not be opened in append mode: Failed to open stream: Permission denied
The exception occurred while attempting to log: The stream or file \"/var/www/html/storage/logs/security-2026-08-30.log\" could not be opened in append mode: Failed to open stream: Permission denied
The exception occurred while attempting to log: The stream or file \"/var/www/html/storage/logs/security-2026-08-30.log\" could not be opened in append mode: Failed to open stream: Permission denied
The exception occurred while attempting to log: No application encryption key has been specified.
Context: {\"exception\":{}}
Context: {\"exception\":{}}
Context: {\"exception\":{}}
Context: {\"exception\":{}}
Context: {\"exception\":{}}
Context: {\"exception\":{}}
Context: {\"exception\":{}}
Context: {\"exception\":{}}
Context: {\"exception\":{}}
Context: {\"exception\":{}} at /var/www/html/vendor/monolog/monolog/src/Monolog/Handler/StreamHandler.php:164)
[stacktrace]
#0 /var/www/html/vendor/monolog/monolog/src/Monolog/Handler/RotatingFileHandler.php(113): Monolog\\Handler\\StreamHandler->write(Object(Monolog\\LogRecord))
#1 /var/www/html/vendor/monolog/monolog/src/Monolog/Handler/AbstractProcessingHandler.php(44): Monolog\\Handler\\RotatingFileHandler->write(Object(Monolog\\LogRecord))
#2 /var/www/html/vendor/monolog/monolog/src/Monolog/Logger.php(391): Monolog\\Handler\\AbstractProcessingHandler->handle(Object(Monolog\\LogRecord))
#3 /var/www/html/vendor/monolog/monolog/src/Monolog/Logger.php(646): Monolog\\Logger->addRecord(Monolog\\Level::Error, 'The stream or f...', Array)
#4 /var/www/html/vendor/laravel/framework/src/Illuminate/Log/Logger.php(184): Monolog\\Logger->error('The stream or f...', Array)
#5 /var/www/html/vendor/laravel/framework/src/Illuminate/Log/Logger.php(97): Illuminate\\Log\\Logger->writeLog('error', 'The stream or f...', Array)
#6 /var/www/html/vendor/laravel/framework/src/Illuminate/Log/LogManager.php(701): Illuminate\\Log\\Logger->error('The stream or f...', Array)
#7 /var/www/html/vendor/laravel/framework/src/Illuminate/Foundation/Exceptions/Handler.php(380): Illuminate\\Log\\LogManager->error('The stream or f...', Array)
#8 /var/www/html/vendor/laravel/framework/src/Illuminate/Foundation/Exceptions/Handler.php(343): Illuminate\\Foundation\\Exceptions\\Handler->reportThrowable(Object(UnexpectedValueException))
#9 /var/www/html/vendor/laravel/framework/src/Illuminate/Routing/Pipeline.php(49): Illuminate\\Foundation\\Exceptions\\Handler->report(Object(UnexpectedValueException))
#10 /var/www/html/vendor/laravel/framework/src/Illuminate/Pipeline/Pipeline.php(214): Illuminate\\Routing\\Pipeline->handleException(Object(Illuminate\\Http\\Request), Object(UnexpectedValueException))
#11 /var/www/html/vendor/laravel/framework/src/Illuminate/Pipeline/Pipeline.php(127): Illuminate\\Pipeline\\Pipeline->{closure:{closure:Illuminate\\Pipeline\\Pipeline::carry():184}:185}(Object(Illuminate\\Http\\Request))
#12 /var/www/html/vendor/laravel/framework/src/Illuminate/Foundation/Http/Kernel.php(176): Illuminate\\Pipeline\\Pipeline->then(Object(Closure))
#13 /var/www/html/vendor/laravel/framework/src/Illuminate/Foundation/Http/Kernel.php(145): Illuminate\\Foundation\\Http\\Kernel->sendRequestThroughRouter(Object(Illuminate\\Http\\Request))
#14 /var/www/html/vendor/laravel/framework/src/Illuminate/Foundation/Application.php(1220): Illuminate\\Foundation\\Http\\Kernel->handle(Object(Illuminate\\Http\\Request))
#15 /var/www/html/public/index.php(20): Illuminate\\Foundation\\Application->handleRequest(Object(Illuminate\\Http\\Request))
#16 {main}
"} 
[2026-08-30 03:37:05] local.ERROR: The stream or file "/var/www/html/storage/logs/security-2026-08-30.log" could not be opened in append mode: Failed to open stream: Permission denied
The exception occurred while attempting to log: The stream or file "/var/www/html/storage/logs/security-2026-08-30.log" could not be opened in append mode: Failed to open stream: Permission denied
The exception occurred while attempting to log: The stream or file "/var/www/html/storage/logs/security-2026-08-30.log" could not be opened in append mode: Failed to open stream: Permission denied
The exception occurred while attempting to log: The stream or file "/var/www/html/storage/logs/security-2026-08-30.log" could not be opened in append mode: Failed to open stream: Permission denied
The exception occurred while attempting to log: The stream or file "/var/www/html/storage/logs/security-2026-08-30.log" could not be opened in append mode: Failed to open stream: Permission denied
The exception occurred while attempting to log: The stream or file "/var/www/html/storage/logs/security-2026-08-30.log" could not be opened in append mode: Failed to open stream: Permission denied
The exception occurred while attempting to log: The stream or file "/var/www/html/storage/logs/security-2026-08-30.log" could not be opened in append mode: Failed to open stream: Permission denied
The exception occurred while attempting to log: The stream or file "/var/www/html/storage/logs/security-2026-08-30.log" could not be opened in append mode: Failed to open stream: Permission denied
The exception occurred while attempting to log: The stream or file "/var/www/html/storage/logs/security-2026-08-30.log" could not be opened in append mode: Failed to open stream: Permission denied
The exception occurred while attempting to log: The stream or file "/var/www/html/storage/logs/security-2026-08-30.log" could not be opened in append mode: Failed to open stream: Permission denied
The exception occurred while attempting to log: The stream or file "/var/www/html/storage/logs/security-2026-08-30.log" could not be opened in append mode: Failed to open stream: Permission denied
The exception occurred while attempting to log: No application encryption key has been specified.
Context: {"exception":{}}
Context: {"exception":{}}
Context: {"exception":{}}
Context: {"exception":{}}
Context: {"exception":{}}
Context: {"exception":{}}
Context: {"exception":{}}
Context: {"exception":{}}
Context: {"exception":{}}
Context: {"exception":{}}
Context: {"exception":{}} {"exception":"[object] (UnexpectedValueException(code: 0): The stream or file \"/var/www/html/storage/logs/security-2026-08-30.log\" could not be opened in append mode: Failed to open stream: Permission denied
The exception occurred while attempting to log: The stream or file \"/var/www/html/storage/logs/security-2026-08-30.log\" could not be opened in append mode: Failed to open stream: Permission denied
The exception occurred while attempting to log: The stream or file \"/var/www/html/storage/logs/security-2026-08-30.log\" could not be opened in append mode: Failed to open stream: Permission denied
The exception occurred while attempting to log: The stream or file \"/var/www/html/storage/logs/security-2026-08-30.log\" could not be opened in append mode: Failed to open stream: Permission denied
The exception occurred while attempting to log: The stream or file \"/var/www/html/storage/logs/security-2026-08-30.log\" could not be opened in append mode: Failed to open stream: Permission denied
The exception occurred while attempting to log: The stream or file \"/var/www/html/storage/logs/security-2026-08-30.log\" could not be opened in append mode: Failed to open stream: Permission denied
The exception occurred while attempting to log: The stream or file \"/var/www/html/storage/logs/security-2026-08-30.log\" could not be opened in append mode: Failed to open stream: Permission denied
The exception occurred while attempting to log: The stream or file \"/var/www/html/storage/logs/security-2026-08-30.log\" could not be opened in append mode: Failed to open stream: Permission denied
The exception occurred while attempting to log: The stream or file \"/var/www/html/storage/logs/security-2026-08-30.log\" could not be opened in append mode: Failed to open stream: Permission denied
The exception occurred while attempting to log: The stream or file \"/var/www/html/storage/logs/security-2026-08-30.log\" could not be opened in append mode: Failed to open stream: Permission denied
The exception occurred while attempting to log: The stream or file \"/var/www/html/storage/logs/security-2026-08-30.log\" could not be opened in append mode: Failed to open stream: Permission denied
The exception occurred while attempting to log: No application encryption key has been specified.
Context: {\"exception\":{}}
Context: {\"exception\":{}}
Context: {\"exception\":{}}
Context: {\"exception\":{}}
Context: {\"exception\":{}}
Context: {\"exception\":{}}
Context: {\"exception\":{}}
Context: {\"exception\":{}}
Context: {\"exception\":{}}
Context: {\"exception\":{}}
Context: {\"exception\":{}} at /var/www/html/vendor/monolog/monolog/src/Monolog/Handler/StreamHandler.php:164)
[stacktrace]
#0 /var/www/html/vendor/monolog/monolog/src/Monolog/Handler/RotatingFileHandler.php(113): Monolog\\Handler\\StreamHandler->write(Object(Monolog\\LogRecord))
#1 /var/www/html/vendor/monolog/monolog/src/Monolog/Handler/AbstractProcessingHandler.php(44): Monolog\\Handler\\RotatingFileHandler->write(Object(Monolog\\LogRecord))
#2 /var/www/html/vendor/monolog/monolog/src/Monolog/Logger.php(391): Monolog\\Handler\\AbstractProcessingHandler->handle(Object(Monolog\\LogRecord))
#3 /var/www/html/vendor/monolog/monolog/src/Monolog/Logger.php(646): Monolog\\Logger->addRecord(Monolog\\Level::Error, 'The stream or f...', Array)
#4 /var/www/html/vendor/laravel/framework/src/Illuminate/Log/Logger.php(184): Monolog\\Logger->error('The stream or f...', Array)
#5 /var/www/html/vendor/laravel/framework/src/Illuminate/Log/Logger.php(97): Illuminate\\Log\\Logger->writeLog('error', 'The stream or f...', Array)
#6 /var/www/html/vendor/laravel/framework/src/Illuminate/Log/LogManager.php(701): Illuminate\\Log\\Logger->error('The stream or f...', Array)
#7 /var/www/html/vendor/laravel/framework/src/Illuminate/Foundation/Exceptions/Handler.php(380): Illuminate\\Log\\LogManager->error('The stream or f...', Array)
#8 /var/www/html/vendor/laravel/framework/src/Illuminate/Foundation/Exceptions/Handler.php(343): Illuminate\\Foundation\\Exceptions\\Handler->reportThrowable(Object(UnexpectedValueException))
#9 /var/www/html/vendor/laravel/framework/src/Illuminate/Foundation/Http/Kernel.php(563): Illuminate\\Foundation\\Exceptions\\Handler->report(Object(UnexpectedValueException))
#10 /var/www/html/vendor/laravel/framework/src/Illuminate/Foundation/Http/Kernel.php(147): Illuminate\\Foundation\\Http\\Kernel->reportException(Object(UnexpectedValueException))
#11 /var/www/html/vendor/laravel/framework/src/Illuminate/Foundation/Application.php(1220): Illuminate\\Foundation\\Http\\Kernel->handle(Object(Illuminate\\Http\\Request))
#12 /var/www/html/public/index.php(20): Illuminate\\Foundation\\Application->handleRequest(Object(Illuminate\\Http\\Request))
#13 {main}
"} 
[2026-08-30 03:39:46] local.ERROR: No application encryption key has been specified. {"exception":"[object] (Illuminate\\Encryption\\MissingAppKeyException(code: 0): No application encryption key has been specified. at /var/www/html/vendor/laravel/framework/src/Illuminate/Encryption/EncryptionServiceProvider.php:83)
[stacktrace]
#0 /var/www/html/vendor/laravel/framework/src/Illuminate/Support/helpers.php(399): Illuminate\\Encryption\\EncryptionServiceProvider->{closure:Illuminate\\Encryption\\EncryptionServiceProvider::key():81}('')
#1 /var/www/html/vendor/laravel/framework/src/Illuminate/Encryption/EncryptionServiceProvider.php(81): tap('', Object(Closure))
#2 /var/www/html/vendor/laravel/framework/src/Illuminate/Encryption/EncryptionServiceProvider.php(64): Illuminate\\Encryption\\EncryptionServiceProvider->key(Array)
#3 /var/www/html/vendor/laravel/framework/src/Illuminate/Encryption/EncryptionServiceProvider.php(32): Illuminate\\Encryption\\EncryptionServiceProvider->parseKey(Array)
#4 /var/www/html/vendor/laravel/framework/src/Illuminate/Container/Container.php(952): Illuminate\\Encryption\\EncryptionServiceProvider->{closure:Illuminate\\Encryption\\EncryptionServiceProvider::registerEncrypter():29}(Object(Illuminate\\Foundation\\Application), Array)
#5 /var/www/html/vendor/laravel/framework/src/Illuminate/Container/Container.php(832): Illuminate\\Container\\Container->build(Object(Closure))
#6 /var/www/html/vendor/laravel/framework/src/Illuminate/Foundation/Application.php(1078): Illuminate\\Container\\Container->resolve('encrypter', Array, true)
#7 /var/www/html/vendor/laravel/framework/src/Illuminate/Container/Container.php(763): Illuminate\\Foundation\\Application->resolve('encrypter', Array)
#8 /var/www/html/vendor/laravel/framework/src/Illuminate/Foundation/Application.php(1058): Illuminate\\Container\\Container->make('encrypter', Array)
#9 /var/www/html/vendor/laravel/framework/src/Illuminate/Container/Container.php(1133): Illuminate\\Foundation\\Application->make('encrypter')
#10 /var/www/html/vendor/laravel/framework/src/Illuminate/Container/Container.php(1043): Illuminate\\Container\\Container->resolveClass(Object(ReflectionParameter))
#11 /var/www/html/vendor/laravel/framework/src/Illuminate/Container/Container.php(994): Illuminate\\Container\\Container->resolveDependencies(Array)
#12 /var/www/html/vendor/laravel/framework/src/Illuminate/Container/Container.php(832): Illuminate\\Container\\Container->build('Illuminate\\\\Cook...')
#13 /var/www/html/vendor/laravel/framework/src/Illuminate/Foundation/Application.php(1078): Illuminate\\Container\\Container->resolve('Illuminate\\\\Cook...', Array, true)
#14 /var/www/html/vendor/laravel/framework/src/Illuminate/Container/Container.php(763): Illuminate\\Foundation\\Application->resolve('Illuminate\\\\Cook...', Array)
#15 /var/www/html/vendor/laravel/framework/src/Illuminate/Foundation/Application.php(1058): Illuminate\\Container\\Container->make('Illuminate\\\\Cook...', Array)
#16 /var/www/html/vendor/laravel/framework/src/Illuminate/Pipeline/Pipeline.php(198): Illuminate\\Foundation\\Application->make('Illuminate\\\\Cook...')
#17 /var/www/html/vendor/laravel/framework/src/Illuminate/Pipeline/Pipeline.php(127): Illuminate\\Pipeline\\Pipeline->{closure:{closure:Illuminate\\Pipeline\\Pipeline::carry():184}:185}(Object(Illuminate\\Http\\Request))
#18 /var/www/html/vendor/laravel/framework/src/Illuminate/Routing/Router.php(807): Illuminate\\Pipeline\\Pipeline->then(Object(Closure))
#19 /var/www/html/vendor/laravel/framework/src/Illuminate/Routing/Router.php(786): Illuminate\\Routing\\Router->runRouteWithinStack(Object(Illuminate\\Routing\\Route), Object(Illuminate\\Http\\Request))
#20 /var/www/html/vendor/laravel/framework/src/Illuminate/Routing/Router.php(750): Illuminate\\Routing\\Router->runRoute(Object(Illuminate\\Http\\Request), Object(Illuminate\\Routing\\Route))
#21 /var/www/html/vendor/laravel/framework/src/Illuminate/Routing/Router.php(739): Illuminate\\Routing\\Router->dispatchToRoute(Object(Illuminate\\Http\\Request))
#22 /var/www/html/vendor/laravel/framework/src/Illuminate/Foundation/Http/Kernel.php(201): Illuminate\\Routing\\Router->dispatch(Object(Illuminate\\Http\\Request))
#23 /var/www/html/vendor/laravel/framework/src/Illuminate/Pipeline/Pipeline.php(170): Illuminate\\Foundation\\Http\\Kernel->{closure:Illuminate\\Foundation\\Http\\Kernel::dispatchToRouter():198}(Object(Illuminate\\Http\\Request))
#24 /var/www/html/vendor/livewire/livewire/src/Features/SupportDisablingBackButtonCache/DisableBackButtonCacheMiddleware.php(19): Illuminate\\Pipeline\\Pipeline->{closure:Illuminate\\Pipeline\\Pipeline::prepareDestination():168}(Object(Illuminate\\Http\\Request))
#25 /var/www/html/vendor/laravel/framework/src/Illuminate/Pipeline/Pipeline.php(209): Livewire\\Features\\SupportDisablingBackButtonCache\\DisableBackButtonCacheMiddleware->handle(Object(Illuminate\\Http\\Request), Object(Closure))
#26 /var/www/html/vendor/laravel/framework/src/Illuminate/Foundation/Http/Middleware/TransformsRequest.php(21): Illuminate\\Pipeline\\Pipeline->{closure:{closure:Illuminate\\Pipeline\\Pipeline::carry():184}:185}(Object(Illuminate\\Http\\Request))
#27 /var/www/html/vendor/laravel/framework/src/Illuminate/Foundation/Http/Middleware/ConvertEmptyStringsToNull.php(31): Illuminate\\Foundation\\Http\\Middleware\\TransformsRequest->handle(Object(Illuminate\\Http\\Request), Object(Closure))
#28 /var/www/html/vendor/laravel/framework/src/Illuminate/Pipeline/Pipeline.php(209): Illuminate\\Foundation\\Http\\Middleware\\ConvertEmptyStringsToNull->handle(Object(Illuminate\\Http\\Request), Object(Closure))
#29 /var/www/html/vendor/laravel/framework/src/Illuminate/Foundation/Http/Middleware/TransformsRequest.php(21): Illuminate\\Pipeline\\Pipeline->{closure:{closure:Illuminate\\Pipeline\\Pipeline::carry():184}:185}(Object(Illuminate\\Http\\Request))
#30 /var/www/html/vendor/laravel/framework/src/Illuminate/Foundation/Http/Middleware/TrimStrings.php(51): Illuminate\\Foundation\\Http\\Middleware\\TransformsRequest->handle(Object(Illuminate\\Http\\Request), Object(Closure))
#31 /var/www/html/vendor/laravel/framework/src/Illuminate/Pipeline/Pipeline.php(209): Illuminate\\Foundation\\Http\\Middleware\\TrimStrings->handle(Object(Illuminate\\Http\\Request), Object(Closure))
#32 /var/www/html/vendor/laravel/framework/src/Illuminate/Http/Middleware/ValidatePostSize.php(27): Illuminate\\Pipeline\\Pipeline->{closure:{closure:Illuminate\\Pipeline\\Pipeline::carry():184}:185}(Object(Illuminate\\Http\\Request))
#33 /var/www/html/vendor/laravel/framework/src/Illuminate/Pipeline/Pipeline.php(209): Illuminate\\Http\\Middleware\\ValidatePostSize->handle(Object(Illuminate\\Http\\Request), Object(Closure))
#34 /var/www/html/vendor/laravel/framework/src/Illuminate/Foundation/Http/Middleware/PreventRequestsDuringMaintenance.php(110): Illuminate\\Pipeline\\Pipeline->{closure:{closure:Illuminate\\Pipeline\\Pipeline::carry():184}:185}(Object(Illuminate\\Http\\Request))
#35 /var/www/html/vendor/laravel/framework/src/Illuminate/Pipeline/Pipeline.php(209): Illuminate\\Foundation\\Http\\Middleware\\PreventRequestsDuringMaintenance->handle(Object(Illuminate\\Http\\Request), Object(Closure))
#36 /var/www/html/vendor/laravel/framework/src/Illuminate/Http/Middleware/HandleCors.php(49): Illuminate\\Pipeline\\Pipeline->{closure:{closure:Illuminate\\Pipeline\\Pipeline::carry():184}:185}(Object(Illuminate\\Http\\Request))
#37 /var/www/html/vendor/laravel/framework/src/Illuminate/Pipeline/Pipeline.php(209): Illuminate\\Http\\Middleware\\HandleCors->handle(Object(Illuminate\\Http\\Request), Object(Closure))
#38 /var/www/html/vendor/laravel/framework/src/Illuminate/Http/Middleware/TrustProxies.php(58): Illuminate\\Pipeline\\Pipeline->{closure:{closure:Illuminate\\Pipeline\\Pipeline::carry():184}:185}(Object(Illuminate\\Http\\Request))
#39 /var/www/html/vendor/laravel/framework/src/Illuminate/Pipeline/Pipeline.php(209): Illuminate\\Http\\Middleware\\TrustProxies->handle(Object(Illuminate\\Http\\Request), Object(Closure))
#40 /var/www/html/vendor/laravel/framework/src/Illuminate/Foundation/Http/Middleware/InvokeDeferredCallbacks.php(22): Illuminate\\Pipeline\\Pipeline->{closure:{closure:Illuminate\\Pipeline\\Pipeline::carry():184}:185}(Object(Illuminate\\Http\\Request))
#41 /var/www/html/vendor/laravel/framework/src/Illuminate/Pipeline/Pipeline.php(209): Illuminate\\Foundation\\Http\\Middleware\\InvokeDeferredCallbacks->handle(Object(Illuminate\\Http\\Request), Object(Closure))
#42 /var/www/html/vendor/laravel/framework/src/Illuminate/Pipeline/Pipeline.php(127): Illuminate\\Pipeline\\Pipeline->{closure:{closure:Illuminate\\Pipeline\\Pipeline::carry():184}:185}(Object(Illuminate\\Http\\Request))
#43 /var/www/html/vendor/laravel/framework/src/Illuminate/Foundation/Http/Kernel.php(176): Illuminate\\Pipeline\\Pipeline->then(Object(Closure))
#44 /var/www/html/vendor/laravel/framework/src/Illuminate/Foundation/Http/Kernel.php(145): Illuminate\\Foundation\\Http\\Kernel->sendRequestThroughRouter(Object(Illuminate\\Http\\Request))
#45 /var/www/html/vendor/laravel/framework/src/Illuminate/Foundation/Application.php(1220): Illuminate\\Foundation\\Http\\Kernel->handle(Object(Illuminate\\Http\\Request))
#46 /var/www/html/public/index.php(20): Illuminate\\Foundation\\Application->handleRequest(Object(Illuminate\\Http\\Request))
#47 {main}
"} 
[2026-08-30 03:39:46] local.ERROR: The stream or file "/var/www/html/storage/logs/security-2026-08-30.log" could not be opened in append mode: Failed to open stream: Permission denied
The exception occurred while attempting to log: No application encryption key has been specified.
Context: {"exception":{}} {"exception":"[object] (UnexpectedValueException(code: 0): The stream or file \"/var/www/html/storage/logs/security-2026-08-30.log\" could not be opened in append mode: Failed to open stream: Permission denied
The exception occurred while attempting to log: No application encryption key has been specified.
Context: {\"exception\":{}} at /var/www/html/vendor/monolog/monolog/src/Monolog/Handler/StreamHandler.php:164)
[stacktrace]
#0 /var/www/html/vendor/monolog/monolog/src/Monolog/Handler/RotatingFileHandler.php(113): Monolog\\Handler\\StreamHandler->write(Object(Monolog\\LogRecord))
#1 /var/www/html/vendor/monolog/monolog/src/Monolog/Handler/AbstractProcessingHandler.php(44): Monolog\\Handler\\RotatingFileHandler->write(Object(Monolog\\LogRecord))
#2 /var/www/html/vendor/monolog/monolog/src/Monolog/Logger.php(391): Monolog\\Handler\\AbstractProcessingHandler->handle(Object(Monolog\\LogRecord))
#3 /var/www/html/vendor/monolog/monolog/src/Monolog/Logger.php(646): Monolog\\Logger->addRecord(Monolog\\Level::Error, 'No application ...', Array)
#4 /var/www/html/vendor/laravel/framework/src/Illuminate/Log/Logger.php(184): Monolog\\Logger->error('No application ...', Array)
#5 /var/www/html/vendor/laravel/framework/src/Illuminate/Log/Logger.php(97): Illuminate\\Log\\Logger->writeLog('error', 'No application ...', Array)
#6 /var/www/html/vendor/laravel/framework/src/Illuminate/Log/LogManager.php(701): Illuminate\\Log\\Logger->error('No application ...', Array)
#7 /var/www/html/vendor/laravel/framework/src/Illuminate/Foundation/Exceptions/Handler.php(380): Illuminate\\Log\\LogManager->error('No application ...', Array)
#8 /var/www/html/vendor/laravel/framework/src/Illuminate/Foundation/Exceptions/Handler.php(343): Illuminate\\Foundation\\Exceptions\\Handler->reportThrowable(Object(Illuminate\\Encryption\\MissingAppKeyException))
#9 /var/www/html/vendor/laravel/framework/src/Illuminate/Routing/Pipeline.php(49): Illuminate\\Foundation\\Exceptions\\Handler->report(Object(Illuminate\\Encryption\\MissingAppKeyException))
#10 /var/www/html/vendor/laravel/framework/src/Illuminate/Pipeline/Pipeline.php(214): Illuminate\\Routing\\Pipeline->handleException(Object(Illuminate\\Http\\Request), Object(Illuminate\\Encryption\\MissingAppKeyException))
#11 /var/www/html/vendor/laravel/framework/src/Illuminate/Pipeline/Pipeline.php(127): Illuminate\\Pipeline\\Pipeline->{closure:{closure:Illuminate\\Pipeline\\Pipeline::carry():184}:185}(Object(Illuminate\\Http\\Request))
#12 /var/www/html/vendor/laravel/framework/src/Illuminate/Routing/Router.php(807): Illuminate\\Pipeline\\Pipeline->then(Object(Closure))
#13 /var/www/html/vendor/laravel/framework/src/Illuminate/Routing/Router.php(786): Illuminate\\Routing\\Router->runRouteWithinStack(Object(Illuminate\\Routing\\Route), Object(Illuminate\\Http\\Request))
#14 /var/www/html/vendor/laravel/framework/src/Illuminate/Routing/Router.php(750): Illuminate\\Routing\\Router->runRoute(Object(Illuminate\\Http\\Request), Object(Illuminate\\Routing\\Route))
#15 /var/www/html/vendor/laravel/framework/src/Illuminate/Routing/Router.php(739): Illuminate\\Routing\\Router->dispatchToRoute(Object(Illuminate\\Http\\Request))
#16 /var/www/html/vendor/laravel/framework/src/Illuminate/Foundation/Http/Kernel.php(201): Illuminate\\Routing\\Router->dispatch(Object(Illuminate\\Http\\Request))
#17 /var/www/html/vendor/laravel/framework/src/Illuminate/Pipeline/Pipeline.php(170): Illuminate\\Foundation\\Http\\Kernel->{closure:Illuminate\\Foundation\\Http\\Kernel::dispatchToRouter():198}(Object(Illuminate\\Http\\Request))
#18 /var/www/html/vendor/livewire/livewire/src/Features/SupportDisablingBackButtonCache/DisableBackButtonCacheMiddleware.php(19): Illuminate\\Pipeline\\Pipeline->{closure:Illuminate\\Pipeline\\Pipeline::prepareDestination():168}(Object(Illuminate\\Http\\Request))
#19 /var/www/html/vendor/laravel/framework/src/Illuminate/Pipeline/Pipeline.php(209): Livewire\\Features\\SupportDisablingBackButtonCache\\DisableBackButtonCacheMiddleware->handle(Object(Illuminate\\Http\\Request), Object(Closure))
#20 /var/www/html/vendor/laravel/framework/src/Illuminate/Foundation/Http/Middleware/TransformsRequest.php(21): Illuminate\\Pipeline\\Pipeline->{closure:{closure:Illuminate\\Pipeline\\Pipeline::carry():184}:185}(Object(Illuminate\\Http\\Request))
#21 /var/www/html/vendor/laravel/framework/src/Illuminate/Foundation/Http/Middleware/ConvertEmptyStringsToNull.php(31): Illuminate\\Foundation\\Http\\Middleware\\TransformsRequest->handle(Object(Illuminate\\Http\\Request), Object(Closure))
#22 /var/www/html/vendor/laravel/framework/src/Illuminate/Pipeline/Pipeline.php(209): Illuminate\\Foundation\\Http\\Middleware\\ConvertEmptyStringsToNull->handle(Object(Illuminate\\Http\\Request), Object(Closure))
#23 /var/www/html/vendor/laravel/framework/src/Illuminate/Foundation/Http/Middleware/TransformsRequest.php(21): Illuminate\\Pipeline\\Pipeline->{closure:{closure:Illuminate\\Pipeline\\Pipeline::carry():184}:185}(Object(Illuminate\\Http\\Request))
#24 /var/www/html/vendor/laravel/framework/src/Illuminate/Foundation/Http/Middleware/TrimStrings.php(51): Illuminate\\Foundation\\Http\\Middleware\\TransformsRequest->handle(Object(Illuminate\\Http\\Request), Object(Closure))
#25 /var/www/html/vendor/laravel/framework/src/Illuminate/Pipeline/Pipeline.php(209): Illuminate\\Foundation\\Http\\Middleware\\TrimStrings->handle(Object(Illuminate\\Http\\Request), Object(Closure))
#26 /var/www/html/vendor/laravel/framework/src/Illuminate/Http/Middleware/ValidatePostSize.php(27): Illuminate\\Pipeline\\Pipeline->{closure:{closure:Illuminate\\Pipeline\\Pipeline::carry():184}:185}(Object(Illuminate\\Http\\Request))
#27 /var/www/html/vendor/laravel/framework/src/Illuminate/Pipeline/Pipeline.php(209): Illuminate\\Http\\Middleware\\ValidatePostSize->handle(Object(Illuminate\\Http\\Request), Object(Closure))
#28 /var/www/html/vendor/laravel/framework/src/Illuminate/Foundation/Http/Middleware/PreventRequestsDuringMaintenance.php(110): Illuminate\\Pipeline\\Pipeline->{closure:{closure:Illuminate\\Pipeline\\Pipeline::carry():184}:185}(Object(Illuminate\\Http\\Request))
#29 /var/www/html/vendor/laravel/framework/src/Illuminate/Pipeline/Pipeline.php(209): Illuminate\\Foundation\\Http\\Middleware\\PreventRequestsDuringMaintenance->handle(Object(Illuminate\\Http\\Request), Object(Closure))
#30 /var/www/html/vendor/laravel/framework/src/Illuminate/Http/Middleware/HandleCors.php(49): Illuminate\\Pipeline\\Pipeline->{closure:{closure:Illuminate\\Pipeline\\Pipeline::carry():184}:185}(Object(Illuminate\\Http\\Request))
#31 /var/www/html/vendor/laravel/framework/src/Illuminate/Pipeline/Pipeline.php(209): Illuminate\\Http\\Middleware\\HandleCors->handle(Object(Illuminate\\Http\\Request), Object(Closure))
#32 /var/www/html/vendor/laravel/framework/src/Illuminate/Http/Middleware/TrustProxies.php(58): Illuminate\\Pipeline\\Pipeline->{closure:{closure:Illuminate\\Pipeline\\Pipeline::carry():184}:185}(Object(Illuminate\\Http\\Request))
#33 /var/www/html/vendor/laravel/framework/src/Illuminate/Pipeline/Pipeline.php(209): Illuminate\\Http\\Middleware\\TrustProxies->handle(Object(Illuminate\\Http\\Request), Object(Closure))
#34 /var/www/html/vendor/laravel/framework/src/Illuminate/Foundation/Http/Middleware/InvokeDeferredCallbacks.php(22): Illuminate\\Pipeline\\Pipeline->{closure:{closure:Illuminate\\Pipeline\\Pipeline::carry():184}:185}(Object(Illuminate\\Http\\Request))
#35 /var/www/html/vendor/laravel/framework/src/Illuminate/Pipeline/Pipeline.php(209): Illuminate\\Foundation\\Http\\Middleware\\InvokeDeferredCallbacks->handle(Object(Illuminate\\Http\\Request), Object(Closure))
#36 /var/www/html/vendor/laravel/framework/src/Illuminate/Pipeline/Pipeline.php(127): Illuminate\\Pipeline\\Pipeline->{closure:{closure:Illuminate\\Pipeline\\Pipeline::carry():184}:185}(Object(Illuminate\\Http\\Request))
#37 /var/www/html/vendor/laravel/framework/src/Illuminate/Foundation/Http/Kernel.php(176): Illuminate\\Pipeline\\Pipeline->then(Object(Closure))
#38 /var/www/html/vendor/laravel/framework/src/Illuminate/Foundation/Http/Kernel.php(145): Illuminate\\Foundation\\Http\\Kernel->sendRequestThroughRouter(Object(Illuminate\\Http\\Request))
#39 /var/www/html/vendor/laravel/framework/src/Illuminate/Foundation/Application.php(1220): Illuminate\\Foundation\\Http\\Kernel->handle(Object(Illuminate\\Http\\Request))
#40 /var/www/html/public/index.php(20): Illuminate\\Foundation\\Application->handleRequest(Object(Illuminate\\Http\\Request))
#41 {main}
"} 
[2026-08-30 03:39:46] local.ERROR: The stream or file "/var/www/html/storage/logs/security-2026-08-30.log" could not be opened in append mode: Failed to open stream: Permission denied
The exception occurred while attempting to log: The stream or file "/var/www/html/storage/logs/security-2026-08-30.log" could not be opened in append mode: Failed to open stream: Permission denied
The exception occurred while attempting to log: No application encryption key has been specified.
Context: {"exception":{}}
Context: {"exception":{}} {"exception":"[object] (UnexpectedValueException(code: 0): The stream or file \"/var/www/html/storage/logs/security-2026-08-30.log\" could not be opened in append mode: Failed to open stream: Permission denied
The exception occurred while attempting to log: The stream or file \"/var/www/html/storage/logs/security-2026-08-30.log\" could not be opened in append mode: Failed to open stream: Permission denied
The exception occurred while attempting to log: No application encryption key has been specified.
Context: {\"exception\":{}}
Context: {\"exception\":{}} at /var/www/html/vendor/monolog/monolog/src/Monolog/Handler/StreamHandler.php:164)
[stacktrace]
#0 /var/www/html/vendor/monolog/monolog/src/Monolog/Handler/RotatingFileHandler.php(113): Monolog\\Handler\\StreamHandler->write(Object(Monolog\\LogRecord))
#1 /var/www/html/vendor/monolog/monolog/src/Monolog/Handler/AbstractProcessingHandler.php(44): Monolog\\Handler\\RotatingFileHandler->write(Object(Monolog\\LogRecord))
#2 /var/www/html/vendor/monolog/monolog/src/Monolog/Logger.php(391): Monolog\\Handler\\AbstractProcessingHandler->handle(Object(Monolog\\LogRecord))
#3 /var/www/html/vendor/monolog/monolog/src/Monolog/Logger.php(646): Monolog\\Logger->addRecord(Monolog\\Level::Error, 'The stream or f...', Array)
#4 /var/www/html/vendor/laravel/framework/src/Illuminate/Log/Logger.php(184): Monolog\\Logger->error('The stream or f...', Array)
#5 /var/www/html/vendor/laravel/framework/src/Illuminate/Log/Logger.php(97): Illuminate\\Log\\Logger->writeLog('error', 'The stream or f...', Array)
#6 /var/www/html/vendor/laravel/framework/src/Illuminate/Log/LogManager.php(701): Illuminate\\Log\\Logger->error('The stream or f...', Array)
#7 /var/www/html/vendor/laravel/framework/src/Illuminate/Foundation/Exceptions/Handler.php(380): Illuminate\\Log\\LogManager->error('The stream or f...', Array)
#8 /var/www/html/vendor/laravel/framework/src/Illuminate/Foundation/Exceptions/Handler.php(343): Illuminate\\Foundation\\Exceptions\\Handler->reportThrowable(Object(UnexpectedValueException))
#9 /var/www/html/vendor/laravel/framework/src/Illuminate/Routing/Pipeline.php(49): Illuminate\\Foundation\\Exceptions\\Handler->report(Object(UnexpectedValueException))
#10 /var/www/html/vendor/laravel/framework/src/Illuminate/Pipeline/Pipeline.php(172): Illuminate\\Routing\\Pipeline->handleException(Object(Illuminate\\Http\\Request), Object(UnexpectedValueException))
#11 /var/www/html/vendor/livewire/livewire/src/Features/SupportDisablingBackButtonCache/DisableBackButtonCacheMiddleware.php(19): Illuminate\\Pipeline\\Pipeline->{closure:Illuminate\\Pipeline\\Pipeline::prepareDestination():168}(Object(Illuminate\\Http\\Request))
#12 /var/www/html/vendor/laravel/framework/src/Illuminate/Pipeline/Pipeline.php(209): Livewire\\Features\\SupportDisablingBackButtonCache\\DisableBackButtonCacheMiddleware->handle(Object(Illuminate\\Http\\Request), Object(Closure))
#13 /var/www/html/vendor/laravel/framework/src/Illuminate/Foundation/Http/Middleware/TransformsRequest.php(21): Illuminate\\Pipeline\\Pipeline->{closure:{closure:Illuminate\\Pipeline\\Pipeline::carry():184}:185}(Object(Illuminate\\Http\\Request))
#14 /var/www/html/vendor/laravel/framework/src/Illuminate/Foundation/Http/Middleware/ConvertEmptyStringsToNull.php(31): Illuminate\\Foundation\\Http\\Middleware\\TransformsRequest->handle(Object(Illuminate\\Http\\Request), Object(Closure))
#15 /var/www/html/vendor/laravel/framework/src/Illuminate/Pipeline/Pipeline.php(209): Illuminate\\Foundation\\Http\\Middleware\\ConvertEmptyStringsToNull->handle(Object(Illuminate\\Http\\Request), Object(Closure))
#16 /var/www/html/vendor/laravel/framework/src/Illuminate/Foundation/Http/Middleware/TransformsRequest.php(21): Illuminate\\Pipeline\\Pipeline->{closure:{closure:Illuminate\\Pipeline\\Pipeline::carry():184}:185}(Object(Illuminate\\Http\\Request))
#17 /var/www/html/vendor/laravel/framework/src/Illuminate/Foundation/Http/Middleware/TrimStrings.php(51): Illuminate\\Foundation\\Http\\Middleware\\TransformsRequest->handle(Object(Illuminate\\Http\\Request), Object(Closure))
#18 /var/www/html/vendor/laravel/framework/src/Illuminate/Pipeline/Pipeline.php(209): Illuminate\\Foundation\\Http\\Middleware\\TrimStrings->handle(Object(Illuminate\\Http\\Request), Object(Closure))
#19 /var/www/html/vendor/laravel/framework/src/Illuminate/Http/Middleware/ValidatePostSize.php(27): Illuminate\\Pipeline\\Pipeline->{closure:{closure:Illuminate\\Pipeline\\Pipeline::carry():184}:185}(Object(Illuminate\\Http\\Request))
#20 /var/www/html/vendor/laravel/framework/src/Illuminate/Pipeline/Pipeline.php(209): Illuminate\\Http\\Middleware\\ValidatePostSize->handle(Object(Illuminate\\Http\\Request), Object(Closure))
#21 /var/www/html/vendor/laravel/framework/src/Illuminate/Foundation/Http/Middleware/PreventRequestsDuringMaintenance.php(110): Illuminate\\Pipeline\\Pipeline->{closure:{closure:Illuminate\\Pipeline\\Pipeline::carry():184}:185}(Object(Illuminate\\Http\\Request))
#22 /var/www/html/vendor/laravel/framework/src/Illuminate/Pipeline/Pipeline.php(209): Illuminate\\Foundation\\Http\\Middleware\\PreventRequestsDuringMaintenance->handle(Object(Illuminate\\Http\\Request), Object(Closure))
#23 /var/www/html/vendor/laravel/framework/src/Illuminate/Http/Middleware/HandleCors.php(49): Illuminate\\Pipeline\\Pipeline->{closure:{closure:Illuminate\\Pipeline\\Pipeline::carry():184}:185}(Object(Illuminate\\Http\\Request))
#24 /var/www/html/vendor/laravel/framework/src/Illuminate/Pipeline/Pipeline.php(209): Illuminate\\Http\\Middleware\\HandleCors->handle(Object(Illuminate\\Http\\Request), Object(Closure))
#25 /var/www/html/vendor/laravel/framework/src/Illuminate/Http/Middleware/TrustProxies.php(58): Illuminate\\Pipeline\\Pipeline->{closure:{closure:Illuminate\\Pipeline\\Pipeline::carry():184}:185}(Object(Illuminate\\Http\\Request))
#26 /var/www/html/vendor/laravel/framework/src/Illuminate/Pipeline/Pipeline.php(209): Illuminate\\Http\\Middleware\\TrustProxies->handle(Object(Illuminate\\Http\\Request), Object(Closure))
#27 /var/www/html/vendor/laravel/framework/src/Illuminate/Foundation/Http/Middleware/InvokeDeferredCallbacks.php(22): Illuminate\\Pipeline\\Pipeline->{closure:{closure:Illuminate\\Pipeline\\Pipeline::carry():184}:185}(Object(Illuminate\\Http\\Request))
#28 /var/www/html/vendor/laravel/framework/src/Illuminate/Pipeline/Pipeline.php(209): Illuminate\\Foundation\\Http\\Middleware\\InvokeDeferredCallbacks->handle(Object(Illuminate\\Http\\Request), Object(Closure))
#29 /var/www/html/vendor/laravel/framework/src/Illuminate/Pipeline/Pipeline.php(127): Illuminate\\Pipeline\\Pipeline->{closure:{closure:Illuminate\\Pipeline\\Pipeline::carry():184}:185}(Object(Illuminate\\Http\\Request))
#30 /var/www/html/vendor/laravel/framework/src/Illuminate/Foundation/Http/Kernel.php(176): Illuminate\\Pipeline\\Pipeline->then(Object(Closure))
#31 /var/www/html/vendor/laravel/framework/src/Illuminate/Foundation/Http/Kernel.php(145): Illuminate\\Foundation\\Http\\Kernel->sendRequestThroughRouter(Object(Illuminate\\Http\\Request))
#32 /var/www/html/vendor/laravel/framework/src/Illuminate/Foundation/Application.php(1220): Illuminate\\Foundation\\Http\\Kernel->handle(Object(Illuminate\\Http\\Request))
#33 /var/www/html/public/index.php(20): Illuminate\\Foundation\\Application->handleRequest(Object(Illuminate\\Http\\Request))
#34 {main}
"} 
[2026-08-30 03:39:46] local.ERROR: The stream or file "/var/www/html/storage/logs/security-2026-08-30.log" could not be opened in append mode: Failed to open stream: Permission denied
The exception occurred while attempting to log: The stream or file "/var/www/html/storage/logs/security-2026-08-30.log" could not be opened in append mode: Failed to open stream: Permission denied
The exception occurred while attempting to log: The stream or file "/var/www/html/storage/logs/security-2026-08-30.log" could not be opened in append mode: Failed to open stream: Permission denied
The exception occurred while attempting to log: No application encryption key has been specified.
Context: {"exception":{}}
Context: {"exception":{}}
Context: {"exception":{}} {"exception":"[object] (UnexpectedValueException(code: 0): The stream or file \"/var/www/html/storage/logs/security-2026-08-30.log\" could not be opened in append mode: Failed to open stream: Permission denied
The exception occurred while attempting to log: The stream or file \"/var/www/html/storage/logs/security-2026-08-30.log\" could not be opened in append mode: Failed to open stream: Permission denied
The exception occurred while attempting to log: The stream or file \"/var/www/html/storage/logs/security-2026-08-30.log\" could not be opened in append mode: Failed to open stream: Permission denied
The exception occurred while attempting to log: No application encryption key has been specified.
Context: {\"exception\":{}}
Context: {\"exception\":{}}
Context: {\"exception\":{}} at /var/www/html/vendor/monolog/monolog/src/Monolog/Handler/StreamHandler.php:164)
[stacktrace]
#0 /var/www/html/vendor/monolog/monolog/src/Monolog/Handler/RotatingFileHandler.php(113): Monolog\\Handler\\StreamHandler->write(Object(Monolog\\LogRecord))
#1 /var/www/html/vendor/monolog/monolog/src/Monolog/Handler/AbstractProcessingHandler.php(44): Monolog\\Handler\\RotatingFileHandler->write(Object(Monolog\\LogRecord))
#2 /var/www/html/vendor/monolog/monolog/src/Monolog/Logger.php(391): Monolog\\Handler\\AbstractProcessingHandler->handle(Object(Monolog\\LogRecord))
#3 /var/www/html/vendor/monolog/monolog/src/Monolog/Logger.php(646): Monolog\\Logger->addRecord(Monolog\\Level::Error, 'The stream or f...', Array)
#4 /var/www/html/vendor/laravel/framework/src/Illuminate/Log/Logger.php(184): Monolog\\Logger->error('The stream or f...', Array)
#5 /var/www/html/vendor/laravel/framework/src/Illuminate/Log/Logger.php(97): Illuminate\\Log\\Logger->writeLog('error', 'The stream or f...', Array)
#6 /var/www/html/vendor/laravel/framework/src/Illuminate/Log/LogManager.php(701): Illuminate\\Log\\Logger->error('The stream or f...', Array)
#7 /var/www/html/vendor/laravel/framework/src/Illuminate/Foundation/Exceptions/Handler.php(380): Illuminate\\Log\\LogManager->error('The stream or f...', Array)
#8 /var/www/html/vendor/laravel/framework/src/Illuminate/Foundation/Exceptions/Handler.php(343): Illuminate\\Foundation\\Exceptions\\Handler->reportThrowable(Object(UnexpectedValueException))
#9 /var/www/html/vendor/laravel/framework/src/Illuminate/Routing/Pipeline.php(49): Illuminate\\Foundation\\Exceptions\\Handler->report(Object(UnexpectedValueException))
#10 /var/www/html/vendor/laravel/framework/src/Illuminate/Pipeline/Pipeline.php(214): Illuminate\\Routing\\Pipeline->handleException(Object(Illuminate\\Http\\Request), Object(UnexpectedValueException))
#11 /var/www/html/vendor/laravel/framework/src/Illuminate/Foundation/Http/Middleware/TransformsRequest.php(21): Illuminate\\Pipeline\\Pipeline->{closure:{closure:Illuminate\\Pipeline\\Pipeline::carry():184}:185}(Object(Illuminate\\Http\\Request))
#12 /var/www/html/vendor/laravel/framework/src/Illuminate/Foundation/Http/Middleware/ConvertEmptyStringsToNull.php(31): Illuminate\\Foundation\\Http\\Middleware\\TransformsRequest->handle(Object(Illuminate\\Http\\Request), Object(Closure))
#13 /var/www/html/vendor/laravel/framework/src/Illuminate/Pipeline/Pipeline.php(209): Illuminate\\Foundation\\Http\\Middleware\\ConvertEmptyStringsToNull->handle(Object(Illuminate\\Http\\Request), Object(Closure))
#14 /var/www/html/vendor/laravel/framework/src/Illuminate/Foundation/Http/Middleware/TransformsRequest.php(21): Illuminate\\Pipeline\\Pipeline->{closure:{closure:Illuminate\\Pipeline\\Pipeline::carry():184}:185}(Object(Illuminate\\Http\\Request))
#15 /var/www/html/vendor/laravel/framework/src/Illuminate/Foundation/Http/Middleware/TrimStrings.php(51): Illuminate\\Foundation\\Http\\Middleware\\TransformsRequest->handle(Object(Illuminate\\Http\\Request), Object(Closure))
#16 /var/www/html/vendor/laravel/framework/src/Illuminate/Pipeline/Pipeline.php(209): Illuminate\\Foundation\\Http\\Middleware\\TrimStrings->handle(Object(Illuminate\\Http\\Request), Object(Closure))
#17 /var/www/html/vendor/laravel/framework/src/Illuminate/Http/Middleware/ValidatePostSize.php(27): Illuminate\\Pipeline\\Pipeline->{closure:{closure:Illuminate\\Pipeline\\Pipeline::carry():184}:185}(Object(Illuminate\\Http\\Request))
#18 /var/www/html/vendor/laravel/framework/src/Illuminate/Pipeline/Pipeline.php(209): Illuminate\\Http\\Middleware\\ValidatePostSize->handle(Object(Illuminate\\Http\\Request), Object(Closure))
#19 /var/www/html/vendor/laravel/framework/src/Illuminate/Foundation/Http/Middleware/PreventRequestsDuringMaintenance.php(110): Illuminate\\Pipeline\\Pipeline->{closure:{closure:Illuminate\\Pipeline\\Pipeline::carry():184}:185}(Object(Illuminate\\Http\\Request))
#20 /var/www/html/vendor/laravel/framework/src/Illuminate/Pipeline/Pipeline.php(209): Illuminate\\Foundation\\Http\\Middleware\\PreventRequestsDuringMaintenance->handle(Object(Illuminate\\Http\\Request), Object(Closure))
#21 /var/www/html/vendor/laravel/framework/src/Illuminate/Http/Middleware/HandleCors.php(49): Illuminate\\Pipeline\\Pipeline->{closure:{closure:Illuminate\\Pipeline\\Pipeline::carry():184}:185}(Object(Illuminate\\Http\\Request))
#22 /var/www/html/vendor/laravel/framework/src/Illuminate/Pipeline/Pipeline.php(209): Illuminate\\Http\\Middleware\\HandleCors->handle(Object(Illuminate\\Http\\Request), Object(Closure))
#23 /var/www/html/vendor/laravel/framework/src/Illuminate/Http/Middleware/TrustProxies.php(58): Illuminate\\Pipeline\\Pipeline->{closure:{closure:Illuminate\\Pipeline\\Pipeline::carry():184}:185}(Object(Illuminate\\Http\\Request))
#24 /var/www/html/vendor/laravel/framework/src/Illuminate/Pipeline/Pipeline.php(209): Illuminate\\Http\\Middleware\\TrustProxies->handle(Object(Illuminate\\Http\\Request), Object(Closure))
#25 /var/www/html/vendor/laravel/framework/src/Illuminate/Foundation/Http/Middleware/InvokeDeferredCallbacks.php(22): Illuminate\\Pipeline\\Pipeline->{closure:{closure:Illuminate\\Pipeline\\Pipeline::carry():184}:185}(Object(Illuminate\\Http\\Request))
#26 /var/www/html/vendor/laravel/framework/src/Illuminate/Pipeline/Pipeline.php(209): Illuminate\\Foundation\\Http\\Middleware\\InvokeDeferredCallbacks->handle(Object(Illuminate\\Http\\Request), Object(Closure))
#27 /var/www/html/vendor/laravel/framework/src/Illuminate/Pipeline/Pipeline.php(127): Illuminate\\Pipeline\\Pipeline->{closure:{closure:Illuminate\\Pipeline\\Pipeline::carry():184}:185}(Object(Illuminate\\Http\\Request))
#28 /var/www/html/vendor/laravel/framework/src/Illuminate/Foundation/Http/Kernel.php(176): Illuminate\\Pipeline\\Pipeline->then(Object(Closure))
#29 /var/www/html/vendor/laravel/framework/src/Illuminate/Foundation/Http/Kernel.php(145): Illuminate\\Foundation\\Http\\Kernel->sendRequestThroughRouter(Object(Illuminate\\Http\\Request))
#30 /var/www/html/vendor/laravel/framework/src/Illuminate/Foundation/Application.php(1220): Illuminate\\Foundation\\Http\\Kernel->handle(Object(Illuminate\\Http\\Request))
#31 /var/www/html/public/index.php(20): Illuminate\\Foundation\\Application->handleRequest(Object(Illuminate\\Http\\Request))
#32 {main}
"} 
[2026-08-30 03:39:46] local.ERROR: The stream or file "/var/www/html/storage/logs/security-2026-08-30.log" could not be opened in append mode: Failed to open stream: Permission denied
The exception occurred while attempting to log: The stream or file "/var/www/html/storage/logs/security-2026-08-30.log" could not be opened in append mode: Failed to open stream: Permission denied
The exception occurred while attempting to log: The stream or file "/var/www/html/storage/logs/security-2026-08-30.log" could not be opened in append mode: Failed to open stream: Permission denied
The exception occurred while attempting to log: The stream or file "/var/www/html/storage/logs/security-2026-08-30.log" could not be opened in append mode: Failed to open stream: Permission denied
The exception occurred while attempting to log: No application encryption key has been specified.
Context: {"exception":{}}
Context: {"exception":{}}
Context: {"exception":{}}
Context: {"exception":{}} {"exception":"[object] (UnexpectedValueException(code: 0): The stream or file \"/var/www/html/storage/logs/security-2026-08-30.log\" could not be opened in append mode: Failed to open stream: Permission denied
The exception occurred while attempting to log: The stream or file \"/var/www/html/storage/logs/security-2026-08-30.log\" could not be opened in append mode: Failed to open stream: Permission denied
The exception occurred while attempting to log: The stream or file \"/var/www/html/storage/logs/security-2026-08-30.log\" could not be opened in append mode: Failed to open stream: Permission denied
The exception occurred while attempting to log: The stream or file \"/var/www/html/storage/logs/security-2026-08-30.log\" could not be opened in append mode: Failed to open stream: Permission denied
The exception occurred while attempting to log: No application encryption key has been specified.
Context: {\"exception\":{}}
Context: {\"exception\":{}}
Context: {\"exception\":{}}
Context: {\"exception\":{}} at /var/www/html/vendor/monolog/monolog/src/Monolog/Handler/StreamHandler.php:164)
[stacktrace]
#0 /var/www/html/vendor/monolog/monolog/src/Monolog/Handler/RotatingFileHandler.php(113): Monolog\\Handler\\StreamHandler->write(Object(Monolog\\LogRecord))
#1 /var/www/html/vendor/monolog/monolog/src/Monolog/Handler/AbstractProcessingHandler.php(44): Monolog\\Handler\\RotatingFileHandler->write(Object(Monolog\\LogRecord))
#2 /var/www/html/vendor/monolog/monolog/src/Monolog/Logger.php(391): Monolog\\Handler\\AbstractProcessingHandler->handle(Object(Monolog\\LogRecord))
#3 /var/www/html/vendor/monolog/monolog/src/Monolog/Logger.php(646): Monolog\\Logger->addRecord(Monolog\\Level::Error, 'The stream or f...', Array)
#4 /var/www/html/vendor/laravel/framework/src/Illuminate/Log/Logger.php(184): Monolog\\Logger->error('The stream or f...', Array)
#5 /var/www/html/vendor/laravel/framework/src/Illuminate/Log/Logger.php(97): Illuminate\\Log\\Logger->writeLog('error', 'The stream or f...', Array)
#6 /var/www/html/vendor/laravel/framework/src/Illuminate/Log/LogManager.php(701): Illuminate\\Log\\Logger->error('The stream or f...', Array)
#7 /var/www/html/vendor/laravel/framework/src/Illuminate/Foundation/Exceptions/Handler.php(380): Illuminate\\Log\\LogManager->error('The stream or f...', Array)
#8 /var/www/html/vendor/laravel/framework/src/Illuminate/Foundation/Exceptions/Handler.php(343): Illuminate\\Foundation\\Exceptions\\Handler->reportThrowable(Object(UnexpectedValueException))
#9 /var/www/html/vendor/laravel/framework/src/Illuminate/Routing/Pipeline.php(49): Illuminate\\Foundation\\Exceptions\\Handler->report(Object(UnexpectedValueException))
#10 /var/www/html/vendor/laravel/framework/src/Illuminate/Pipeline/Pipeline.php(214): Illuminate\\Routing\\Pipeline->handleException(Object(Illuminate\\Http\\Request), Object(UnexpectedValueException))
#11 /var/www/html/vendor/laravel/framework/src/Illuminate/Foundation/Http/Middleware/TransformsRequest.php(21): Illuminate\\Pipeline\\Pipeline->{closure:{closure:Illuminate\\Pipeline\\Pipeline::carry():184}:185}(Object(Illuminate\\Http\\Request))
#12 /var/www/html/vendor/laravel/framework/src/Illuminate/Foundation/Http/Middleware/TrimStrings.php(51): Illuminate\\Foundation\\Http\\Middleware\\TransformsRequest->handle(Object(Illuminate\\Http\\Request), Object(Closure))
#13 /var/www/html/vendor/laravel/framework/src/Illuminate/Pipeline/Pipeline.php(209): Illuminate\\Foundation\\Http\\Middleware\\TrimStrings->handle(Object(Illuminate\\Http\\Request), Object(Closure))
#14 /var/www/html/vendor/laravel/framework/src/Illuminate/Http/Middleware/ValidatePostSize.php(27): Illuminate\\Pipeline\\Pipeline->{closure:{closure:Illuminate\\Pipeline\\Pipeline::carry():184}:185}(Object(Illuminate\\Http\\Request))
#15 /var/www/html/vendor/laravel/framework/src/Illuminate/Pipeline/Pipeline.php(209): Illuminate\\Http\\Middleware\\ValidatePostSize->handle(Object(Illuminate\\Http\\Request), Object(Closure))
#16 /var/www/html/vendor/laravel/framework/src/Illuminate/Foundation/Http/Middleware/PreventRequestsDuringMaintenance.php(110): Illuminate\\Pipeline\\Pipeline->{closure:{closure:Illuminate\\Pipeline\\Pipeline::carry():184}:185}(Object(Illuminate\\Http\\Request))
#17 /var/www/html/vendor/laravel/framework/src/Illuminate/Pipeline/Pipeline.php(209): Illuminate\\Foundation\\Http\\Middleware\\PreventRequestsDuringMaintenance->handle(Object(Illuminate\\Http\\Request), Object(Closure))
#18 /var/www/html/vendor/laravel/framework/src/Illuminate/Http/Middleware/HandleCors.php(49): Illuminate\\Pipeline\\Pipeline->{closure:{closure:Illuminate\\Pipeline\\Pipeline::carry():184}:185}(Object(Illuminate\\Http\\Request))
#19 /var/www/html/vendor/laravel/framework/src/Illuminate/Pipeline/Pipeline.php(209): Illuminate\\Http\\Middleware\\HandleCors->handle(Object(Illuminate\\Http\\Request), Object(Closure))
#20 /var/www/html/vendor/laravel/framework/src/Illuminate/Http/Middleware/TrustProxies.php(58): Illuminate\\Pipeline\\Pipeline->{closure:{closure:Illuminate\\Pipeline\\Pipeline::carry():184}:185}(Object(Illuminate\\Http\\Request))
#21 /var/www/html/vendor/laravel/framework/src/Illuminate/Pipeline/Pipeline.php(209): Illuminate\\Http\\Middleware\\TrustProxies->handle(Object(Illuminate\\Http\\Request), Object(Closure))
#22 /var/www/html/vendor/laravel/framework/src/Illuminate/Foundation/Http/Middleware/InvokeDeferredCallbacks.php(22): Illuminate\\Pipeline\\Pipeline->{closure:{closure:Illuminate\\Pipeline\\Pipeline::carry():184}:185}(Object(Illuminate\\Http\\Request))
#23 /var/www/html/vendor/laravel/framework/src/Illuminate/Pipeline/Pipeline.php(209): Illuminate\\Foundation\\Http\\Middleware\\InvokeDeferredCallbacks->handle(Object(Illuminate\\Http\\Request), Object(Closure))
#24 /var/www/html/vendor/laravel/framework/src/Illuminate/Pipeline/Pipeline.php(127): Illuminate\\Pipeline\\Pipeline->{closure:{closure:Illuminate\\Pipeline\\Pipeline::carry():184}:185}(Object(Illuminate\\Http\\Request))
#25 /var/www/html/vendor/laravel/framework/src/Illuminate/Foundation/Http/Kernel.php(176): Illuminate\\Pipeline\\Pipeline->then(Object(Closure))
#26 /var/www/html/vendor/laravel/framework/src/Illuminate/Foundation/Http/Kernel.php(145): Illuminate\\Foundation\\Http\\Kernel->sendRequestThroughRouter(Object(Illuminate\\Http\\Request))
#27 /var/www/html/vendor/laravel/framework/src/Illuminate/Foundation/Application.php(1220): Illuminate\\Foundation\\Http\\Kernel->handle(Object(Illuminate\\Http\\Request))
#28 /var/www/html/public/index.php(20): Illuminate\\Foundation\\Application->handleRequest(Object(Illuminate\\Http\\Request))
#29 {main}
"} 
[2026-08-30 03:39:46] local.ERROR: The stream or file "/var/www/html/storage/logs/security-2026-08-30.log" could not be opened in append mode: Failed to open stream: Permission denied
The exception occurred while attempting to log: The stream or file "/var/www/html/storage/logs/security-2026-08-30.log" could not be opened in append mode: Failed to open stream: Permission denied
The exception occurred while attempting to log: The stream or file "/var/www/html/storage/logs/security-2026-08-30.log" could not be opened in append mode: Failed to open stream: Permission denied
The exception occurred while attempting to log: The stream or file "/var/www/html/storage/logs/security-2026-08-30.log" could not be opened in append mode: Failed to open stream: Permission denied
The exception occurred while attempting to log: The stream or file "/var/www/html/storage/logs/security-2026-08-30.log" could not be opened in append mode: Failed to open stream: Permission denied
The exception occurred while attempting to log: No application encryption key has been specified.
Context: {"exception":{}}
Context: {"exception":{}}
Context: {"exception":{}}
Context: {"exception":{}}
Context: {"exception":{}} {"exception":"[object] (UnexpectedValueException(code: 0): The stream or file \"/var/www/html/storage/logs/security-2026-08-30.log\" could not be opened in append mode: Failed to open stream: Permission denied
The exception occurred while attempting to log: The stream or file \"/var/www/html/storage/logs/security-2026-08-30.log\" could not be opened in append mode: Failed to open stream: Permission denied
The exception occurred while attempting to log: The stream or file \"/var/www/html/storage/logs/security-2026-08-30.log\" could not be opened in append mode: Failed to open stream: Permission denied
The exception occurred while attempting to log: The stream or file \"/var/www/html/storage/logs/security-2026-08-30.log\" could not be opened in append mode: Failed to open stream: Permission denied
The exception occurred while attempting to log: The stream or file \"/var/www/html/storage/logs/security-2026-08-30.log\" could not be opened in append mode: Failed to open stream: Permission denied
The exception occurred while attempting to log: No application encryption key has been specified.
Context: {\"exception\":{}}
Context: {\"exception\":{}}
Context: {\"exception\":{}}
Context: {\"exception\":{}}
Context: {\"exception\":{}} at /var/www/html/vendor/monolog/monolog/src/Monolog/Handler/StreamHandler.php:164)
[stacktrace]
#0 /var/www/html/vendor/monolog/monolog/src/Monolog/Handler/RotatingFileHandler.php(113): Monolog\\Handler\\StreamHandler->write(Object(Monolog\\LogRecord))
#1 /var/www/html/vendor/monolog/monolog/src/Monolog/Handler/AbstractProcessingHandler.php(44): Monolog\\Handler\\RotatingFileHandler->write(Object(Monolog\\LogRecord))
#2 /var/www/html/vendor/monolog/monolog/src/Monolog/Logger.php(391): Monolog\\Handler\\AbstractProcessingHandler->handle(Object(Monolog\\LogRecord))
#3 /var/www/html/vendor/monolog/monolog/src/Monolog/Logger.php(646): Monolog\\Logger->addRecord(Monolog\\Level::Error, 'The stream or f...', Array)
#4 /var/www/html/vendor/laravel/framework/src/Illuminate/Log/Logger.php(184): Monolog\\Logger->error('The stream or f...', Array)
#5 /var/www/html/vendor/laravel/framework/src/Illuminate/Log/Logger.php(97): Illuminate\\Log\\Logger->writeLog('error', 'The stream or f...', Array)
#6 /var/www/html/vendor/laravel/framework/src/Illuminate/Log/LogManager.php(701): Illuminate\\Log\\Logger->error('The stream or f...', Array)
#7 /var/www/html/vendor/laravel/framework/src/Illuminate/Foundation/Exceptions/Handler.php(380): Illuminate\\Log\\LogManager->error('The stream or f...', Array)
#8 /var/www/html/vendor/laravel/framework/src/Illuminate/Foundation/Exceptions/Handler.php(343): Illuminate\\Foundation\\Exceptions\\Handler->reportThrowable(Object(UnexpectedValueException))
#9 /var/www/html/vendor/laravel/framework/src/Illuminate/Routing/Pipeline.php(49): Illuminate\\Foundation\\Exceptions\\Handler->report(Object(UnexpectedValueException))
#10 /var/www/html/vendor/laravel/framework/src/Illuminate/Pipeline/Pipeline.php(214): Illuminate\\Routing\\Pipeline->handleException(Object(Illuminate\\Http\\Request), Object(UnexpectedValueException))
#11 /var/www/html/vendor/laravel/framework/src/Illuminate/Http/Middleware/ValidatePostSize.php(27): Illuminate\\Pipeline\\Pipeline->{closure:{closure:Illuminate\\Pipeline\\Pipeline::carry():184}:185}(Object(Illuminate\\Http\\Request))
#12 /var/www/html/vendor/laravel/framework/src/Illuminate/Pipeline/Pipeline.php(209): Illuminate\\Http\\Middleware\\ValidatePostSize->handle(Object(Illuminate\\Http\\Request), Object(Closure))
#13 /var/www/html/vendor/laravel/framework/src/Illuminate/Foundation/Http/Middleware/PreventRequestsDuringMaintenance.php(110): Illuminate\\Pipeline\\Pipeline->{closure:{closure:Illuminate\\Pipeline\\Pipeline::carry():184}:185}(Object(Illuminate\\Http\\Request))
#14 /var/www/html/vendor/laravel/framework/src/Illuminate/Pipeline/Pipeline.php(209): Illuminate\\Foundation\\Http\\Middleware\\PreventRequestsDuringMaintenance->handle(Object(Illuminate\\Http\\Request), Object(Closure))
#15 /var/www/html/vendor/laravel/framework/src/Illuminate/Http/Middleware/HandleCors.php(49): Illuminate\\Pipeline\\Pipeline->{closure:{closure:Illuminate\\Pipeline\\Pipeline::carry():184}:185}(Object(Illuminate\\Http\\Request))
#16 /var/www/html/vendor/laravel/framework/src/Illuminate/Pipeline/Pipeline.php(209): Illuminate\\Http\\Middleware\\HandleCors->handle(Object(Illuminate\\Http\\Request), Object(Closure))
#17 /var/www/html/vendor/laravel/framework/src/Illuminate/Http/Middleware/TrustProxies.php(58): Illuminate\\Pipeline\\Pipeline->{closure:{closure:Illuminate\\Pipeline\\Pipeline::carry():184}:185}(Object(Illuminate\\Http\\Request))
#18 /var/www/html/vendor/laravel/framework/src/Illuminate/Pipeline/Pipeline.php(209): Illuminate\\Http\\Middleware\\TrustProxies->handle(Object(Illuminate\\Http\\Request), Object(Closure))
#19 /var/www/html/vendor/laravel/framework/src/Illuminate/Foundation/Http/Middleware/InvokeDeferredCallbacks.php(22): Illuminate\\Pipeline\\Pipeline->{closure:{closure:Illuminate\\Pipeline\\Pipeline::carry():184}:185}(Object(Illuminate\\Http\\Request))
#20 /var/www/html/vendor/laravel/framework/src/Illuminate/Pipeline/Pipeline.php(209): Illuminate\\Foundation\\Http\\Middleware\\InvokeDeferredCallbacks->handle(Object(Illuminate\\Http\\Request), Object(Closure))
#21 /var/www/html/vendor/laravel/framework/src/Illuminate/Pipeline/Pipeline.php(127): Illuminate\\Pipeline\\Pipeline->{closure:{closure:Illuminate\\Pipeline\\Pipeline::carry():184}:185}(Object(Illuminate\\Http\\Request))
#22 /var/www/html/vendor/laravel/framework/src/Illuminate/Foundation/Http/Kernel.php(176): Illuminate\\Pipeline\\Pipeline->then(Object(Closure))
#23 /var/www/html/vendor/laravel/framework/src/Illuminate/Foundation/Http/Kernel.php(145): Illuminate\\Foundation\\Http\\Kernel->sendRequestThroughRouter(Object(Illuminate\\Http\\Request))
#24 /var/www/html/vendor/laravel/framework/src/Illuminate/Foundation/Application.php(1220): Illuminate\\Foundation\\Http\\Kernel->handle(Object(Illuminate\\Http\\Request))
#25 /var/www/html/public/index.php(20): Illuminate\\Foundation\\Application->handleRequest(Object(Illuminate\\Http\\Request))
#26 {main}
"} 
[2026-08-30 03:39:46] local.ERROR: The stream or file "/var/www/html/storage/logs/security-2026-08-30.log" could not be opened in append mode: Failed to open stream: Permission denied
The exception occurred while attempting to log: The stream or file "/var/www/html/storage/logs/security-2026-08-30.log" could not be opened in append mode: Failed to open stream: Permission denied
The exception occurred while attempting to log: The stream or file "/var/www/html/storage/logs/security-2026-08-30.log" could not be opened in append mode: Failed to open stream: Permission denied
The exception occurred while attempting to log: The stream or file "/var/www/html/storage/logs/security-2026-08-30.log" could not be opened in append mode: Failed to open stream: Permission denied
The exception occurred while attempting to log: The stream or file "/var/www/html/storage/logs/security-2026-08-30.log" could not be opened in append mode: Failed to open stream: Permission denied
The exception occurred while attempting to log: The stream or file "/var/www/html/storage/logs/security-2026-08-30.log" could not be opened in append mode: Failed to open stream: Permission denied
The exception occurred while attempting to log: No application encryption key has been specified.
Context: {"exception":{}}
Context: {"exception":{}}
Context: {"exception":{}}
Context: {"exception":{}}
Context: {"exception":{}}
Context: {"exception":{}} {"exception":"[object] (UnexpectedValueException(code: 0): The stream or file \"/var/www/html/storage/logs/security-2026-08-30.log\" could not be opened in append mode: Failed to open stream: Permission denied
The exception occurred while attempting to log: The stream or file \"/var/www/html/storage/logs/security-2026-08-30.log\" could not be opened in append mode: Failed to open stream: Permission denied
The exception occurred while attempting to log: The stream or file \"/var/www/html/storage/logs/security-2026-08-30.log\" could not be opened in append mode: Failed to open stream: Permission denied
The exception occurred while attempting to log: The stream or file \"/var/www/html/storage/logs/security-2026-08-30.log\" could not be opened in append mode: Failed to open stream: Permission denied
The exception occurred while attempting to log: The stream or file \"/var/www/html/storage/logs/security-2026-08-30.log\" could not be opened in append mode: Failed to open stream: Permission denied
The exception occurred while attempting to log: The stream or file \"/var/www/html/storage/logs/security-2026-08-30.log\" could not be opened in append mode: Failed to open stream: Permission denied
The exception occurred while attempting to log: No application encryption key has been specified.
Context: {\"exception\":{}}
Context: {\"exception\":{}}
Context: {\"exception\":{}}
Context: {\"exception\":{}}
Context: {\"exception\":{}}
Context: {\"exception\":{}} at /var/www/html/vendor/monolog/monolog/src/Monolog/Handler/StreamHandler.php:164)
[stacktrace]
#0 /var/www/html/vendor/monolog/monolog/src/Monolog/Handler/RotatingFileHandler.php(113): Monolog\\Handler\\StreamHandler->write(Object(Monolog\\LogRecord))
#1 /var/www/html/vendor/monolog/monolog/src/Monolog/Handler/AbstractProcessingHandler.php(44): Monolog\\Handler\\RotatingFileHandler->write(Object(Monolog\\LogRecord))
#2 /var/www/html/vendor/monolog/monolog/src/Monolog/Logger.php(391): Monolog\\Handler\\AbstractProcessingHandler->handle(Object(Monolog\\LogRecord))
#3 /var/www/html/vendor/monolog/monolog/src/Monolog/Logger.php(646): Monolog\\Logger->addRecord(Monolog\\Level::Error, 'The stream or f...', Array)
#4 /var/www/html/vendor/laravel/framework/src/Illuminate/Log/Logger.php(184): Monolog\\Logger->error('The stream or f...', Array)
#5 /var/www/html/vendor/laravel/framework/src/Illuminate/Log/Logger.php(97): Illuminate\\Log\\Logger->writeLog('error', 'The stream or f...', Array)
#6 /var/www/html/vendor/laravel/framework/src/Illuminate/Log/LogManager.php(701): Illuminate\\Log\\Logger->error('The stream or f...', Array)
#7 /var/www/html/vendor/laravel/framework/src/Illuminate/Foundation/Exceptions/Handler.php(380): Illuminate\\Log\\LogManager->error('The stream or f...', Array)
#8 /var/www/html/vendor/laravel/framework/src/Illuminate/Foundation/Exceptions/Handler.php(343): Illuminate\\Foundation\\Exceptions\\Handler->reportThrowable(Object(UnexpectedValueException))
#9 /var/www/html/vendor/laravel/framework/src/Illuminate/Routing/Pipeline.php(49): Illuminate\\Foundation\\Exceptions\\Handler->report(Object(UnexpectedValueException))
#10 /var/www/html/vendor/laravel/framework/src/Illuminate/Pipeline/Pipeline.php(214): Illuminate\\Routing\\Pipeline->handleException(Object(Illuminate\\Http\\Request), Object(UnexpectedValueException))
#11 /var/www/html/vendor/laravel/framework/src/Illuminate/Foundation/Http/Middleware/PreventRequestsDuringMaintenance.php(110): Illuminate\\Pipeline\\Pipeline->{closure:{closure:Illuminate\\Pipeline\\Pipeline::carry():184}:185}(Object(Illuminate\\Http\\Request))
#12 /var/www/html/vendor/laravel/framework/src/Illuminate/Pipeline/Pipeline.php(209): Illuminate\\Foundation\\Http\\Middleware\\PreventRequestsDuringMaintenance->handle(Object(Illuminate\\Http\\Request), Object(Closure))
#13 /var/www/html/vendor/laravel/framework/src/Illuminate/Http/Middleware/HandleCors.php(49): Illuminate\\Pipeline\\Pipeline->{closure:{closure:Illuminate\\Pipeline\\Pipeline::carry():184}:185}(Object(Illuminate\\Http\\Request))
#14 /var/www/html/vendor/laravel/framework/src/Illuminate/Pipeline/Pipeline.php(209): Illuminate\\Http\\Middleware\\HandleCors->handle(Object(Illuminate\\Http\\Request), Object(Closure))
#15 /var/www/html/vendor/laravel/framework/src/Illuminate/Http/Middleware/TrustProxies.php(58): Illuminate\\Pipeline\\Pipeline->{closure:{closure:Illuminate\\Pipeline\\Pipeline::carry():184}:185}(Object(Illuminate\\Http\\Request))
#16 /var/www/html/vendor/laravel/framework/src/Illuminate/Pipeline/Pipeline.php(209): Illuminate\\Http\\Middleware\\TrustProxies->handle(Object(Illuminate\\Http\\Request), Object(Closure))
#17 /var/www/html/vendor/laravel/framework/src/Illuminate/Foundation/Http/Middleware/InvokeDeferredCallbacks.php(22): Illuminate\\Pipeline\\Pipeline->{closure:{closure:Illuminate\\Pipeline\\Pipeline::carry():184}:185}(Object(Illuminate\\Http\\Request))
#18 /var/www/html/vendor/laravel/framework/src/Illuminate/Pipeline/Pipeline.php(209): Illuminate\\Foundation\\Http\\Middleware\\InvokeDeferredCallbacks->handle(Object(Illuminate\\Http\\Request), Object(Closure))
#19 /var/www/html/vendor/laravel/framework/src/Illuminate/Pipeline/Pipeline.php(127): Illuminate\\Pipeline\\Pipeline->{closure:{closure:Illuminate\\Pipeline\\Pipeline::carry():184}:185}(Object(Illuminate\\Http\\Request))
#20 /var/www/html/vendor/laravel/framework/src/Illuminate/Foundation/Http/Kernel.php(176): Illuminate\\Pipeline\\Pipeline->then(Object(Closure))
#21 /var/www/html/vendor/laravel/framework/src/Illuminate/Foundation/Http/Kernel.php(145): Illuminate\\Foundation\\Http\\Kernel->sendRequestThroughRouter(Object(Illuminate\\Http\\Request))
#22 /var/www/html/vendor/laravel/framework/src/Illuminate/Foundation/Application.php(1220): Illuminate\\Foundation\\Http\\Kernel->handle(Object(Illuminate\\Http\\Request))
#23 /var/www/html/public/index.php(20): Illuminate\\Foundation\\Application->handleRequest(Object(Illuminate\\Http\\Request))
#24 {main}
"} 
[2026-08-30 03:39:46] local.ERROR: The stream or file "/var/www/html/storage/logs/security-2026-08-30.log" could not be opened in append mode: Failed to open stream: Permission denied
The exception occurred while attempting to log: The stream or file "/var/www/html/storage/logs/security-2026-08-30.log" could not be opened in append mode: Failed to open stream: Permission denied
The exception occurred while attempting to log: The stream or file "/var/www/html/storage/logs/security-2026-08-30.log" could not be opened in append mode: Failed to open stream: Permission denied
The exception occurred while attempting to log: The stream or file "/var/www/html/storage/logs/security-2026-08-30.log" could not be opened in append mode: Failed to open stream: Permission denied
The exception occurred while attempting to log: The stream or file "/var/www/html/storage/logs/security-2026-08-30.log" could not be opened in append mode: Failed to open stream: Permission denied
The exception occurred while attempting to log: The stream or file "/var/www/html/storage/logs/security-2026-08-30.log" could not be opened in append mode: Failed to open stream: Permission denied
The exception occurred while attempting to log: The stream or file "/var/www/html/storage/logs/security-2026-08-30.log" could not be opened in append mode: Failed to open stream: Permission denied
The exception occurred while attempting to log: No application encryption key has been specified.
Context: {"exception":{}}
Context: {"exception":{}}
Context: {"exception":{}}
Context: {"exception":{}}
Context: {"exception":{}}
Context: {"exception":{}}
Context: {"exception":{}} {"exception":"[object] (UnexpectedValueException(code: 0): The stream or file \"/var/www/html/storage/logs/security-2026-08-30.log\" could not be opened in append mode: Failed to open stream: Permission denied
The exception occurred while attempting to log: The stream or file \"/var/www/html/storage/logs/security-2026-08-30.log\" could not be opened in append mode: Failed to open stream: Permission denied
The exception occurred while attempting to log: The stream or file \"/var/www/html/storage/logs/security-2026-08-30.log\" could not be opened in append mode: Failed to open stream: Permission denied
The exception occurred while attempting to log: The stream or file \"/var/www/html/storage/logs/security-2026-08-30.log\" could not be opened in append mode: Failed to open stream: Permission denied
The exception occurred while attempting to log: The stream or file \"/var/www/html/storage/logs/security-2026-08-30.log\" could not be opened in append mode: Failed to open stream: Permission denied
The exception occurred while attempting to log: The stream or file \"/var/www/html/storage/logs/security-2026-08-30.log\" could not be opened in append mode: Failed to open stream: Permission denied
The exception occurred while attempting to log: The stream or file \"/var/www/html/storage/logs/security-2026-08-30.log\" could not be opened in append mode: Failed to open stream: Permission denied
The exception occurred while attempting to log: No application encryption key has been specified.
Context: {\"exception\":{}}
Context: {\"exception\":{}}
Context: {\"exception\":{}}
Context: {\"exception\":{}}
Context: {\"exception\":{}}
Context: {\"exception\":{}}
Context: {\"exception\":{}} at /var/www/html/vendor/monolog/monolog/src/Monolog/Handler/StreamHandler.php:164)
[stacktrace]
#0 /var/www/html/vendor/monolog/monolog/src/Monolog/Handler/RotatingFileHandler.php(113): Monolog\\Handler\\StreamHandler->write(Object(Monolog\\LogRecord))
#1 /var/www/html/vendor/monolog/monolog/src/Monolog/Handler/AbstractProcessingHandler.php(44): Monolog\\Handler\\RotatingFileHandler->write(Object(Monolog\\LogRecord))
#2 /var/www/html/vendor/monolog/monolog/src/Monolog/Logger.php(391): Monolog\\Handler\\AbstractProcessingHandler->handle(Object(Monolog\\LogRecord))
#3 /var/www/html/vendor/monolog/monolog/src/Monolog/Logger.php(646): Monolog\\Logger->addRecord(Monolog\\Level::Error, 'The stream or f...', Array)
#4 /var/www/html/vendor/laravel/framework/src/Illuminate/Log/Logger.php(184): Monolog\\Logger->error('The stream or f...', Array)
#5 /var/www/html/vendor/laravel/framework/src/Illuminate/Log/Logger.php(97): Illuminate\\Log\\Logger->writeLog('error', 'The stream or f...', Array)
#6 /var/www/html/vendor/laravel/framework/src/Illuminate/Log/LogManager.php(701): Illuminate\\Log\\Logger->error('The stream or f...', Array)
#7 /var/www/html/vendor/laravel/framework/src/Illuminate/Foundation/Exceptions/Handler.php(380): Illuminate\\Log\\LogManager->error('The stream or f...', Array)
#8 /var/www/html/vendor/laravel/framework/src/Illuminate/Foundation/Exceptions/Handler.php(343): Illuminate\\Foundation\\Exceptions\\Handler->reportThrowable(Object(UnexpectedValueException))
#9 /var/www/html/vendor/laravel/framework/src/Illuminate/Routing/Pipeline.php(49): Illuminate\\Foundation\\Exceptions\\Handler->report(Object(UnexpectedValueException))
#10 /var/www/html/vendor/laravel/framework/src/Illuminate/Pipeline/Pipeline.php(214): Illuminate\\Routing\\Pipeline->handleException(Object(Illuminate\\Http\\Request), Object(UnexpectedValueException))
#11 /var/www/html/vendor/laravel/framework/src/Illuminate/Http/Middleware/HandleCors.php(49): Illuminate\\Pipeline\\Pipeline->{closure:{closure:Illuminate\\Pipeline\\Pipeline::carry():184}:185}(Object(Illuminate\\Http\\Request))
#12 /var/www/html/vendor/laravel/framework/src/Illuminate/Pipeline/Pipeline.php(209): Illuminate\\Http\\Middleware\\HandleCors->handle(Object(Illuminate\\Http\\Request), Object(Closure))
#13 /var/www/html/vendor/laravel/framework/src/Illuminate/Http/Middleware/TrustProxies.php(58): Illuminate\\Pipeline\\Pipeline->{closure:{closure:Illuminate\\Pipeline\\Pipeline::carry():184}:185}(Object(Illuminate\\Http\\Request))
#14 /var/www/html/vendor/laravel/framework/src/Illuminate/Pipeline/Pipeline.php(209): Illuminate\\Http\\Middleware\\TrustProxies->handle(Object(Illuminate\\Http\\Request), Object(Closure))
#15 /var/www/html/vendor/laravel/framework/src/Illuminate/Foundation/Http/Middleware/InvokeDeferredCallbacks.php(22): Illuminate\\Pipeline\\Pipeline->{closure:{closure:Illuminate\\Pipeline\\Pipeline::carry():184}:185}(Object(Illuminate\\Http\\Request))
#16 /var/www/html/vendor/laravel/framework/src/Illuminate/Pipeline/Pipeline.php(209): Illuminate\\Foundation\\Http\\Middleware\\InvokeDeferredCallbacks->handle(Object(Illuminate\\Http\\Request), Object(Closure))
#17 /var/www/html/vendor/laravel/framework/src/Illuminate/Pipeline/Pipeline.php(127): Illuminate\\Pipeline\\Pipeline->{closure:{closure:Illuminate\\Pipeline\\Pipeline::carry():184}:185}(Object(Illuminate\\Http\\Request))
#18 /var/www/html/vendor/laravel/framework/src/Illuminate/Foundation/Http/Kernel.php(176): Illuminate\\Pipeline\\Pipeline->then(Object(Closure))
#19 /var/www/html/vendor/laravel/framework/src/Illuminate/Foundation/Http/Kernel.php(145): Illuminate\\Foundation\\Http\\Kernel->sendRequestThroughRouter(Object(Illuminate\\Http\\Request))
#20 /var/www/html/vendor/laravel/framework/src/Illuminate/Foundation/Application.php(1220): Illuminate\\Foundation\\Http\\Kernel->handle(Object(Illuminate\\Http\\Request))
#21 /var/www/html/public/index.php(20): Illuminate\\Foundation\\Application->handleRequest(Object(Illuminate\\Http\\Request))
#22 {main}
"} 
[2026-08-30 03:39:46] local.ERROR: The stream or file "/var/www/html/storage/logs/security-2026-08-30.log" could not be opened in append mode: Failed to open stream: Permission denied
The exception occurred while attempting to log: The stream or file "/var/www/html/storage/logs/security-2026-08-30.log" could not be opened in append mode: Failed to open stream: Permission denied
The exception occurred while attempting to log: The stream or file "/var/www/html/storage/logs/security-2026-08-30.log" could not be opened in append mode: Failed to open stream: Permission denied
The exception occurred while attempting to log: The stream or file "/var/www/html/storage/logs/security-2026-08-30.log" could not be opened in append mode: Failed to open stream: Permission denied
The exception occurred while attempting to log: The stream or file "/var/www/html/storage/logs/security-2026-08-30.log" could not be opened in append mode: Failed to open stream: Permission denied
The exception occurred while attempting to log: The stream or file "/var/www/html/storage/logs/security-2026-08-30.log" could not be opened in append mode: Failed to open stream: Permission denied
The exception occurred while attempting to log: The stream or file "/var/www/html/storage/logs/security-2026-08-30.log" could not be opened in append mode: Failed to open stream: Permission denied
The exception occurred while attempting to log: The stream or file "/var/www/html/storage/logs/security-2026-08-30.log" could not be opened in append mode: Failed to open stream: Permission denied
The exception occurred while attempting to log: No application encryption key has been specified.
Context: {"exception":{}}
Context: {"exception":{}}
Context: {"exception":{}}
Context: {"exception":{}}
Context: {"exception":{}}
Context: {"exception":{}}
Context: {"exception":{}}
Context: {"exception":{}} {"exception":"[object] (UnexpectedValueException(code: 0): The stream or file \"/var/www/html/storage/logs/security-2026-08-30.log\" could not be opened in append mode: Failed to open stream: Permission denied
The exception occurred while attempting to log: The stream or file \"/var/www/html/storage/logs/security-2026-08-30.log\" could not be opened in append mode: Failed to open stream: Permission denied
The exception occurred while attempting to log: The stream or file \"/var/www/html/storage/logs/security-2026-08-30.log\" could not be opened in append mode: Failed to open stream: Permission denied
The exception occurred while attempting to log: The stream or file \"/var/www/html/storage/logs/security-2026-08-30.log\" could not be opened in append mode: Failed to open stream: Permission denied
The exception occurred while attempting to log: The stream or file \"/var/www/html/storage/logs/security-2026-08-30.log\" could not be opened in append mode: Failed to open stream: Permission denied
The exception occurred while attempting to log: The stream or file \"/var/www/html/storage/logs/security-2026-08-30.log\" could not be opened in append mode: Failed to open stream: Permission denied
The exception occurred while attempting to log: The stream or file \"/var/www/html/storage/logs/security-2026-08-30.log\" could not be opened in append mode: Failed to open stream: Permission denied
The exception occurred while attempting to log: The stream or file \"/var/www/html/storage/logs/security-2026-08-30.log\" could not be opened in append mode: Failed to open stream: Permission denied
The exception occurred while attempting to log: No application encryption key has been specified.
Context: {\"exception\":{}}
Context: {\"exception\":{}}
Context: {\"exception\":{}}
Context: {\"exception\":{}}
Context: {\"exception\":{}}
Context: {\"exception\":{}}
Context: {\"exception\":{}}
Context: {\"exception\":{}} at /var/www/html/vendor/monolog/monolog/src/Monolog/Handler/StreamHandler.php:164)
[stacktrace]
#0 /var/www/html/vendor/monolog/monolog/src/Monolog/Handler/RotatingFileHandler.php(113): Monolog\\Handler\\StreamHandler->write(Object(Monolog\\LogRecord))
#1 /var/www/html/vendor/monolog/monolog/src/Monolog/Handler/AbstractProcessingHandler.php(44): Monolog\\Handler\\RotatingFileHandler->write(Object(Monolog\\LogRecord))
#2 /var/www/html/vendor/monolog/monolog/src/Monolog/Logger.php(391): Monolog\\Handler\\AbstractProcessingHandler->handle(Object(Monolog\\LogRecord))
#3 /var/www/html/vendor/monolog/monolog/src/Monolog/Logger.php(646): Monolog\\Logger->addRecord(Monolog\\Level::Error, 'The stream or f...', Array)
#4 /var/www/html/vendor/laravel/framework/src/Illuminate/Log/Logger.php(184): Monolog\\Logger->error('The stream or f...', Array)
#5 /var/www/html/vendor/laravel/framework/src/Illuminate/Log/Logger.php(97): Illuminate\\Log\\Logger->writeLog('error', 'The stream or f...', Array)
#6 /var/www/html/vendor/laravel/framework/src/Illuminate/Log/LogManager.php(701): Illuminate\\Log\\Logger->error('The stream or f...', Array)
#7 /var/www/html/vendor/laravel/framework/src/Illuminate/Foundation/Exceptions/Handler.php(380): Illuminate\\Log\\LogManager->error('The stream or f...', Array)
#8 /var/www/html/vendor/laravel/framework/src/Illuminate/Foundation/Exceptions/Handler.php(343): Illuminate\\Foundation\\Exceptions\\Handler->reportThrowable(Object(UnexpectedValueException))
#9 /var/www/html/vendor/laravel/framework/src/Illuminate/Routing/Pipeline.php(49): Illuminate\\Foundation\\Exceptions\\Handler->report(Object(UnexpectedValueException))
#10 /var/www/html/vendor/laravel/framework/src/Illuminate/Pipeline/Pipeline.php(214): Illuminate\\Routing\\Pipeline->handleException(Object(Illuminate\\Http\\Request), Object(UnexpectedValueException))
#11 /var/www/html/vendor/laravel/framework/src/Illuminate/Http/Middleware/TrustProxies.php(58): Illuminate\\Pipeline\\Pipeline->{closure:{closure:Illuminate\\Pipeline\\Pipeline::carry():184}:185}(Object(Illuminate\\Http\\Request))
#12 /var/www/html/vendor/laravel/framework/src/Illuminate/Pipeline/Pipeline.php(209): Illuminate\\Http\\Middleware\\TrustProxies->handle(Object(Illuminate\\Http\\Request), Object(Closure))
#13 /var/www/html/vendor/laravel/framework/src/Illuminate/Foundation/Http/Middleware/InvokeDeferredCallbacks.php(22): Illuminate\\Pipeline\\Pipeline->{closure:{closure:Illuminate\\Pipeline\\Pipeline::carry():184}:185}(Object(Illuminate\\Http\\Request))
#14 /var/www/html/vendor/laravel/framework/src/Illuminate/Pipeline/Pipeline.php(209): Illuminate\\Foundation\\Http\\Middleware\\InvokeDeferredCallbacks->handle(Object(Illuminate\\Http\\Request), Object(Closure))
#15 /var/www/html/vendor/laravel/framework/src/Illuminate/Pipeline/Pipeline.php(127): Illuminate\\Pipeline\\Pipeline->{closure:{closure:Illuminate\\Pipeline\\Pipeline::carry():184}:185}(Object(Illuminate\\Http\\Request))
#16 /var/www/html/vendor/laravel/framework/src/Illuminate/Foundation/Http/Kernel.php(176): Illuminate\\Pipeline\\Pipeline->then(Object(Closure))
#17 /var/www/html/vendor/laravel/framework/src/Illuminate/Foundation/Http/Kernel.php(145): Illuminate\\Foundation\\Http\\Kernel->sendRequestThroughRouter(Object(Illuminate\\Http\\Request))
#18 /var/www/html/vendor/laravel/framework/src/Illuminate/Foundation/Application.php(1220): Illuminate\\Foundation\\Http\\Kernel->handle(Object(Illuminate\\Http\\Request))
#19 /var/www/html/public/index.php(20): Illuminate\\Foundation\\Application->handleRequest(Object(Illuminate\\Http\\Request))
#20 {main}
"} 
[2026-08-30 03:39:46] local.ERROR: The stream or file "/var/www/html/storage/logs/security-2026-08-30.log" could not be opened in append mode: Failed to open stream: Permission denied
The exception occurred while attempting to log: The stream or file "/var/www/html/storage/logs/security-2026-08-30.log" could not be opened in append mode: Failed to open stream: Permission denied
The exception occurred while attempting to log: The stream or file "/var/www/html/storage/logs/security-2026-08-30.log" could not be opened in append mode: Failed to open stream: Permission denied
The exception occurred while attempting to log: The stream or file "/var/www/html/storage/logs/security-2026-08-30.log" could not be opened in append mode: Failed to open stream: Permission denied
The exception occurred while attempting to log: The stream or file "/var/www/html/storage/logs/security-2026-08-30.log" could not be opened in append mode: Failed to open stream: Permission denied
The exception occurred while attempting to log: The stream or file "/var/www/html/storage/logs/security-2026-08-30.log" could not be opened in append mode: Failed to open stream: Permission denied
The exception occurred while attempting to log: The stream or file "/var/www/html/storage/logs/security-2026-08-30.log" could not be opened in append mode: Failed to open stream: Permission denied
The exception occurred while attempting to log: The stream or file "/var/www/html/storage/logs/security-2026-08-30.log" could not be opened in append mode: Failed to open stream: Permission denied
The exception occurred while attempting to log: The stream or file "/var/www/html/storage/logs/security-2026-08-30.log" could not be opened in append mode: Failed to open stream: Permission denied
The exception occurred while attempting to log: No application encryption key has been specified.
Context: {"exception":{}}
Context: {"exception":{}}
Context: {"exception":{}}
Context: {"exception":{}}
Context: {"exception":{}}
Context: {"exception":{}}
Context: {"exception":{}}
Context: {"exception":{}}
Context: {"exception":{}} {"exception":"[object] (UnexpectedValueException(code: 0): The stream or file \"/var/www/html/storage/logs/security-2026-08-30.log\" could not be opened in append mode: Failed to open stream: Permission denied
The exception occurred while attempting to log: The stream or file \"/var/www/html/storage/logs/security-2026-08-30.log\" could not be opened in append mode: Failed to open stream: Permission denied
The exception occurred while attempting to log: The stream or file \"/var/www/html/storage/logs/security-2026-08-30.log\" could not be opened in append mode: Failed to open stream: Permission denied
The exception occurred while attempting to log: The stream or file \"/var/www/html/storage/logs/security-2026-08-30.log\" could not be opened in append mode: Failed to open stream: Permission denied
The exception occurred while attempting to log: The stream or file \"/var/www/html/storage/logs/security-2026-08-30.log\" could not be opened in append mode: Failed to open stream: Permission denied
The exception occurred while attempting to log: The stream or file \"/var/www/html/storage/logs/security-2026-08-30.log\" could not be opened in append mode: Failed to open stream: Permission denied
The exception occurred while attempting to log: The stream or file \"/var/www/html/storage/logs/security-2026-08-30.log\" could not be opened in append mode: Failed to open stream: Permission denied
The exception occurred while attempting to log: The stream or file \"/var/www/html/storage/logs/security-2026-08-30.log\" could not be opened in append mode: Failed to open stream: Permission denied
The exception occurred while attempting to log: The stream or file \"/var/www/html/storage/logs/security-2026-08-30.log\" could not be opened in append mode: Failed to open stream: Permission denied
The exception occurred while attempting to log: No application encryption key has been specified.
Context: {\"exception\":{}}
Context: {\"exception\":{}}
Context: {\"exception\":{}}
Context: {\"exception\":{}}
Context: {\"exception\":{}}
Context: {\"exception\":{}}
Context: {\"exception\":{}}
Context: {\"exception\":{}}
Context: {\"exception\":{}} at /var/www/html/vendor/monolog/monolog/src/Monolog/Handler/StreamHandler.php:164)
[stacktrace]
#0 /var/www/html/vendor/monolog/monolog/src/Monolog/Handler/RotatingFileHandler.php(113): Monolog\\Handler\\StreamHandler->write(Object(Monolog\\LogRecord))
#1 /var/www/html/vendor/monolog/monolog/src/Monolog/Handler/AbstractProcessingHandler.php(44): Monolog\\Handler\\RotatingFileHandler->write(Object(Monolog\\LogRecord))
#2 /var/www/html/vendor/monolog/monolog/src/Monolog/Logger.php(391): Monolog\\Handler\\AbstractProcessingHandler->handle(Object(Monolog\\LogRecord))
#3 /var/www/html/vendor/monolog/monolog/src/Monolog/Logger.php(646): Monolog\\Logger->addRecord(Monolog\\Level::Error, 'The stream or f...', Array)
#4 /var/www/html/vendor/laravel/framework/src/Illuminate/Log/Logger.php(184): Monolog\\Logger->error('The stream or f...', Array)
#5 /var/www/html/vendor/laravel/framework/src/Illuminate/Log/Logger.php(97): Illuminate\\Log\\Logger->writeLog('error', 'The stream or f...', Array)
#6 /var/www/html/vendor/laravel/framework/src/Illuminate/Log/LogManager.php(701): Illuminate\\Log\\Logger->error('The stream or f...', Array)
#7 /var/www/html/vendor/laravel/framework/src/Illuminate/Foundation/Exceptions/Handler.php(380): Illuminate\\Log\\LogManager->error('The stream or f...', Array)
#8 /var/www/html/vendor/laravel/framework/src/Illuminate/Foundation/Exceptions/Handler.php(343): Illuminate\\Foundation\\Exceptions\\Handler->reportThrowable(Object(UnexpectedValueException))
#9 /var/www/html/vendor/laravel/framework/src/Illuminate/Routing/Pipeline.php(49): Illuminate\\Foundation\\Exceptions\\Handler->report(Object(UnexpectedValueException))
#10 /var/www/html/vendor/laravel/framework/src/Illuminate/Pipeline/Pipeline.php(214): Illuminate\\Routing\\Pipeline->handleException(Object(Illuminate\\Http\\Request), Object(UnexpectedValueException))
#11 /var/www/html/vendor/laravel/framework/src/Illuminate/Foundation/Http/Middleware/InvokeDeferredCallbacks.php(22): Illuminate\\Pipeline\\Pipeline->{closure:{closure:Illuminate\\Pipeline\\Pipeline::carry():184}:185}(Object(Illuminate\\Http\\Request))
#12 /var/www/html/vendor/laravel/framework/src/Illuminate/Pipeline/Pipeline.php(209): Illuminate\\Foundation\\Http\\Middleware\\InvokeDeferredCallbacks->handle(Object(Illuminate\\Http\\Request), Object(Closure))
#13 /var/www/html/vendor/laravel/framework/src/Illuminate/Pipeline/Pipeline.php(127): Illuminate\\Pipeline\\Pipeline->{closure:{closure:Illuminate\\Pipeline\\Pipeline::carry():184}:185}(Object(Illuminate\\Http\\Request))
#14 /var/www/html/vendor/laravel/framework/src/Illuminate/Foundation/Http/Kernel.php(176): Illuminate\\Pipeline\\Pipeline->then(Object(Closure))
#15 /var/www/html/vendor/laravel/framework/src/Illuminate/Foundation/Http/Kernel.php(145): Illuminate\\Foundation\\Http\\Kernel->sendRequestThroughRouter(Object(Illuminate\\Http\\Request))
#16 /var/www/html/vendor/laravel/framework/src/Illuminate/Foundation/Application.php(1220): Illuminate\\Foundation\\Http\\Kernel->handle(Object(Illuminate\\Http\\Request))
#17 /var/www/html/public/index.php(20): Illuminate\\Foundation\\Application->handleRequest(Object(Illuminate\\Http\\Request))
#18 {main}
"} 
[2026-08-30 03:39:46] local.ERROR: The stream or file "/var/www/html/storage/logs/security-2026-08-30.log" could not be opened in append mode: Failed to open stream: Permission denied
The exception occurred while attempting to log: The stream or file "/var/www/html/storage/logs/security-2026-08-30.log" could not be opened in append mode: Failed to open stream: Permission denied
The exception occurred while attempting to log: The stream or file "/var/www/html/storage/logs/security-2026-08-30.log" could not be opened in append mode: Failed to open stream: Permission denied
The exception occurred while attempting to log: The stream or file "/var/www/html/storage/logs/security-2026-08-30.log" could not be opened in append mode: Failed to open stream: Permission denied
The exception occurred while attempting to log: The stream or file "/var/www/html/storage/logs/security-2026-08-30.log" could not be opened in append mode: Failed to open stream: Permission denied
The exception occurred while attempting to log: The stream or file "/var/www/html/storage/logs/security-2026-08-30.log" could not be opened in append mode: Failed to open stream: Permission denied
The exception occurred while attempting to log: The stream or file "/var/www/html/storage/logs/security-2026-08-30.log" could not be opened in append mode: Failed to open stream: Permission denied
The exception occurred while attempting to log: The stream or file "/var/www/html/storage/logs/security-2026-08-30.log" could not be opened in append mode: Failed to open stream: Permission denied
The exception occurred while attempting to log: The stream or file "/var/www/html/storage/logs/security-2026-08-30.log" could not be opened in append mode: Failed to open stream: Permission denied
The exception occurred while attempting to log: The stream or file "/var/www/html/storage/logs/security-2026-08-30.log" could not be opened in append mode: Failed to open stream: Permission denied
The exception occurred while attempting to log: No application encryption key has been specified.
Context: {"exception":{}}
Context: {"exception":{}}
Context: {"exception":{}}
Context: {"exception":{}}
Context: {"exception":{}}
Context: {"exception":{}}
Context: {"exception":{}}
Context: {"exception":{}}
Context: {"exception":{}}
Context: {"exception":{}} {"exception":"[object] (UnexpectedValueException(code: 0): The stream or file \"/var/www/html/storage/logs/security-2026-08-30.log\" could not be opened in append mode: Failed to open stream: Permission denied
The exception occurred while attempting to log: The stream or file \"/var/www/html/storage/logs/security-2026-08-30.log\" could not be opened in append mode: Failed to open stream: Permission denied
The exception occurred while attempting to log: The stream or file \"/var/www/html/storage/logs/security-2026-08-30.log\" could not be opened in append mode: Failed to open stream: Permission denied
The exception occurred while attempting to log: The stream or file \"/var/www/html/storage/logs/security-2026-08-30.log\" could not be opened in append mode: Failed to open stream: Permission denied
The exception occurred while attempting to log: The stream or file \"/var/www/html/storage/logs/security-2026-08-30.log\" could not be opened in append mode: Failed to open stream: Permission denied
The exception occurred while attempting to log: The stream or file \"/var/www/html/storage/logs/security-2026-08-30.log\" could not be opened in append mode: Failed to open stream: Permission denied
The exception occurred while attempting to log: The stream or file \"/var/www/html/storage/logs/security-2026-08-30.log\" could not be opened in append mode: Failed to open stream: Permission denied
The exception occurred while attempting to log: The stream or file \"/var/www/html/storage/logs/security-2026-08-30.log\" could not be opened in append mode: Failed to open stream: Permission denied
The exception occurred while attempting to log: The stream or file \"/var/www/html/storage/logs/security-2026-08-30.log\" could not be opened in append mode: Failed to open stream: Permission denied
The exception occurred while attempting to log: The stream or file \"/var/www/html/storage/logs/security-2026-08-30.log\" could not be opened in append mode: Failed to open stream: Permission denied
The exception occurred while attempting to log: No application encryption key has been specified.
Context: {\"exception\":{}}
Context: {\"exception\":{}}
Context: {\"exception\":{}}
Context: {\"exception\":{}}
Context: {\"exception\":{}}
Context: {\"exception\":{}}
Context: {\"exception\":{}}
Context: {\"exception\":{}}
Context: {\"exception\":{}}
Context: {\"exception\":{}} at /var/www/html/vendor/monolog/monolog/src/Monolog/Handler/StreamHandler.php:164)
[stacktrace]
#0 /var/www/html/vendor/monolog/monolog/src/Monolog/Handler/RotatingFileHandler.php(113): Monolog\\Handler\\StreamHandler->write(Object(Monolog\\LogRecord))
#1 /var/www/html/vendor/monolog/monolog/src/Monolog/Handler/AbstractProcessingHandler.php(44): Monolog\\Handler\\RotatingFileHandler->write(Object(Monolog\\LogRecord))
#2 /var/www/html/vendor/monolog/monolog/src/Monolog/Logger.php(391): Monolog\\Handler\\AbstractProcessingHandler->handle(Object(Monolog\\LogRecord))
#3 /var/www/html/vendor/monolog/monolog/src/Monolog/Logger.php(646): Monolog\\Logger->addRecord(Monolog\\Level::Error, 'The stream or f...', Array)
#4 /var/www/html/vendor/laravel/framework/src/Illuminate/Log/Logger.php(184): Monolog\\Logger->error('The stream or f...', Array)
#5 /var/www/html/vendor/laravel/framework/src/Illuminate/Log/Logger.php(97): Illuminate\\Log\\Logger->writeLog('error', 'The stream or f...', Array)
#6 /var/www/html/vendor/laravel/framework/src/Illuminate/Log/LogManager.php(701): Illuminate\\Log\\Logger->error('The stream or f...', Array)
#7 /var/www/html/vendor/laravel/framework/src/Illuminate/Foundation/Exceptions/Handler.php(380): Illuminate\\Log\\LogManager->error('The stream or f...', Array)
#8 /var/www/html/vendor/laravel/framework/src/Illuminate/Foundation/Exceptions/Handler.php(343): Illuminate\\Foundation\\Exceptions\\Handler->reportThrowable(Object(UnexpectedValueException))
#9 /var/www/html/vendor/laravel/framework/src/Illuminate/Routing/Pipeline.php(49): Illuminate\\Foundation\\Exceptions\\Handler->report(Object(UnexpectedValueException))
#10 /var/www/html/vendor/laravel/framework/src/Illuminate/Pipeline/Pipeline.php(214): Illuminate\\Routing\\Pipeline->handleException(Object(Illuminate\\Http\\Request), Object(UnexpectedValueException))
#11 /var/www/html/vendor/laravel/framework/src/Illuminate/Pipeline/Pipeline.php(127): Illuminate\\Pipeline\\Pipeline->{closure:{closure:Illuminate\\Pipeline\\Pipeline::carry():184}:185}(Object(Illuminate\\Http\\Request))
#12 /var/www/html/vendor/laravel/framework/src/Illuminate/Foundation/Http/Kernel.php(176): Illuminate\\Pipeline\\Pipeline->then(Object(Closure))
#13 /var/www/html/vendor/laravel/framework/src/Illuminate/Foundation/Http/Kernel.php(145): Illuminate\\Foundation\\Http\\Kernel->sendRequestThroughRouter(Object(Illuminate\\Http\\Request))
#14 /var/www/html/vendor/laravel/framework/src/Illuminate/Foundation/Application.php(1220): Illuminate\\Foundation\\Http\\Kernel->handle(Object(Illuminate\\Http\\Request))
#15 /var/www/html/public/index.php(20): Illuminate\\Foundation\\Application->handleRequest(Object(Illuminate\\Http\\Request))
#16 {main}
"} 
[2026-08-30 03:39:46] local.ERROR: The stream or file "/var/www/html/storage/logs/security-2026-08-30.log" could not be opened in append mode: Failed to open stream: Permission denied
The exception occurred while attempting to log: The stream or file "/var/www/html/storage/logs/security-2026-08-30.log" could not be opened in append mode: Failed to open stream: Permission denied
The exception occurred while attempting to log: The stream or file "/var/www/html/storage/logs/security-2026-08-30.log" could not be opened in append mode: Failed to open stream: Permission denied
The exception occurred while attempting to log: The stream or file "/var/www/html/storage/logs/security-2026-08-30.log" could not be opened in append mode: Failed to open stream: Permission denied
The exception occurred while attempting to log: The stream or file "/var/www/html/storage/logs/security-2026-08-30.log" could not be opened in append mode: Failed to open stream: Permission denied
The exception occurred while attempting to log: The stream or file "/var/www/html/storage/logs/security-2026-08-30.log" could not be opened in append mode: Failed to open stream: Permission denied
The exception occurred while attempting to log: The stream or file "/var/www/html/storage/logs/security-2026-08-30.log" could not be opened in append mode: Failed to open stream: Permission denied
The exception occurred while attempting to log: The stream or file "/var/www/html/storage/logs/security-2026-08-30.log" could not be opened in append mode: Failed to open stream: Permission denied
The exception occurred while attempting to log: The stream or file "/var/www/html/storage/logs/security-2026-08-30.log" could not be opened in append mode: Failed to open stream: Permission denied
The exception occurred while attempting to log: The stream or file "/var/www/html/storage/logs/security-2026-08-30.log" could not be opened in append mode: Failed to open stream: Permission denied
The exception occurred while attempting to log: The stream or file "/var/www/html/storage/logs/security-2026-08-30.log" could not be opened in append mode: Failed to open stream: Permission denied
The exception occurred while attempting to log: No application encryption key has been specified.
Context: {"exception":{}}
Context: {"exception":{}}
Context: {"exception":{}}
Context: {"exception":{}}
Context: {"exception":{}}
Context: {"exception":{}}
Context: {"exception":{}}
Context: {"exception":{}}
Context: {"exception":{}}
Context: {"exception":{}}
Context: {"exception":{}} {"exception":"[object] (UnexpectedValueException(code: 0): The stream or file \"/var/www/html/storage/logs/security-2026-08-30.log\" could not be opened in append mode: Failed to open stream: Permission denied
The exception occurred while attempting to log: The stream or file \"/var/www/html/storage/logs/security-2026-08-30.log\" could not be opened in append mode: Failed to open stream: Permission denied
The exception occurred while attempting to log: The stream or file \"/var/www/html/storage/logs/security-2026-08-30.log\" could not be opened in append mode: Failed to open stream: Permission denied
The exception occurred while attempting to log: The stream or file \"/var/www/html/storage/logs/security-2026-08-30.log\" could not be opened in append mode: Failed to open stream: Permission denied
The exception occurred while attempting to log: The stream or file \"/var/www/html/storage/logs/security-2026-08-30.log\" could not be opened in append mode: Failed to open stream: Permission denied
The exception occurred while attempting to log: The stream or file \"/var/www/html/storage/logs/security-2026-08-30.log\" could not be opened in append mode: Failed to open stream: Permission denied
The exception occurred while attempting to log: The stream or file \"/var/www/html/storage/logs/security-2026-08-30.log\" could not be opened in append mode: Failed to open stream: Permission denied
The exception occurred while attempting to log: The stream or file \"/var/www/html/storage/logs/security-2026-08-30.log\" could not be opened in append mode: Failed to open stream: Permission denied
The exception occurred while attempting to log: The stream or file \"/var/www/html/storage/logs/security-2026-08-30.log\" could not be opened in append mode: Failed to open stream: Permission denied
The exception occurred while attempting to log: The stream or file \"/var/www/html/storage/logs/security-2026-08-30.log\" could not be opened in append mode: Failed to open stream: Permission denied
The exception occurred while attempting to log: The stream or file \"/var/www/html/storage/logs/security-2026-08-30.log\" could not be opened in append mode: Failed to open stream: Permission denied
The exception occurred while attempting to log: No application encryption key has been specified.
Context: {\"exception\":{}}
Context: {\"exception\":{}}
Context: {\"exception\":{}}
Context: {\"exception\":{}}
Context: {\"exception\":{}}
Context: {\"exception\":{}}
Context: {\"exception\":{}}
Context: {\"exception\":{}}
Context: {\"exception\":{}}
Context: {\"exception\":{}}
Context: {\"exception\":{}} at /var/www/html/vendor/monolog/monolog/src/Monolog/Handler/StreamHandler.php:164)
[stacktrace]
#0 /var/www/html/vendor/monolog/monolog/src/Monolog/Handler/RotatingFileHandler.php(113): Monolog\\Handler\\StreamHandler->write(Object(Monolog\\LogRecord))
#1 /var/www/html/vendor/monolog/monolog/src/Monolog/Handler/AbstractProcessingHandler.php(44): Monolog\\Handler\\RotatingFileHandler->write(Object(Monolog\\LogRecord))
#2 /var/www/html/vendor/monolog/monolog/src/Monolog/Logger.php(391): Monolog\\Handler\\AbstractProcessingHandler->handle(Object(Monolog\\LogRecord))
#3 /var/www/html/vendor/monolog/monolog/src/Monolog/Logger.php(646): Monolog\\Logger->addRecord(Monolog\\Level::Error, 'The stream or f...', Array)
#4 /var/www/html/vendor/laravel/framework/src/Illuminate/Log/Logger.php(184): Monolog\\Logger->error('The stream or f...', Array)
#5 /var/www/html/vendor/laravel/framework/src/Illuminate/Log/Logger.php(97): Illuminate\\Log\\Logger->writeLog('error', 'The stream or f...', Array)
#6 /var/www/html/vendor/laravel/framework/src/Illuminate/Log/LogManager.php(701): Illuminate\\Log\\Logger->error('The stream or f...', Array)
#7 /var/www/html/vendor/laravel/framework/src/Illuminate/Foundation/Exceptions/Handler.php(380): Illuminate\\Log\\LogManager->error('The stream or f...', Array)
#8 /var/www/html/vendor/laravel/framework/src/Illuminate/Foundation/Exceptions/Handler.php(343): Illuminate\\Foundation\\Exceptions\\Handler->reportThrowable(Object(UnexpectedValueException))
#9 /var/www/html/vendor/laravel/framework/src/Illuminate/Foundation/Http/Kernel.php(563): Illuminate\\Foundation\\Exceptions\\Handler->report(Object(UnexpectedValueException))
#10 /var/www/html/vendor/laravel/framework/src/Illuminate/Foundation/Http/Kernel.php(147): Illuminate\\Foundation\\Http\\Kernel->reportException(Object(UnexpectedValueException))
#11 /var/www/html/vendor/laravel/framework/src/Illuminate/Foundation/Application.php(1220): Illuminate\\Foundation\\Http\\Kernel->handle(Object(Illuminate\\Http\\Request))
#12 /var/www/html/public/index.php(20): Illuminate\\Foundation\\Application->handleRequest(Object(Illuminate\\Http\\Request))
#13 {main}
"} 
[2026-08-30 03:42:49] local.ERROR: No application encryption key has been specified. {"exception":"[object] (Illuminate\\Encryption\\MissingAppKeyException(code: 0): No application encryption key has been specified. at /var/www/html/vendor/laravel/framework/src/Illuminate/Encryption/EncryptionServiceProvider.php:83)
[stacktrace]
#0 /var/www/html/vendor/laravel/framework/src/Illuminate/Support/helpers.php(399): Illuminate\\Encryption\\EncryptionServiceProvider->{closure:Illuminate\\Encryption\\EncryptionServiceProvider::key():81}('')
#1 /var/www/html/vendor/laravel/framework/src/Illuminate/Encryption/EncryptionServiceProvider.php(81): tap('', Object(Closure))
#2 /var/www/html/vendor/laravel/framework/src/Illuminate/Encryption/EncryptionServiceProvider.php(64): Illuminate\\Encryption\\EncryptionServiceProvider->key(Array)
#3 /var/www/html/vendor/laravel/framework/src/Illuminate/Encryption/EncryptionServiceProvider.php(32): Illuminate\\Encryption\\EncryptionServiceProvider->parseKey(Array)
#4 /var/www/html/vendor/laravel/framework/src/Illuminate/Container/Container.php(952): Illuminate\\Encryption\\EncryptionServiceProvider->{closure:Illuminate\\Encryption\\EncryptionServiceProvider::registerEncrypter():29}(Object(Illuminate\\Foundation\\Application), Array)
#5 /var/www/html/vendor/laravel/framework/src/Illuminate/Container/Container.php(832): Illuminate\\Container\\Container->build(Object(Closure))
#6 /var/www/html/vendor/laravel/framework/src/Illuminate/Foundation/Application.php(1078): Illuminate\\Container\\Container->resolve('encrypter', Array, true)
#7 /var/www/html/vendor/laravel/framework/src/Illuminate/Container/Container.php(763): Illuminate\\Foundation\\Application->resolve('encrypter', Array)
#8 /var/www/html/vendor/laravel/framework/src/Illuminate/Foundation/Application.php(1058): Illuminate\\Container\\Container->make('encrypter', Array)
#9 /var/www/html/vendor/laravel/framework/src/Illuminate/Container/Container.php(1133): Illuminate\\Foundation\\Application->make('encrypter')
#10 /var/www/html/vendor/laravel/framework/src/Illuminate/Container/Container.php(1043): Illuminate\\Container\\Container->resolveClass(Object(ReflectionParameter))
#11 /var/www/html/vendor/laravel/framework/src/Illuminate/Container/Container.php(994): Illuminate\\Container\\Container->resolveDependencies(Array)
#12 /var/www/html/vendor/laravel/framework/src/Illuminate/Container/Container.php(832): Illuminate\\Container\\Container->build('Illuminate\\\\Cook...')
#13 /var/www/html/vendor/laravel/framework/src/Illuminate/Foundation/Application.php(1078): Illuminate\\Container\\Container->resolve('Illuminate\\\\Cook...', Array, true)
#14 /var/www/html/vendor/laravel/framework/src/Illuminate/Container/Container.php(763): Illuminate\\Foundation\\Application->resolve('Illuminate\\\\Cook...', Array)
#15 /var/www/html/vendor/laravel/framework/src/Illuminate/Foundation/Application.php(1058): Illuminate\\Container\\Container->make('Illuminate\\\\Cook...', Array)
#16 /var/www/html/vendor/laravel/framework/src/Illuminate/Pipeline/Pipeline.php(198): Illuminate\\Foundation\\Application->make('Illuminate\\\\Cook...')
#17 /var/www/html/vendor/laravel/framework/src/Illuminate/Pipeline/Pipeline.php(127): Illuminate\\Pipeline\\Pipeline->{closure:{closure:Illuminate\\Pipeline\\Pipeline::carry():184}:185}(Object(Illuminate\\Http\\Request))
#18 /var/www/html/vendor/laravel/framework/src/Illuminate/Routing/Router.php(807): Illuminate\\Pipeline\\Pipeline->then(Object(Closure))
#19 /var/www/html/vendor/laravel/framework/src/Illuminate/Routing/Router.php(786): Illuminate\\Routing\\Router->runRouteWithinStack(Object(Illuminate\\Routing\\Route), Object(Illuminate\\Http\\Request))
#20 /var/www/html/vendor/laravel/framework/src/Illuminate/Routing/Router.php(750): Illuminate\\Routing\\Router->runRoute(Object(Illuminate\\Http\\Request), Object(Illuminate\\Routing\\Route))
#21 /var/www/html/vendor/laravel/framework/src/Illuminate/Routing/Router.php(739): Illuminate\\Routing\\Router->dispatchToRoute(Object(Illuminate\\Http\\Request))
#22 /var/www/html/vendor/laravel/framework/src/Illuminate/Foundation/Http/Kernel.php(201): Illuminate\\Routing\\Router->dispatch(Object(Illuminate\\Http\\Request))
#23 /var/www/html/vendor/laravel/framework/src/Illuminate/Pipeline/Pipeline.php(170): Illuminate\\Foundation\\Http\\Kernel->{closure:Illuminate\\Foundation\\Http\\Kernel::dispatchToRouter():198}(Object(Illuminate\\Http\\Request))
#24 /var/www/html/vendor/livewire/livewire/src/Features/SupportDisablingBackButtonCache/DisableBackButtonCacheMiddleware.php(19): Illuminate\\Pipeline\\Pipeline->{closure:Illuminate\\Pipeline\\Pipeline::prepareDestination():168}(Object(Illuminate\\Http\\Request))
#25 /var/www/html/vendor/laravel/framework/src/Illuminate/Pipeline/Pipeline.php(209): Livewire\\Features\\SupportDisablingBackButtonCache\\DisableBackButtonCacheMiddleware->handle(Object(Illuminate\\Http\\Request), Object(Closure))
#26 /var/www/html/vendor/laravel/framework/src/Illuminate/Foundation/Http/Middleware/TransformsRequest.php(21): Illuminate\\Pipeline\\Pipeline->{closure:{closure:Illuminate\\Pipeline\\Pipeline::carry():184}:185}(Object(Illuminate\\Http\\Request))
#27 /var/www/html/vendor/laravel/framework/src/Illuminate/Foundation/Http/Middleware/ConvertEmptyStringsToNull.php(31): Illuminate\\Foundation\\Http\\Middleware\\TransformsRequest->handle(Object(Illuminate\\Http\\Request), Object(Closure))
#28 /var/www/html/vendor/laravel/framework/src/Illuminate/Pipeline/Pipeline.php(209): Illuminate\\Foundation\\Http\\Middleware\\ConvertEmptyStringsToNull->handle(Object(Illuminate\\Http\\Request), Object(Closure))
#29 /var/www/html/vendor/laravel/framework/src/Illuminate/Foundation/Http/Middleware/TransformsRequest.php(21): Illuminate\\Pipeline\\Pipeline->{closure:{closure:Illuminate\\Pipeline\\Pipeline::carry():184}:185}(Object(Illuminate\\Http\\Request))
#30 /var/www/html/vendor/laravel/framework/src/Illuminate/Foundation/Http/Middleware/TrimStrings.php(51): Illuminate\\Foundation\\Http\\Middleware\\TransformsRequest->handle(Object(Illuminate\\Http\\Request), Object(Closure))
#31 /var/www/html/vendor/laravel/framework/src/Illuminate/Pipeline/Pipeline.php(209): Illuminate\\Foundation\\Http\\Middleware\\TrimStrings->handle(Object(Illuminate\\Http\\Request), Object(Closure))
#32 /var/www/html/vendor/laravel/framework/src/Illuminate/Http/Middleware/ValidatePostSize.php(27): Illuminate\\Pipeline\\Pipeline->{closure:{closure:Illuminate\\Pipeline\\Pipeline::carry():184}:185}(Object(Illuminate\\Http\\Request))
#33 /var/www/html/vendor/laravel/framework/src/Illuminate/Pipeline/Pipeline.php(209): Illuminate\\Http\\Middleware\\ValidatePostSize->handle(Object(Illuminate\\Http\\Request), Object(Closure))
#34 /var/www/html/vendor/laravel/framework/src/Illuminate/Foundation/Http/Middleware/PreventRequestsDuringMaintenance.php(110): Illuminate\\Pipeline\\Pipeline->{closure:{closure:Illuminate\\Pipeline\\Pipeline::carry():184}:185}(Object(Illuminate\\Http\\Request))
#35 /var/www/html/vendor/laravel/framework/src/Illuminate/Pipeline/Pipeline.php(209): Illuminate\\Foundation\\Http\\Middleware\\PreventRequestsDuringMaintenance->handle(Object(Illuminate\\Http\\Request), Object(Closure))
#36 /var/www/html/vendor/laravel/framework/src/Illuminate/Http/Middleware/HandleCors.php(49): Illuminate\\Pipeline\\Pipeline->{closure:{closure:Illuminate\\Pipeline\\Pipeline::carry():184}:185}(Object(Illuminate\\Http\\Request))
#37 /var/www/html/vendor/laravel/framework/src/Illuminate/Pipeline/Pipeline.php(209): Illuminate\\Http\\Middleware\\HandleCors->handle(Object(Illuminate\\Http\\Request), Object(Closure))
#38 /var/www/html/vendor/laravel/framework/src/Illuminate/Http/Middleware/TrustProxies.php(58): Illuminate\\Pipeline\\Pipeline->{closure:{closure:Illuminate\\Pipeline\\Pipeline::carry():184}:185}(Object(Illuminate\\Http\\Request))
#39 /var/www/html/vendor/laravel/framework/src/Illuminate/Pipeline/Pipeline.php(209): Illuminate\\Http\\Middleware\\TrustProxies->handle(Object(Illuminate\\Http\\Request), Object(Closure))
#40 /var/www/html/vendor/laravel/framework/src/Illuminate/Foundation/Http/Middleware/InvokeDeferredCallbacks.php(22): Illuminate\\Pipeline\\Pipeline->{closure:{closure:Illuminate\\Pipeline\\Pipeline::carry():184}:185}(Object(Illuminate\\Http\\Request))
#41 /var/www/html/vendor/laravel/framework/src/Illuminate/Pipeline/Pipeline.php(209): Illuminate\\Foundation\\Http\\Middleware\\InvokeDeferredCallbacks->handle(Object(Illuminate\\Http\\Request), Object(Closure))
#42 /var/www/html/vendor/laravel/framework/src/Illuminate/Pipeline/Pipeline.php(127): Illuminate\\Pipeline\\Pipeline->{closure:{closure:Illuminate\\Pipeline\\Pipeline::carry():184}:185}(Object(Illuminate\\Http\\Request))
#43 /var/www/html/vendor/laravel/framework/src/Illuminate/Foundation/Http/Kernel.php(176): Illuminate\\Pipeline\\Pipeline->then(Object(Closure))
#44 /var/www/html/vendor/laravel/framework/src/Illuminate/Foundation/Http/Kernel.php(145): Illuminate\\Foundation\\Http\\Kernel->sendRequestThroughRouter(Object(Illuminate\\Http\\Request))
#45 /var/www/html/vendor/laravel/framework/src/Illuminate/Foundation/Application.php(1220): Illuminate\\Foundation\\Http\\Kernel->handle(Object(Illuminate\\Http\\Request))
#46 /var/www/html/public/index.php(20): Illuminate\\Foundation\\Application->handleRequest(Object(Illuminate\\Http\\Request))
#47 {main}
"} 
[2026-08-30 03:42:49] local.ERROR: The stream or file "/var/www/html/storage/logs/security-2026-08-30.log" could not be opened in append mode: Failed to open stream: Permission denied
The exception occurred while attempting to log: No application encryption key has been specified.
Context: {"exception":{}} {"exception":"[object] (UnexpectedValueException(code: 0): The stream or file \"/var/www/html/storage/logs/security-2026-08-30.log\" could not be opened in append mode: Failed to open stream: Permission denied
The exception occurred while attempting to log: No application encryption key has been specified.
Context: {\"exception\":{}} at /var/www/html/vendor/monolog/monolog/src/Monolog/Handler/StreamHandler.php:164)
[stacktrace]
#0 /var/www/html/vendor/monolog/monolog/src/Monolog/Handler/RotatingFileHandler.php(113): Monolog\\Handler\\StreamHandler->write(Object(Monolog\\LogRecord))
#1 /var/www/html/vendor/monolog/monolog/src/Monolog/Handler/AbstractProcessingHandler.php(44): Monolog\\Handler\\RotatingFileHandler->write(Object(Monolog\\LogRecord))
#2 /var/www/html/vendor/monolog/monolog/src/Monolog/Logger.php(391): Monolog\\Handler\\AbstractProcessingHandler->handle(Object(Monolog\\LogRecord))
#3 /var/www/html/vendor/monolog/monolog/src/Monolog/Logger.php(646): Monolog\\Logger->addRecord(Monolog\\Level::Error, 'No application ...', Array)
#4 /var/www/html/vendor/laravel/framework/src/Illuminate/Log/Logger.php(184): Monolog\\Logger->error('No application ...', Array)
#5 /var/www/html/vendor/laravel/framework/src/Illuminate/Log/Logger.php(97): Illuminate\\Log\\Logger->writeLog('error', 'No application ...', Array)
#6 /var/www/html/vendor/laravel/framework/src/Illuminate/Log/LogManager.php(701): Illuminate\\Log\\Logger->error('No application ...', Array)
#7 /var/www/html/vendor/laravel/framework/src/Illuminate/Foundation/Exceptions/Handler.php(380): Illuminate\\Log\\LogManager->error('No application ...', Array)
#8 /var/www/html/vendor/laravel/framework/src/Illuminate/Foundation/Exceptions/Handler.php(343): Illuminate\\Foundation\\Exceptions\\Handler->reportThrowable(Object(Illuminate\\Encryption\\MissingAppKeyException))
#9 /var/www/html/vendor/laravel/framework/src/Illuminate/Routing/Pipeline.php(49): Illuminate\\Foundation\\Exceptions\\Handler->report(Object(Illuminate\\Encryption\\MissingAppKeyException))
#10 /var/www/html/vendor/laravel/framework/src/Illuminate/Pipeline/Pipeline.php(214): Illuminate\\Routing\\Pipeline->handleException(Object(Illuminate\\Http\\Request), Object(Illuminate\\Encryption\\MissingAppKeyException))
#11 /var/www/html/vendor/laravel/framework/src/Illuminate/Pipeline/Pipeline.php(127): Illuminate\\Pipeline\\Pipeline->{closure:{closure:Illuminate\\Pipeline\\Pipeline::carry():184}:185}(Object(Illuminate\\Http\\Request))
#12 /var/www/html/vendor/laravel/framework/src/Illuminate/Routing/Router.php(807): Illuminate\\Pipeline\\Pipeline->then(Object(Closure))
#13 /var/www/html/vendor/laravel/framework/src/Illuminate/Routing/Router.php(786): Illuminate\\Routing\\Router->runRouteWithinStack(Object(Illuminate\\Routing\\Route), Object(Illuminate\\Http\\Request))
#14 /var/www/html/vendor/laravel/framework/src/Illuminate/Routing/Router.php(750): Illuminate\\Routing\\Router->runRoute(Object(Illuminate\\Http\\Request), Object(Illuminate\\Routing\\Route))
#15 /var/www/html/vendor/laravel/framework/src/Illuminate/Routing/Router.php(739): Illuminate\\Routing\\Router->dispatchToRoute(Object(Illuminate\\Http\\Request))
#16 /var/www/html/vendor/laravel/framework/src/Illuminate/Foundation/Http/Kernel.php(201): Illuminate\\Routing\\Router->dispatch(Object(Illuminate\\Http\\Request))
#17 /var/www/html/vendor/laravel/framework/src/Illuminate/Pipeline/Pipeline.php(170): Illuminate\\Foundation\\Http\\Kernel->{closure:Illuminate\\Foundation\\Http\\Kernel::dispatchToRouter():198}(Object(Illuminate\\Http\\Request))
#18 /var/www/html/vendor/livewire/livewire/src/Features/SupportDisablingBackButtonCache/DisableBackButtonCacheMiddleware.php(19): Illuminate\\Pipeline\\Pipeline->{closure:Illuminate\\Pipeline\\Pipeline::prepareDestination():168}(Object(Illuminate\\Http\\Request))
#19 /var/www/html/vendor/laravel/framework/src/Illuminate/Pipeline/Pipeline.php(209): Livewire\\Features\\SupportDisablingBackButtonCache\\DisableBackButtonCacheMiddleware->handle(Object(Illuminate\\Http\\Request), Object(Closure))
#20 /var/www/html/vendor/laravel/framework/src/Illuminate/Foundation/Http/Middleware/TransformsRequest.php(21): Illuminate\\Pipeline\\Pipeline->{closure:{closure:Illuminate\\Pipeline\\Pipeline::carry():184}:185}(Object(Illuminate\\Http\\Request))
#21 /var/www/html/vendor/laravel/framework/src/Illuminate/Foundation/Http/Middleware/ConvertEmptyStringsToNull.php(31): Illuminate\\Foundation\\Http\\Middleware\\TransformsRequest->handle(Object(Illuminate\\Http\\Request), Object(Closure))
#22 /var/www/html/vendor/laravel/framework/src/Illuminate/Pipeline/Pipeline.php(209): Illuminate\\Foundation\\Http\\Middleware\\ConvertEmptyStringsToNull->handle(Object(Illuminate\\Http\\Request), Object(Closure))
#23 /var/www/html/vendor/laravel/framework/src/Illuminate/Foundation/Http/Middleware/TransformsRequest.php(21): Illuminate\\Pipeline\\Pipeline->{closure:{closure:Illuminate\\Pipeline\\Pipeline::carry():184}:185}(Object(Illuminate\\Http\\Request))
#24 /var/www/html/vendor/laravel/framework/src/Illuminate/Foundation/Http/Middleware/TrimStrings.php(51): Illuminate\\Foundation\\Http\\Middleware\\TransformsRequest->handle(Object(Illuminate\\Http\\Request), Object(Closure))
#25 /var/www/html/vendor/laravel/framework/src/Illuminate/Pipeline/Pipeline.php(209): Illuminate\\Foundation\\Http\\Middleware\\TrimStrings->handle(Object(Illuminate\\Http\\Request), Object(Closure))
#26 /var/www/html/vendor/laravel/framework/src/Illuminate/Http/Middleware/ValidatePostSize.php(27): Illuminate\\Pipeline\\Pipeline->{closure:{closure:Illuminate\\Pipeline\\Pipeline::carry():184}:185}(Object(Illuminate\\Http\\Request))
#27 /var/www/html/vendor/laravel/framework/src/Illuminate/Pipeline/Pipeline.php(209): Illuminate\\Http\\Middleware\\ValidatePostSize->handle(Object(Illuminate\\Http\\Request), Object(Closure))
#28 /var/www/html/vendor/laravel/framework/src/Illuminate/Foundation/Http/Middleware/PreventRequestsDuringMaintenance.php(110): Illuminate\\Pipeline\\Pipeline->{closure:{closure:Illuminate\\Pipeline\\Pipeline::carry():184}:185}(Object(Illuminate\\Http\\Request))
#29 /var/www/html/vendor/laravel/framework/src/Illuminate/Pipeline/Pipeline.php(209): Illuminate\\Foundation\\Http\\Middleware\\PreventRequestsDuringMaintenance->handle(Object(Illuminate\\Http\\Request), Object(Closure))
#30 /var/www/html/vendor/laravel/framework/src/Illuminate/Http/Middleware/HandleCors.php(49): Illuminate\\Pipeline\\Pipeline->{closure:{closure:Illuminate\\Pipeline\\Pipeline::carry():184}:185}(Object(Illuminate\\Http\\Request))
#31 /var/www/html/vendor/laravel/framework/src/Illuminate/Pipeline/Pipeline.php(209): Illuminate\\Http\\Middleware\\HandleCors->handle(Object(Illuminate\\Http\\Request), Object(Closure))
#32 /var/www/html/vendor/laravel/framework/src/Illuminate/Http/Middleware/TrustProxies.php(58): Illuminate\\Pipeline\\Pipeline->{closure:{closure:Illuminate\\Pipeline\\Pipeline::carry():184}:185}(Object(Illuminate\\Http\\Request))
#33 /var/www/html/vendor/laravel/framework/src/Illuminate/Pipeline/Pipeline.php(209): Illuminate\\Http\\Middleware\\TrustProxies->handle(Object(Illuminate\\Http\\Request), Object(Closure))
#34 /var/www/html/vendor/laravel/framework/src/Illuminate/Foundation/Http/Middleware/InvokeDeferredCallbacks.php(22): Illuminate\\Pipeline\\Pipeline->{closure:{closure:Illuminate\\Pipeline\\Pipeline::carry():184}:185}(Object(Illuminate\\Http\\Request))
#35 /var/www/html/vendor/laravel/framework/src/Illuminate/Pipeline/Pipeline.php(209): Illuminate\\Foundation\\Http\\Middleware\\InvokeDeferredCallbacks->handle(Object(Illuminate\\Http\\Request), Object(Closure))
#36 /var/www/html/vendor/laravel/framework/src/Illuminate/Pipeline/Pipeline.php(127): Illuminate\\Pipeline\\Pipeline->{closure:{closure:Illuminate\\Pipeline\\Pipeline::carry():184}:185}(Object(Illuminate\\Http\\Request))
#37 /var/www/html/vendor/laravel/framework/src/Illuminate/Foundation/Http/Kernel.php(176): Illuminate\\Pipeline\\Pipeline->then(Object(Closure))
#38 /var/www/html/vendor/laravel/framework/src/Illuminate/Foundation/Http/Kernel.php(145): Illuminate\\Foundation\\Http\\Kernel->sendRequestThroughRouter(Object(Illuminate\\Http\\Request))
#39 /var/www/html/vendor/laravel/framework/src/Illuminate/Foundation/Application.php(1220): Illuminate\\Foundation\\Http\\Kernel->handle(Object(Illuminate\\Http\\Request))
#40 /var/www/html/public/index.php(20): Illuminate\\Foundation\\Application->handleRequest(Object(Illuminate\\Http\\Request))
#41 {main}
"} 
[2026-08-30 03:42:49] local.ERROR: The stream or file "/var/www/html/storage/logs/security-2026-08-30.log" could not be opened in append mode: Failed to open stream: Permission denied
The exception occurred while attempting to log: The stream or file "/var/www/html/storage/logs/security-2026-08-30.log" could not be opened in append mode: Failed to open stream: Permission denied
The exception occurred while attempting to log: No application encryption key has been specified.
Context: {"exception":{}}
Context: {"exception":{}} {"exception":"[object] (UnexpectedValueException(code: 0): The stream or file \"/var/www/html/storage/logs/security-2026-08-30.log\" could not be opened in append mode: Failed to open stream: Permission denied
The exception occurred while attempting to log: The stream or file \"/var/www/html/storage/logs/security-2026-08-30.log\" could not be opened in append mode: Failed to open stream: Permission denied
The exception occurred while attempting to log: No application encryption key has been specified.
Context: {\"exception\":{}}
Context: {\"exception\":{}} at /var/www/html/vendor/monolog/monolog/src/Monolog/Handler/StreamHandler.php:164)
[stacktrace]
#0 /var/www/html/vendor/monolog/monolog/src/Monolog/Handler/RotatingFileHandler.php(113): Monolog\\Handler\\StreamHandler->write(Object(Monolog\\LogRecord))
#1 /var/www/html/vendor/monolog/monolog/src/Monolog/Handler/AbstractProcessingHandler.php(44): Monolog\\Handler\\RotatingFileHandler->write(Object(Monolog\\LogRecord))
#2 /var/www/html/vendor/monolog/monolog/src/Monolog/Logger.php(391): Monolog\\Handler\\AbstractProcessingHandler->handle(Object(Monolog\\LogRecord))
#3 /var/www/html/vendor/monolog/monolog/src/Monolog/Logger.php(646): Monolog\\Logger->addRecord(Monolog\\Level::Error, 'The stream or f...', Array)
#4 /var/www/html/vendor/laravel/framework/src/Illuminate/Log/Logger.php(184): Monolog\\Logger->error('The stream or f...', Array)
#5 /var/www/html/vendor/laravel/framework/src/Illuminate/Log/Logger.php(97): Illuminate\\Log\\Logger->writeLog('error', 'The stream or f...', Array)
#6 /var/www/html/vendor/laravel/framework/src/Illuminate/Log/LogManager.php(701): Illuminate\\Log\\Logger->error('The stream or f...', Array)
#7 /var/www/html/vendor/laravel/framework/src/Illuminate/Foundation/Exceptions/Handler.php(380): Illuminate\\Log\\LogManager->error('The stream or f...', Array)
#8 /var/www/html/vendor/laravel/framework/src/Illuminate/Foundation/Exceptions/Handler.php(343): Illuminate\\Foundation\\Exceptions\\Handler->reportThrowable(Object(UnexpectedValueException))
#9 /var/www/html/vendor/laravel/framework/src/Illuminate/Routing/Pipeline.php(49): Illuminate\\Foundation\\Exceptions\\Handler->report(Object(UnexpectedValueException))
#10 /var/www/html/vendor/laravel/framework/src/Illuminate/Pipeline/Pipeline.php(172): Illuminate\\Routing\\Pipeline->handleException(Object(Illuminate\\Http\\Request), Object(UnexpectedValueException))
#11 /var/www/html/vendor/livewire/livewire/src/Features/SupportDisablingBackButtonCache/DisableBackButtonCacheMiddleware.php(19): Illuminate\\Pipeline\\Pipeline->{closure:Illuminate\\Pipeline\\Pipeline::prepareDestination():168}(Object(Illuminate\\Http\\Request))
#12 /var/www/html/vendor/laravel/framework/src/Illuminate/Pipeline/Pipeline.php(209): Livewire\\Features\\SupportDisablingBackButtonCache\\DisableBackButtonCacheMiddleware->handle(Object(Illuminate\\Http\\Request), Object(Closure))
#13 /var/www/html/vendor/laravel/framework/src/Illuminate/Foundation/Http/Middleware/TransformsRequest.php(21): Illuminate\\Pipeline\\Pipeline->{closure:{closure:Illuminate\\Pipeline\\Pipeline::carry():184}:185}(Object(Illuminate\\Http\\Request))
#14 /var/www/html/vendor/laravel/framework/src/Illuminate/Foundation/Http/Middleware/ConvertEmptyStringsToNull.php(31): Illuminate\\Foundation\\Http\\Middleware\\TransformsRequest->handle(Object(Illuminate\\Http\\Request), Object(Closure))
#15 /var/www/html/vendor/laravel/framework/src/Illuminate/Pipeline/Pipeline.php(209): Illuminate\\Foundation\\Http\\Middleware\\ConvertEmptyStringsToNull->handle(Object(Illuminate\\Http\\Request), Object(Closure))
#16 /var/www/html/vendor/laravel/framework/src/Illuminate/Foundation/Http/Middleware/TransformsRequest.php(21): Illuminate\\Pipeline\\Pipeline->{closure:{closure:Illuminate\\Pipeline\\Pipeline::carry():184}:185}(Object(Illuminate\\Http\\Request))
#17 /var/www/html/vendor/laravel/framework/src/Illuminate/Foundation/Http/Middleware/TrimStrings.php(51): Illuminate\\Foundation\\Http\\Middleware\\TransformsRequest->handle(Object(Illuminate\\Http\\Request), Object(Closure))
#18 /var/www/html/vendor/laravel/framework/src/Illuminate/Pipeline/Pipeline.php(209): Illuminate\\Foundation\\Http\\Middleware\\TrimStrings->handle(Object(Illuminate\\Http\\Request), Object(Closure))
#19 /var/www/html/vendor/laravel/framework/src/Illuminate/Http/Middleware/ValidatePostSize.php(27): Illuminate\\Pipeline\\Pipeline->{closure:{closure:Illuminate\\Pipeline\\Pipeline::carry():184}:185}(Object(Illuminate\\Http\\Request))
#20 /var/www/html/vendor/laravel/framework/src/Illuminate/Pipeline/Pipeline.php(209): Illuminate\\Http\\Middleware\\ValidatePostSize->handle(Object(Illuminate\\Http\\Request), Object(Closure))
#21 /var/www/html/vendor/laravel/framework/src/Illuminate/Foundation/Http/Middleware/PreventRequestsDuringMaintenance.php(110): Illuminate\\Pipeline\\Pipeline->{closure:{closure:Illuminate\\Pipeline\\Pipeline::carry():184}:185}(Object(Illuminate\\Http\\Request))
#22 /var/www/html/vendor/laravel/framework/src/Illuminate/Pipeline/Pipeline.php(209): Illuminate\\Foundation\\Http\\Middleware\\PreventRequestsDuringMaintenance->handle(Object(Illuminate\\Http\\Request), Object(Closure))
#23 /var/www/html/vendor/laravel/framework/src/Illuminate/Http/Middleware/HandleCors.php(49): Illuminate\\Pipeline\\Pipeline->{closure:{closure:Illuminate\\Pipeline\\Pipeline::carry():184}:185}(Object(Illuminate\\Http\\Request))
#24 /var/www/html/vendor/laravel/framework/src/Illuminate/Pipeline/Pipeline.php(209): Illuminate\\Http\\Middleware\\HandleCors->handle(Object(Illuminate\\Http\\Request), Object(Closure))
#25 /var/www/html/vendor/laravel/framework/src/Illuminate/Http/Middleware/TrustProxies.php(58): Illuminate\\Pipeline\\Pipeline->{closure:{closure:Illuminate\\Pipeline\\Pipeline::carry():184}:185}(Object(Illuminate\\Http\\Request))
#26 /var/www/html/vendor/laravel/framework/src/Illuminate/Pipeline/Pipeline.php(209): Illuminate\\Http\\Middleware\\TrustProxies->handle(Object(Illuminate\\Http\\Request), Object(Closure))
#27 /var/www/html/vendor/laravel/framework/src/Illuminate/Foundation/Http/Middleware/InvokeDeferredCallbacks.php(22): Illuminate\\Pipeline\\Pipeline->{closure:{closure:Illuminate\\Pipeline\\Pipeline::carry():184}:185}(Object(Illuminate\\Http\\Request))
#28 /var/www/html/vendor/laravel/framework/src/Illuminate/Pipeline/Pipeline.php(209): Illuminate\\Foundation\\Http\\Middleware\\InvokeDeferredCallbacks->handle(Object(Illuminate\\Http\\Request), Object(Closure))
#29 /var/www/html/vendor/laravel/framework/src/Illuminate/Pipeline/Pipeline.php(127): Illuminate\\Pipeline\\Pipeline->{closure:{closure:Illuminate\\Pipeline\\Pipeline::carry():184}:185}(Object(Illuminate\\Http\\Request))
#30 /var/www/html/vendor/laravel/framework/src/Illuminate/Foundation/Http/Kernel.php(176): Illuminate\\Pipeline\\Pipeline->then(Object(Closure))
#31 /var/www/html/vendor/laravel/framework/src/Illuminate/Foundation/Http/Kernel.php(145): Illuminate\\Foundation\\Http\\Kernel->sendRequestThroughRouter(Object(Illuminate\\Http\\Request))
#32 /var/www/html/vendor/laravel/framework/src/Illuminate/Foundation/Application.php(1220): Illuminate\\Foundation\\Http\\Kernel->handle(Object(Illuminate\\Http\\Request))
#33 /var/www/html/public/index.php(20): Illuminate\\Foundation\\Application->handleRequest(Object(Illuminate\\Http\\Request))
#34 {main}
"} 
[2026-08-30 03:42:49] local.ERROR: The stream or file "/var/www/html/storage/logs/security-2026-08-30.log" could not be opened in append mode: Failed to open stream: Permission denied
The exception occurred while attempting to log: The stream or file "/var/www/html/storage/logs/security-2026-08-30.log" could not be opened in append mode: Failed to open stream: Permission denied
The exception occurred while attempting to log: The stream or file "/var/www/html/storage/logs/security-2026-08-30.log" could not be opened in append mode: Failed to open stream: Permission denied
The exception occurred while attempting to log: No application encryption key has been specified.
Context: {"exception":{}}
Context: {"exception":{}}
Context: {"exception":{}} {"exception":"[object] (UnexpectedValueException(code: 0): The stream or file \"/var/www/html/storage/logs/security-2026-08-30.log\" could not be opened in append mode: Failed to open stream: Permission denied
The exception occurred while attempting to log: The stream or file \"/var/www/html/storage/logs/security-2026-08-30.log\" could not be opened in append mode: Failed to open stream: Permission denied
The exception occurred while attempting to log: The stream or file \"/var/www/html/storage/logs/security-2026-08-30.log\" could not be opened in append mode: Failed to open stream: Permission denied
The exception occurred while attempting to log: No application encryption key has been specified.
Context: {\"exception\":{}}
Context: {\"exception\":{}}
Context: {\"exception\":{}} at /var/www/html/vendor/monolog/monolog/src/Monolog/Handler/StreamHandler.php:164)
[stacktrace]
#0 /var/www/html/vendor/monolog/monolog/src/Monolog/Handler/RotatingFileHandler.php(113): Monolog\\Handler\\StreamHandler->write(Object(Monolog\\LogRecord))
#1 /var/www/html/vendor/monolog/monolog/src/Monolog/Handler/AbstractProcessingHandler.php(44): Monolog\\Handler\\RotatingFileHandler->write(Object(Monolog\\LogRecord))
#2 /var/www/html/vendor/monolog/monolog/src/Monolog/Logger.php(391): Monolog\\Handler\\AbstractProcessingHandler->handle(Object(Monolog\\LogRecord))
#3 /var/www/html/vendor/monolog/monolog/src/Monolog/Logger.php(646): Monolog\\Logger->addRecord(Monolog\\Level::Error, 'The stream or f...', Array)
#4 /var/www/html/vendor/laravel/framework/src/Illuminate/Log/Logger.php(184): Monolog\\Logger->error('The stream or f...', Array)
#5 /var/www/html/vendor/laravel/framework/src/Illuminate/Log/Logger.php(97): Illuminate\\Log\\Logger->writeLog('error', 'The stream or f...', Array)
#6 /var/www/html/vendor/laravel/framework/src/Illuminate/Log/LogManager.php(701): Illuminate\\Log\\Logger->error('The stream or f...', Array)
#7 /var/www/html/vendor/laravel/framework/src/Illuminate/Foundation/Exceptions/Handler.php(380): Illuminate\\Log\\LogManager->error('The stream or f...', Array)
#8 /var/www/html/vendor/laravel/framework/src/Illuminate/Foundation/Exceptions/Handler.php(343): Illuminate\\Foundation\\Exceptions\\Handler->reportThrowable(Object(UnexpectedValueException))
#9 /var/www/html/vendor/laravel/framework/src/Illuminate/Routing/Pipeline.php(49): Illuminate\\Foundation\\Exceptions\\Handler->report(Object(UnexpectedValueException))
#10 /var/www/html/vendor/laravel/framework/src/Illuminate/Pipeline/Pipeline.php(214): Illuminate\\Routing\\Pipeline->handleException(Object(Illuminate\\Http\\Request), Object(UnexpectedValueException))
#11 /var/www/html/vendor/laravel/framework/src/Illuminate/Foundation/Http/Middleware/TransformsRequest.php(21): Illuminate\\Pipeline\\Pipeline->{closure:{closure:Illuminate\\Pipeline\\Pipeline::carry():184}:185}(Object(Illuminate\\Http\\Request))
#12 /var/www/html/vendor/laravel/framework/src/Illuminate/Foundation/Http/Middleware/ConvertEmptyStringsToNull.php(31): Illuminate\\Foundation\\Http\\Middleware\\TransformsRequest->handle(Object(Illuminate\\Http\\Request), Object(Closure))
#13 /var/www/html/vendor/laravel/framework/src/Illuminate/Pipeline/Pipeline.php(209): Illuminate\\Foundation\\Http\\Middleware\\ConvertEmptyStringsToNull->handle(Object(Illuminate\\Http\\Request), Object(Closure))
#14 /var/www/html/vendor/laravel/framework/src/Illuminate/Foundation/Http/Middleware/TransformsRequest.php(21): Illuminate\\Pipeline\\Pipeline->{closure:{closure:Illuminate\\Pipeline\\Pipeline::carry():184}:185}(Object(Illuminate\\Http\\Request))
#15 /var/www/html/vendor/laravel/framework/src/Illuminate/Foundation/Http/Middleware/TrimStrings.php(51): Illuminate\\Foundation\\Http\\Middleware\\TransformsRequest->handle(Object(Illuminate\\Http\\Request), Object(Closure))
#16 /var/www/html/vendor/laravel/framework/src/Illuminate/Pipeline/Pipeline.php(209): Illuminate\\Foundation\\Http\\Middleware\\TrimStrings->handle(Object(Illuminate\\Http\\Request), Object(Closure))
#17 /var/www/html/vendor/laravel/framework/src/Illuminate/Http/Middleware/ValidatePostSize.php(27): Illuminate\\Pipeline\\Pipeline->{closure:{closure:Illuminate\\Pipeline\\Pipeline::carry():184}:185}(Object(Illuminate\\Http\\Request))
#18 /var/www/html/vendor/laravel/framework/src/Illuminate/Pipeline/Pipeline.php(209): Illuminate\\Http\\Middleware\\ValidatePostSize->handle(Object(Illuminate\\Http\\Request), Object(Closure))
#19 /var/www/html/vendor/laravel/framework/src/Illuminate/Foundation/Http/Middleware/PreventRequestsDuringMaintenance.php(110): Illuminate\\Pipeline\\Pipeline->{closure:{closure:Illuminate\\Pipeline\\Pipeline::carry():184}:185}(Object(Illuminate\\Http\\Request))
#20 /var/www/html/vendor/laravel/framework/src/Illuminate/Pipeline/Pipeline.php(209): Illuminate\\Foundation\\Http\\Middleware\\PreventRequestsDuringMaintenance->handle(Object(Illuminate\\Http\\Request), Object(Closure))
#21 /var/www/html/vendor/laravel/framework/src/Illuminate/Http/Middleware/HandleCors.php(49): Illuminate\\Pipeline\\Pipeline->{closure:{closure:Illuminate\\Pipeline\\Pipeline::carry():184}:185}(Object(Illuminate\\Http\\Request))
#22 /var/www/html/vendor/laravel/framework/src/Illuminate/Pipeline/Pipeline.php(209): Illuminate\\Http\\Middleware\\HandleCors->handle(Object(Illuminate\\Http\\Request), Object(Closure))
#23 /var/www/html/vendor/laravel/framework/src/Illuminate/Http/Middleware/TrustProxies.php(58): Illuminate\\Pipeline\\Pipeline->{closure:{closure:Illuminate\\Pipeline\\Pipeline::carry():184}:185}(Object(Illuminate\\Http\\Request))
#24 /var/www/html/vendor/laravel/framework/src/Illuminate/Pipeline/Pipeline.php(209): Illuminate\\Http\\Middleware\\TrustProxies->handle(Object(Illuminate\\Http\\Request), Object(Closure))
#25 /var/www/html/vendor/laravel/framework/src/Illuminate/Foundation/Http/Middleware/InvokeDeferredCallbacks.php(22): Illuminate\\Pipeline\\Pipeline->{closure:{closure:Illuminate\\Pipeline\\Pipeline::carry():184}:185}(Object(Illuminate\\Http\\Request))
#26 /var/www/html/vendor/laravel/framework/src/Illuminate/Pipeline/Pipeline.php(209): Illuminate\\Foundation\\Http\\Middleware\\InvokeDeferredCallbacks->handle(Object(Illuminate\\Http\\Request), Object(Closure))
#27 /var/www/html/vendor/laravel/framework/src/Illuminate/Pipeline/Pipeline.php(127): Illuminate\\Pipeline\\Pipeline->{closure:{closure:Illuminate\\Pipeline\\Pipeline::carry():184}:185}(Object(Illuminate\\Http\\Request))
#28 /var/www/html/vendor/laravel/framework/src/Illuminate/Foundation/Http/Kernel.php(176): Illuminate\\Pipeline\\Pipeline->then(Object(Closure))
#29 /var/www/html/vendor/laravel/framework/src/Illuminate/Foundation/Http/Kernel.php(145): Illuminate\\Foundation\\Http\\Kernel->sendRequestThroughRouter(Object(Illuminate\\Http\\Request))
#30 /var/www/html/vendor/laravel/framework/src/Illuminate/Foundation/Application.php(1220): Illuminate\\Foundation\\Http\\Kernel->handle(Object(Illuminate\\Http\\Request))
#31 /var/www/html/public/index.php(20): Illuminate\\Foundation\\Application->handleRequest(Object(Illuminate\\Http\\Request))
#32 {main}
"} 
[2026-08-30 03:42:49] local.ERROR: The stream or file "/var/www/html/storage/logs/security-2026-08-30.log" could not be opened in append mode: Failed to open stream: Permission denied
The exception occurred while attempting to log: The stream or file "/var/www/html/storage/logs/security-2026-08-30.log" could not be opened in append mode: Failed to open stream: Permission denied
The exception occurred while attempting to log: The stream or file "/var/www/html/storage/logs/security-2026-08-30.log" could not be opened in append mode: Failed to open stream: Permission denied
The exception occurred while attempting to log: The stream or file "/var/www/html/storage/logs/security-2026-08-30.log" could not be opened in append mode: Failed to open stream: Permission denied
The exception occurred while attempting to log: No application encryption key has been specified.
Context: {"exception":{}}
Context: {"exception":{}}
Context: {"exception":{}}
Context: {"exception":{}} {"exception":"[object] (UnexpectedValueException(code: 0): The stream or file \"/var/www/html/storage/logs/security-2026-08-30.log\" could not be opened in append mode: Failed to open stream: Permission denied
The exception occurred while attempting to log: The stream or file \"/var/www/html/storage/logs/security-2026-08-30.log\" could not be opened in append mode: Failed to open stream: Permission denied
The exception occurred while attempting to log: The stream or file \"/var/www/html/storage/logs/security-2026-08-30.log\" could not be opened in append mode: Failed to open stream: Permission denied
The exception occurred while attempting to log: The stream or file \"/var/www/html/storage/logs/security-2026-08-30.log\" could not be opened in append mode: Failed to open stream: Permission denied
The exception occurred while attempting to log: No application encryption key has been specified.
Context: {\"exception\":{}}
Context: {\"exception\":{}}
Context: {\"exception\":{}}
Context: {\"exception\":{}} at /var/www/html/vendor/monolog/monolog/src/Monolog/Handler/StreamHandler.php:164)
[stacktrace]
#0 /var/www/html/vendor/monolog/monolog/src/Monolog/Handler/RotatingFileHandler.php(113): Monolog\\Handler\\StreamHandler->write(Object(Monolog\\LogRecord))
#1 /var/www/html/vendor/monolog/monolog/src/Monolog/Handler/AbstractProcessingHandler.php(44): Monolog\\Handler\\RotatingFileHandler->write(Object(Monolog\\LogRecord))
#2 /var/www/html/vendor/monolog/monolog/src/Monolog/Logger.php(391): Monolog\\Handler\\AbstractProcessingHandler->handle(Object(Monolog\\LogRecord))
#3 /var/www/html/vendor/monolog/monolog/src/Monolog/Logger.php(646): Monolog\\Logger->addRecord(Monolog\\Level::Error, 'The stream or f...', Array)
#4 /var/www/html/vendor/laravel/framework/src/Illuminate/Log/Logger.php(184): Monolog\\Logger->error('The stream or f...', Array)
#5 /var/www/html/vendor/laravel/framework/src/Illuminate/Log/Logger.php(97): Illuminate\\Log\\Logger->writeLog('error', 'The stream or f...', Array)
#6 /var/www/html/vendor/laravel/framework/src/Illuminate/Log/LogManager.php(701): Illuminate\\Log\\Logger->error('The stream or f...', Array)
#7 /var/www/html/vendor/laravel/framework/src/Illuminate/Foundation/Exceptions/Handler.php(380): Illuminate\\Log\\LogManager->error('The stream or f...', Array)
#8 /var/www/html/vendor/laravel/framework/src/Illuminate/Foundation/Exceptions/Handler.php(343): Illuminate\\Foundation\\Exceptions\\Handler->reportThrowable(Object(UnexpectedValueException))
#9 /var/www/html/vendor/laravel/framework/src/Illuminate/Routing/Pipeline.php(49): Illuminate\\Foundation\\Exceptions\\Handler->report(Object(UnexpectedValueException))
#10 /var/www/html/vendor/laravel/framework/src/Illuminate/Pipeline/Pipeline.php(214): Illuminate\\Routing\\Pipeline->handleException(Object(Illuminate\\Http\\Request), Object(UnexpectedValueException))
#11 /var/www/html/vendor/laravel/framework/src/Illuminate/Foundation/Http/Middleware/TransformsRequest.php(21): Illuminate\\Pipeline\\Pipeline->{closure:{closure:Illuminate\\Pipeline\\Pipeline::carry():184}:185}(Object(Illuminate\\Http\\Request))
#12 /var/www/html/vendor/laravel/framework/src/Illuminate/Foundation/Http/Middleware/TrimStrings.php(51): Illuminate\\Foundation\\Http\\Middleware\\TransformsRequest->handle(Object(Illuminate\\Http\\Request), Object(Closure))
#13 /var/www/html/vendor/laravel/framework/src/Illuminate/Pipeline/Pipeline.php(209): Illuminate\\Foundation\\Http\\Middleware\\TrimStrings->handle(Object(Illuminate\\Http\\Request), Object(Closure))
#14 /var/www/html/vendor/laravel/framework/src/Illuminate/Http/Middleware/ValidatePostSize.php(27): Illuminate\\Pipeline\\Pipeline->{closure:{closure:Illuminate\\Pipeline\\Pipeline::carry():184}:185}(Object(Illuminate\\Http\\Request))
#15 /var/www/html/vendor/laravel/framework/src/Illuminate/Pipeline/Pipeline.php(209): Illuminate\\Http\\Middleware\\ValidatePostSize->handle(Object(Illuminate\\Http\\Request), Object(Closure))
#16 /var/www/html/vendor/laravel/framework/src/Illuminate/Foundation/Http/Middleware/PreventRequestsDuringMaintenance.php(110): Illuminate\\Pipeline\\Pipeline->{closure:{closure:Illuminate\\Pipeline\\Pipeline::carry():184}:185}(Object(Illuminate\\Http\\Request))
#17 /var/www/html/vendor/laravel/framework/src/Illuminate/Pipeline/Pipeline.php(209): Illuminate\\Foundation\\Http\\Middleware\\PreventRequestsDuringMaintenance->handle(Object(Illuminate\\Http\\Request), Object(Closure))
#18 /var/www/html/vendor/laravel/framework/src/Illuminate/Http/Middleware/HandleCors.php(49): Illuminate\\Pipeline\\Pipeline->{closure:{closure:Illuminate\\Pipeline\\Pipeline::carry():184}:185}(Object(Illuminate\\Http\\Request))
#19 /var/www/html/vendor/laravel/framework/src/Illuminate/Pipeline/Pipeline.php(209): Illuminate\\Http\\Middleware\\HandleCors->handle(Object(Illuminate\\Http\\Request), Object(Closure))
#20 /var/www/html/vendor/laravel/framework/src/Illuminate/Http/Middleware/TrustProxies.php(58): Illuminate\\Pipeline\\Pipeline->{closure:{closure:Illuminate\\Pipeline\\Pipeline::carry():184}:185}(Object(Illuminate\\Http\\Request))
#21 /var/www/html/vendor/laravel/framework/src/Illuminate/Pipeline/Pipeline.php(209): Illuminate\\Http\\Middleware\\TrustProxies->handle(Object(Illuminate\\Http\\Request), Object(Closure))
#22 /var/www/html/vendor/laravel/framework/src/Illuminate/Foundation/Http/Middleware/InvokeDeferredCallbacks.php(22): Illuminate\\Pipeline\\Pipeline->{closure:{closure:Illuminate\\Pipeline\\Pipeline::carry():184}:185}(Object(Illuminate\\Http\\Request))
#23 /var/www/html/vendor/laravel/framework/src/Illuminate/Pipeline/Pipeline.php(209): Illuminate\\Foundation\\Http\\Middleware\\InvokeDeferredCallbacks->handle(Object(Illuminate\\Http\\Request), Object(Closure))
#24 /var/www/html/vendor/laravel/framework/src/Illuminate/Pipeline/Pipeline.php(127): Illuminate\\Pipeline\\Pipeline->{closure:{closure:Illuminate\\Pipeline\\Pipeline::carry():184}:185}(Object(Illuminate\\Http\\Request))
#25 /var/www/html/vendor/laravel/framework/src/Illuminate/Foundation/Http/Kernel.php(176): Illuminate\\Pipeline\\Pipeline->then(Object(Closure))
#26 /var/www/html/vendor/laravel/framework/src/Illuminate/Foundation/Http/Kernel.php(145): Illuminate\\Foundation\\Http\\Kernel->sendRequestThroughRouter(Object(Illuminate\\Http\\Request))
#27 /var/www/html/vendor/laravel/framework/src/Illuminate/Foundation/Application.php(1220): Illuminate\\Foundation\\Http\\Kernel->handle(Object(Illuminate\\Http\\Request))
#28 /var/www/html/public/index.php(20): Illuminate\\Foundation\\Application->handleRequest(Object(Illuminate\\Http\\Request))
#29 {main}
"} 
[2026-08-30 03:42:49] local.ERROR: The stream or file "/var/www/html/storage/logs/security-2026-08-30.log" could not be opened in append mode: Failed to open stream: Permission denied
The exception occurred while attempting to log: The stream or file "/var/www/html/storage/logs/security-2026-08-30.log" could not be opened in append mode: Failed to open stream: Permission denied
The exception occurred while attempting to log: The stream or file "/var/www/html/storage/logs/security-2026-08-30.log" could not be opened in append mode: Failed to open stream: Permission denied
The exception occurred while attempting to log: The stream or file "/var/www/html/storage/logs/security-2026-08-30.log" could not be opened in append mode: Failed to open stream: Permission denied
The exception occurred while attempting to log: The stream or file "/var/www/html/storage/logs/security-2026-08-30.log" could not be opened in append mode: Failed to open stream: Permission denied
The exception occurred while attempting to log: No application encryption key has been specified.
Context: {"exception":{}}
Context: {"exception":{}}
Context: {"exception":{}}
Context: {"exception":{}}
Context: {"exception":{}} {"exception":"[object] (UnexpectedValueException(code: 0): The stream or file \"/var/www/html/storage/logs/security-2026-08-30.log\" could not be opened in append mode: Failed to open stream: Permission denied
The exception occurred while attempting to log: The stream or file \"/var/www/html/storage/logs/security-2026-08-30.log\" could not be opened in append mode: Failed to open stream: Permission denied
The exception occurred while attempting to log: The stream or file \"/var/www/html/storage/logs/security-2026-08-30.log\" could not be opened in append mode: Failed to open stream: Permission denied
The exception occurred while attempting to log: The stream or file \"/var/www/html/storage/logs/security-2026-08-30.log\" could not be opened in append mode: Failed to open stream: Permission denied
The exception occurred while attempting to log: The stream or file \"/var/www/html/storage/logs/security-2026-08-30.log\" could not be opened in append mode: Failed to open stream: Permission denied
The exception occurred while attempting to log: No application encryption key has been specified.
Context: {\"exception\":{}}
Context: {\"exception\":{}}
Context: {\"exception\":{}}
Context: {\"exception\":{}}
Context: {\"exception\":{}} at /var/www/html/vendor/monolog/monolog/src/Monolog/Handler/StreamHandler.php:164)
[stacktrace]
#0 /var/www/html/vendor/monolog/monolog/src/Monolog/Handler/RotatingFileHandler.php(113): Monolog\\Handler\\StreamHandler->write(Object(Monolog\\LogRecord))
#1 /var/www/html/vendor/monolog/monolog/src/Monolog/Handler/AbstractProcessingHandler.php(44): Monolog\\Handler\\RotatingFileHandler->write(Object(Monolog\\LogRecord))
#2 /var/www/html/vendor/monolog/monolog/src/Monolog/Logger.php(391): Monolog\\Handler\\AbstractProcessingHandler->handle(Object(Monolog\\LogRecord))
#3 /var/www/html/vendor/monolog/monolog/src/Monolog/Logger.php(646): Monolog\\Logger->addRecord(Monolog\\Level::Error, 'The stream or f...', Array)
#4 /var/www/html/vendor/laravel/framework/src/Illuminate/Log/Logger.php(184): Monolog\\Logger->error('The stream or f...', Array)
#5 /var/www/html/vendor/laravel/framework/src/Illuminate/Log/Logger.php(97): Illuminate\\Log\\Logger->writeLog('error', 'The stream or f...', Array)
#6 /var/www/html/vendor/laravel/framework/src/Illuminate/Log/LogManager.php(701): Illuminate\\Log\\Logger->error('The stream or f...', Array)
#7 /var/www/html/vendor/laravel/framework/src/Illuminate/Foundation/Exceptions/Handler.php(380): Illuminate\\Log\\LogManager->error('The stream or f...', Array)
#8 /var/www/html/vendor/laravel/framework/src/Illuminate/Foundation/Exceptions/Handler.php(343): Illuminate\\Foundation\\Exceptions\\Handler->reportThrowable(Object(UnexpectedValueException))
#9 /var/www/html/vendor/laravel/framework/src/Illuminate/Routing/Pipeline.php(49): Illuminate\\Foundation\\Exceptions\\Handler->report(Object(UnexpectedValueException))
#10 /var/www/html/vendor/laravel/framework/src/Illuminate/Pipeline/Pipeline.php(214): Illuminate\\Routing\\Pipeline->handleException(Object(Illuminate\\Http\\Request), Object(UnexpectedValueException))
#11 /var/www/html/vendor/laravel/framework/src/Illuminate/Http/Middleware/ValidatePostSize.php(27): Illuminate\\Pipeline\\Pipeline->{closure:{closure:Illuminate\\Pipeline\\Pipeline::carry():184}:185}(Object(Illuminate\\Http\\Request))
#12 /var/www/html/vendor/laravel/framework/src/Illuminate/Pipeline/Pipeline.php(209): Illuminate\\Http\\Middleware\\ValidatePostSize->handle(Object(Illuminate\\Http\\Request), Object(Closure))
#13 /var/www/html/vendor/laravel/framework/src/Illuminate/Foundation/Http/Middleware/PreventRequestsDuringMaintenance.php(110): Illuminate\\Pipeline\\Pipeline->{closure:{closure:Illuminate\\Pipeline\\Pipeline::carry():184}:185}(Object(Illuminate\\Http\\Request))
#14 /var/www/html/vendor/laravel/framework/src/Illuminate/Pipeline/Pipeline.php(209): Illuminate\\Foundation\\Http\\Middleware\\PreventRequestsDuringMaintenance->handle(Object(Illuminate\\Http\\Request), Object(Closure))
#15 /var/www/html/vendor/laravel/framework/src/Illuminate/Http/Middleware/HandleCors.php(49): Illuminate\\Pipeline\\Pipeline->{closure:{closure:Illuminate\\Pipeline\\Pipeline::carry():184}:185}(Object(Illuminate\\Http\\Request))
#16 /var/www/html/vendor/laravel/framework/src/Illuminate/Pipeline/Pipeline.php(209): Illuminate\\Http\\Middleware\\HandleCors->handle(Object(Illuminate\\Http\\Request), Object(Closure))
#17 /var/www/html/vendor/laravel/framework/src/Illuminate/Http/Middleware/TrustProxies.php(58): Illuminate\\Pipeline\\Pipeline->{closure:{closure:Illuminate\\Pipeline\\Pipeline::carry():184}:185}(Object(Illuminate\\Http\\Request))
#18 /var/www/html/vendor/laravel/framework/src/Illuminate/Pipeline/Pipeline.php(209): Illuminate\\Http\\Middleware\\TrustProxies->handle(Object(Illuminate\\Http\\Request), Object(Closure))
#19 /var/www/html/vendor/laravel/framework/src/Illuminate/Foundation/Http/Middleware/InvokeDeferredCallbacks.php(22): Illuminate\\Pipeline\\Pipeline->{closure:{closure:Illuminate\\Pipeline\\Pipeline::carry():184}:185}(Object(Illuminate\\Http\\Request))
#20 /var/www/html/vendor/laravel/framework/src/Illuminate/Pipeline/Pipeline.php(209): Illuminate\\Foundation\\Http\\Middleware\\InvokeDeferredCallbacks->handle(Object(Illuminate\\Http\\Request), Object(Closure))
#21 /var/www/html/vendor/laravel/framework/src/Illuminate/Pipeline/Pipeline.php(127): Illuminate\\Pipeline\\Pipeline->{closure:{closure:Illuminate\\Pipeline\\Pipeline::carry():184}:185}(Object(Illuminate\\Http\\Request))
#22 /var/www/html/vendor/laravel/framework/src/Illuminate/Foundation/Http/Kernel.php(176): Illuminate\\Pipeline\\Pipeline->then(Object(Closure))
#23 /var/www/html/vendor/laravel/framework/src/Illuminate/Foundation/Http/Kernel.php(145): Illuminate\\Foundation\\Http\\Kernel->sendRequestThroughRouter(Object(Illuminate\\Http\\Request))
#24 /var/www/html/vendor/laravel/framework/src/Illuminate/Foundation/Application.php(1220): Illuminate\\Foundation\\Http\\Kernel->handle(Object(Illuminate\\Http\\Request))
#25 /var/www/html/public/index.php(20): Illuminate\\Foundation\\Application->handleRequest(Object(Illuminate\\Http\\Request))
#26 {main}
"} 
[2026-08-30 03:42:49] local.ERROR: The stream or file "/var/www/html/storage/logs/security-2026-08-30.log" could not be opened in append mode: Failed to open stream: Permission denied
The exception occurred while attempting to log: The stream or file "/var/www/html/storage/logs/security-2026-08-30.log" could not be opened in append mode: Failed to open stream: Permission denied
The exception occurred while attempting to log: The stream or file "/var/www/html/storage/logs/security-2026-08-30.log" could not be opened in append mode: Failed to open stream: Permission denied
The exception occurred while attempting to log: The stream or file "/var/www/html/storage/logs/security-2026-08-30.log" could not be opened in append mode: Failed to open stream: Permission denied
The exception occurred while attempting to log: The stream or file "/var/www/html/storage/logs/security-2026-08-30.log" could not be opened in append mode: Failed to open stream: Permission denied
The exception occurred while attempting to log: The stream or file "/var/www/html/storage/logs/security-2026-08-30.log" could not be opened in append mode: Failed to open stream: Permission denied
The exception occurred while attempting to log: No application encryption key has been specified.
Context: {"exception":{}}
Context: {"exception":{}}
Context: {"exception":{}}
Context: {"exception":{}}
Context: {"exception":{}}
Context: {"exception":{}} {"exception":"[object] (UnexpectedValueException(code: 0): The stream or file \"/var/www/html/storage/logs/security-2026-08-30.log\" could not be opened in append mode: Failed to open stream: Permission denied
The exception occurred while attempting to log: The stream or file \"/var/www/html/storage/logs/security-2026-08-30.log\" could not be opened in append mode: Failed to open stream: Permission denied
The exception occurred while attempting to log: The stream or file \"/var/www/html/storage/logs/security-2026-08-30.log\" could not be opened in append mode: Failed to open stream: Permission denied
The exception occurred while attempting to log: The stream or file \"/var/www/html/storage/logs/security-2026-08-30.log\" could not be opened in append mode: Failed to open stream: Permission denied
The exception occurred while attempting to log: The stream or file \"/var/www/html/storage/logs/security-2026-08-30.log\" could not be opened in append mode: Failed to open stream: Permission denied
The exception occurred while attempting to log: The stream or file \"/var/www/html/storage/logs/security-2026-08-30.log\" could not be opened in append mode: Failed to open stream: Permission denied
The exception occurred while attempting to log: No application encryption key has been specified.
Context: {\"exception\":{}}
Context: {\"exception\":{}}
Context: {\"exception\":{}}
Context: {\"exception\":{}}
Context: {\"exception\":{}}
Context: {\"exception\":{}} at /var/www/html/vendor/monolog/monolog/src/Monolog/Handler/StreamHandler.php:164)
[stacktrace]
#0 /var/www/html/vendor/monolog/monolog/src/Monolog/Handler/RotatingFileHandler.php(113): Monolog\\Handler\\StreamHandler->write(Object(Monolog\\LogRecord))
#1 /var/www/html/vendor/monolog/monolog/src/Monolog/Handler/AbstractProcessingHandler.php(44): Monolog\\Handler\\RotatingFileHandler->write(Object(Monolog\\LogRecord))
#2 /var/www/html/vendor/monolog/monolog/src/Monolog/Logger.php(391): Monolog\\Handler\\AbstractProcessingHandler->handle(Object(Monolog\\LogRecord))
#3 /var/www/html/vendor/monolog/monolog/src/Monolog/Logger.php(646): Monolog\\Logger->addRecord(Monolog\\Level::Error, 'The stream or f...', Array)
#4 /var/www/html/vendor/laravel/framework/src/Illuminate/Log/Logger.php(184): Monolog\\Logger->error('The stream or f...', Array)
#5 /var/www/html/vendor/laravel/framework/src/Illuminate/Log/Logger.php(97): Illuminate\\Log\\Logger->writeLog('error', 'The stream or f...', Array)
#6 /var/www/html/vendor/laravel/framework/src/Illuminate/Log/LogManager.php(701): Illuminate\\Log\\Logger->error('The stream or f...', Array)
#7 /var/www/html/vendor/laravel/framework/src/Illuminate/Foundation/Exceptions/Handler.php(380): Illuminate\\Log\\LogManager->error('The stream or f...', Array)
#8 /var/www/html/vendor/laravel/framework/src/Illuminate/Foundation/Exceptions/Handler.php(343): Illuminate\\Foundation\\Exceptions\\Handler->reportThrowable(Object(UnexpectedValueException))
#9 /var/www/html/vendor/laravel/framework/src/Illuminate/Routing/Pipeline.php(49): Illuminate\\Foundation\\Exceptions\\Handler->report(Object(UnexpectedValueException))
#10 /var/www/html/vendor/laravel/framework/src/Illuminate/Pipeline/Pipeline.php(214): Illuminate\\Routing\\Pipeline->handleException(Object(Illuminate\\Http\\Request), Object(UnexpectedValueException))
#11 /var/www/html/vendor/laravel/framework/src/Illuminate/Foundation/Http/Middleware/PreventRequestsDuringMaintenance.php(110): Illuminate\\Pipeline\\Pipeline->{closure:{closure:Illuminate\\Pipeline\\Pipeline::carry():184}:185}(Object(Illuminate\\Http\\Request))
#12 /var/www/html/vendor/laravel/framework/src/Illuminate/Pipeline/Pipeline.php(209): Illuminate\\Foundation\\Http\\Middleware\\PreventRequestsDuringMaintenance->handle(Object(Illuminate\\Http\\Request), Object(Closure))
#13 /var/www/html/vendor/laravel/framework/src/Illuminate/Http/Middleware/HandleCors.php(49): Illuminate\\Pipeline\\Pipeline->{closure:{closure:Illuminate\\Pipeline\\Pipeline::carry():184}:185}(Object(Illuminate\\Http\\Request))
#14 /var/www/html/vendor/laravel/framework/src/Illuminate/Pipeline/Pipeline.php(209): Illuminate\\Http\\Middleware\\HandleCors->handle(Object(Illuminate\\Http\\Request), Object(Closure))
#15 /var/www/html/vendor/laravel/framework/src/Illuminate/Http/Middleware/TrustProxies.php(58): Illuminate\\Pipeline\\Pipeline->{closure:{closure:Illuminate\\Pipeline\\Pipeline::carry():184}:185}(Object(Illuminate\\Http\\Request))
#16 /var/www/html/vendor/laravel/framework/src/Illuminate/Pipeline/Pipeline.php(209): Illuminate\\Http\\Middleware\\TrustProxies->handle(Object(Illuminate\\Http\\Request), Object(Closure))
#17 /var/www/html/vendor/laravel/framework/src/Illuminate/Foundation/Http/Middleware/InvokeDeferredCallbacks.php(22): Illuminate\\Pipeline\\Pipeline->{closure:{closure:Illuminate\\Pipeline\\Pipeline::carry():184}:185}(Object(Illuminate\\Http\\Request))
#18 /var/www/html/vendor/laravel/framework/src/Illuminate/Pipeline/Pipeline.php(209): Illuminate\\Foundation\\Http\\Middleware\\InvokeDeferredCallbacks->handle(Object(Illuminate\\Http\\Request), Object(Closure))
#19 /var/www/html/vendor/laravel/framework/src/Illuminate/Pipeline/Pipeline.php(127): Illuminate\\Pipeline\\Pipeline->{closure:{closure:Illuminate\\Pipeline\\Pipeline::carry():184}:185}(Object(Illuminate\\Http\\Request))
#20 /var/www/html/vendor/laravel/framework/src/Illuminate/Foundation/Http/Kernel.php(176): Illuminate\\Pipeline\\Pipeline->then(Object(Closure))
#21 /var/www/html/vendor/laravel/framework/src/Illuminate/Foundation/Http/Kernel.php(145): Illuminate\\Foundation\\Http\\Kernel->sendRequestThroughRouter(Object(Illuminate\\Http\\Request))
#22 /var/www/html/vendor/laravel/framework/src/Illuminate/Foundation/Application.php(1220): Illuminate\\Foundation\\Http\\Kernel->handle(Object(Illuminate\\Http\\Request))
#23 /var/www/html/public/index.php(20): Illuminate\\Foundation\\Application->handleRequest(Object(Illuminate\\Http\\Request))
#24 {main}
"} 
[2026-08-30 03:42:49] local.ERROR: The stream or file "/var/www/html/storage/logs/security-2026-08-30.log" could not be opened in append mode: Failed to open stream: Permission denied
The exception occurred while attempting to log: The stream or file "/var/www/html/storage/logs/security-2026-08-30.log" could not be opened in append mode: Failed to open stream: Permission denied
The exception occurred while attempting to log: The stream or file "/var/www/html/storage/logs/security-2026-08-30.log" could not be opened in append mode: Failed to open stream: Permission denied
The exception occurred while attempting to log: The stream or file "/var/www/html/storage/logs/security-2026-08-30.log" could not be opened in append mode: Failed to open stream: Permission denied
The exception occurred while attempting to log: The stream or file "/var/www/html/storage/logs/security-2026-08-30.log" could not be opened in append mode: Failed to open stream: Permission denied
The exception occurred while attempting to log: The stream or file "/var/www/html/storage/logs/security-2026-08-30.log" could not be opened in append mode: Failed to open stream: Permission denied
The exception occurred while attempting to log: The stream or file "/var/www/html/storage/logs/security-2026-08-30.log" could not be opened in append mode: Failed to open stream: Permission denied
The exception occurred while attempting to log: No application encryption key has been specified.
Context: {"exception":{}}
Context: {"exception":{}}
Context: {"exception":{}}
Context: {"exception":{}}
Context: {"exception":{}}
Context: {"exception":{}}
Context: {"exception":{}} {"exception":"[object] (UnexpectedValueException(code: 0): The stream or file \"/var/www/html/storage/logs/security-2026-08-30.log\" could not be opened in append mode: Failed to open stream: Permission denied
The exception occurred while attempting to log: The stream or file \"/var/www/html/storage/logs/security-2026-08-30.log\" could not be opened in append mode: Failed to open stream: Permission denied
The exception occurred while attempting to log: The stream or file \"/var/www/html/storage/logs/security-2026-08-30.log\" could not be opened in append mode: Failed to open stream: Permission denied
The exception occurred while attempting to log: The stream or file \"/var/www/html/storage/logs/security-2026-08-30.log\" could not be opened in append mode: Failed to open stream: Permission denied
The exception occurred while attempting to log: The stream or file \"/var/www/html/storage/logs/security-2026-08-30.log\" could not be opened in append mode: Failed to open stream: Permission denied
The exception occurred while attempting to log: The stream or file \"/var/www/html/storage/logs/security-2026-08-30.log\" could not be opened in append mode: Failed to open stream: Permission denied
The exception occurred while attempting to log: The stream or file \"/var/www/html/storage/logs/security-2026-08-30.log\" could not be opened in append mode: Failed to open stream: Permission denied
The exception occurred while attempting to log: No application encryption key has been specified.
Context: {\"exception\":{}}
Context: {\"exception\":{}}
Context: {\"exception\":{}}
Context: {\"exception\":{}}
Context: {\"exception\":{}}
Context: {\"exception\":{}}
Context: {\"exception\":{}} at /var/www/html/vendor/monolog/monolog/src/Monolog/Handler/StreamHandler.php:164)
[stacktrace]
#0 /var/www/html/vendor/monolog/monolog/src/Monolog/Handler/RotatingFileHandler.php(113): Monolog\\Handler\\StreamHandler->write(Object(Monolog\\LogRecord))
#1 /var/www/html/vendor/monolog/monolog/src/Monolog/Handler/AbstractProcessingHandler.php(44): Monolog\\Handler\\RotatingFileHandler->write(Object(Monolog\\LogRecord))
#2 /var/www/html/vendor/monolog/monolog/src/Monolog/Logger.php(391): Monolog\\Handler\\AbstractProcessingHandler->handle(Object(Monolog\\LogRecord))
#3 /var/www/html/vendor/monolog/monolog/src/Monolog/Logger.php(646): Monolog\\Logger->addRecord(Monolog\\Level::Error, 'The stream or f...', Array)
#4 /var/www/html/vendor/laravel/framework/src/Illuminate/Log/Logger.php(184): Monolog\\Logger->error('The stream or f...', Array)
#5 /var/www/html/vendor/laravel/framework/src/Illuminate/Log/Logger.php(97): Illuminate\\Log\\Logger->writeLog('error', 'The stream or f...', Array)
#6 /var/www/html/vendor/laravel/framework/src/Illuminate/Log/LogManager.php(701): Illuminate\\Log\\Logger->error('The stream or f...', Array)
#7 /var/www/html/vendor/laravel/framework/src/Illuminate/Foundation/Exceptions/Handler.php(380): Illuminate\\Log\\LogManager->error('The stream or f...', Array)
#8 /var/www/html/vendor/laravel/framework/src/Illuminate/Foundation/Exceptions/Handler.php(343): Illuminate\\Foundation\\Exceptions\\Handler->reportThrowable(Object(UnexpectedValueException))
#9 /var/www/html/vendor/laravel/framework/src/Illuminate/Routing/Pipeline.php(49): Illuminate\\Foundation\\Exceptions\\Handler->report(Object(UnexpectedValueException))
#10 /var/www/html/vendor/laravel/framework/src/Illuminate/Pipeline/Pipeline.php(214): Illuminate\\Routing\\Pipeline->handleException(Object(Illuminate\\Http\\Request), Object(UnexpectedValueException))
#11 /var/www/html/vendor/laravel/framework/src/Illuminate/Http/Middleware/HandleCors.php(49): Illuminate\\Pipeline\\Pipeline->{closure:{closure:Illuminate\\Pipeline\\Pipeline::carry():184}:185}(Object(Illuminate\\Http\\Request))
#12 /var/www/html/vendor/laravel/framework/src/Illuminate/Pipeline/Pipeline.php(209): Illuminate\\Http\\Middleware\\HandleCors->handle(Object(Illuminate\\Http\\Request), Object(Closure))
#13 /var/www/html/vendor/laravel/framework/src/Illuminate/Http/Middleware/TrustProxies.php(58): Illuminate\\Pipeline\\Pipeline->{closure:{closure:Illuminate\\Pipeline\\Pipeline::carry():184}:185}(Object(Illuminate\\Http\\Request))
#14 /var/www/html/vendor/laravel/framework/src/Illuminate/Pipeline/Pipeline.php(209): Illuminate\\Http\\Middleware\\TrustProxies->handle(Object(Illuminate\\Http\\Request), Object(Closure))
#15 /var/www/html/vendor/laravel/framework/src/Illuminate/Foundation/Http/Middleware/InvokeDeferredCallbacks.php(22): Illuminate\\Pipeline\\Pipeline->{closure:{closure:Illuminate\\Pipeline\\Pipeline::carry():184}:185}(Object(Illuminate\\Http\\Request))
#16 /var/www/html/vendor/laravel/framework/src/Illuminate/Pipeline/Pipeline.php(209): Illuminate\\Foundation\\Http\\Middleware\\InvokeDeferredCallbacks->handle(Object(Illuminate\\Http\\Request), Object(Closure))
#17 /var/www/html/vendor/laravel/framework/src/Illuminate/Pipeline/Pipeline.php(127): Illuminate\\Pipeline\\Pipeline->{closure:{closure:Illuminate\\Pipeline\\Pipeline::carry():184}:185}(Object(Illuminate\\Http\\Request))
#18 /var/www/html/vendor/laravel/framework/src/Illuminate/Foundation/Http/Kernel.php(176): Illuminate\\Pipeline\\Pipeline->then(Object(Closure))
#19 /var/www/html/vendor/laravel/framework/src/Illuminate/Foundation/Http/Kernel.php(145): Illuminate\\Foundation\\Http\\Kernel->sendRequestThroughRouter(Object(Illuminate\\Http\\Request))
#20 /var/www/html/vendor/laravel/framework/src/Illuminate/Foundation/Application.php(1220): Illuminate\\Foundation\\Http\\Kernel->handle(Object(Illuminate\\Http\\Request))
#21 /var/www/html/public/index.php(20): Illuminate\\Foundation\\Application->handleRequest(Object(Illuminate\\Http\\Request))
#22 {main}
"} 
[2026-08-30 03:42:49] local.ERROR: The stream or file "/var/www/html/storage/logs/security-2026-08-30.log" could not be opened in append mode: Failed to open stream: Permission denied
The exception occurred while attempting to log: The stream or file "/var/www/html/storage/logs/security-2026-08-30.log" could not be opened in append mode: Failed to open stream: Permission denied
The exception occurred while attempting to log: The stream or file "/var/www/html/storage/logs/security-2026-08-30.log" could not be opened in append mode: Failed to open stream: Permission denied
The exception occurred while attempting to log: The stream or file "/var/www/html/storage/logs/security-2026-08-30.log" could not be opened in append mode: Failed to open stream: Permission denied
The exception occurred while attempting to log: The stream or file "/var/www/html/storage/logs/security-2026-08-30.log" could not be opened in append mode: Failed to open stream: Permission denied
The exception occurred while attempting to log: The stream or file "/var/www/html/storage/logs/security-2026-08-30.log" could not be opened in append mode: Failed to open stream: Permission denied
The exception occurred while attempting to log: The stream or file "/var/www/html/storage/logs/security-2026-08-30.log" could not be opened in append mode: Failed to open stream: Permission denied
The exception occurred while attempting to log: The stream or file "/var/www/html/storage/logs/security-2026-08-30.log" could not be opened in append mode: Failed to open stream: Permission denied
The exception occurred while attempting to log: No application encryption key has been specified.
Context: {"exception":{}}
Context: {"exception":{}}
Context: {"exception":{}}
Context: {"exception":{}}
Context: {"exception":{}}
Context: {"exception":{}}
Context: {"exception":{}}
Context: {"exception":{}} {"exception":"[object] (UnexpectedValueException(code: 0): The stream or file \"/var/www/html/storage/logs/security-2026-08-30.log\" could not be opened in append mode: Failed to open stream: Permission denied
The exception occurred while attempting to log: The stream or file \"/var/www/html/storage/logs/security-2026-08-30.log\" could not be opened in append mode: Failed to open stream: Permission denied
The exception occurred while attempting to log: The stream or file \"/var/www/html/storage/logs/security-2026-08-30.log\" could not be opened in append mode: Failed to open stream: Permission denied
The exception occurred while attempting to log: The stream or file \"/var/www/html/storage/logs/security-2026-08-30.log\" could not be opened in append mode: Failed to open stream: Permission denied
The exception occurred while attempting to log: The stream or file \"/var/www/html/storage/logs/security-2026-08-30.log\" could not be opened in append mode: Failed to open stream: Permission denied
The exception occurred while attempting to log: The stream or file \"/var/www/html/storage/logs/security-2026-08-30.log\" could not be opened in append mode: Failed to open stream: Permission denied
The exception occurred while attempting to log: The stream or file \"/var/www/html/storage/logs/security-2026-08-30.log\" could not be opened in append mode: Failed to open stream: Permission denied
The exception occurred while attempting to log: The stream or file \"/var/www/html/storage/logs/security-2026-08-30.log\" could not be opened in append mode: Failed to open stream: Permission denied
The exception occurred while attempting to log: No application encryption key has been specified.
Context: {\"exception\":{}}
Context: {\"exception\":{}}
Context: {\"exception\":{}}
Context: {\"exception\":{}}
Context: {\"exception\":{}}
Context: {\"exception\":{}}
Context: {\"exception\":{}}
Context: {\"exception\":{}} at /var/www/html/vendor/monolog/monolog/src/Monolog/Handler/StreamHandler.php:164)
[stacktrace]
#0 /var/www/html/vendor/monolog/monolog/src/Monolog/Handler/RotatingFileHandler.php(113): Monolog\\Handler\\StreamHandler->write(Object(Monolog\\LogRecord))
#1 /var/www/html/vendor/monolog/monolog/src/Monolog/Handler/AbstractProcessingHandler.php(44): Monolog\\Handler\\RotatingFileHandler->write(Object(Monolog\\LogRecord))
#2 /var/www/html/vendor/monolog/monolog/src/Monolog/Logger.php(391): Monolog\\Handler\\AbstractProcessingHandler->handle(Object(Monolog\\LogRecord))
#3 /var/www/html/vendor/monolog/monolog/src/Monolog/Logger.php(646): Monolog\\Logger->addRecord(Monolog\\Level::Error, 'The stream or f...', Array)
#4 /var/www/html/vendor/laravel/framework/src/Illuminate/Log/Logger.php(184): Monolog\\Logger->error('The stream or f...', Array)
#5 /var/www/html/vendor/laravel/framework/src/Illuminate/Log/Logger.php(97): Illuminate\\Log\\Logger->writeLog('error', 'The stream or f...', Array)
#6 /var/www/html/vendor/laravel/framework/src/Illuminate/Log/LogManager.php(701): Illuminate\\Log\\Logger->error('The stream or f...', Array)
#7 /var/www/html/vendor/laravel/framework/src/Illuminate/Foundation/Exceptions/Handler.php(380): Illuminate\\Log\\LogManager->error('The stream or f...', Array)
#8 /var/www/html/vendor/laravel/framework/src/Illuminate/Foundation/Exceptions/Handler.php(343): Illuminate\\Foundation\\Exceptions\\Handler->reportThrowable(Object(UnexpectedValueException))
#9 /var/www/html/vendor/laravel/framework/src/Illuminate/Routing/Pipeline.php(49): Illuminate\\Foundation\\Exceptions\\Handler->report(Object(UnexpectedValueException))
#10 /var/www/html/vendor/laravel/framework/src/Illuminate/Pipeline/Pipeline.php(214): Illuminate\\Routing\\Pipeline->handleException(Object(Illuminate\\Http\\Request), Object(UnexpectedValueException))
#11 /var/www/html/vendor/laravel/framework/src/Illuminate/Http/Middleware/TrustProxies.php(58): Illuminate\\Pipeline\\Pipeline->{closure:{closure:Illuminate\\Pipeline\\Pipeline::carry():184}:185}(Object(Illuminate\\Http\\Request))
#12 /var/www/html/vendor/laravel/framework/src/Illuminate/Pipeline/Pipeline.php(209): Illuminate\\Http\\Middleware\\TrustProxies->handle(Object(Illuminate\\Http\\Request), Object(Closure))
#13 /var/www/html/vendor/laravel/framework/src/Illuminate/Foundation/Http/Middleware/InvokeDeferredCallbacks.php(22): Illuminate\\Pipeline\\Pipeline->{closure:{closure:Illuminate\\Pipeline\\Pipeline::carry():184}:185}(Object(Illuminate\\Http\\Request))
#14 /var/www/html/vendor/laravel/framework/src/Illuminate/Pipeline/Pipeline.php(209): Illuminate\\Foundation\\Http\\Middleware\\InvokeDeferredCallbacks->handle(Object(Illuminate\\Http\\Request), Object(Closure))
#15 /var/www/html/vendor/laravel/framework/src/Illuminate/Pipeline/Pipeline.php(127): Illuminate\\Pipeline\\Pipeline->{closure:{closure:Illuminate\\Pipeline\\Pipeline::carry():184}:185}(Object(Illuminate\\Http\\Request))
#16 /var/www/html/vendor/laravel/framework/src/Illuminate/Foundation/Http/Kernel.php(176): Illuminate\\Pipeline\\Pipeline->then(Object(Closure))
#17 /var/www/html/vendor/laravel/framework/src/Illuminate/Foundation/Http/Kernel.php(145): Illuminate\\Foundation\\Http\\Kernel->sendRequestThroughRouter(Object(Illuminate\\Http\\Request))
#18 /var/www/html/vendor/laravel/framework/src/Illuminate/Foundation/Application.php(1220): Illuminate\\Foundation\\Http\\Kernel->handle(Object(Illuminate\\Http\\Request))
#19 /var/www/html/public/index.php(20): Illuminate\\Foundation\\Application->handleRequest(Object(Illuminate\\Http\\Request))
#20 {main}
"} 
[2026-08-30 03:42:49] local.ERROR: The stream or file "/var/www/html/storage/logs/security-2026-08-30.log" could not be opened in append mode: Failed to open stream: Permission denied
The exception occurred while attempting to log: The stream or file "/var/www/html/storage/logs/security-2026-08-30.log" could not be opened in append mode: Failed to open stream: Permission denied
The exception occurred while attempting to log: The stream or file "/var/www/html/storage/logs/security-2026-08-30.log" could not be opened in append mode: Failed to open stream: Permission denied
The exception occurred while attempting to log: The stream or file "/var/www/html/storage/logs/security-2026-08-30.log" could not be opened in append mode: Failed to open stream: Permission denied
The exception occurred while attempting to log: The stream or file "/var/www/html/storage/logs/security-2026-08-30.log" could not be opened in append mode: Failed to open stream: Permission denied
The exception occurred while attempting to log: The stream or file "/var/www/html/storage/logs/security-2026-08-30.log" could not be opened in append mode: Failed to open stream: Permission denied
The exception occurred while attempting to log: The stream or file "/var/www/html/storage/logs/security-2026-08-30.log" could not be opened in append mode: Failed to open stream: Permission denied
The exception occurred while attempting to log: The stream or file "/var/www/html/storage/logs/security-2026-08-30.log" could not be opened in append mode: Failed to open stream: Permission denied
The exception occurred while attempting to log: The stream or file "/var/www/html/storage/logs/security-2026-08-30.log" could not be opened in append mode: Failed to open stream: Permission denied
The exception occurred while attempting to log: No application encryption key has been specified.
Context: {"exception":{}}
Context: {"exception":{}}
Context: {"exception":{}}
Context: {"exception":{}}
Context: {"exception":{}}
Context: {"exception":{}}
Context: {"exception":{}}
Context: {"exception":{}}
Context: {"exception":{}} {"exception":"[object] (UnexpectedValueException(code: 0): The stream or file \"/var/www/html/storage/logs/security-2026-08-30.log\" could not be opened in append mode: Failed to open stream: Permission denied
The exception occurred while attempting to log: The stream or file \"/var/www/html/storage/logs/security-2026-08-30.log\" could not be opened in append mode: Failed to open stream: Permission denied
The exception occurred while attempting to log: The stream or file \"/var/www/html/storage/logs/security-2026-08-30.log\" could not be opened in append mode: Failed to open stream: Permission denied
The exception occurred while attempting to log: The stream or file \"/var/www/html/storage/logs/security-2026-08-30.log\" could not be opened in append mode: Failed to open stream: Permission denied
The exception occurred while attempting to log: The stream or file \"/var/www/html/storage/logs/security-2026-08-30.log\" could not be opened in append mode: Failed to open stream: Permission denied
The exception occurred while attempting to log: The stream or file \"/var/www/html/storage/logs/security-2026-08-30.log\" could not be opened in append mode: Failed to open stream: Permission denied
The exception occurred while attempting to log: The stream or file \"/var/www/html/storage/logs/security-2026-08-30.log\" could not be opened in append mode: Failed to open stream: Permission denied
The exception occurred while attempting to log: The stream or file \"/var/www/html/storage/logs/security-2026-08-30.log\" could not be opened in append mode: Failed to open stream: Permission denied
The exception occurred while attempting to log: The stream or file \"/var/www/html/storage/logs/security-2026-08-30.log\" could not be opened in append mode: Failed to open stream: Permission denied
The exception occurred while attempting to log: No application encryption key has been specified.
Context: {\"exception\":{}}
Context: {\"exception\":{}}
Context: {\"exception\":{}}
Context: {\"exception\":{}}
Context: {\"exception\":{}}
Context: {\"exception\":{}}
Context: {\"exception\":{}}
Context: {\"exception\":{}}
Context: {\"exception\":{}} at /var/www/html/vendor/monolog/monolog/src/Monolog/Handler/StreamHandler.php:164)
[stacktrace]
#0 /var/www/html/vendor/monolog/monolog/src/Monolog/Handler/RotatingFileHandler.php(113): Monolog\\Handler\\StreamHandler->write(Object(Monolog\\LogRecord))
#1 /var/www/html/vendor/monolog/monolog/src/Monolog/Handler/AbstractProcessingHandler.php(44): Monolog\\Handler\\RotatingFileHandler->write(Object(Monolog\\LogRecord))
#2 /var/www/html/vendor/monolog/monolog/src/Monolog/Logger.php(391): Monolog\\Handler\\AbstractProcessingHandler->handle(Object(Monolog\\LogRecord))
#3 /var/www/html/vendor/monolog/monolog/src/Monolog/Logger.php(646): Monolog\\Logger->addRecord(Monolog\\Level::Error, 'The stream or f...', Array)
#4 /var/www/html/vendor/laravel/framework/src/Illuminate/Log/Logger.php(184): Monolog\\Logger->error('The stream or f...', Array)
#5 /var/www/html/vendor/laravel/framework/src/Illuminate/Log/Logger.php(97): Illuminate\\Log\\Logger->writeLog('error', 'The stream or f...', Array)
#6 /var/www/html/vendor/laravel/framework/src/Illuminate/Log/LogManager.php(701): Illuminate\\Log\\Logger->error('The stream or f...', Array)
#7 /var/www/html/vendor/laravel/framework/src/Illuminate/Foundation/Exceptions/Handler.php(380): Illuminate\\Log\\LogManager->error('The stream or f...', Array)
#8 /var/www/html/vendor/laravel/framework/src/Illuminate/Foundation/Exceptions/Handler.php(343): Illuminate\\Foundation\\Exceptions\\Handler->reportThrowable(Object(UnexpectedValueException))
#9 /var/www/html/vendor/laravel/framework/src/Illuminate/Routing/Pipeline.php(49): Illuminate\\Foundation\\Exceptions\\Handler->report(Object(UnexpectedValueException))
#10 /var/www/html/vendor/laravel/framework/src/Illuminate/Pipeline/Pipeline.php(214): Illuminate\\Routing\\Pipeline->handleException(Object(Illuminate\\Http\\Request), Object(UnexpectedValueException))
#11 /var/www/html/vendor/laravel/framework/src/Illuminate/Foundation/Http/Middleware/InvokeDeferredCallbacks.php(22): Illuminate\\Pipeline\\Pipeline->{closure:{closure:Illuminate\\Pipeline\\Pipeline::carry():184}:185}(Object(Illuminate\\Http\\Request))
#12 /var/www/html/vendor/laravel/framework/src/Illuminate/Pipeline/Pipeline.php(209): Illuminate\\Foundation\\Http\\Middleware\\InvokeDeferredCallbacks->handle(Object(Illuminate\\Http\\Request), Object(Closure))
#13 /var/www/html/vendor/laravel/framework/src/Illuminate/Pipeline/Pipeline.php(127): Illuminate\\Pipeline\\Pipeline->{closure:{closure:Illuminate\\Pipeline\\Pipeline::carry():184}:185}(Object(Illuminate\\Http\\Request))
#14 /var/www/html/vendor/laravel/framework/src/Illuminate/Foundation/Http/Kernel.php(176): Illuminate\\Pipeline\\Pipeline->then(Object(Closure))
#15 /var/www/html/vendor/laravel/framework/src/Illuminate/Foundation/Http/Kernel.php(145): Illuminate\\Foundation\\Http\\Kernel->sendRequestThroughRouter(Object(Illuminate\\Http\\Request))
#16 /var/www/html/vendor/laravel/framework/src/Illuminate/Foundation/Application.php(1220): Illuminate\\Foundation\\Http\\Kernel->handle(Object(Illuminate\\Http\\Request))
#17 /var/www/html/public/index.php(20): Illuminate\\Foundation\\Application->handleRequest(Object(Illuminate\\Http\\Request))
#18 {main}
"} 
[2026-08-30 03:42:49] local.ERROR: The stream or file "/var/www/html/storage/logs/security-2026-08-30.log" could not be opened in append mode: Failed to open stream: Permission denied
The exception occurred while attempting to log: The stream or file "/var/www/html/storage/logs/security-2026-08-30.log" could not be opened in append mode: Failed to open stream: Permission denied
The exception occurred while attempting to log: The stream or file "/var/www/html/storage/logs/security-2026-08-30.log" could not be opened in append mode: Failed to open stream: Permission denied
The exception occurred while attempting to log: The stream or file "/var/www/html/storage/logs/security-2026-08-30.log" could not be opened in append mode: Failed to open stream: Permission denied
The exception occurred while attempting to log: The stream or file "/var/www/html/storage/logs/security-2026-08-30.log" could not be opened in append mode: Failed to open stream: Permission denied
The exception occurred while attempting to log: The stream or file "/var/www/html/storage/logs/security-2026-08-30.log" could not be opened in append mode: Failed to open stream: Permission denied
The exception occurred while attempting to log: The stream or file "/var/www/html/storage/logs/security-2026-08-30.log" could not be opened in append mode: Failed to open stream: Permission denied
The exception occurred while attempting to log: The stream or file "/var/www/html/storage/logs/security-2026-08-30.log" could not be opened in append mode: Failed to open stream: Permission denied
The exception occurred while attempting to log: The stream or file "/var/www/html/storage/logs/security-2026-08-30.log" could not be opened in append mode: Failed to open stream: Permission denied
The exception occurred while attempting to log: The stream or file "/var/www/html/storage/logs/security-2026-08-30.log" could not be opened in append mode: Failed to open stream: Permission denied
The exception occurred while attempting to log: No application encryption key has been specified.
Context: {"exception":{}}
Context: {"exception":{}}
Context: {"exception":{}}
Context: {"exception":{}}
Context: {"exception":{}}
Context: {"exception":{}}
Context: {"exception":{}}
Context: {"exception":{}}
Context: {"exception":{}}
Context: {"exception":{}} {"exception":"[object] (UnexpectedValueException(code: 0): The stream or file \"/var/www/html/storage/logs/security-2026-08-30.log\" could not be opened in append mode: Failed to open stream: Permission denied
The exception occurred while attempting to log: The stream or file \"/var/www/html/storage/logs/security-2026-08-30.log\" could not be opened in append mode: Failed to open stream: Permission denied
The exception occurred while attempting to log: The stream or file \"/var/www/html/storage/logs/security-2026-08-30.log\" could not be opened in append mode: Failed to open stream: Permission denied
The exception occurred while attempting to log: The stream or file \"/var/www/html/storage/logs/security-2026-08-30.log\" could not be opened in append mode: Failed to open stream: Permission denied
The exception occurred while attempting to log: The stream or file \"/var/www/html/storage/logs/security-2026-08-30.log\" could not be opened in append mode: Failed to open stream: Permission denied
The exception occurred while attempting to log: The stream or file \"/var/www/html/storage/logs/security-2026-08-30.log\" could not be opened in append mode: Failed to open stream: Permission denied
The exception occurred while attempting to log: The stream or file \"/var/www/html/storage/logs/security-2026-08-30.log\" could not be opened in append mode: Failed to open stream: Permission denied
The exception occurred while attempting to log: The stream or file \"/var/www/html/storage/logs/security-2026-08-30.log\" could not be opened in append mode: Failed to open stream: Permission denied
The exception occurred while attempting to log: The stream or file \"/var/www/html/storage/logs/security-2026-08-30.log\" could not be opened in append mode: Failed to open stream: Permission denied
The exception occurred while attempting to log: The stream or file \"/var/www/html/storage/logs/security-2026-08-30.log\" could not be opened in append mode: Failed to open stream: Permission denied
The exception occurred while attempting to log: No application encryption key has been specified.
Context: {\"exception\":{}}
Context: {\"exception\":{}}
Context: {\"exception\":{}}
Context: {\"exception\":{}}
Context: {\"exception\":{}}
Context: {\"exception\":{}}
Context: {\"exception\":{}}
Context: {\"exception\":{}}
Context: {\"exception\":{}}
Context: {\"exception\":{}} at /var/www/html/vendor/monolog/monolog/src/Monolog/Handler/StreamHandler.php:164)
[stacktrace]
#0 /var/www/html/vendor/monolog/monolog/src/Monolog/Handler/RotatingFileHandler.php(113): Monolog\\Handler\\StreamHandler->write(Object(Monolog\\LogRecord))
#1 /var/www/html/vendor/monolog/monolog/src/Monolog/Handler/AbstractProcessingHandler.php(44): Monolog\\Handler\\RotatingFileHandler->write(Object(Monolog\\LogRecord))
#2 /var/www/html/vendor/monolog/monolog/src/Monolog/Logger.php(391): Monolog\\Handler\\AbstractProcessingHandler->handle(Object(Monolog\\LogRecord))
#3 /var/www/html/vendor/monolog/monolog/src/Monolog/Logger.php(646): Monolog\\Logger->addRecord(Monolog\\Level::Error, 'The stream or f...', Array)
#4 /var/www/html/vendor/laravel/framework/src/Illuminate/Log/Logger.php(184): Monolog\\Logger->error('The stream or f...', Array)
#5 /var/www/html/vendor/laravel/framework/src/Illuminate/Log/Logger.php(97): Illuminate\\Log\\Logger->writeLog('error', 'The stream or f...', Array)
#6 /var/www/html/vendor/laravel/framework/src/Illuminate/Log/LogManager.php(701): Illuminate\\Log\\Logger->error('The stream or f...', Array)
#7 /var/www/html/vendor/laravel/framework/src/Illuminate/Foundation/Exceptions/Handler.php(380): Illuminate\\Log\\LogManager->error('The stream or f...', Array)
#8 /var/www/html/vendor/laravel/framework/src/Illuminate/Foundation/Exceptions/Handler.php(343): Illuminate\\Foundation\\Exceptions\\Handler->reportThrowable(Object(UnexpectedValueException))
#9 /var/www/html/vendor/laravel/framework/src/Illuminate/Routing/Pipeline.php(49): Illuminate\\Foundation\\Exceptions\\Handler->report(Object(UnexpectedValueException))
#10 /var/www/html/vendor/laravel/framework/src/Illuminate/Pipeline/Pipeline.php(214): Illuminate\\Routing\\Pipeline->handleException(Object(Illuminate\\Http\\Request), Object(UnexpectedValueException))
#11 /var/www/html/vendor/laravel/framework/src/Illuminate/Pipeline/Pipeline.php(127): Illuminate\\Pipeline\\Pipeline->{closure:{closure:Illuminate\\Pipeline\\Pipeline::carry():184}:185}(Object(Illuminate\\Http\\Request))
#12 /var/www/html/vendor/laravel/framework/src/Illuminate/Foundation/Http/Kernel.php(176): Illuminate\\Pipeline\\Pipeline->then(Object(Closure))
#13 /var/www/html/vendor/laravel/framework/src/Illuminate/Foundation/Http/Kernel.php(145): Illuminate\\Foundation\\Http\\Kernel->sendRequestThroughRouter(Object(Illuminate\\Http\\Request))
#14 /var/www/html/vendor/laravel/framework/src/Illuminate/Foundation/Application.php(1220): Illuminate\\Foundation\\Http\\Kernel->handle(Object(Illuminate\\Http\\Request))
#15 /var/www/html/public/index.php(20): Illuminate\\Foundation\\Application->handleRequest(Object(Illuminate\\Http\\Request))
#16 {main}
"} 
[2026-08-30 03:42:49] local.ERROR: The stream or file "/var/www/html/storage/logs/security-2026-08-30.log" could not be opened in append mode: Failed to open stream: Permission denied
The exception occurred while attempting to log: The stream or file "/var/www/html/storage/logs/security-2026-08-30.log" could not be opened in append mode: Failed to open stream: Permission denied
The exception occurred while attempting to log: The stream or file "/var/www/html/storage/logs/security-2026-08-30.log" could not be opened in append mode: Failed to open stream: Permission denied
The exception occurred while attempting to log: The stream or file "/var/www/html/storage/logs/security-2026-08-30.log" could not be opened in append mode: Failed to open stream: Permission denied
The exception occurred while attempting to log: The stream or file "/var/www/html/storage/logs/security-2026-08-30.log" could not be opened in append mode: Failed to open stream: Permission denied
The exception occurred while attempting to log: The stream or file "/var/www/html/storage/logs/security-2026-08-30.log" could not be opened in append mode: Failed to open stream: Permission denied
The exception occurred while attempting to log: The stream or file "/var/www/html/storage/logs/security-2026-08-30.log" could not be opened in append mode: Failed to open stream: Permission denied
The exception occurred while attempting to log: The stream or file "/var/www/html/storage/logs/security-2026-08-30.log" could not be opened in append mode: Failed to open stream: Permission denied
The exception occurred while attempting to log: The stream or file "/var/www/html/storage/logs/security-2026-08-30.log" could not be opened in append mode: Failed to open stream: Permission denied
The exception occurred while attempting to log: The stream or file "/var/www/html/storage/logs/security-2026-08-30.log" could not be opened in append mode: Failed to open stream: Permission denied
The exception occurred while attempting to log: The stream or file "/var/www/html/storage/logs/security-2026-08-30.log" could not be opened in append mode: Failed to open stream: Permission denied
The exception occurred while attempting to log: No application encryption key has been specified.
Context: {"exception":{}}
Context: {"exception":{}}
Context: {"exception":{}}
Context: {"exception":{}}
Context: {"exception":{}}
Context: {"exception":{}}
Context: {"exception":{}}
Context: {"exception":{}}
Context: {"exception":{}}
Context: {"exception":{}}
Context: {"exception":{}} {"exception":"[object] (UnexpectedValueException(code: 0): The stream or file \"/var/www/html/storage/logs/security-2026-08-30.log\" could not be opened in append mode: Failed to open stream: Permission denied
The exception occurred while attempting to log: The stream or file \"/var/www/html/storage/logs/security-2026-08-30.log\" could not be opened in append mode: Failed to open stream: Permission denied
The exception occurred while attempting to log: The stream or file \"/var/www/html/storage/logs/security-2026-08-30.log\" could not be opened in append mode: Failed to open stream: Permission denied
The exception occurred while attempting to log: The stream or file \"/var/www/html/storage/logs/security-2026-08-30.log\" could not be opened in append mode: Failed to open stream: Permission denied
The exception occurred while attempting to log: The stream or file \"/var/www/html/storage/logs/security-2026-08-30.log\" could not be opened in append mode: Failed to open stream: Permission denied
The exception occurred while attempting to log: The stream or file \"/var/www/html/storage/logs/security-2026-08-30.log\" could not be opened in append mode: Failed to open stream: Permission denied
The exception occurred while attempting to log: The stream or file \"/var/www/html/storage/logs/security-2026-08-30.log\" could not be opened in append mode: Failed to open stream: Permission denied
The exception occurred while attempting to log: The stream or file \"/var/www/html/storage/logs/security-2026-08-30.log\" could not be opened in append mode: Failed to open stream: Permission denied
The exception occurred while attempting to log: The stream or file \"/var/www/html/storage/logs/security-2026-08-30.log\" could not be opened in append mode: Failed to open stream: Permission denied
The exception occurred while attempting to log: The stream or file \"/var/www/html/storage/logs/security-2026-08-30.log\" could not be opened in append mode: Failed to open stream: Permission denied
The exception occurred while attempting to log: The stream or file \"/var/www/html/storage/logs/security-2026-08-30.log\" could not be opened in append mode: Failed to open stream: Permission denied
The exception occurred while attempting to log: No application encryption key has been specified.
Context: {\"exception\":{}}
Context: {\"exception\":{}}
Context: {\"exception\":{}}
Context: {\"exception\":{}}
Context: {\"exception\":{}}
Context: {\"exception\":{}}
Context: {\"exception\":{}}
Context: {\"exception\":{}}
Context: {\"exception\":{}}
Context: {\"exception\":{}}
Context: {\"exception\":{}} at /var/www/html/vendor/monolog/monolog/src/Monolog/Handler/StreamHandler.php:164)
[stacktrace]
#0 /var/www/html/vendor/monolog/monolog/src/Monolog/Handler/RotatingFileHandler.php(113): Monolog\\Handler\\StreamHandler->write(Object(Monolog\\LogRecord))
#1 /var/www/html/vendor/monolog/monolog/src/Monolog/Handler/AbstractProcessingHandler.php(44): Monolog\\Handler\\RotatingFileHandler->write(Object(Monolog\\LogRecord))
#2 /var/www/html/vendor/monolog/monolog/src/Monolog/Logger.php(391): Monolog\\Handler\\AbstractProcessingHandler->handle(Object(Monolog\\LogRecord))
#3 /var/www/html/vendor/monolog/monolog/src/Monolog/Logger.php(646): Monolog\\Logger->addRecord(Monolog\\Level::Error, 'The stream or f...', Array)
#4 /var/www/html/vendor/laravel/framework/src/Illuminate/Log/Logger.php(184): Monolog\\Logger->error('The stream or f...', Array)
#5 /var/www/html/vendor/laravel/framework/src/Illuminate/Log/Logger.php(97): Illuminate\\Log\\Logger->writeLog('error', 'The stream or f...', Array)
#6 /var/www/html/vendor/laravel/framework/src/Illuminate/Log/LogManager.php(701): Illuminate\\Log\\Logger->error('The stream or f...', Array)
#7 /var/www/html/vendor/laravel/framework/src/Illuminate/Foundation/Exceptions/Handler.php(380): Illuminate\\Log\\LogManager->error('The stream or f...', Array)
#8 /var/www/html/vendor/laravel/framework/src/Illuminate/Foundation/Exceptions/Handler.php(343): Illuminate\\Foundation\\Exceptions\\Handler->reportThrowable(Object(UnexpectedValueException))
#9 /var/www/html/vendor/laravel/framework/src/Illuminate/Foundation/Http/Kernel.php(563): Illuminate\\Foundation\\Exceptions\\Handler->report(Object(UnexpectedValueException))
#10 /var/www/html/vendor/laravel/framework/src/Illuminate/Foundation/Http/Kernel.php(147): Illuminate\\Foundation\\Http\\Kernel->reportException(Object(UnexpectedValueException))
#11 /var/www/html/vendor/laravel/framework/src/Illuminate/Foundation/Application.php(1220): Illuminate\\Foundation\\Http\\Kernel->handle(Object(Illuminate\\Http\\Request))
#12 /var/www/html/public/index.php(20): Illuminate\\Foundation\\Application->handleRequest(Object(Illuminate\\Http\\Request))
#13 {main}
"} 
[2026-08-30 04:08:05] local.ERROR: Target [Laravel\Fortify\Contracts\RegisterViewResponse] is not instantiable. {"exception":"[object] (Illuminate\\Contracts\\Container\\BindingResolutionException(code: 0): Target [Laravel\\Fortify\\Contracts\\RegisterViewResponse] is not instantiable. at /var/www/html/vendor/laravel/framework/src/Illuminate/Container/Container.php:1216)
[stacktrace]
#0 /var/www/html/vendor/laravel/framework/src/Illuminate/Container/Container.php(968): Illuminate\\Container\\Container->notInstantiable('Laravel\\\\Fortify...')
#1 /var/www/html/vendor/laravel/framework/src/Illuminate/Container/Container.php(832): Illuminate\\Container\\Container->build('Laravel\\\\Fortify...')
#2 /var/www/html/vendor/laravel/framework/src/Illuminate/Foundation/Application.php(1078): Illuminate\\Container\\Container->resolve('Laravel\\\\Fortify...', Array, true)
#3 /var/www/html/vendor/laravel/framework/src/Illuminate/Container/Container.php(763): Illuminate\\Foundation\\Application->resolve('Laravel\\\\Fortify...', Array)
#4 /var/www/html/vendor/laravel/framework/src/Illuminate/Foundation/Application.php(1058): Illuminate\\Container\\Container->make('Laravel\\\\Fortify...', Array)
#5 /var/www/html/vendor/laravel/framework/src/Illuminate/Foundation/helpers.php(124): Illuminate\\Foundation\\Application->make('Laravel\\\\Fortify...', Array)
#6 /var/www/html/vendor/laravel/fortify/src/Http/Controllers/RegisteredUserController.php(43): app('Laravel\\\\Fortify...')
#7 /var/www/html/vendor/laravel/framework/src/Illuminate/Routing/Controller.php(54): Laravel\\Fortify\\Http\\Controllers\\RegisteredUserController->create(Object(Illuminate\\Http\\Request))
#8 /var/www/html/vendor/laravel/framework/src/Illuminate/Routing/ControllerDispatcher.php(44): Illuminate\\Routing\\Controller->callAction('create', Array)
#9 /var/www/html/vendor/laravel/framework/src/Illuminate/Routing/Route.php(266): Illuminate\\Routing\\ControllerDispatcher->dispatch(Object(Illuminate\\Routing\\Route), Object(Laravel\\Fortify\\Http\\Controllers\\RegisteredUserController), 'create')
#10 /var/www/html/vendor/laravel/framework/src/Illuminate/Routing/Route.php(212): Illuminate\\Routing\\Route->runController()
#11 /var/www/html/vendor/laravel/framework/src/Illuminate/Routing/Router.php(808): Illuminate\\Routing\\Route->run()
#12 /var/www/html/vendor/laravel/framework/src/Illuminate/Pipeline/Pipeline.php(170): Illuminate\\Routing\\Router->{closure:Illuminate\\Routing\\Router::runRouteWithinStack():807}(Object(Illuminate\\Http\\Request))
#13 /var/www/html/vendor/laravel/framework/src/Illuminate/Auth/Middleware/RedirectIfAuthenticated.php(35): Illuminate\\Pipeline\\Pipeline->{closure:Illuminate\\Pipeline\\Pipeline::prepareDestination():168}(Object(Illuminate\\Http\\Request))
#14 /var/www/html/vendor/laravel/framework/src/Illuminate/Pipeline/Pipeline.php(209): Illuminate\\Auth\\Middleware\\RedirectIfAuthenticated->handle(Object(Illuminate\\Http\\Request), Object(Closure), 'web')
#15 /var/www/html/vendor/laravel/framework/src/Illuminate/Routing/Middleware/SubstituteBindings.php(51): Illuminate\\Pipeline\\Pipeline->{closure:{closure:Illuminate\\Pipeline\\Pipeline::carry():184}:185}(Object(Illuminate\\Http\\Request))
#16 /var/www/html/vendor/laravel/framework/src/Illuminate/Pipeline/Pipeline.php(209): Illuminate\\Routing\\Middleware\\SubstituteBindings->handle(Object(Illuminate\\Http\\Request), Object(Closure))
#17 /var/www/html/vendor/laravel/framework/src/Illuminate/Foundation/Http/Middleware/VerifyCsrfToken.php(88): Illuminate\\Pipeline\\Pipeline->{closure:{closure:Illuminate\\Pipeline\\Pipeline::carry():184}:185}(Object(Illuminate\\Http\\Request))
#18 /var/www/html/vendor/laravel/framework/src/Illuminate/Pipeline/Pipeline.php(209): Illuminate\\Foundation\\Http\\Middleware\\VerifyCsrfToken->handle(Object(Illuminate\\Http\\Request), Object(Closure))
#19 /var/www/html/vendor/laravel/framework/src/Illuminate/View/Middleware/ShareErrorsFromSession.php(49): Illuminate\\Pipeline\\Pipeline->{closure:{closure:Illuminate\\Pipeline\\Pipeline::carry():184}:185}(Object(Illuminate\\Http\\Request))
#20 /var/www/html/vendor/laravel/framework/src/Illuminate/Pipeline/Pipeline.php(209): Illuminate\\View\\Middleware\\ShareErrorsFromSession->handle(Object(Illuminate\\Http\\Request), Object(Closure))
#21 /var/www/html/vendor/laravel/framework/src/Illuminate/Session/Middleware/StartSession.php(121): Illuminate\\Pipeline\\Pipeline->{closure:{closure:Illuminate\\Pipeline\\Pipeline::carry():184}:185}(Object(Illuminate\\Http\\Request))
#22 /var/www/html/vendor/laravel/framework/src/Illuminate/Session/Middleware/StartSession.php(64): Illuminate\\Session\\Middleware\\StartSession->handleStatefulRequest(Object(Illuminate\\Http\\Request), Object(Illuminate\\Session\\Store), Object(Closure))
#23 /var/www/html/vendor/laravel/framework/src/Illuminate/Pipeline/Pipeline.php(209): Illuminate\\Session\\Middleware\\StartSession->handle(Object(Illuminate\\Http\\Request), Object(Closure))
#24 /var/www/html/vendor/laravel/framework/src/Illuminate/Cookie/Middleware/AddQueuedCookiesToResponse.php(37): Illuminate\\Pipeline\\Pipeline->{closure:{closure:Illuminate\\Pipeline\\Pipeline::carry():184}:185}(Object(Illuminate\\Http\\Request))
#25 /var/www/html/vendor/laravel/framework/src/Illuminate/Pipeline/Pipeline.php(209): Illuminate\\Cookie\\Middleware\\AddQueuedCookiesToResponse->handle(Object(Illuminate\\Http\\Request), Object(Closure))
#26 /var/www/html/vendor/laravel/framework/src/Illuminate/Cookie/Middleware/EncryptCookies.php(75): Illuminate\\Pipeline\\Pipeline->{closure:{closure:Illuminate\\Pipeline\\Pipeline::carry():184}:185}(Object(Illuminate\\Http\\Request))
#27 /var/www/html/vendor/laravel/framework/src/Illuminate/Pipeline/Pipeline.php(209): Illuminate\\Cookie\\Middleware\\EncryptCookies->handle(Object(Illuminate\\Http\\Request), Object(Closure))
#28 /var/www/html/vendor/laravel/framework/src/Illuminate/Pipeline/Pipeline.php(127): Illuminate\\Pipeline\\Pipeline->{closure:{closure:Illuminate\\Pipeline\\Pipeline::carry():184}:185}(Object(Illuminate\\Http\\Request))
#29 /var/www/html/vendor/laravel/framework/src/Illuminate/Routing/Router.php(807): Illuminate\\Pipeline\\Pipeline->then(Object(Closure))
#30 /var/www/html/vendor/laravel/framework/src/Illuminate/Routing/Router.php(786): Illuminate\\Routing\\Router->runRouteWithinStack(Object(Illuminate\\Routing\\Route), Object(Illuminate\\Http\\Request))
#31 /var/www/html/vendor/laravel/framework/src/Illuminate/Routing/Router.php(750): Illuminate\\Routing\\Router->runRoute(Object(Illuminate\\Http\\Request), Object(Illuminate\\Routing\\Route))
#32 /var/www/html/vendor/laravel/framework/src/Illuminate/Routing/Router.php(739): Illuminate\\Routing\\Router->dispatchToRoute(Object(Illuminate\\Http\\Request))
#33 /var/www/html/vendor/laravel/framework/src/Illuminate/Foundation/Http/Kernel.php(201): Illuminate\\Routing\\Router->dispatch(Object(Illuminate\\Http\\Request))
#34 /var/www/html/vendor/laravel/framework/src/Illuminate/Pipeline/Pipeline.php(170): Illuminate\\Foundation\\Http\\Kernel->{closure:Illuminate\\Foundation\\Http\\Kernel::dispatchToRouter():198}(Object(Illuminate\\Http\\Request))
#35 /var/www/html/vendor/livewire/livewire/src/Features/SupportDisablingBackButtonCache/DisableBackButtonCacheMiddleware.php(19): Illuminate\\Pipeline\\Pipeline->{closure:Illuminate\\Pipeline\\Pipeline::prepareDestination():168}(Object(Illuminate\\Http\\Request))
#36 /var/www/html/vendor/laravel/framework/src/Illuminate/Pipeline/Pipeline.php(209): Livewire\\Features\\SupportDisablingBackButtonCache\\DisableBackButtonCacheMiddleware->handle(Object(Illuminate\\Http\\Request), Object(Closure))
#37 /var/www/html/vendor/laravel/framework/src/Illuminate/Foundation/Http/Middleware/TransformsRequest.php(21): Illuminate\\Pipeline\\Pipeline->{closure:{closure:Illuminate\\Pipeline\\Pipeline::carry():184}:185}(Object(Illuminate\\Http\\Request))
#38 /var/www/html/vendor/laravel/framework/src/Illuminate/Foundation/Http/Middleware/ConvertEmptyStringsToNull.php(31): Illuminate\\Foundation\\Http\\Middleware\\TransformsRequest->handle(Object(Illuminate\\Http\\Request), Object(Closure))
#39 /var/www/html/vendor/laravel/framework/src/Illuminate/Pipeline/Pipeline.php(209): Illuminate\\Foundation\\Http\\Middleware\\ConvertEmptyStringsToNull->handle(Object(Illuminate\\Http\\Request), Object(Closure))
#40 /var/www/html/vendor/laravel/framework/src/Illuminate/Foundation/Http/Middleware/TransformsRequest.php(21): Illuminate\\Pipeline\\Pipeline->{closure:{closure:Illuminate\\Pipeline\\Pipeline::carry():184}:185}(Object(Illuminate\\Http\\Request))
#41 /var/www/html/vendor/laravel/framework/src/Illuminate/Foundation/Http/Middleware/TrimStrings.php(51): Illuminate\\Foundation\\Http\\Middleware\\TransformsRequest->handle(Object(Illuminate\\Http\\Request), Object(Closure))
#42 /var/www/html/vendor/laravel/framework/src/Illuminate/Pipeline/Pipeline.php(209): Illuminate\\Foundation\\Http\\Middleware\\TrimStrings->handle(Object(Illuminate\\Http\\Request), Object(Closure))
#43 /var/www/html/vendor/laravel/framework/src/Illuminate/Http/Middleware/ValidatePostSize.php(27): Illuminate\\Pipeline\\Pipeline->{closure:{closure:Illuminate\\Pipeline\\Pipeline::carry():184}:185}(Object(Illuminate\\Http\\Request))
#44 /var/www/html/vendor/laravel/framework/src/Illuminate/Pipeline/Pipeline.php(209): Illuminate\\Http\\Middleware\\ValidatePostSize->handle(Object(Illuminate\\Http\\Request), Object(Closure))
#45 /var/www/html/vendor/laravel/framework/src/Illuminate/Foundation/Http/Middleware/PreventRequestsDuringMaintenance.php(110): Illuminate\\Pipeline\\Pipeline->{closure:{closure:Illuminate\\Pipeline\\Pipeline::carry():184}:185}(Object(Illuminate\\Http\\Request))
#46 /var/www/html/vendor/laravel/framework/src/Illuminate/Pipeline/Pipeline.php(209): Illuminate\\Foundation\\Http\\Middleware\\PreventRequestsDuringMaintenance->handle(Object(Illuminate\\Http\\Request), Object(Closure))
#47 /var/www/html/vendor/laravel/framework/src/Illuminate/Http/Middleware/HandleCors.php(49): Illuminate\\Pipeline\\Pipeline->{closure:{closure:Illuminate\\Pipeline\\Pipeline::carry():184}:185}(Object(Illuminate\\Http\\Request))
#48 /var/www/html/vendor/laravel/framework/src/Illuminate/Pipeline/Pipeline.php(209): Illuminate\\Http\\Middleware\\HandleCors->handle(Object(Illuminate\\Http\\Request), Object(Closure))
#49 /var/www/html/vendor/laravel/framework/src/Illuminate/Http/Middleware/TrustProxies.php(58): Illuminate\\Pipeline\\Pipeline->{closure:{closure:Illuminate\\Pipeline\\Pipeline::carry():184}:185}(Object(Illuminate\\Http\\Request))
#50 /var/www/html/vendor/laravel/framework/src/Illuminate/Pipeline/Pipeline.php(209): Illuminate\\Http\\Middleware\\TrustProxies->handle(Object(Illuminate\\Http\\Request), Object(Closure))
#51 /var/www/html/vendor/laravel/framework/src/Illuminate/Foundation/Http/Middleware/InvokeDeferredCallbacks.php(22): Illuminate\\Pipeline\\Pipeline->{closure:{closure:Illuminate\\Pipeline\\Pipeline::carry():184}:185}(Object(Illuminate\\Http\\Request))
#52 /var/www/html/vendor/laravel/framework/src/Illuminate/Pipeline/Pipeline.php(209): Illuminate\\Foundation\\Http\\Middleware\\InvokeDeferredCallbacks->handle(Object(Illuminate\\Http\\Request), Object(Closure))
#53 /var/www/html/vendor/laravel/framework/src/Illuminate/Pipeline/Pipeline.php(127): Illuminate\\Pipeline\\Pipeline->{closure:{closure:Illuminate\\Pipeline\\Pipeline::carry():184}:185}(Object(Illuminate\\Http\\Request))
#54 /var/www/html/vendor/laravel/framework/src/Illuminate/Foundation/Http/Kernel.php(176): Illuminate\\Pipeline\\Pipeline->then(Object(Closure))
#55 /var/www/html/vendor/laravel/framework/src/Illuminate/Foundation/Http/Kernel.php(145): Illuminate\\Foundation\\Http\\Kernel->sendRequestThroughRouter(Object(Illuminate\\Http\\Request))
#56 /var/www/html/vendor/laravel/framework/src/Illuminate/Foundation/Application.php(1220): Illuminate\\Foundation\\Http\\Kernel->handle(Object(Illuminate\\Http\\Request))
#57 /var/www/html/public/index.php(20): Illuminate\\Foundation\\Application->handleRequest(Object(Illuminate\\Http\\Request))
#58 {main}
"} 
[2026-08-31 13:47:35] local.ERROR: php_network_getaddresses: getaddrinfo for redis failed: No such host is known {"exception":"[object] (RedisException(code: 0): php_network_getaddresses: getaddrinfo for redis failed: No such host is known at C:/Users/DELL/growza/growza/vendor/laravel/framework/src/Illuminate/Redis/Connectors/PhpRedisConnector.php:175)
[stacktrace]
#0 C:/Users/DELL/growza/growza/vendor/laravel/framework/src/Illuminate/Redis/Connectors/PhpRedisConnector.php(175): Redis->connect('redis', '6379', 0.0, NULL, 0, 0.0)
#1 C:/Users/DELL/growza/growza/vendor/laravel/framework/src/Illuminate/Redis/Connectors/PhpRedisConnector.php(104): Illuminate/Redis/Connectors/PhpRedisConnector->establishConnection(Object(Redis), Array)
#2 C:/Users/DELL/growza/growza/vendor/laravel/framework/src/Illuminate/Support/helpers.php(399): Illuminate/Redis/Connectors/PhpRedisConnector->{closure:Illuminate/Redis/Connectors/PhpRedisConnector::createClient():79}(Object(Redis))
#3 C:/Users/DELL/growza/growza/vendor/laravel/framework/src/Illuminate/Redis/Connectors/PhpRedisConnector.php(79): tap(Object(Redis), Object(Closure))
#4 C:/Users/DELL/growza/growza/vendor/laravel/framework/src/Illuminate/Redis/Connectors/PhpRedisConnector.php(33): Illuminate/Redis/Connectors/PhpRedisConnector->createClient(Array)
#5 C:/Users/DELL/growza/growza/vendor/laravel/framework/src/Illuminate/Redis/Connectors/PhpRedisConnector.php(38): Illuminate/Redis/Connectors/PhpRedisConnector->{closure:Illuminate/Redis/Connectors/PhpRedisConnector::connect():32}()
#6 C:/Users/DELL/growza/growza/vendor/laravel/framework/src/Illuminate/Redis/RedisManager.php(110): Illuminate/Redis/Connectors/PhpRedisConnector->connect(Array, Array)
#7 C:/Users/DELL/growza/growza/vendor/laravel/framework/src/Illuminate/Redis/RedisManager.php(91): Illuminate/Redis/RedisManager->resolve('cache')
#8 C:/Users/DELL/growza/growza/vendor/laravel/framework/src/Illuminate/Cache/RedisStore.php(357): Illuminate/Redis/RedisManager->connection('cache')
#9 C:/Users/DELL/growza/growza/vendor/laravel/framework/src/Illuminate/Cache/RedisStore.php(270): Illuminate/Cache/RedisStore->connection()
#10 C:/Users/DELL/growza/growza/vendor/laravel/framework/src/Illuminate/Cache/Repository.php(792): Illuminate/Cache/RedisStore->flush()
#11 C:/Users/DELL/growza/growza/vendor/laravel/framework/src/Illuminate/Cache/Console/ClearCommand.php(69): Illuminate/Cache/Repository->__call('flush', Array)
#12 C:/Users/DELL/growza/growza/vendor/laravel/framework/src/Illuminate/Container/BoundMethod.php(36): Illuminate/Cache/Console/ClearCommand->handle()
#13 C:/Users/DELL/growza/growza/vendor/laravel/framework/src/Illuminate/Container/Util.php(43): Illuminate/Container/BoundMethod::{closure:Illuminate/Container/BoundMethod::call():35}()
#14 C:/Users/DELL/growza/growza/vendor/laravel/framework/src/Illuminate/Container/BoundMethod.php(95): Illuminate/Container/Util::unwrapIfClosure(Object(Closure))
#15 C:/Users/DELL/growza/growza/vendor/laravel/framework/src/Illuminate/Container/BoundMethod.php(35): Illuminate/Container/BoundMethod::callBoundMethod(Object(Illuminate/Foundation/Application), Array, Object(Closure))
#16 C:/Users/DELL/growza/growza/vendor/laravel/framework/src/Illuminate/Container/Container.php(696): Illuminate/Container/BoundMethod::call(Object(Illuminate/Foundation/Application), Array, Array, NULL)
#17 C:/Users/DELL/growza/growza/vendor/laravel/framework/src/Illuminate/Console/Command.php(213): Illuminate/Container/Container->call(Array)
#18 C:/Users/DELL/growza/growza/vendor/symfony/console/Command/Command.php(341): Illuminate/Console/Command->execute(Object(Symfony/Component/Console/Input/ArrayInput), Object(Illuminate/Console/OutputStyle))
#19 C:/Users/DELL/growza/growza/vendor/laravel/framework/src/Illuminate/Console/Command.php(182): Symfony/Component/Console/Command/Command->run(Object(Symfony/Component/Console/Input/ArrayInput), Object(Illuminate/Console/OutputStyle))
#20 C:/Users/DELL/growza/growza/vendor/laravel/framework/src/Illuminate/Console/Concerns/CallsCommands.php(68): Illuminate/Console/Command->run(Object(Symfony/Component/Console/Input/ArrayInput), Object(Symfony/Component/Console/Output/NullOutput))
#21 C:/Users/DELL/growza/growza/vendor/laravel/framework/src/Illuminate/Console/Concerns/CallsCommands.php(41): Illuminate/Console/Command->runCommand('cache:clear', Array, Object(Symfony/Component/Console/Output/NullOutput))
#22 C:/Users/DELL/growza/growza/vendor/laravel/framework/src/Illuminate/Console/Concerns/CallsCommands.php(53): Illuminate/Console/Command->callSilent('cache:clear', Array)
#23 C:/Users/DELL/growza/growza/vendor/laravel/framework/src/Illuminate/Foundation/Console/OptimizeClearCommand.php(48): Illuminate/Console/Command->callSilently('cache:clear')
#24 C:/Users/DELL/growza/growza/vendor/laravel/framework/src/Illuminate/Console/View/Components/Task.php(40): Illuminate/Foundation/Console/OptimizeClearCommand->{closure:Illuminate/Foundation/Console/OptimizeClearCommand::handle():48}()
#25 C:/Users/DELL/growza/growza/vendor/laravel/framework/src/Illuminate/Console/View/Components/Factory.php(60): Illuminate/Console/View/Components/Task->render('cache', Object(Closure))
#26 C:/Users/DELL/growza/growza/vendor/laravel/framework/src/Illuminate/Foundation/Console/OptimizeClearCommand.php(48): Illuminate/Console/View/Components/Factory->__call('task', Array)
#27 C:/Users/DELL/growza/growza/vendor/laravel/framework/src/Illuminate/Container/BoundMethod.php(36): Illuminate/Foundation/Console/OptimizeClearCommand->handle()
#28 C:/Users/DELL/growza/growza/vendor/laravel/framework/src/Illuminate/Container/Util.php(43): Illuminate/Container/BoundMethod::{closure:Illuminate/Container/BoundMethod::call():35}()
#29 C:/Users/DELL/growza/growza/vendor/laravel/framework/src/Illuminate/Container/BoundMethod.php(95): Illuminate/Container/Util::unwrapIfClosure(Object(Closure))
#30 C:/Users/DELL/growza/growza/vendor/laravel/framework/src/Illuminate/Container/BoundMethod.php(35): Illuminate/Container/BoundMethod::callBoundMethod(Object(Illuminate/Foundation/Application), Array, Object(Closure))
#31 C:/Users/DELL/growza/growza/vendor/laravel/framework/src/Illuminate/Container/Container.php(696): Illuminate/Container/BoundMethod::call(Object(Illuminate/Foundation/Application), Array, Array, NULL)
#32 C:/Users/DELL/growza/growza/vendor/laravel/framework/src/Illuminate/Console/Command.php(213): Illuminate/Container/Container->call(Array)
#33 C:/Users/DELL/growza/growza/vendor/symfony/console/Command/Command.php(341): Illuminate/Console/Command->execute(Object(Symfony/Component/Console/Input/ArgvInput), Object(Illuminate/Console/OutputStyle))
#34 C:/Users/DELL/growza/growza/vendor/laravel/framework/src/Illuminate/Console/Command.php(182): Symfony/Component/Console/Command/Command->run(Object(Symfony/Component/Console/Input/ArgvInput), Object(Illuminate/Console/OutputStyle))
#35 C:/Users/DELL/growza/growza/vendor/symfony/console/Application.php(1117): Illuminate/Console/Command->run(Object(Symfony/Component/Console/Input/ArgvInput), Object(Symfony/Component/Console/Output/ConsoleOutput))
#36 C:/Users/DELL/growza/growza/vendor/symfony/console/Application.php(356): Symfony/Component/Console/Application->doRunCommand(Object(Illuminate/Foundation/Console/OptimizeClearCommand), Object(Symfony/Component/Console/Input/ArgvInput), Object(Symfony/Component/Console/Output/ConsoleOutput))
#37 C:/Users/DELL/growza/growza/vendor/symfony/console/Application.php(195): Symfony/Component/Console/Application->doRun(Object(Symfony/Component/Console/Input/ArgvInput), Object(Symfony/Component/Console/Output/ConsoleOutput))
#38 C:/Users/DELL/growza/growza/vendor/laravel/framework/src/Illuminate/Foundation/Console/Kernel.php(198): Symfony/Component/Console/Application->run(Object(Symfony/Component/Console/Input/ArgvInput), Object(Symfony/Component/Console/Output/ConsoleOutput))
#39 C:/Users/DELL/growza/growza/vendor/laravel/framework/src/Illuminate/Foundation/Application.php(1235): Illuminate/Foundation/Console/Kernel->handle(Object(Symfony/Component/Console/Input/ArgvInput), Object(Symfony/Component/Console/Output/ConsoleOutput))
#40 C:/Users/DELL/growza/growza/artisan(14): Illuminate/Foundation/Application->handleCommand(Object(Symfony/Component/Console/Input/ArgvInput))
#41 {main}

[previous exception] [object] (ErrorException(code: 0): Redis::connect(): php_network_getaddresses: getaddrinfo for redis failed: No such host is known at C:/Users/DELL/growza/growza/vendor/laravel/framework/src/Illuminate/Redis/Connectors/PhpRedisConnector.php:175)
[stacktrace]
#0 C:/Users/DELL/growza/growza/vendor/laravel/framework/src/Illuminate/Foundation/Bootstrap/HandleExceptions.php(258): Illuminate/Foundation/Bootstrap/HandleExceptions->handleError(2, 'Redis::connect(...', 'C://Users//DELL//g...', 175)
#1 [internal function]: Illuminate/Foundation/Bootstrap/HandleExceptions->{closure:Illuminate/Foundation/Bootstrap/HandleExceptions::forwardsTo():257}(2, 'Redis::connect(...', 'C://Users//DELL//g...', 175)
#2 C:/Users/DELL/growza/growza/vendor/laravel/framework/src/Illuminate/Redis/Connectors/PhpRedisConnector.php(175): Redis->connect('redis', '6379', 0.0, NULL, 0, 0.0)
#3 C:/Users/DELL/growza/growza/vendor/laravel/framework/src/Illuminate/Redis/Connectors/PhpRedisConnector.php(104): Illuminate/Redis/Connectors/PhpRedisConnector->establishConnection(Object(Redis), Array)
#4 C:/Users/DELL/growza/growza/vendor/laravel/framework/src/Illuminate/Support/helpers.php(399): Illuminate/Redis/Connectors/PhpRedisConnector->{closure:Illuminate/Redis/Connectors/PhpRedisConnector::createClient():79}(Object(Redis))
#5 C:/Users/DELL/growza/growza/vendor/laravel/framework/src/Illuminate/Redis/Connectors/PhpRedisConnector.php(79): tap(Object(Redis), Object(Closure))
#6 C:/Users/DELL/growza/growza/vendor/laravel/framework/src/Illuminate/Redis/Connectors/PhpRedisConnector.php(33): Illuminate/Redis/Connectors/PhpRedisConnector->createClient(Array)
#7 C:/Users/DELL/growza/growza/vendor/laravel/framework/src/Illuminate/Redis/Connectors/PhpRedisConnector.php(38): Illuminate/Redis/Connectors/PhpRedisConnector->{closure:Illuminate/Redis/Connectors/PhpRedisConnector::connect():32}()
#8 C:/Users/DELL/growza/growza/vendor/laravel/framework/src/Illuminate/Redis/RedisManager.php(110): Illuminate/Redis/Connectors/PhpRedisConnector->connect(Array, Array)
#9 C:/Users/DELL/growza/growza/vendor/laravel/framework/src/Illuminate/Redis/RedisManager.php(91): Illuminate/Redis/RedisManager->resolve('cache')
#10 C:/Users/DELL/growza/growza/vendor/laravel/framework/src/Illuminate/Cache/RedisStore.php(357): Illuminate/Redis/RedisManager->connection('cache')
#11 C:/Users/DELL/growza/growza/vendor/laravel/framework/src/Illuminate/Cache/RedisStore.php(270): Illuminate/Cache/RedisStore->connection()
#12 C:/Users/DELL/growza/growza/vendor/laravel/framework/src/Illuminate/Cache/Repository.php(792): Illuminate/Cache/RedisStore->flush()
#13 C:/Users/DELL/growza/growza/vendor/laravel/framework/src/Illuminate/Cache/Console/ClearCommand.php(69): Illuminate/Cache/Repository->__call('flush', Array)
#14 C:/Users/DELL/growza/growza/vendor/laravel/framework/src/Illuminate/Container/BoundMethod.php(36): Illuminate/Cache/Console/ClearCommand->handle()
#15 C:/Users/DELL/growza/growza/vendor/laravel/framework/src/Illuminate/Container/Util.php(43): Illuminate/Container/BoundMethod::{closure:Illuminate/Container/BoundMethod::call():35}()
#16 C:/Users/DELL/growza/growza/vendor/laravel/framework/src/Illuminate/Container/BoundMethod.php(95): Illuminate/Container/Util::unwrapIfClosure(Object(Closure))
#17 C:/Users/DELL/growza/growza/vendor/laravel/framework/src/Illuminate/Container/BoundMethod.php(35): Illuminate/Container/BoundMethod::callBoundMethod(Object(Illuminate/Foundation/Application), Array, Object(Closure))
#18 C:/Users/DELL/growza/growza/vendor/laravel/framework/src/Illuminate/Container/Container.php(696): Illuminate/Container/BoundMethod::call(Object(Illuminate/Foundation/Application), Array, Array, NULL)
#19 C:/Users/DELL/growza/growza/vendor/laravel/framework/src/Illuminate/Console/Command.php(213): Illuminate/Container/Container->call(Array)
#20 C:/Users/DELL/growza/growza/vendor/symfony/console/Command/Command.php(341): Illuminate/Console/Command->execute(Object(Symfony/Component/Console/Input/ArrayInput), Object(Illuminate/Console/OutputStyle))
#21 C:/Users/DELL/growza/growza/vendor/laravel/framework/src/Illuminate/Console/Command.php(182): Symfony/Component/Console/Command/Command->run(Object(Symfony/Component/Console/Input/ArrayInput), Object(Illuminate/Console/OutputStyle))
#22 C:/Users/DELL/growza/growza/vendor/laravel/framework/src/Illuminate/Console/Concerns/CallsCommands.php(68): Illuminate/Console/Command->run(Object(Symfony/Component/Console/Input/ArrayInput), Object(Symfony/Component/Console/Output/NullOutput))
#23 C:/Users/DELL/growza/growza/vendor/laravel/framework/src/Illuminate/Console/Concerns/CallsCommands.php(41): Illuminate/Console/Command->runCommand('cache:clear', Array, Object(Symfony/Component/Console/Output/NullOutput))
#24 C:/Users/DELL/growza/growza/vendor/laravel/framework/src/Illuminate/Console/Concerns/CallsCommands.php(53): Illuminate/Console/Command->callSilent('cache:clear', Array)
#25 C:/Users/DELL/growza/growza/vendor/laravel/framework/src/Illuminate/Foundation/Console/OptimizeClearCommand.php(48): Illuminate/Console/Command->callSilently('cache:clear')
#26 C:/Users/DELL/growza/growza/vendor/laravel/framework/src/Illuminate/Console/View/Components/Task.php(40): Illuminate/Foundation/Console/OptimizeClearCommand->{closure:Illuminate/Foundation/Console/OptimizeClearCommand::handle():48}()
#27 C:/Users/DELL/growza/growza/vendor/laravel/framework/src/Illuminate/Console/View/Components/Factory.php(60): Illuminate/Console/View/Components/Task->render('cache', Object(Closure))
#28 C:/Users/DELL/growza/growza/vendor/laravel/framework/src/Illuminate/Foundation/Console/OptimizeClearCommand.php(48): Illuminate/Console/View/Components/Factory->__call('task', Array)
#29 C:/Users/DELL/growza/growza/vendor/laravel/framework/src/Illuminate/Container/BoundMethod.php(36): Illuminate/Foundation/Console/OptimizeClearCommand->handle()
#30 C:/Users/DELL/growza/growza/vendor/laravel/framework/src/Illuminate/Container/Util.php(43): Illuminate/Container/BoundMethod::{closure:Illuminate/Container/BoundMethod::call():35}()
#31 C:/Users/DELL/growza/growza/vendor/laravel/framework/src/Illuminate/Container/BoundMethod.php(95): Illuminate/Container/Util::unwrapIfClosure(Object(Closure))
#32 C:/Users/DELL/growza/growza/vendor/laravel/framework/src/Illuminate/Container/BoundMethod.php(35): Illuminate/Container/BoundMethod::callBoundMethod(Object(Illuminate/Foundation/Application), Array, Object(Closure))
#33 C:/Users/DELL/growza/growza/vendor/laravel/framework/src/Illuminate/Container/Container.php(696): Illuminate/Container/BoundMethod::call(Object(Illuminate/Foundation/Application), Array, Array, NULL)
#34 C:/Users/DELL/growza/growza/vendor/laravel/framework/src/Illuminate/Console/Command.php(213): Illuminate/Container/Container->call(Array)
#35 C:/Users/DELL/growza/growza/vendor/symfony/console/Command/Command.php(341): Illuminate/Console/Command->execute(Object(Symfony/Component/Console/Input/ArgvInput), Object(Illuminate/Console/OutputStyle))
#36 C:/Users/DELL/growza/growza/vendor/laravel/framework/src/Illuminate/Console/Command.php(182): Symfony/Component/Console/Command/Command->run(Object(Symfony/Component/Console/Input/ArgvInput), Object(Illuminate/Console/OutputStyle))
#37 C:/Users/DELL/growza/growza/vendor/symfony/console/Application.php(1117): Illuminate/Console/Command->run(Object(Symfony/Component/Console/Input/ArgvInput), Object(Symfony/Component/Console/Output/ConsoleOutput))
#38 C:/Users/DELL/growza/growza/vendor/symfony/console/Application.php(356): Symfony/Component/Console/Application->doRunCommand(Object(Illuminate/Foundation/Console/OptimizeClearCommand), Object(Symfony/Component/Console/Input/ArgvInput), Object(Symfony/Component/Console/Output/ConsoleOutput))
#39 C:/Users/DELL/growza/growza/vendor/symfony/console/Application.php(195): Symfony/Component/Console/Application->doRun(Object(Symfony/Component/Console/Input/ArgvInput), Object(Symfony/Component/Console/Output/ConsoleOutput))
#40 C:/Users/DELL/growza/growza/vendor/laravel/framework/src/Illuminate/Foundation/Console/Kernel.php(198): Symfony/Component/Console/Application->run(Object(Symfony/Component/Console/Input/ArgvInput), Object(Symfony/Component/Console/Output/ConsoleOutput))
#41 C:/Users/DELL/growza/growza/vendor/laravel/framework/src/Illuminate/Foundation/Application.php(1235): Illuminate/Foundation/Console/Kernel->handle(Object(Symfony/Component/Console/Input/ArgvInput), Object(Symfony/Component/Console/Output/ConsoleOutput))
#42 C:/Users/DELL/growza/growza/artisan(14): Illuminate/Foundation/Application->handleCommand(Object(Symfony/Component/Console/Input/ArgvInput))
#43 {main}
"} 
[2026-08-31 20:04:59] local.ERROR: php_network_getaddresses: getaddrinfo for redis failed: No such host is known {"exception":"[object] (RedisException(code: 0): php_network_getaddresses: getaddrinfo for redis failed: No such host is known at C:/Users/DELL/growza/growza/vendor/laravel/framework/src/Illuminate/Redis/Connectors/PhpRedisConnector.php:175)
[stacktrace]
#0 C:/Users/DELL/growza/growza/vendor/laravel/framework/src/Illuminate/Redis/Connectors/PhpRedisConnector.php(175): Redis->connect('redis', '6379', 0.0, NULL, 0, 0.0)
#1 C:/Users/DELL/growza/growza/vendor/laravel/framework/src/Illuminate/Redis/Connectors/PhpRedisConnector.php(104): Illuminate/Redis/Connectors/PhpRedisConnector->establishConnection(Object(Redis), Array)
#2 C:/Users/DELL/growza/growza/vendor/laravel/framework/src/Illuminate/Support/helpers.php(399): Illuminate/Redis/Connectors/PhpRedisConnector->{closure:Illuminate/Redis/Connectors/PhpRedisConnector::createClient():79}(Object(Redis))
#3 C:/Users/DELL/growza/growza/vendor/laravel/framework/src/Illuminate/Redis/Connectors/PhpRedisConnector.php(79): tap(Object(Redis), Object(Closure))
#4 C:/Users/DELL/growza/growza/vendor/laravel/framework/src/Illuminate/Redis/Connectors/PhpRedisConnector.php(33): Illuminate/Redis/Connectors/PhpRedisConnector->createClient(Array)
#5 C:/Users/DELL/growza/growza/vendor/laravel/framework/src/Illuminate/Redis/Connectors/PhpRedisConnector.php(38): Illuminate/Redis/Connectors/PhpRedisConnector->{closure:Illuminate/Redis/Connectors/PhpRedisConnector::connect():32}()
#6 C:/Users/DELL/growza/growza/vendor/laravel/framework/src/Illuminate/Redis/RedisManager.php(110): Illuminate/Redis/Connectors/PhpRedisConnector->connect(Array, Array)
#7 C:/Users/DELL/growza/growza/vendor/laravel/framework/src/Illuminate/Redis/RedisManager.php(91): Illuminate/Redis/RedisManager->resolve('cache')
#8 C:/Users/DELL/growza/growza/vendor/laravel/framework/src/Illuminate/Cache/RedisStore.php(357): Illuminate/Redis/RedisManager->connection('cache')
#9 C:/Users/DELL/growza/growza/vendor/laravel/framework/src/Illuminate/Cache/RedisStore.php(270): Illuminate/Cache/RedisStore->connection()
#10 C:/Users/DELL/growza/growza/vendor/laravel/framework/src/Illuminate/Cache/Repository.php(792): Illuminate/Cache/RedisStore->flush()
#11 C:/Users/DELL/growza/growza/vendor/laravel/framework/src/Illuminate/Cache/Console/ClearCommand.php(69): Illuminate/Cache/Repository->__call('flush', Array)
#12 C:/Users/DELL/growza/growza/vendor/laravel/framework/src/Illuminate/Container/BoundMethod.php(36): Illuminate/Cache/Console/ClearCommand->handle()
#13 C:/Users/DELL/growza/growza/vendor/laravel/framework/src/Illuminate/Container/Util.php(43): Illuminate/Container/BoundMethod::{closure:Illuminate/Container/BoundMethod::call():35}()
#14 C:/Users/DELL/growza/growza/vendor/laravel/framework/src/Illuminate/Container/BoundMethod.php(95): Illuminate/Container/Util::unwrapIfClosure(Object(Closure))
#15 C:/Users/DELL/growza/growza/vendor/laravel/framework/src/Illuminate/Container/BoundMethod.php(35): Illuminate/Container/BoundMethod::callBoundMethod(Object(Illuminate/Foundation/Application), Array, Object(Closure))
#16 C:/Users/DELL/growza/growza/vendor/laravel/framework/src/Illuminate/Container/Container.php(696): Illuminate/Container/BoundMethod::call(Object(Illuminate/Foundation/Application), Array, Array, NULL)
#17 C:/Users/DELL/growza/growza/vendor/laravel/framework/src/Illuminate/Console/Command.php(213): Illuminate/Container/Container->call(Array)
#18 C:/Users/DELL/growza/growza/vendor/symfony/console/Command/Command.php(341): Illuminate/Console/Command->execute(Object(Symfony/Component/Console/Input/ArrayInput), Object(Illuminate/Console/OutputStyle))
#19 C:/Users/DELL/growza/growza/vendor/laravel/framework/src/Illuminate/Console/Command.php(182): Symfony/Component/Console/Command/Command->run(Object(Symfony/Component/Console/Input/ArrayInput), Object(Illuminate/Console/OutputStyle))
#20 C:/Users/DELL/growza/growza/vendor/laravel/framework/src/Illuminate/Console/Concerns/CallsCommands.php(68): Illuminate/Console/Command->run(Object(Symfony/Component/Console/Input/ArrayInput), Object(Symfony/Component/Console/Output/NullOutput))
#21 C:/Users/DELL/growza/growza/vendor/laravel/framework/src/Illuminate/Console/Concerns/CallsCommands.php(41): Illuminate/Console/Command->runCommand('cache:clear', Array, Object(Symfony/Component/Console/Output/NullOutput))
#22 C:/Users/DELL/growza/growza/vendor/laravel/framework/src/Illuminate/Console/Concerns/CallsCommands.php(53): Illuminate/Console/Command->callSilent('cache:clear', Array)
#23 C:/Users/DELL/growza/growza/vendor/laravel/framework/src/Illuminate/Foundation/Console/OptimizeClearCommand.php(48): Illuminate/Console/Command->callSilently('cache:clear')
#24 C:/Users/DELL/growza/growza/vendor/laravel/framework/src/Illuminate/Console/View/Components/Task.php(40): Illuminate/Foundation/Console/OptimizeClearCommand->{closure:Illuminate/Foundation/Console/OptimizeClearCommand::handle():48}()
#25 C:/Users/DELL/growza/growza/vendor/laravel/framework/src/Illuminate/Console/View/Components/Factory.php(60): Illuminate/Console/View/Components/Task->render('cache', Object(Closure))
#26 C:/Users/DELL/growza/growza/vendor/laravel/framework/src/Illuminate/Foundation/Console/OptimizeClearCommand.php(48): Illuminate/Console/View/Components/Factory->__call('task', Array)
#27 C:/Users/DELL/growza/growza/vendor/laravel/framework/src/Illuminate/Container/BoundMethod.php(36): Illuminate/Foundation/Console/OptimizeClearCommand->handle()
#28 C:/Users/DELL/growza/growza/vendor/laravel/framework/src/Illuminate/Container/Util.php(43): Illuminate/Container/BoundMethod::{closure:Illuminate/Container/BoundMethod::call():35}()
#29 C:/Users/DELL/growza/growza/vendor/laravel/framework/src/Illuminate/Container/BoundMethod.php(95): Illuminate/Container/Util::unwrapIfClosure(Object(Closure))
#30 C:/Users/DELL/growza/growza/vendor/laravel/framework/src/Illuminate/Container/BoundMethod.php(35): Illuminate/Container/BoundMethod::callBoundMethod(Object(Illuminate/Foundation/Application), Array, Object(Closure))
#31 C:/Users/DELL/growza/growza/vendor/laravel/framework/src/Illuminate/Container/Container.php(696): Illuminate/Container/BoundMethod::call(Object(Illuminate/Foundation/Application), Array, Array, NULL)
#32 C:/Users/DELL/growza/growza/vendor/laravel/framework/src/Illuminate/Console/Command.php(213): Illuminate/Container/Container->call(Array)
#33 C:/Users/DELL/growza/growza/vendor/symfony/console/Command/Command.php(341): Illuminate/Console/Command->execute(Object(Symfony/Component/Console/Input/ArgvInput), Object(Illuminate/Console/OutputStyle))
#34 C:/Users/DELL/growza/growza/vendor/laravel/framework/src/Illuminate/Console/Command.php(182): Symfony/Component/Console/Command/Command->run(Object(Symfony/Component/Console/Input/ArgvInput), Object(Illuminate/Console/OutputStyle))
#35 C:/Users/DELL/growza/growza/vendor/symfony/console/Application.php(1117): Illuminate/Console/Command->run(Object(Symfony/Component/Console/Input/ArgvInput), Object(Symfony/Component/Console/Output/ConsoleOutput))
#36 C:/Users/DELL/growza/growza/vendor/symfony/console/Application.php(356): Symfony/Component/Console/Application->doRunCommand(Object(Illuminate/Foundation/Console/OptimizeClearCommand), Object(Symfony/Component/Console/Input/ArgvInput), Object(Symfony/Component/Console/Output/ConsoleOutput))
#37 C:/Users/DELL/growza/growza/vendor/symfony/console/Application.php(195): Symfony/Component/Console/Application->doRun(Object(Symfony/Component/Console/Input/ArgvInput), Object(Symfony/Component/Console/Output/ConsoleOutput))
#38 C:/Users/DELL/growza/growza/vendor/laravel/framework/src/Illuminate/Foundation/Console/Kernel.php(198): Symfony/Component/Console/Application->run(Object(Symfony/Component/Console/Input/ArgvInput), Object(Symfony/Component/Console/Output/ConsoleOutput))
#39 C:/Users/DELL/growza/growza/vendor/laravel/framework/src/Illuminate/Foundation/Application.php(1235): Illuminate/Foundation/Console/Kernel->handle(Object(Symfony/Component/Console/Input/ArgvInput), Object(Symfony/Component/Console/Output/ConsoleOutput))
#40 C:/Users/DELL/growza/growza/artisan(14): Illuminate/Foundation/Application->handleCommand(Object(Symfony/Component/Console/Input/ArgvInput))
#41 {main}

[previous exception] [object] (ErrorException(code: 0): Redis::connect(): php_network_getaddresses: getaddrinfo for redis failed: No such host is known at C:/Users/DELL/growza/growza/vendor/laravel/framework/src/Illuminate/Redis/Connectors/PhpRedisConnector.php:175)
[stacktrace]
#0 C:/Users/DELL/growza/growza/vendor/laravel/framework/src/Illuminate/Foundation/Bootstrap/HandleExceptions.php(258): Illuminate/Foundation/Bootstrap/HandleExceptions->handleError(2, 'Redis::connect(...', 'C://Users//DELL//g...', 175)
#1 [internal function]: Illuminate/Foundation/Bootstrap/HandleExceptions->{closure:Illuminate/Foundation/Bootstrap/HandleExceptions::forwardsTo():257}(2, 'Redis::connect(...', 'C://Users//DELL//g...', 175)
#2 C:/Users/DELL/growza/growza/vendor/laravel/framework/src/Illuminate/Redis/Connectors/PhpRedisConnector.php(175): Redis->connect('redis', '6379', 0.0, NULL, 0, 0.0)
#3 C:/Users/DELL/growza/growza/vendor/laravel/framework/src/Illuminate/Redis/Connectors/PhpRedisConnector.php(104): Illuminate/Redis/Connectors/PhpRedisConnector->establishConnection(Object(Redis), Array)
#4 C:/Users/DELL/growza/growza/vendor/laravel/framework/src/Illuminate/Support/helpers.php(399): Illuminate/Redis/Connectors/PhpRedisConnector->{closure:Illuminate/Redis/Connectors/PhpRedisConnector::createClient():79}(Object(Redis))
#5 C:/Users/DELL/growza/growza/vendor/laravel/framework/src/Illuminate/Redis/Connectors/PhpRedisConnector.php(79): tap(Object(Redis), Object(Closure))
#6 C:/Users/DELL/growza/growza/vendor/laravel/framework/src/Illuminate/Redis/Connectors/PhpRedisConnector.php(33): Illuminate/Redis/Connectors/PhpRedisConnector->createClient(Array)
#7 C:/Users/DELL/growza/growza/vendor/laravel/framework/src/Illuminate/Redis/Connectors/PhpRedisConnector.php(38): Illuminate/Redis/Connectors/PhpRedisConnector->{closure:Illuminate/Redis/Connectors/PhpRedisConnector::connect():32}()
#8 C:/Users/DELL/growza/growza/vendor/laravel/framework/src/Illuminate/Redis/RedisManager.php(110): Illuminate/Redis/Connectors/PhpRedisConnector->connect(Array, Array)
#9 C:/Users/DELL/growza/growza/vendor/laravel/framework/src/Illuminate/Redis/RedisManager.php(91): Illuminate/Redis/RedisManager->resolve('cache')
#10 C:/Users/DELL/growza/growza/vendor/laravel/framework/src/Illuminate/Cache/RedisStore.php(357): Illuminate/Redis/RedisManager->connection('cache')
#11 C:/Users/DELL/growza/growza/vendor/laravel/framework/src/Illuminate/Cache/RedisStore.php(270): Illuminate/Cache/RedisStore->connection()
#12 C:/Users/DELL/growza/growza/vendor/laravel/framework/src/Illuminate/Cache/Repository.php(792): Illuminate/Cache/RedisStore->flush()
#13 C:/Users/DELL/growza/growza/vendor/laravel/framework/src/Illuminate/Cache/Console/ClearCommand.php(69): Illuminate/Cache/Repository->__call('flush', Array)
#14 C:/Users/DELL/growza/growza/vendor/laravel/framework/src/Illuminate/Container/BoundMethod.php(36): Illuminate/Cache/Console/ClearCommand->handle()
#15 C:/Users/DELL/growza/growza/vendor/laravel/framework/src/Illuminate/Container/Util.php(43): Illuminate/Container/BoundMethod::{closure:Illuminate/Container/BoundMethod::call():35}()
#16 C:/Users/DELL/growza/growza/vendor/laravel/framework/src/Illuminate/Container/BoundMethod.php(95): Illuminate/Container/Util::unwrapIfClosure(Object(Closure))
#17 C:/Users/DELL/growza/growza/vendor/laravel/framework/src/Illuminate/Container/BoundMethod.php(35): Illuminate/Container/BoundMethod::callBoundMethod(Object(Illuminate/Foundation/Application), Array, Object(Closure))
#18 C:/Users/DELL/growza/growza/vendor/laravel/framework/src/Illuminate/Container/Container.php(696): Illuminate/Container/BoundMethod::call(Object(Illuminate/Foundation/Application), Array, Array, NULL)
#19 C:/Users/DELL/growza/growza/vendor/laravel/framework/src/Illuminate/Console/Command.php(213): Illuminate/Container/Container->call(Array)
#20 C:/Users/DELL/growza/growza/vendor/symfony/console/Command/Command.php(341): Illuminate/Console/Command->execute(Object(Symfony/Component/Console/Input/ArrayInput), Object(Illuminate/Console/OutputStyle))
#21 C:/Users/DELL/growza/growza/vendor/laravel/framework/src/Illuminate/Console/Command.php(182): Symfony/Component/Console/Command/Command->run(Object(Symfony/Component/Console/Input/ArrayInput), Object(Illuminate/Console/OutputStyle))
#22 C:/Users/DELL/growza/growza/vendor/laravel/framework/src/Illuminate/Console/Concerns/CallsCommands.php(68): Illuminate/Console/Command->run(Object(Symfony/Component/Console/Input/ArrayInput), Object(Symfony/Component/Console/Output/NullOutput))
#23 C:/Users/DELL/growza/growza/vendor/laravel/framework/src/Illuminate/Console/Concerns/CallsCommands.php(41): Illuminate/Console/Command->runCommand('cache:clear', Array, Object(Symfony/Component/Console/Output/NullOutput))
#24 C:/Users/DELL/growza/growza/vendor/laravel/framework/src/Illuminate/Console/Concerns/CallsCommands.php(53): Illuminate/Console/Command->callSilent('cache:clear', Array)
#25 C:/Users/DELL/growza/growza/vendor/laravel/framework/src/Illuminate/Foundation/Console/OptimizeClearCommand.php(48): Illuminate/Console/Command->callSilently('cache:clear')
#26 C:/Users/DELL/growza/growza/vendor/laravel/framework/src/Illuminate/Console/View/Components/Task.php(40): Illuminate/Foundation/Console/OptimizeClearCommand->{closure:Illuminate/Foundation/Console/OptimizeClearCommand::handle():48}()
#27 C:/Users/DELL/growza/growza/vendor/laravel/framework/src/Illuminate/Console/View/Components/Factory.php(60): Illuminate/Console/View/Components/Task->render('cache', Object(Closure))
#28 C:/Users/DELL/growza/growza/vendor/laravel/framework/src/Illuminate/Foundation/Console/OptimizeClearCommand.php(48): Illuminate/Console/View/Components/Factory->__call('task', Array)
#29 C:/Users/DELL/growza/growza/vendor/laravel/framework/src/Illuminate/Container/BoundMethod.php(36): Illuminate/Foundation/Console/OptimizeClearCommand->handle()
#30 C:/Users/DELL/growza/growza/vendor/laravel/framework/src/Illuminate/Container/Util.php(43): Illuminate/Container/BoundMethod::{closure:Illuminate/Container/BoundMethod::call():35}()
#31 C:/Users/DELL/growza/growza/vendor/laravel/framework/src/Illuminate/Container/BoundMethod.php(95): Illuminate/Container/Util::unwrapIfClosure(Object(Closure))
#32 C:/Users/DELL/growza/growza/vendor/laravel/framework/src/Illuminate/Container/BoundMethod.php(35): Illuminate/Container/BoundMethod::callBoundMethod(Object(Illuminate/Foundation/Application), Array, Object(Closure))
#33 C:/Users/DELL/growza/growza/vendor/laravel/framework/src/Illuminate/Container/Container.php(696): Illuminate/Container/BoundMethod::call(Object(Illuminate/Foundation/Application), Array, Array, NULL)
#34 C:/Users/DELL/growza/growza/vendor/laravel/framework/src/Illuminate/Console/Command.php(213): Illuminate/Container/Container->call(Array)
#35 C:/Users/DELL/growza/growza/vendor/symfony/console/Command/Command.php(341): Illuminate/Console/Command->execute(Object(Symfony/Component/Console/Input/ArgvInput), Object(Illuminate/Console/OutputStyle))
#36 C:/Users/DELL/growza/growza/vendor/laravel/framework/src/Illuminate/Console/Command.php(182): Symfony/Component/Console/Command/Command->run(Object(Symfony/Component/Console/Input/ArgvInput), Object(Illuminate/Console/OutputStyle))
#37 C:/Users/DELL/growza/growza/vendor/symfony/console/Application.php(1117): Illuminate/Console/Command->run(Object(Symfony/Component/Console/Input/ArgvInput), Object(Symfony/Component/Console/Output/ConsoleOutput))
#38 C:/Users/DELL/growza/growza/vendor/symfony/console/Application.php(356): Symfony/Component/Console/Application->doRunCommand(Object(Illuminate/Foundation/Console/OptimizeClearCommand), Object(Symfony/Component/Console/Input/ArgvInput), Object(Symfony/Component/Console/Output/ConsoleOutput))
#39 C:/Users/DELL/growza/growza/vendor/symfony/console/Application.php(195): Symfony/Component/Console/Application->doRun(Object(Symfony/Component/Console/Input/ArgvInput), Object(Symfony/Component/Console/Output/ConsoleOutput))
#40 C:/Users/DELL/growza/growza/vendor/laravel/framework/src/Illuminate/Foundation/Console/Kernel.php(198): Symfony/Component/Console/Application->run(Object(Symfony/Component/Console/Input/ArgvInput), Object(Symfony/Component/Console/Output/ConsoleOutput))
#41 C:/Users/DELL/growza/growza/vendor/laravel/framework/src/Illuminate/Foundation/Application.php(1235): Illuminate/Foundation/Console/Kernel->handle(Object(Symfony/Component/Console/Input/ArgvInput), Object(Symfony/Component/Console/Output/ConsoleOutput))
#42 C:/Users/DELL/growza/growza/artisan(14): Illuminate/Foundation/Application->handleCommand(Object(Symfony/Component/Console/Input/ArgvInput))
#43 {main}
"} 
[2026-08-31 20:17:32] local.ERROR: php_network_getaddresses: getaddrinfo for redis failed: No such host is known {"exception":"[object] (RedisException(code: 0): php_network_getaddresses: getaddrinfo for redis failed: No such host is known at C:/Users/DELL/growza/growza/vendor/laravel/framework/src/Illuminate/Redis/Connectors/PhpRedisConnector.php:175)
[stacktrace]
#0 C:/Users/DELL/growza/growza/vendor/laravel/framework/src/Illuminate/Redis/Connectors/PhpRedisConnector.php(175): Redis->connect('redis', '6379', 0.0, NULL, 0, 0.0)
#1 C:/Users/DELL/growza/growza/vendor/laravel/framework/src/Illuminate/Redis/Connectors/PhpRedisConnector.php(104): Illuminate/Redis/Connectors/PhpRedisConnector->establishConnection(Object(Redis), Array)
#2 C:/Users/DELL/growza/growza/vendor/laravel/framework/src/Illuminate/Support/helpers.php(399): Illuminate/Redis/Connectors/PhpRedisConnector->{closure:Illuminate/Redis/Connectors/PhpRedisConnector::createClient():79}(Object(Redis))
#3 C:/Users/DELL/growza/growza/vendor/laravel/framework/src/Illuminate/Redis/Connectors/PhpRedisConnector.php(79): tap(Object(Redis), Object(Closure))
#4 C:/Users/DELL/growza/growza/vendor/laravel/framework/src/Illuminate/Redis/Connectors/PhpRedisConnector.php(33): Illuminate/Redis/Connectors/PhpRedisConnector->createClient(Array)
#5 C:/Users/DELL/growza/growza/vendor/laravel/framework/src/Illuminate/Redis/Connectors/PhpRedisConnector.php(38): Illuminate/Redis/Connectors/PhpRedisConnector->{closure:Illuminate/Redis/Connectors/PhpRedisConnector::connect():32}()
#6 C:/Users/DELL/growza/growza/vendor/laravel/framework/src/Illuminate/Redis/RedisManager.php(110): Illuminate/Redis/Connectors/PhpRedisConnector->connect(Array, Array)
#7 C:/Users/DELL/growza/growza/vendor/laravel/framework/src/Illuminate/Redis/RedisManager.php(91): Illuminate/Redis/RedisManager->resolve('cache')
#8 C:/Users/DELL/growza/growza/vendor/laravel/framework/src/Illuminate/Cache/RedisStore.php(357): Illuminate/Redis/RedisManager->connection('cache')
#9 C:/Users/DELL/growza/growza/vendor/laravel/framework/src/Illuminate/Cache/RedisStore.php(270): Illuminate/Cache/RedisStore->connection()
#10 C:/Users/DELL/growza/growza/vendor/laravel/framework/src/Illuminate/Cache/Repository.php(792): Illuminate/Cache/RedisStore->flush()
#11 C:/Users/DELL/growza/growza/vendor/laravel/framework/src/Illuminate/Cache/Console/ClearCommand.php(69): Illuminate/Cache/Repository->__call('flush', Array)
#12 C:/Users/DELL/growza/growza/vendor/laravel/framework/src/Illuminate/Container/BoundMethod.php(36): Illuminate/Cache/Console/ClearCommand->handle()
#13 C:/Users/DELL/growza/growza/vendor/laravel/framework/src/Illuminate/Container/Util.php(43): Illuminate/Container/BoundMethod::{closure:Illuminate/Container/BoundMethod::call():35}()
#14 C:/Users/DELL/growza/growza/vendor/laravel/framework/src/Illuminate/Container/BoundMethod.php(95): Illuminate/Container/Util::unwrapIfClosure(Object(Closure))
#15 C:/Users/DELL/growza/growza/vendor/laravel/framework/src/Illuminate/Container/BoundMethod.php(35): Illuminate/Container/BoundMethod::callBoundMethod(Object(Illuminate/Foundation/Application), Array, Object(Closure))
#16 C:/Users/DELL/growza/growza/vendor/laravel/framework/src/Illuminate/Container/Container.php(696): Illuminate/Container/BoundMethod::call(Object(Illuminate/Foundation/Application), Array, Array, NULL)
#17 C:/Users/DELL/growza/growza/vendor/laravel/framework/src/Illuminate/Console/Command.php(213): Illuminate/Container/Container->call(Array)
#18 C:/Users/DELL/growza/growza/vendor/symfony/console/Command/Command.php(341): Illuminate/Console/Command->execute(Object(Symfony/Component/Console/Input/ArrayInput), Object(Illuminate/Console/OutputStyle))
#19 C:/Users/DELL/growza/growza/vendor/laravel/framework/src/Illuminate/Console/Command.php(182): Symfony/Component/Console/Command/Command->run(Object(Symfony/Component/Console/Input/ArrayInput), Object(Illuminate/Console/OutputStyle))
#20 C:/Users/DELL/growza/growza/vendor/laravel/framework/src/Illuminate/Console/Concerns/CallsCommands.php(68): Illuminate/Console/Command->run(Object(Symfony/Component/Console/Input/ArrayInput), Object(Symfony/Component/Console/Output/NullOutput))
#21 C:/Users/DELL/growza/growza/vendor/laravel/framework/src/Illuminate/Console/Concerns/CallsCommands.php(41): Illuminate/Console/Command->runCommand('cache:clear', Array, Object(Symfony/Component/Console/Output/NullOutput))
#22 C:/Users/DELL/growza/growza/vendor/laravel/framework/src/Illuminate/Console/Concerns/CallsCommands.php(53): Illuminate/Console/Command->callSilent('cache:clear', Array)
#23 C:/Users/DELL/growza/growza/vendor/laravel/framework/src/Illuminate/Foundation/Console/OptimizeClearCommand.php(48): Illuminate/Console/Command->callSilently('cache:clear')
#24 C:/Users/DELL/growza/growza/vendor/laravel/framework/src/Illuminate/Console/View/Components/Task.php(40): Illuminate/Foundation/Console/OptimizeClearCommand->{closure:Illuminate/Foundation/Console/OptimizeClearCommand::handle():48}()
#25 C:/Users/DELL/growza/growza/vendor/laravel/framework/src/Illuminate/Console/View/Components/Factory.php(60): Illuminate/Console/View/Components/Task->render('cache', Object(Closure))
#26 C:/Users/DELL/growza/growza/vendor/laravel/framework/src/Illuminate/Foundation/Console/OptimizeClearCommand.php(48): Illuminate/Console/View/Components/Factory->__call('task', Array)
#27 C:/Users/DELL/growza/growza/vendor/laravel/framework/src/Illuminate/Container/BoundMethod.php(36): Illuminate/Foundation/Console/OptimizeClearCommand->handle()
#28 C:/Users/DELL/growza/growza/vendor/laravel/framework/src/Illuminate/Container/Util.php(43): Illuminate/Container/BoundMethod::{closure:Illuminate/Container/BoundMethod::call():35}()
#29 C:/Users/DELL/growza/growza/vendor/laravel/framework/src/Illuminate/Container/BoundMethod.php(95): Illuminate/Container/Util::unwrapIfClosure(Object(Closure))
#30 C:/Users/DELL/growza/growza/vendor/laravel/framework/src/Illuminate/Container/BoundMethod.php(35): Illuminate/Container/BoundMethod::callBoundMethod(Object(Illuminate/Foundation/Application), Array, Object(Closure))
#31 C:/Users/DELL/growza/growza/vendor/laravel/framework/src/Illuminate/Container/Container.php(696): Illuminate/Container/BoundMethod::call(Object(Illuminate/Foundation/Application), Array, Array, NULL)
#32 C:/Users/DELL/growza/growza/vendor/laravel/framework/src/Illuminate/Console/Command.php(213): Illuminate/Container/Container->call(Array)
#33 C:/Users/DELL/growza/growza/vendor/symfony/console/Command/Command.php(341): Illuminate/Console/Command->execute(Object(Symfony/Component/Console/Input/ArgvInput), Object(Illuminate/Console/OutputStyle))
#34 C:/Users/DELL/growza/growza/vendor/laravel/framework/src/Illuminate/Console/Command.php(182): Symfony/Component/Console/Command/Command->run(Object(Symfony/Component/Console/Input/ArgvInput), Object(Illuminate/Console/OutputStyle))
#35 C:/Users/DELL/growza/growza/vendor/symfony/console/Application.php(1117): Illuminate/Console/Command->run(Object(Symfony/Component/Console/Input/ArgvInput), Object(Symfony/Component/Console/Output/ConsoleOutput))
#36 C:/Users/DELL/growza/growza/vendor/symfony/console/Application.php(356): Symfony/Component/Console/Application->doRunCommand(Object(Illuminate/Foundation/Console/OptimizeClearCommand), Object(Symfony/Component/Console/Input/ArgvInput), Object(Symfony/Component/Console/Output/ConsoleOutput))
#37 C:/Users/DELL/growza/growza/vendor/symfony/console/Application.php(195): Symfony/Component/Console/Application->doRun(Object(Symfony/Component/Console/Input/ArgvInput), Object(Symfony/Component/Console/Output/ConsoleOutput))
#38 C:/Users/DELL/growza/growza/vendor/laravel/framework/src/Illuminate/Foundation/Console/Kernel.php(198): Symfony/Component/Console/Application->run(Object(Symfony/Component/Console/Input/ArgvInput), Object(Symfony/Component/Console/Output/ConsoleOutput))
#39 C:/Users/DELL/growza/growza/vendor/laravel/framework/src/Illuminate/Foundation/Application.php(1235): Illuminate/Foundation/Console/Kernel->handle(Object(Symfony/Component/Console/Input/ArgvInput), Object(Symfony/Component/Console/Output/ConsoleOutput))
#40 C:/Users/DELL/growza/growza/artisan(14): Illuminate/Foundation/Application->handleCommand(Object(Symfony/Component/Console/Input/ArgvInput))
#41 {main}

[previous exception] [object] (ErrorException(code: 0): Redis::connect(): php_network_getaddresses: getaddrinfo for redis failed: No such host is known at C:/Users/DELL/growza/growza/vendor/laravel/framework/src/Illuminate/Redis/Connectors/PhpRedisConnector.php:175)
[stacktrace]
#0 C:/Users/DELL/growza/growza/vendor/laravel/framework/src/Illuminate/Foundation/Bootstrap/HandleExceptions.php(258): Illuminate/Foundation/Bootstrap/HandleExceptions->handleError(2, 'Redis::connect(...', 'C://Users//DELL//g...', 175)
#1 [internal function]: Illuminate/Foundation/Bootstrap/HandleExceptions->{closure:Illuminate/Foundation/Bootstrap/HandleExceptions::forwardsTo():257}(2, 'Redis::connect(...', 'C://Users//DELL//g...', 175)
#2 C:/Users/DELL/growza/growza/vendor/laravel/framework/src/Illuminate/Redis/Connectors/PhpRedisConnector.php(175): Redis->connect('redis', '6379', 0.0, NULL, 0, 0.0)
#3 C:/Users/DELL/growza/growza/vendor/laravel/framework/src/Illuminate/Redis/Connectors/PhpRedisConnector.php(104): Illuminate/Redis/Connectors/PhpRedisConnector->establishConnection(Object(Redis), Array)
#4 C:/Users/DELL/growza/growza/vendor/laravel/framework/src/Illuminate/Support/helpers.php(399): Illuminate/Redis/Connectors/PhpRedisConnector->{closure:Illuminate/Redis/Connectors/PhpRedisConnector::createClient():79}(Object(Redis))
#5 C:/Users/DELL/growza/growza/vendor/laravel/framework/src/Illuminate/Redis/Connectors/PhpRedisConnector.php(79): tap(Object(Redis), Object(Closure))
#6 C:/Users/DELL/growza/growza/vendor/laravel/framework/src/Illuminate/Redis/Connectors/PhpRedisConnector.php(33): Illuminate/Redis/Connectors/PhpRedisConnector->createClient(Array)
#7 C:/Users/DELL/growza/growza/vendor/laravel/framework/src/Illuminate/Redis/Connectors/PhpRedisConnector.php(38): Illuminate/Redis/Connectors/PhpRedisConnector->{closure:Illuminate/Redis/Connectors/PhpRedisConnector::connect():32}()
#8 C:/Users/DELL/growza/growza/vendor/laravel/framework/src/Illuminate/Redis/RedisManager.php(110): Illuminate/Redis/Connectors/PhpRedisConnector->connect(Array, Array)
#9 C:/Users/DELL/growza/growza/vendor/laravel/framework/src/Illuminate/Redis/RedisManager.php(91): Illuminate/Redis/RedisManager->resolve('cache')
#10 C:/Users/DELL/growza/growza/vendor/laravel/framework/src/Illuminate/Cache/RedisStore.php(357): Illuminate/Redis/RedisManager->connection('cache')
#11 C:/Users/DELL/growza/growza/vendor/laravel/framework/src/Illuminate/Cache/RedisStore.php(270): Illuminate/Cache/RedisStore->connection()
#12 C:/Users/DELL/growza/growza/vendor/laravel/framework/src/Illuminate/Cache/Repository.php(792): Illuminate/Cache/RedisStore->flush()
#13 C:/Users/DELL/growza/growza/vendor/laravel/framework/src/Illuminate/Cache/Console/ClearCommand.php(69): Illuminate/Cache/Repository->__call('flush', Array)
#14 C:/Users/DELL/growza/growza/vendor/laravel/framework/src/Illuminate/Container/BoundMethod.php(36): Illuminate/Cache/Console/ClearCommand->handle()
#15 C:/Users/DELL/growza/growza/vendor/laravel/framework/src/Illuminate/Container/Util.php(43): Illuminate/Container/BoundMethod::{closure:Illuminate/Container/BoundMethod::call():35}()
#16 C:/Users/DELL/growza/growza/vendor/laravel/framework/src/Illuminate/Container/BoundMethod.php(95): Illuminate/Container/Util::unwrapIfClosure(Object(Closure))
#17 C:/Users/DELL/growza/growza/vendor/laravel/framework/src/Illuminate/Container/BoundMethod.php(35): Illuminate/Container/BoundMethod::callBoundMethod(Object(Illuminate/Foundation/Application), Array, Object(Closure))
#18 C:/Users/DELL/growza/growza/vendor/laravel/framework/src/Illuminate/Container/Container.php(696): Illuminate/Container/BoundMethod::call(Object(Illuminate/Foundation/Application), Array, Array, NULL)
#19 C:/Users/DELL/growza/growza/vendor/laravel/framework/src/Illuminate/Console/Command.php(213): Illuminate/Container/Container->call(Array)
#20 C:/Users/DELL/growza/growza/vendor/symfony/console/Command/Command.php(341): Illuminate/Console/Command->execute(Object(Symfony/Component/Console/Input/ArrayInput), Object(Illuminate/Console/OutputStyle))
#21 C:/Users/DELL/growza/growza/vendor/laravel/framework/src/Illuminate/Console/Command.php(182): Symfony/Component/Console/Command/Command->run(Object(Symfony/Component/Console/Input/ArrayInput), Object(Illuminate/Console/OutputStyle))
#22 C:/Users/DELL/growza/growza/vendor/laravel/framework/src/Illuminate/Console/Concerns/CallsCommands.php(68): Illuminate/Console/Command->run(Object(Symfony/Component/Console/Input/ArrayInput), Object(Symfony/Component/Console/Output/NullOutput))
#23 C:/Users/DELL/growza/growza/vendor/laravel/framework/src/Illuminate/Console/Concerns/CallsCommands.php(41): Illuminate/Console/Command->runCommand('cache:clear', Array, Object(Symfony/Component/Console/Output/NullOutput))
#24 C:/Users/DELL/growza/growza/vendor/laravel/framework/src/Illuminate/Console/Concerns/CallsCommands.php(53): Illuminate/Console/Command->callSilent('cache:clear', Array)
#25 C:/Users/DELL/growza/growza/vendor/laravel/framework/src/Illuminate/Foundation/Console/OptimizeClearCommand.php(48): Illuminate/Console/Command->callSilently('cache:clear')
#26 C:/Users/DELL/growza/growza/vendor/laravel/framework/src/Illuminate/Console/View/Components/Task.php(40): Illuminate/Foundation/Console/OptimizeClearCommand->{closure:Illuminate/Foundation/Console/OptimizeClearCommand::handle():48}()
#27 C:/Users/DELL/growza/growza/vendor/laravel/framework/src/Illuminate/Console/View/Components/Factory.php(60): Illuminate/Console/View/Components/Task->render('cache', Object(Closure))
#28 C:/Users/DELL/growza/growza/vendor/laravel/framework/src/Illuminate/Foundation/Console/OptimizeClearCommand.php(48): Illuminate/Console/View/Components/Factory->__call('task', Array)
#29 C:/Users/DELL/growza/growza/vendor/laravel/framework/src/Illuminate/Container/BoundMethod.php(36): Illuminate/Foundation/Console/OptimizeClearCommand->handle()
#30 C:/Users/DELL/growza/growza/vendor/laravel/framework/src/Illuminate/Container/Util.php(43): Illuminate/Container/BoundMethod::{closure:Illuminate/Container/BoundMethod::call():35}()
#31 C:/Users/DELL/growza/growza/vendor/laravel/framework/src/Illuminate/Container/BoundMethod.php(95): Illuminate/Container/Util::unwrapIfClosure(Object(Closure))
#32 C:/Users/DELL/growza/growza/vendor/laravel/framework/src/Illuminate/Container/BoundMethod.php(35): Illuminate/Container/BoundMethod::callBoundMethod(Object(Illuminate/Foundation/Application), Array, Object(Closure))
#33 C:/Users/DELL/growza/growza/vendor/laravel/framework/src/Illuminate/Container/Container.php(696): Illuminate/Container/BoundMethod::call(Object(Illuminate/Foundation/Application), Array, Array, NULL)
#34 C:/Users/DELL/growza/growza/vendor/laravel/framework/src/Illuminate/Console/Command.php(213): Illuminate/Container/Container->call(Array)
#35 C:/Users/DELL/growza/growza/vendor/symfony/console/Command/Command.php(341): Illuminate/Console/Command->execute(Object(Symfony/Component/Console/Input/ArgvInput), Object(Illuminate/Console/OutputStyle))
#36 C:/Users/DELL/growza/growza/vendor/laravel/framework/src/Illuminate/Console/Command.php(182): Symfony/Component/Console/Command/Command->run(Object(Symfony/Component/Console/Input/ArgvInput), Object(Illuminate/Console/OutputStyle))
#37 C:/Users/DELL/growza/growza/vendor/symfony/console/Application.php(1117): Illuminate/Console/Command->run(Object(Symfony/Component/Console/Input/ArgvInput), Object(Symfony/Component/Console/Output/ConsoleOutput))
#38 C:/Users/DELL/growza/growza/vendor/symfony/console/Application.php(356): Symfony/Component/Console/Application->doRunCommand(Object(Illuminate/Foundation/Console/OptimizeClearCommand), Object(Symfony/Component/Console/Input/ArgvInput), Object(Symfony/Component/Console/Output/ConsoleOutput))
#39 C:/Users/DELL/growza/growza/vendor/symfony/console/Application.php(195): Symfony/Component/Console/Application->doRun(Object(Symfony/Component/Console/Input/ArgvInput), Object(Symfony/Component/Console/Output/ConsoleOutput))
#40 C:/Users/DELL/growza/growza/vendor/laravel/framework/src/Illuminate/Foundation/Console/Kernel.php(198): Symfony/Component/Console/Application->run(Object(Symfony/Component/Console/Input/ArgvInput), Object(Symfony/Component/Console/Output/ConsoleOutput))
#41 C:/Users/DELL/growza/growza/vendor/laravel/framework/src/Illuminate/Foundation/Application.php(1235): Illuminate/Foundation/Console/Kernel->handle(Object(Symfony/Component/Console/Input/ArgvInput), Object(Symfony/Component/Console/Output/ConsoleOutput))
#42 C:/Users/DELL/growza/growza/artisan(14): Illuminate/Foundation/Application->handleCommand(Object(Symfony/Component/Console/Input/ArgvInput))
#43 {main}
"} 
