[2026-09-22 16:25:31] local.ERROR: could not find driver (Connection: mysql, SQL: select * from `sessions` where `id` = BymsYcoLgMYjQMalmdWxj99SqgrhHX8l0kbxPLTI limit 1) {"exception":"[object] (Illuminate\\Database\\QueryException(code: 0): could not find driver (Connection: mysql, SQL: select * from `sessions` where `id` = BymsYcoLgMYjQMalmdWxj99SqgrhHX8l0kbxPLTI limit 1) at /var/www/html/vendor/laravel/framework/src/Illuminate/Database/Connection.php:825)
[stacktrace]
#0 /var/www/html/vendor/laravel/framework/src/Illuminate/Database/Connection.php(779): Illuminate\\Database\\Connection->runQueryCallback('select * from `...', Array, Object(Closure))
#1 /var/www/html/vendor/laravel/framework/src/Illuminate/Database/Connection.php(398): Illuminate\\Database\\Connection->run('select * from `...', Array, Object(Closure))
#2 /var/www/html/vendor/laravel/framework/src/Illuminate/Database/Query/Builder.php(3106): Illuminate\\Database\\Connection->select('select * from `...', Array, false)
#3 /var/www/html/vendor/laravel/framework/src/Illuminate/Database/Query/Builder.php(3091): Illuminate\\Database\\Query\\Builder->runSelect()
#4 /var/www/html/vendor/laravel/framework/src/Illuminate/Database/Query/Builder.php(3676): Illuminate\\Database\\Query\\Builder->{closure:Illuminate\\Database\\Query\\Builder::get():3090}()
#5 /var/www/html/vendor/laravel/framework/src/Illuminate/Database/Query/Builder.php(3090): Illuminate\\Database\\Query\\Builder->onceWithColumns(Array, Object(Closure))
#6 /var/www/html/vendor/laravel/framework/src/Illuminate/Database/Concerns/BuildsQueries.php(343): Illuminate\\Database\\Query\\Builder->get(Array)
#7 /var/www/html/vendor/laravel/framework/src/Illuminate/Database/Query/Builder.php(3013): Illuminate\\Database\\Query\\Builder->first(Array)
#8 /var/www/html/vendor/laravel/framework/src/Illuminate/Session/DatabaseSessionHandler.php(97): Illuminate\\Database\\Query\\Builder->find('BymsYcoLgMYjQMa...')
#9 /var/www/html/vendor/laravel/framework/src/Illuminate/Session/Store.php(117): Illuminate\\Session\\DatabaseSessionHandler->read('BymsYcoLgMYjQMa...')
#10 /var/www/html/vendor/laravel/framework/src/Illuminate/Session/Store.php(105): Illuminate\\Session\\Store->readFromHandler()
#11 /var/www/html/vendor/laravel/framework/src/Illuminate/Session/Store.php(89): Illuminate\\Session\\Store->loadSession()
#12 /var/www/html/vendor/laravel/framework/src/Illuminate/Session/Middleware/StartSession.php(147): Illuminate\\Session\\Store->start()
#13 /var/www/html/vendor/laravel/framework/src/Illuminate/Support/helpers.php(399): Illuminate\\Session\\Middleware\\StartSession->{closure:Illuminate\\Session\\Middleware\\StartSession::startSession():144}(Object(Illuminate\\Session\\Store))
#14 /var/www/html/vendor/laravel/framework/src/Illuminate/Session/Middleware/StartSession.php(144): tap(Object(Illuminate\\Session\\Store), Object(Closure))
#15 /var/www/html/vendor/laravel/framework/src/Illuminate/Session/Middleware/StartSession.php(116): Illuminate\\Session\\Middleware\\StartSession->startSession(Object(Illuminate\\Http\\Request), Object(Illuminate\\Session\\Store))
#16 /var/www/html/vendor/laravel/framework/src/Illuminate/Session/Middleware/StartSession.php(64): Illuminate\\Session\\Middleware\\StartSession->handleStatefulRequest(Object(Illuminate\\Http\\Request), Object(Illuminate\\Session\\Store), Object(Closure))
#17 /var/www/html/vendor/laravel/framework/src/Illuminate/Pipeline/Pipeline.php(209): Illuminate\\Session\\Middleware\\StartSession->handle(Object(Illuminate\\Http\\Request), Object(Closure))
#18 /var/www/html/vendor/laravel/framework/src/Illuminate/Cookie/Middleware/AddQueuedCookiesToResponse.php(37): Illuminate\\Pipeline\\Pipeline->{closure:{closure:Illuminate\\Pipeline\\Pipeline::carry():184}:185}(Object(Illuminate\\Http\\Request))
#19 /var/www/html/vendor/laravel/framework/src/Illuminate/Pipeline/Pipeline.php(209): Illuminate\\Cookie\\Middleware\\AddQueuedCookiesToResponse->handle(Object(Illuminate\\Http\\Request), Object(Closure))
#20 /var/www/html/vendor/laravel/framework/src/Illuminate/Cookie/Middleware/EncryptCookies.php(75): Illuminate\\Pipeline\\Pipeline->{closure:{closure:Illuminate\\Pipeline\\Pipeline::carry():184}:185}(Object(Illuminate\\Http\\Request))
#21 /var/www/html/vendor/laravel/framework/src/Illuminate/Pipeline/Pipeline.php(209): Illuminate\\Cookie\\Middleware\\EncryptCookies->handle(Object(Illuminate\\Http\\Request), Object(Closure))
#22 /var/www/html/vendor/laravel/framework/src/Illuminate/Pipeline/Pipeline.php(127): Illuminate\\Pipeline\\Pipeline->{closure:{closure:Illuminate\\Pipeline\\Pipeline::carry():184}:185}(Object(Illuminate\\Http\\Request))
#23 /var/www/html/vendor/laravel/framework/src/Illuminate/Routing/Router.php(807): Illuminate\\Pipeline\\Pipeline->then(Object(Closure))
#24 /var/www/html/vendor/laravel/framework/src/Illuminate/Routing/Router.php(786): Illuminate\\Routing\\Router->runRouteWithinStack(Object(Illuminate\\Routing\\Route), Object(Illuminate\\Http\\Request))
#25 /var/www/html/vendor/laravel/framework/src/Illuminate/Routing/Router.php(750): Illuminate\\Routing\\Router->runRoute(Object(Illuminate\\Http\\Request), Object(Illuminate\\Routing\\Route))
#26 /var/www/html/vendor/laravel/framework/src/Illuminate/Routing/Router.php(739): Illuminate\\Routing\\Router->dispatchToRoute(Object(Illuminate\\Http\\Request))
#27 /var/www/html/vendor/laravel/framework/src/Illuminate/Foundation/Http/Kernel.php(201): Illuminate\\Routing\\Router->dispatch(Object(Illuminate\\Http\\Request))
#28 /var/www/html/vendor/laravel/framework/src/Illuminate/Pipeline/Pipeline.php(170): Illuminate\\Foundation\\Http\\Kernel->{closure:Illuminate\\Foundation\\Http\\Kernel::dispatchToRouter():198}(Object(Illuminate\\Http\\Request))
#29 /var/www/html/vendor/livewire/livewire/src/Features/SupportDisablingBackButtonCache/DisableBackButtonCacheMiddleware.php(19): Illuminate\\Pipeline\\Pipeline->{closure:Illuminate\\Pipeline\\Pipeline::prepareDestination():168}(Object(Illuminate\\Http\\Request))
#30 /var/www/html/vendor/laravel/framework/src/Illuminate/Pipeline/Pipeline.php(209): Livewire\\Features\\SupportDisablingBackButtonCache\\DisableBackButtonCacheMiddleware->handle(Object(Illuminate\\Http\\Request), Object(Closure))
#31 /var/www/html/vendor/laravel/framework/src/Illuminate/Foundation/Http/Middleware/TransformsRequest.php(21): Illuminate\\Pipeline\\Pipeline->{closure:{closure:Illuminate\\Pipeline\\Pipeline::carry():184}:185}(Object(Illuminate\\Http\\Request))
#32 /var/www/html/vendor/laravel/framework/src/Illuminate/Foundation/Http/Middleware/ConvertEmptyStringsToNull.php(31): Illuminate\\Foundation\\Http\\Middleware\\TransformsRequest->handle(Object(Illuminate\\Http\\Request), Object(Closure))
#33 /var/www/html/vendor/laravel/framework/src/Illuminate/Pipeline/Pipeline.php(209): Illuminate\\Foundation\\Http\\Middleware\\ConvertEmptyStringsToNull->handle(Object(Illuminate\\Http\\Request), Object(Closure))
#34 /var/www/html/vendor/laravel/framework/src/Illuminate/Foundation/Http/Middleware/TransformsRequest.php(21): Illuminate\\Pipeline\\Pipeline->{closure:{closure:Illuminate\\Pipeline\\Pipeline::carry():184}:185}(Object(Illuminate\\Http\\Request))
#35 /var/www/html/vendor/laravel/framework/src/Illuminate/Foundation/Http/Middleware/TrimStrings.php(51): Illuminate\\Foundation\\Http\\Middleware\\TransformsRequest->handle(Object(Illuminate\\Http\\Request), Object(Closure))
#36 /var/www/html/vendor/laravel/framework/src/Illuminate/Pipeline/Pipeline.php(209): Illuminate\\Foundation\\Http\\Middleware\\TrimStrings->handle(Object(Illuminate\\Http\\Request), Object(Closure))
#37 /var/www/html/vendor/laravel/framework/src/Illuminate/Http/Middleware/ValidatePostSize.php(27): Illuminate\\Pipeline\\Pipeline->{closure:{closure:Illuminate\\Pipeline\\Pipeline::carry():184}:185}(Object(Illuminate\\Http\\Request))
#38 /var/www/html/vendor/laravel/framework/src/Illuminate/Pipeline/Pipeline.php(209): Illuminate\\Http\\Middleware\\ValidatePostSize->handle(Object(Illuminate\\Http\\Request), Object(Closure))
#39 /var/www/html/vendor/laravel/framework/src/Illuminate/Foundation/Http/Middleware/PreventRequestsDuringMaintenance.php(110): Illuminate\\Pipeline\\Pipeline->{closure:{closure:Illuminate\\Pipeline\\Pipeline::carry():184}:185}(Object(Illuminate\\Http\\Request))
#40 /var/www/html/vendor/laravel/framework/src/Illuminate/Pipeline/Pipeline.php(209): Illuminate\\Foundation\\Http\\Middleware\\PreventRequestsDuringMaintenance->handle(Object(Illuminate\\Http\\Request), Object(Closure))
#41 /var/www/html/vendor/laravel/framework/src/Illuminate/Http/Middleware/HandleCors.php(49): Illuminate\\Pipeline\\Pipeline->{closure:{closure:Illuminate\\Pipeline\\Pipeline::carry():184}:185}(Object(Illuminate\\Http\\Request))
#42 /var/www/html/vendor/laravel/framework/src/Illuminate/Pipeline/Pipeline.php(209): Illuminate\\Http\\Middleware\\HandleCors->handle(Object(Illuminate\\Http\\Request), Object(Closure))
#43 /var/www/html/vendor/laravel/framework/src/Illuminate/Http/Middleware/TrustProxies.php(58): Illuminate\\Pipeline\\Pipeline->{closure:{closure:Illuminate\\Pipeline\\Pipeline::carry():184}:185}(Object(Illuminate\\Http\\Request))
#44 /var/www/html/vendor/laravel/framework/src/Illuminate/Pipeline/Pipeline.php(209): Illuminate\\Http\\Middleware\\TrustProxies->handle(Object(Illuminate\\Http\\Request), Object(Closure))
#45 /var/www/html/vendor/laravel/framework/src/Illuminate/Foundation/Http/Middleware/InvokeDeferredCallbacks.php(22): Illuminate\\Pipeline\\Pipeline->{closure:{closure:Illuminate\\Pipeline\\Pipeline::carry():184}:185}(Object(Illuminate\\Http\\Request))
#46 /var/www/html/vendor/laravel/framework/src/Illuminate/Pipeline/Pipeline.php(209): Illuminate\\Foundation\\Http\\Middleware\\InvokeDeferredCallbacks->handle(Object(Illuminate\\Http\\Request), Object(Closure))
#47 /var/www/html/vendor/laravel/framework/src/Illuminate/Pipeline/Pipeline.php(127): Illuminate\\Pipeline\\Pipeline->{closure:{closure:Illuminate\\Pipeline\\Pipeline::carry():184}:185}(Object(Illuminate\\Http\\Request))
#48 /var/www/html/vendor/laravel/framework/src/Illuminate/Foundation/Http/Kernel.php(176): Illuminate\\Pipeline\\Pipeline->then(Object(Closure))
#49 /var/www/html/vendor/laravel/framework/src/Illuminate/Foundation/Http/Kernel.php(145): Illuminate\\Foundation\\Http\\Kernel->sendRequestThroughRouter(Object(Illuminate\\Http\\Request))
#50 /var/www/html/vendor/laravel/framework/src/Illuminate/Foundation/Application.php(1220): Illuminate\\Foundation\\Http\\Kernel->handle(Object(Illuminate\\Http\\Request))
#51 /var/www/html/public/index.php(20): Illuminate\\Foundation\\Application->handleRequest(Object(Illuminate\\Http\\Request))
#52 {main}

[previous exception] [object] (PDOException(code: 0): could not find driver at /var/www/html/vendor/laravel/framework/src/Illuminate/Database/Connectors/Connector.php:67)
[stacktrace]
#0 /var/www/html/vendor/laravel/framework/src/Illuminate/Database/Connectors/Connector.php(67): PDO::connect('mysql:host=127....', 'root', Object(SensitiveParameterValue), Array)
#1 /var/www/html/vendor/laravel/framework/src/Illuminate/Database/Connectors/Connector.php(44): Illuminate\\Database\\Connectors\\Connector->createPdoConnection('mysql:host=127....', 'root', Object(SensitiveParameterValue), Array)
#2 /var/www/html/vendor/laravel/framework/src/Illuminate/Database/Connectors/MySqlConnector.php(24): Illuminate\\Database\\Connectors\\Connector->createConnection('mysql:host=127....', Array, Array)
#3 /var/www/html/vendor/laravel/framework/src/Illuminate/Database/Connectors/ConnectionFactory.php(185): Illuminate\\Database\\Connectors\\MySqlConnector->connect(Array)
#4 [internal function]: Illuminate\\Database\\Connectors\\ConnectionFactory->{closure:Illuminate\\Database\\Connectors\\ConnectionFactory::createPdoResolverWithHosts():180}()
#5 /var/www/html/vendor/laravel/framework/src/Illuminate/Database/Connection.php(1231): call_user_func(Object(Closure))
#6 /var/www/html/vendor/laravel/framework/src/Illuminate/Database/Connection.php(512): Illuminate\\Database\\Connection->getPdo()
#7 /var/www/html/vendor/laravel/framework/src/Illuminate/Database/Connection.php(407): Illuminate\\Database\\Connection->getPdoForSelect(false)
#8 /var/www/html/vendor/laravel/framework/src/Illuminate/Database/Connection.php(812): Illuminate\\Database\\Connection->{closure:Illuminate\\Database\\Connection::select():398}('select * from `...', Array)
#9 /var/www/html/vendor/laravel/framework/src/Illuminate/Database/Connection.php(779): Illuminate\\Database\\Connection->runQueryCallback('select * from `...', Array, Object(Closure))
#10 /var/www/html/vendor/laravel/framework/src/Illuminate/Database/Connection.php(398): Illuminate\\Database\\Connection->run('select * from `...', Array, Object(Closure))
#11 /var/www/html/vendor/laravel/framework/src/Illuminate/Database/Query/Builder.php(3106): Illuminate\\Database\\Connection->select('select * from `...', Array, false)
#12 /var/www/html/vendor/laravel/framework/src/Illuminate/Database/Query/Builder.php(3091): Illuminate\\Database\\Query\\Builder->runSelect()
#13 /var/www/html/vendor/laravel/framework/src/Illuminate/Database/Query/Builder.php(3676): Illuminate\\Database\\Query\\Builder->{closure:Illuminate\\Database\\Query\\Builder::get():3090}()
#14 /var/www/html/vendor/laravel/framework/src/Illuminate/Database/Query/Builder.php(3090): Illuminate\\Database\\Query\\Builder->onceWithColumns(Array, Object(Closure))
#15 /var/www/html/vendor/laravel/framework/src/Illuminate/Database/Concerns/BuildsQueries.php(343): Illuminate\\Database\\Query\\Builder->get(Array)
#16 /var/www/html/vendor/laravel/framework/src/Illuminate/Database/Query/Builder.php(3013): Illuminate\\Database\\Query\\Builder->first(Array)
#17 /var/www/html/vendor/laravel/framework/src/Illuminate/Session/DatabaseSessionHandler.php(97): Illuminate\\Database\\Query\\Builder->find('BymsYcoLgMYjQMa...')
#18 /var/www/html/vendor/laravel/framework/src/Illuminate/Session/Store.php(117): Illuminate\\Session\\DatabaseSessionHandler->read('BymsYcoLgMYjQMa...')
#19 /var/www/html/vendor/laravel/framework/src/Illuminate/Session/Store.php(105): Illuminate\\Session\\Store->readFromHandler()
#20 /var/www/html/vendor/laravel/framework/src/Illuminate/Session/Store.php(89): Illuminate\\Session\\Store->loadSession()
#21 /var/www/html/vendor/laravel/framework/src/Illuminate/Session/Middleware/StartSession.php(147): Illuminate\\Session\\Store->start()
#22 /var/www/html/vendor/laravel/framework/src/Illuminate/Support/helpers.php(399): Illuminate\\Session\\Middleware\\StartSession->{closure:Illuminate\\Session\\Middleware\\StartSession::startSession():144}(Object(Illuminate\\Session\\Store))
#23 /var/www/html/vendor/laravel/framework/src/Illuminate/Session/Middleware/StartSession.php(144): tap(Object(Illuminate\\Session\\Store), Object(Closure))
#24 /var/www/html/vendor/laravel/framework/src/Illuminate/Session/Middleware/StartSession.php(116): Illuminate\\Session\\Middleware\\StartSession->startSession(Object(Illuminate\\Http\\Request), Object(Illuminate\\Session\\Store))
#25 /var/www/html/vendor/laravel/framework/src/Illuminate/Session/Middleware/StartSession.php(64): Illuminate\\Session\\Middleware\\StartSession->handleStatefulRequest(Object(Illuminate\\Http\\Request), Object(Illuminate\\Session\\Store), Object(Closure))
#26 /var/www/html/vendor/laravel/framework/src/Illuminate/Pipeline/Pipeline.php(209): Illuminate\\Session\\Middleware\\StartSession->handle(Object(Illuminate\\Http\\Request), Object(Closure))
#27 /var/www/html/vendor/laravel/framework/src/Illuminate/Cookie/Middleware/AddQueuedCookiesToResponse.php(37): Illuminate\\Pipeline\\Pipeline->{closure:{closure:Illuminate\\Pipeline\\Pipeline::carry():184}:185}(Object(Illuminate\\Http\\Request))
#28 /var/www/html/vendor/laravel/framework/src/Illuminate/Pipeline/Pipeline.php(209): Illuminate\\Cookie\\Middleware\\AddQueuedCookiesToResponse->handle(Object(Illuminate\\Http\\Request), Object(Closure))
#29 /var/www/html/vendor/laravel/framework/src/Illuminate/Cookie/Middleware/EncryptCookies.php(75): Illuminate\\Pipeline\\Pipeline->{closure:{closure:Illuminate\\Pipeline\\Pipeline::carry():184}:185}(Object(Illuminate\\Http\\Request))
#30 /var/www/html/vendor/laravel/framework/src/Illuminate/Pipeline/Pipeline.php(209): Illuminate\\Cookie\\Middleware\\EncryptCookies->handle(Object(Illuminate\\Http\\Request), Object(Closure))
#31 /var/www/html/vendor/laravel/framework/src/Illuminate/Pipeline/Pipeline.php(127): Illuminate\\Pipeline\\Pipeline->{closure:{closure:Illuminate\\Pipeline\\Pipeline::carry():184}:185}(Object(Illuminate\\Http\\Request))
#32 /var/www/html/vendor/laravel/framework/src/Illuminate/Routing/Router.php(807): Illuminate\\Pipeline\\Pipeline->then(Object(Closure))
#33 /var/www/html/vendor/laravel/framework/src/Illuminate/Routing/Router.php(786): Illuminate\\Routing\\Router->runRouteWithinStack(Object(Illuminate\\Routing\\Route), Object(Illuminate\\Http\\Request))
#34 /var/www/html/vendor/laravel/framework/src/Illuminate/Routing/Router.php(750): Illuminate\\Routing\\Router->runRoute(Object(Illuminate\\Http\\Request), Object(Illuminate\\Routing\\Route))
#35 /var/www/html/vendor/laravel/framework/src/Illuminate/Routing/Router.php(739): Illuminate\\Routing\\Router->dispatchToRoute(Object(Illuminate\\Http\\Request))
#36 /var/www/html/vendor/laravel/framework/src/Illuminate/Foundation/Http/Kernel.php(201): Illuminate\\Routing\\Router->dispatch(Object(Illuminate\\Http\\Request))
#37 /var/www/html/vendor/laravel/framework/src/Illuminate/Pipeline/Pipeline.php(170): Illuminate\\Foundation\\Http\\Kernel->{closure:Illuminate\\Foundation\\Http\\Kernel::dispatchToRouter():198}(Object(Illuminate\\Http\\Request))
#38 /var/www/html/vendor/livewire/livewire/src/Features/SupportDisablingBackButtonCache/DisableBackButtonCacheMiddleware.php(19): Illuminate\\Pipeline\\Pipeline->{closure:Illuminate\\Pipeline\\Pipeline::prepareDestination():168}(Object(Illuminate\\Http\\Request))
#39 /var/www/html/vendor/laravel/framework/src/Illuminate/Pipeline/Pipeline.php(209): Livewire\\Features\\SupportDisablingBackButtonCache\\DisableBackButtonCacheMiddleware->handle(Object(Illuminate\\Http\\Request), Object(Closure))
#40 /var/www/html/vendor/laravel/framework/src/Illuminate/Foundation/Http/Middleware/TransformsRequest.php(21): Illuminate\\Pipeline\\Pipeline->{closure:{closure:Illuminate\\Pipeline\\Pipeline::carry():184}:185}(Object(Illuminate\\Http\\Request))
#41 /var/www/html/vendor/laravel/framework/src/Illuminate/Foundation/Http/Middleware/ConvertEmptyStringsToNull.php(31): Illuminate\\Foundation\\Http\\Middleware\\TransformsRequest->handle(Object(Illuminate\\Http\\Request), Object(Closure))
#42 /var/www/html/vendor/laravel/framework/src/Illuminate/Pipeline/Pipeline.php(209): Illuminate\\Foundation\\Http\\Middleware\\ConvertEmptyStringsToNull->handle(Object(Illuminate\\Http\\Request), Object(Closure))
#43 /var/www/html/vendor/laravel/framework/src/Illuminate/Foundation/Http/Middleware/TransformsRequest.php(21): Illuminate\\Pipeline\\Pipeline->{closure:{closure:Illuminate\\Pipeline\\Pipeline::carry():184}:185}(Object(Illuminate\\Http\\Request))
#44 /var/www/html/vendor/laravel/framework/src/Illuminate/Foundation/Http/Middleware/TrimStrings.php(51): Illuminate\\Foundation\\Http\\Middleware\\TransformsRequest->handle(Object(Illuminate\\Http\\Request), Object(Closure))
#45 /var/www/html/vendor/laravel/framework/src/Illuminate/Pipeline/Pipeline.php(209): Illuminate\\Foundation\\Http\\Middleware\\TrimStrings->handle(Object(Illuminate\\Http\\Request), Object(Closure))
#46 /var/www/html/vendor/laravel/framework/src/Illuminate/Http/Middleware/ValidatePostSize.php(27): Illuminate\\Pipeline\\Pipeline->{closure:{closure:Illuminate\\Pipeline\\Pipeline::carry():184}:185}(Object(Illuminate\\Http\\Request))
#47 /var/www/html/vendor/laravel/framework/src/Illuminate/Pipeline/Pipeline.php(209): Illuminate\\Http\\Middleware\\ValidatePostSize->handle(Object(Illuminate\\Http\\Request), Object(Closure))
#48 /var/www/html/vendor/laravel/framework/src/Illuminate/Foundation/Http/Middleware/PreventRequestsDuringMaintenance.php(110): Illuminate\\Pipeline\\Pipeline->{closure:{closure:Illuminate\\Pipeline\\Pipeline::carry():184}:185}(Object(Illuminate\\Http\\Request))
#49 /var/www/html/vendor/laravel/framework/src/Illuminate/Pipeline/Pipeline.php(209): Illuminate\\Foundation\\Http\\Middleware\\PreventRequestsDuringMaintenance->handle(Object(Illuminate\\Http\\Request), Object(Closure))
#50 /var/www/html/vendor/laravel/framework/src/Illuminate/Http/Middleware/HandleCors.php(49): Illuminate\\Pipeline\\Pipeline->{closure:{closure:Illuminate\\Pipeline\\Pipeline::carry():184}:185}(Object(Illuminate\\Http\\Request))
#51 /var/www/html/vendor/laravel/framework/src/Illuminate/Pipeline/Pipeline.php(209): Illuminate\\Http\\Middleware\\HandleCors->handle(Object(Illuminate\\Http\\Request), Object(Closure))
#52 /var/www/html/vendor/laravel/framework/src/Illuminate/Http/Middleware/TrustProxies.php(58): Illuminate\\Pipeline\\Pipeline->{closure:{closure:Illuminate\\Pipeline\\Pipeline::carry():184}:185}(Object(Illuminate\\Http\\Request))
#53 /var/www/html/vendor/laravel/framework/src/Illuminate/Pipeline/Pipeline.php(209): Illuminate\\Http\\Middleware\\TrustProxies->handle(Object(Illuminate\\Http\\Request), Object(Closure))
#54 /var/www/html/vendor/laravel/framework/src/Illuminate/Foundation/Http/Middleware/InvokeDeferredCallbacks.php(22): Illuminate\\Pipeline\\Pipeline->{closure:{closure:Illuminate\\Pipeline\\Pipeline::carry():184}:185}(Object(Illuminate\\Http\\Request))
#55 /var/www/html/vendor/laravel/framework/src/Illuminate/Pipeline/Pipeline.php(209): Illuminate\\Foundation\\Http\\Middleware\\InvokeDeferredCallbacks->handle(Object(Illuminate\\Http\\Request), Object(Closure))
#56 /var/www/html/vendor/laravel/framework/src/Illuminate/Pipeline/Pipeline.php(127): Illuminate\\Pipeline\\Pipeline->{closure:{closure:Illuminate\\Pipeline\\Pipeline::carry():184}:185}(Object(Illuminate\\Http\\Request))
#57 /var/www/html/vendor/laravel/framework/src/Illuminate/Foundation/Http/Kernel.php(176): Illuminate\\Pipeline\\Pipeline->then(Object(Closure))
#58 /var/www/html/vendor/laravel/framework/src/Illuminate/Foundation/Http/Kernel.php(145): Illuminate\\Foundation\\Http\\Kernel->sendRequestThroughRouter(Object(Illuminate\\Http\\Request))
#59 /var/www/html/vendor/laravel/framework/src/Illuminate/Foundation/Application.php(1220): Illuminate\\Foundation\\Http\\Kernel->handle(Object(Illuminate\\Http\\Request))
#60 /var/www/html/public/index.php(20): Illuminate\\Foundation\\Application->handleRequest(Object(Illuminate\\Http\\Request))
#61 {main}
"} 
[2026-09-22 16:25:32] local.ERROR: could not find driver (Connection: mysql, SQL: select * from `sessions` where `id` = RmyZiDI6nDso5JSGO0oGsMkrAKz0hgYln4TiJcpN limit 1) {"exception":"[object] (Illuminate\\Database\\QueryException(code: 0): could not find driver (Connection: mysql, SQL: select * from `sessions` where `id` = RmyZiDI6nDso5JSGO0oGsMkrAKz0hgYln4TiJcpN limit 1) at /var/www/html/vendor/laravel/framework/src/Illuminate/Database/Connection.php:825)
[stacktrace]
#0 /var/www/html/vendor/laravel/framework/src/Illuminate/Database/Connection.php(779): Illuminate\\Database\\Connection->runQueryCallback('select * from `...', Array, Object(Closure))
#1 /var/www/html/vendor/laravel/framework/src/Illuminate/Database/Connection.php(398): Illuminate\\Database\\Connection->run('select * from `...', Array, Object(Closure))
#2 /var/www/html/vendor/laravel/framework/src/Illuminate/Database/Query/Builder.php(3106): Illuminate\\Database\\Connection->select('select * from `...', Array, false)
#3 /var/www/html/vendor/laravel/framework/src/Illuminate/Database/Query/Builder.php(3091): Illuminate\\Database\\Query\\Builder->runSelect()
#4 /var/www/html/vendor/laravel/framework/src/Illuminate/Database/Query/Builder.php(3676): Illuminate\\Database\\Query\\Builder->{closure:Illuminate\\Database\\Query\\Builder::get():3090}()
#5 /var/www/html/vendor/laravel/framework/src/Illuminate/Database/Query/Builder.php(3090): Illuminate\\Database\\Query\\Builder->onceWithColumns(Array, Object(Closure))
#6 /var/www/html/vendor/laravel/framework/src/Illuminate/Database/Concerns/BuildsQueries.php(343): Illuminate\\Database\\Query\\Builder->get(Array)
#7 /var/www/html/vendor/laravel/framework/src/Illuminate/Database/Query/Builder.php(3013): Illuminate\\Database\\Query\\Builder->first(Array)
#8 /var/www/html/vendor/laravel/framework/src/Illuminate/Session/DatabaseSessionHandler.php(97): Illuminate\\Database\\Query\\Builder->find('RmyZiDI6nDso5JS...')
#9 /var/www/html/vendor/laravel/framework/src/Illuminate/Session/Store.php(117): Illuminate\\Session\\DatabaseSessionHandler->read('RmyZiDI6nDso5JS...')
#10 /var/www/html/vendor/laravel/framework/src/Illuminate/Session/Store.php(105): Illuminate\\Session\\Store->readFromHandler()
#11 /var/www/html/vendor/laravel/framework/src/Illuminate/Session/Store.php(89): Illuminate\\Session\\Store->loadSession()
#12 /var/www/html/vendor/laravel/framework/src/Illuminate/Session/Middleware/StartSession.php(147): Illuminate\\Session\\Store->start()
#13 /var/www/html/vendor/laravel/framework/src/Illuminate/Support/helpers.php(399): Illuminate\\Session\\Middleware\\StartSession->{closure:Illuminate\\Session\\Middleware\\StartSession::startSession():144}(Object(Illuminate\\Session\\Store))
#14 /var/www/html/vendor/laravel/framework/src/Illuminate/Session/Middleware/StartSession.php(144): tap(Object(Illuminate\\Session\\Store), Object(Closure))
#15 /var/www/html/vendor/laravel/framework/src/Illuminate/Session/Middleware/StartSession.php(116): Illuminate\\Session\\Middleware\\StartSession->startSession(Object(Illuminate\\Http\\Request), Object(Illuminate\\Session\\Store))
#16 /var/www/html/vendor/laravel/framework/src/Illuminate/Session/Middleware/StartSession.php(64): Illuminate\\Session\\Middleware\\StartSession->handleStatefulRequest(Object(Illuminate\\Http\\Request), Object(Illuminate\\Session\\Store), Object(Closure))
#17 /var/www/html/vendor/laravel/framework/src/Illuminate/Pipeline/Pipeline.php(209): Illuminate\\Session\\Middleware\\StartSession->handle(Object(Illuminate\\Http\\Request), Object(Closure))
#18 /var/www/html/vendor/laravel/framework/src/Illuminate/Cookie/Middleware/AddQueuedCookiesToResponse.php(37): Illuminate\\Pipeline\\Pipeline->{closure:{closure:Illuminate\\Pipeline\\Pipeline::carry():184}:185}(Object(Illuminate\\Http\\Request))
#19 /var/www/html/vendor/laravel/framework/src/Illuminate/Pipeline/Pipeline.php(209): Illuminate\\Cookie\\Middleware\\AddQueuedCookiesToResponse->handle(Object(Illuminate\\Http\\Request), Object(Closure))
#20 /var/www/html/vendor/laravel/framework/src/Illuminate/Cookie/Middleware/EncryptCookies.php(75): Illuminate\\Pipeline\\Pipeline->{closure:{closure:Illuminate\\Pipeline\\Pipeline::carry():184}:185}(Object(Illuminate\\Http\\Request))
#21 /var/www/html/vendor/laravel/framework/src/Illuminate/Pipeline/Pipeline.php(209): Illuminate\\Cookie\\Middleware\\EncryptCookies->handle(Object(Illuminate\\Http\\Request), Object(Closure))
#22 /var/www/html/vendor/laravel/framework/src/Illuminate/Pipeline/Pipeline.php(127): Illuminate\\Pipeline\\Pipeline->{closure:{closure:Illuminate\\Pipeline\\Pipeline::carry():184}:185}(Object(Illuminate\\Http\\Request))
#23 /var/www/html/vendor/laravel/framework/src/Illuminate/Routing/Router.php(807): Illuminate\\Pipeline\\Pipeline->then(Object(Closure))
#24 /var/www/html/vendor/laravel/framework/src/Illuminate/Routing/Router.php(786): Illuminate\\Routing\\Router->runRouteWithinStack(Object(Illuminate\\Routing\\Route), Object(Illuminate\\Http\\Request))
#25 /var/www/html/vendor/laravel/framework/src/Illuminate/Routing/Router.php(750): Illuminate\\Routing\\Router->runRoute(Object(Illuminate\\Http\\Request), Object(Illuminate\\Routing\\Route))
#26 /var/www/html/vendor/laravel/framework/src/Illuminate/Routing/Router.php(739): Illuminate\\Routing\\Router->dispatchToRoute(Object(Illuminate\\Http\\Request))
#27 /var/www/html/vendor/laravel/framework/src/Illuminate/Foundation/Http/Kernel.php(201): Illuminate\\Routing\\Router->dispatch(Object(Illuminate\\Http\\Request))
#28 /var/www/html/vendor/laravel/framework/src/Illuminate/Pipeline/Pipeline.php(170): Illuminate\\Foundation\\Http\\Kernel->{closure:Illuminate\\Foundation\\Http\\Kernel::dispatchToRouter():198}(Object(Illuminate\\Http\\Request))
#29 /var/www/html/vendor/livewire/livewire/src/Features/SupportDisablingBackButtonCache/DisableBackButtonCacheMiddleware.php(19): Illuminate\\Pipeline\\Pipeline->{closure:Illuminate\\Pipeline\\Pipeline::prepareDestination():168}(Object(Illuminate\\Http\\Request))
#30 /var/www/html/vendor/laravel/framework/src/Illuminate/Pipeline/Pipeline.php(209): Livewire\\Features\\SupportDisablingBackButtonCache\\DisableBackButtonCacheMiddleware->handle(Object(Illuminate\\Http\\Request), Object(Closure))
#31 /var/www/html/vendor/laravel/framework/src/Illuminate/Foundation/Http/Middleware/TransformsRequest.php(21): Illuminate\\Pipeline\\Pipeline->{closure:{closure:Illuminate\\Pipeline\\Pipeline::carry():184}:185}(Object(Illuminate\\Http\\Request))
#32 /var/www/html/vendor/laravel/framework/src/Illuminate/Foundation/Http/Middleware/ConvertEmptyStringsToNull.php(31): Illuminate\\Foundation\\Http\\Middleware\\TransformsRequest->handle(Object(Illuminate\\Http\\Request), Object(Closure))
#33 /var/www/html/vendor/laravel/framework/src/Illuminate/Pipeline/Pipeline.php(209): Illuminate\\Foundation\\Http\\Middleware\\ConvertEmptyStringsToNull->handle(Object(Illuminate\\Http\\Request), Object(Closure))
#34 /var/www/html/vendor/laravel/framework/src/Illuminate/Foundation/Http/Middleware/TransformsRequest.php(21): Illuminate\\Pipeline\\Pipeline->{closure:{closure:Illuminate\\Pipeline\\Pipeline::carry():184}:185}(Object(Illuminate\\Http\\Request))
#35 /var/www/html/vendor/laravel/framework/src/Illuminate/Foundation/Http/Middleware/TrimStrings.php(51): Illuminate\\Foundation\\Http\\Middleware\\TransformsRequest->handle(Object(Illuminate\\Http\\Request), Object(Closure))
#36 /var/www/html/vendor/laravel/framework/src/Illuminate/Pipeline/Pipeline.php(209): Illuminate\\Foundation\\Http\\Middleware\\TrimStrings->handle(Object(Illuminate\\Http\\Request), Object(Closure))
#37 /var/www/html/vendor/laravel/framework/src/Illuminate/Http/Middleware/ValidatePostSize.php(27): Illuminate\\Pipeline\\Pipeline->{closure:{closure:Illuminate\\Pipeline\\Pipeline::carry():184}:185}(Object(Illuminate\\Http\\Request))
#38 /var/www/html/vendor/laravel/framework/src/Illuminate/Pipeline/Pipeline.php(209): Illuminate\\Http\\Middleware\\ValidatePostSize->handle(Object(Illuminate\\Http\\Request), Object(Closure))
#39 /var/www/html/vendor/laravel/framework/src/Illuminate/Foundation/Http/Middleware/PreventRequestsDuringMaintenance.php(110): Illuminate\\Pipeline\\Pipeline->{closure:{closure:Illuminate\\Pipeline\\Pipeline::carry():184}:185}(Object(Illuminate\\Http\\Request))
#40 /var/www/html/vendor/laravel/framework/src/Illuminate/Pipeline/Pipeline.php(209): Illuminate\\Foundation\\Http\\Middleware\\PreventRequestsDuringMaintenance->handle(Object(Illuminate\\Http\\Request), Object(Closure))
#41 /var/www/html/vendor/laravel/framework/src/Illuminate/Http/Middleware/HandleCors.php(49): Illuminate\\Pipeline\\Pipeline->{closure:{closure:Illuminate\\Pipeline\\Pipeline::carry():184}:185}(Object(Illuminate\\Http\\Request))
#42 /var/www/html/vendor/laravel/framework/src/Illuminate/Pipeline/Pipeline.php(209): Illuminate\\Http\\Middleware\\HandleCors->handle(Object(Illuminate\\Http\\Request), Object(Closure))
#43 /var/www/html/vendor/laravel/framework/src/Illuminate/Http/Middleware/TrustProxies.php(58): Illuminate\\Pipeline\\Pipeline->{closure:{closure:Illuminate\\Pipeline\\Pipeline::carry():184}:185}(Object(Illuminate\\Http\\Request))
#44 /var/www/html/vendor/laravel/framework/src/Illuminate/Pipeline/Pipeline.php(209): Illuminate\\Http\\Middleware\\TrustProxies->handle(Object(Illuminate\\Http\\Request), Object(Closure))
#45 /var/www/html/vendor/laravel/framework/src/Illuminate/Foundation/Http/Middleware/InvokeDeferredCallbacks.php(22): Illuminate\\Pipeline\\Pipeline->{closure:{closure:Illuminate\\Pipeline\\Pipeline::carry():184}:185}(Object(Illuminate\\Http\\Request))
#46 /var/www/html/vendor/laravel/framework/src/Illuminate/Pipeline/Pipeline.php(209): Illuminate\\Foundation\\Http\\Middleware\\InvokeDeferredCallbacks->handle(Object(Illuminate\\Http\\Request), Object(Closure))
#47 /var/www/html/vendor/laravel/framework/src/Illuminate/Pipeline/Pipeline.php(127): Illuminate\\Pipeline\\Pipeline->{closure:{closure:Illuminate\\Pipeline\\Pipeline::carry():184}:185}(Object(Illuminate\\Http\\Request))
#48 /var/www/html/vendor/laravel/framework/src/Illuminate/Foundation/Http/Kernel.php(176): Illuminate\\Pipeline\\Pipeline->then(Object(Closure))
#49 /var/www/html/vendor/laravel/framework/src/Illuminate/Foundation/Http/Kernel.php(145): Illuminate\\Foundation\\Http\\Kernel->sendRequestThroughRouter(Object(Illuminate\\Http\\Request))
#50 /var/www/html/vendor/laravel/framework/src/Illuminate/Foundation/Application.php(1220): Illuminate\\Foundation\\Http\\Kernel->handle(Object(Illuminate\\Http\\Request))
#51 /var/www/html/public/index.php(20): Illuminate\\Foundation\\Application->handleRequest(Object(Illuminate\\Http\\Request))
#52 {main}

[previous exception] [object] (PDOException(code: 0): could not find driver at /var/www/html/vendor/laravel/framework/src/Illuminate/Database/Connectors/Connector.php:67)
[stacktrace]
#0 /var/www/html/vendor/laravel/framework/src/Illuminate/Database/Connectors/Connector.php(67): PDO::connect('mysql:host=127....', 'root', Object(SensitiveParameterValue), Array)
#1 /var/www/html/vendor/laravel/framework/src/Illuminate/Database/Connectors/Connector.php(44): Illuminate\\Database\\Connectors\\Connector->createPdoConnection('mysql:host=127....', 'root', Object(SensitiveParameterValue), Array)
#2 /var/www/html/vendor/laravel/framework/src/Illuminate/Database/Connectors/MySqlConnector.php(24): Illuminate\\Database\\Connectors\\Connector->createConnection('mysql:host=127....', Array, Array)
#3 /var/www/html/vendor/laravel/framework/src/Illuminate/Database/Connectors/ConnectionFactory.php(185): Illuminate\\Database\\Connectors\\MySqlConnector->connect(Array)
#4 [internal function]: Illuminate\\Database\\Connectors\\ConnectionFactory->{closure:Illuminate\\Database\\Connectors\\ConnectionFactory::createPdoResolverWithHosts():180}()
#5 /var/www/html/vendor/laravel/framework/src/Illuminate/Database/Connection.php(1231): call_user_func(Object(Closure))
#6 /var/www/html/vendor/laravel/framework/src/Illuminate/Database/Connection.php(512): Illuminate\\Database\\Connection->getPdo()
#7 /var/www/html/vendor/laravel/framework/src/Illuminate/Database/Connection.php(407): Illuminate\\Database\\Connection->getPdoForSelect(false)
#8 /var/www/html/vendor/laravel/framework/src/Illuminate/Database/Connection.php(812): Illuminate\\Database\\Connection->{closure:Illuminate\\Database\\Connection::select():398}('select * from `...', Array)
#9 /var/www/html/vendor/laravel/framework/src/Illuminate/Database/Connection.php(779): Illuminate\\Database\\Connection->runQueryCallback('select * from `...', Array, Object(Closure))
#10 /var/www/html/vendor/laravel/framework/src/Illuminate/Database/Connection.php(398): Illuminate\\Database\\Connection->run('select * from `...', Array, Object(Closure))
#11 /var/www/html/vendor/laravel/framework/src/Illuminate/Database/Query/Builder.php(3106): Illuminate\\Database\\Connection->select('select * from `...', Array, false)
#12 /var/www/html/vendor/laravel/framework/src/Illuminate/Database/Query/Builder.php(3091): Illuminate\\Database\\Query\\Builder->runSelect()
#13 /var/www/html/vendor/laravel/framework/src/Illuminate/Database/Query/Builder.php(3676): Illuminate\\Database\\Query\\Builder->{closure:Illuminate\\Database\\Query\\Builder::get():3090}()
#14 /var/www/html/vendor/laravel/framework/src/Illuminate/Database/Query/Builder.php(3090): Illuminate\\Database\\Query\\Builder->onceWithColumns(Array, Object(Closure))
#15 /var/www/html/vendor/laravel/framework/src/Illuminate/Database/Concerns/BuildsQueries.php(343): Illuminate\\Database\\Query\\Builder->get(Array)
#16 /var/www/html/vendor/laravel/framework/src/Illuminate/Database/Query/Builder.php(3013): Illuminate\\Database\\Query\\Builder->first(Array)
#17 /var/www/html/vendor/laravel/framework/src/Illuminate/Session/DatabaseSessionHandler.php(97): Illuminate\\Database\\Query\\Builder->find('RmyZiDI6nDso5JS...')
#18 /var/www/html/vendor/laravel/framework/src/Illuminate/Session/Store.php(117): Illuminate\\Session\\DatabaseSessionHandler->read('RmyZiDI6nDso5JS...')
#19 /var/www/html/vendor/laravel/framework/src/Illuminate/Session/Store.php(105): Illuminate\\Session\\Store->readFromHandler()
#20 /var/www/html/vendor/laravel/framework/src/Illuminate/Session/Store.php(89): Illuminate\\Session\\Store->loadSession()
#21 /var/www/html/vendor/laravel/framework/src/Illuminate/Session/Middleware/StartSession.php(147): Illuminate\\Session\\Store->start()
#22 /var/www/html/vendor/laravel/framework/src/Illuminate/Support/helpers.php(399): Illuminate\\Session\\Middleware\\StartSession->{closure:Illuminate\\Session\\Middleware\\StartSession::startSession():144}(Object(Illuminate\\Session\\Store))
#23 /var/www/html/vendor/laravel/framework/src/Illuminate/Session/Middleware/StartSession.php(144): tap(Object(Illuminate\\Session\\Store), Object(Closure))
#24 /var/www/html/vendor/laravel/framework/src/Illuminate/Session/Middleware/StartSession.php(116): Illuminate\\Session\\Middleware\\StartSession->startSession(Object(Illuminate\\Http\\Request), Object(Illuminate\\Session\\Store))
#25 /var/www/html/vendor/laravel/framework/src/Illuminate/Session/Middleware/StartSession.php(64): Illuminate\\Session\\Middleware\\StartSession->handleStatefulRequest(Object(Illuminate\\Http\\Request), Object(Illuminate\\Session\\Store), Object(Closure))
#26 /var/www/html/vendor/laravel/framework/src/Illuminate/Pipeline/Pipeline.php(209): Illuminate\\Session\\Middleware\\StartSession->handle(Object(Illuminate\\Http\\Request), Object(Closure))
#27 /var/www/html/vendor/laravel/framework/src/Illuminate/Cookie/Middleware/AddQueuedCookiesToResponse.php(37): Illuminate\\Pipeline\\Pipeline->{closure:{closure:Illuminate\\Pipeline\\Pipeline::carry():184}:185}(Object(Illuminate\\Http\\Request))
#28 /var/www/html/vendor/laravel/framework/src/Illuminate/Pipeline/Pipeline.php(209): Illuminate\\Cookie\\Middleware\\AddQueuedCookiesToResponse->handle(Object(Illuminate\\Http\\Request), Object(Closure))
#29 /var/www/html/vendor/laravel/framework/src/Illuminate/Cookie/Middleware/EncryptCookies.php(75): Illuminate\\Pipeline\\Pipeline->{closure:{closure:Illuminate\\Pipeline\\Pipeline::carry():184}:185}(Object(Illuminate\\Http\\Request))
#30 /var/www/html/vendor/laravel/framework/src/Illuminate/Pipeline/Pipeline.php(209): Illuminate\\Cookie\\Middleware\\EncryptCookies->handle(Object(Illuminate\\Http\\Request), Object(Closure))
#31 /var/www/html/vendor/laravel/framework/src/Illuminate/Pipeline/Pipeline.php(127): Illuminate\\Pipeline\\Pipeline->{closure:{closure:Illuminate\\Pipeline\\Pipeline::carry():184}:185}(Object(Illuminate\\Http\\Request))
#32 /var/www/html/vendor/laravel/framework/src/Illuminate/Routing/Router.php(807): Illuminate\\Pipeline\\Pipeline->then(Object(Closure))
#33 /var/www/html/vendor/laravel/framework/src/Illuminate/Routing/Router.php(786): Illuminate\\Routing\\Router->runRouteWithinStack(Object(Illuminate\\Routing\\Route), Object(Illuminate\\Http\\Request))
#34 /var/www/html/vendor/laravel/framework/src/Illuminate/Routing/Router.php(750): Illuminate\\Routing\\Router->runRoute(Object(Illuminate\\Http\\Request), Object(Illuminate\\Routing\\Route))
#35 /var/www/html/vendor/laravel/framework/src/Illuminate/Routing/Router.php(739): Illuminate\\Routing\\Router->dispatchToRoute(Object(Illuminate\\Http\\Request))
#36 /var/www/html/vendor/laravel/framework/src/Illuminate/Foundation/Http/Kernel.php(201): Illuminate\\Routing\\Router->dispatch(Object(Illuminate\\Http\\Request))
#37 /var/www/html/vendor/laravel/framework/src/Illuminate/Pipeline/Pipeline.php(170): Illuminate\\Foundation\\Http\\Kernel->{closure:Illuminate\\Foundation\\Http\\Kernel::dispatchToRouter():198}(Object(Illuminate\\Http\\Request))
#38 /var/www/html/vendor/livewire/livewire/src/Features/SupportDisablingBackButtonCache/DisableBackButtonCacheMiddleware.php(19): Illuminate\\Pipeline\\Pipeline->{closure:Illuminate\\Pipeline\\Pipeline::prepareDestination():168}(Object(Illuminate\\Http\\Request))
#39 /var/www/html/vendor/laravel/framework/src/Illuminate/Pipeline/Pipeline.php(209): Livewire\\Features\\SupportDisablingBackButtonCache\\DisableBackButtonCacheMiddleware->handle(Object(Illuminate\\Http\\Request), Object(Closure))
#40 /var/www/html/vendor/laravel/framework/src/Illuminate/Foundation/Http/Middleware/TransformsRequest.php(21): Illuminate\\Pipeline\\Pipeline->{closure:{closure:Illuminate\\Pipeline\\Pipeline::carry():184}:185}(Object(Illuminate\\Http\\Request))
#41 /var/www/html/vendor/laravel/framework/src/Illuminate/Foundation/Http/Middleware/ConvertEmptyStringsToNull.php(31): Illuminate\\Foundation\\Http\\Middleware\\TransformsRequest->handle(Object(Illuminate\\Http\\Request), Object(Closure))
#42 /var/www/html/vendor/laravel/framework/src/Illuminate/Pipeline/Pipeline.php(209): Illuminate\\Foundation\\Http\\Middleware\\ConvertEmptyStringsToNull->handle(Object(Illuminate\\Http\\Request), Object(Closure))
#43 /var/www/html/vendor/laravel/framework/src/Illuminate/Foundation/Http/Middleware/TransformsRequest.php(21): Illuminate\\Pipeline\\Pipeline->{closure:{closure:Illuminate\\Pipeline\\Pipeline::carry():184}:185}(Object(Illuminate\\Http\\Request))
#44 /var/www/html/vendor/laravel/framework/src/Illuminate/Foundation/Http/Middleware/TrimStrings.php(51): Illuminate\\Foundation\\Http\\Middleware\\TransformsRequest->handle(Object(Illuminate\\Http\\Request), Object(Closure))
#45 /var/www/html/vendor/laravel/framework/src/Illuminate/Pipeline/Pipeline.php(209): Illuminate\\Foundation\\Http\\Middleware\\TrimStrings->handle(Object(Illuminate\\Http\\Request), Object(Closure))
#46 /var/www/html/vendor/laravel/framework/src/Illuminate/Http/Middleware/ValidatePostSize.php(27): Illuminate\\Pipeline\\Pipeline->{closure:{closure:Illuminate\\Pipeline\\Pipeline::carry():184}:185}(Object(Illuminate\\Http\\Request))
#47 /var/www/html/vendor/laravel/framework/src/Illuminate/Pipeline/Pipeline.php(209): Illuminate\\Http\\Middleware\\ValidatePostSize->handle(Object(Illuminate\\Http\\Request), Object(Closure))
#48 /var/www/html/vendor/laravel/framework/src/Illuminate/Foundation/Http/Middleware/PreventRequestsDuringMaintenance.php(110): Illuminate\\Pipeline\\Pipeline->{closure:{closure:Illuminate\\Pipeline\\Pipeline::carry():184}:185}(Object(Illuminate\\Http\\Request))
#49 /var/www/html/vendor/laravel/framework/src/Illuminate/Pipeline/Pipeline.php(209): Illuminate\\Foundation\\Http\\Middleware\\PreventRequestsDuringMaintenance->handle(Object(Illuminate\\Http\\Request), Object(Closure))
#50 /var/www/html/vendor/laravel/framework/src/Illuminate/Http/Middleware/HandleCors.php(49): Illuminate\\Pipeline\\Pipeline->{closure:{closure:Illuminate\\Pipeline\\Pipeline::carry():184}:185}(Object(Illuminate\\Http\\Request))
#51 /var/www/html/vendor/laravel/framework/src/Illuminate/Pipeline/Pipeline.php(209): Illuminate\\Http\\Middleware\\HandleCors->handle(Object(Illuminate\\Http\\Request), Object(Closure))
#52 /var/www/html/vendor/laravel/framework/src/Illuminate/Http/Middleware/TrustProxies.php(58): Illuminate\\Pipeline\\Pipeline->{closure:{closure:Illuminate\\Pipeline\\Pipeline::carry():184}:185}(Object(Illuminate\\Http\\Request))
#53 /var/www/html/vendor/laravel/framework/src/Illuminate/Pipeline/Pipeline.php(209): Illuminate\\Http\\Middleware\\TrustProxies->handle(Object(Illuminate\\Http\\Request), Object(Closure))
#54 /var/www/html/vendor/laravel/framework/src/Illuminate/Foundation/Http/Middleware/InvokeDeferredCallbacks.php(22): Illuminate\\Pipeline\\Pipeline->{closure:{closure:Illuminate\\Pipeline\\Pipeline::carry():184}:185}(Object(Illuminate\\Http\\Request))
#55 /var/www/html/vendor/laravel/framework/src/Illuminate/Pipeline/Pipeline.php(209): Illuminate\\Foundation\\Http\\Middleware\\InvokeDeferredCallbacks->handle(Object(Illuminate\\Http\\Request), Object(Closure))
#56 /var/www/html/vendor/laravel/framework/src/Illuminate/Pipeline/Pipeline.php(127): Illuminate\\Pipeline\\Pipeline->{closure:{closure:Illuminate\\Pipeline\\Pipeline::carry():184}:185}(Object(Illuminate\\Http\\Request))
#57 /var/www/html/vendor/laravel/framework/src/Illuminate/Foundation/Http/Kernel.php(176): Illuminate\\Pipeline\\Pipeline->then(Object(Closure))
#58 /var/www/html/vendor/laravel/framework/src/Illuminate/Foundation/Http/Kernel.php(145): Illuminate\\Foundation\\Http\\Kernel->sendRequestThroughRouter(Object(Illuminate\\Http\\Request))
#59 /var/www/html/vendor/laravel/framework/src/Illuminate/Foundation/Application.php(1220): Illuminate\\Foundation\\Http\\Kernel->handle(Object(Illuminate\\Http\\Request))
#60 /var/www/html/public/index.php(20): Illuminate\\Foundation\\Application->handleRequest(Object(Illuminate\\Http\\Request))
#61 {main}
"} 
[2026-09-22 19:50:43] testing.INFO: Contact enquiry received {"contact_message_id":1,"subject":"campaign"} 
[2026-09-22 19:50:43] testing.INFO: Contact enquiry received {"contact_message_id":1,"subject":"campaign"} 
[2026-09-22 19:50:44] testing.INFO: Contact enquiry received {"contact_message_id":1,"subject":"campaign"} 
[2026-09-22 19:50:45] testing.INFO: Contact enquiry received {"contact_message_id":1,"subject":"campaign"} 
[2026-09-22 19:50:45] testing.INFO: Contact enquiry received {"contact_message_id":2,"subject":"campaign"} 
[2026-09-22 19:50:45] testing.INFO: Contact enquiry received {"contact_message_id":3,"subject":"campaign"} 
[2026-09-22 19:50:45] testing.INFO: Contact enquiry received {"contact_message_id":4,"subject":"campaign"} 
[2026-09-22 19:50:45] testing.INFO: Contact enquiry received {"contact_message_id":5,"subject":"campaign"} 
[2026-09-22 19:52:07] testing.INFO: Contact enquiry received {"contact_message_id":1,"subject":"campaign"} 
[2026-09-22 19:52:08] testing.INFO: Contact enquiry received {"contact_message_id":1,"subject":"campaign"} 
[2026-09-22 19:52:08] testing.INFO: Contact enquiry received {"contact_message_id":1,"subject":"campaign"} 
[2026-09-22 19:52:09] testing.INFO: Contact enquiry received {"contact_message_id":1,"subject":"campaign"} 
[2026-09-22 19:52:09] testing.INFO: Contact enquiry received {"contact_message_id":2,"subject":"campaign"} 
[2026-09-22 19:52:09] testing.INFO: Contact enquiry received {"contact_message_id":3,"subject":"campaign"} 
[2026-09-22 19:52:09] testing.INFO: Contact enquiry received {"contact_message_id":4,"subject":"campaign"} 
[2026-09-22 19:52:09] testing.INFO: Contact enquiry received {"contact_message_id":5,"subject":"campaign"} 
[2026-09-22 19:54:41] testing.INFO: Contact enquiry received {"contact_message_id":1,"subject":"campaign"} 
[2026-09-22 19:54:41] testing.INFO: Contact enquiry received {"contact_message_id":1,"subject":"campaign"} 
[2026-09-22 19:54:41] testing.INFO: Contact enquiry received {"contact_message_id":1,"subject":"campaign"} 
[2026-09-22 19:54:43] testing.INFO: Contact enquiry received {"contact_message_id":1,"subject":"campaign"} 
[2026-09-22 19:54:43] testing.INFO: Contact enquiry received {"contact_message_id":2,"subject":"campaign"} 
[2026-09-22 19:54:43] testing.INFO: Contact enquiry received {"contact_message_id":3,"subject":"campaign"} 
[2026-09-22 19:54:43] testing.INFO: Contact enquiry received {"contact_message_id":4,"subject":"campaign"} 
[2026-09-22 19:54:43] testing.INFO: Contact enquiry received {"contact_message_id":5,"subject":"campaign"} 
[2026-09-22 20:35:59] testing.ERROR: cURL error 28: Connection timed out after 10002 milliseconds (see https://curl.se/libcurl/c/libcurl-errors.html) for https://api.pwnedpasswords.com/range/D8A94 {"userId":1,"exception":"[object] (Illuminate\\Http\\Client\\ConnectionException(code: 0): cURL error 28: Connection timed out after 10002 milliseconds (see https://curl.se/libcurl/c/libcurl-errors.html) for https://api.pwnedpasswords.com/range/D8A94 at C:/Users/DELL/growza/growza/vendor/laravel/framework/src/Illuminate/Http/Client/PendingRequest.php:941)
[stacktrace]
#0 C:/Users/DELL/growza/growza/vendor/laravel/framework/src/Illuminate/Support/helpers.php(338): Illuminate/Http/Client/PendingRequest->{closure:Illuminate/Http/Client/PendingRequest::send():905}(1)
#1 C:/Users/DELL/growza/growza/vendor/laravel/framework/src/Illuminate/Http/Client/PendingRequest.php(905): retry(0, Object(Closure), 100, Object(Closure))
#2 C:/Users/DELL/growza/growza/vendor/laravel/framework/src/Illuminate/Http/Client/PendingRequest.php(772): Illuminate/Http/Client/PendingRequest->send('GET', 'https://api.pwn...', Array)
#3 C:/Users/DELL/growza/growza/vendor/laravel/framework/src/Illuminate/Validation/NotPwnedVerifier.php(89): Illuminate/Http/Client/PendingRequest->get('https://api.pwn...')
#4 C:/Users/DELL/growza/growza/vendor/laravel/framework/src/Illuminate/Validation/NotPwnedVerifier.php(55): Illuminate/Validation/NotPwnedVerifier->search('D8A94')
#5 C:/Users/DELL/growza/growza/vendor/laravel/framework/src/Illuminate/Validation/Rules/Password.php(349): Illuminate/Validation/NotPwnedVerifier->verify(Array)
#6 C:/Users/DELL/growza/growza/vendor/laravel/framework/src/Illuminate/Validation/Validator.php(902): Illuminate/Validation/Rules/Password->passes('password', 'brand-new-secre...')
#7 C:/Users/DELL/growza/growza/vendor/laravel/framework/src/Illuminate/Validation/Validator.php(678): Illuminate/Validation/Validator->validateUsingCustomRule('password', 'brand-new-secre...', Object(Illuminate/Validation/Rules/Password))
#8 C:/Users/DELL/growza/growza/vendor/laravel/framework/src/Illuminate/Validation/Validator.php(481): Illuminate/Validation/Validator->validateAttribute('password', Object(Illuminate/Validation/Rules/Password))
#9 C:/Users/DELL/growza/growza/vendor/laravel/framework/src/Illuminate/Validation/Validator.php(516): Illuminate/Validation/Validator->passes()
#10 C:/Users/DELL/growza/growza/vendor/laravel/framework/src/Illuminate/Validation/Validator.php(558): Illuminate/Validation/Validator->fails()
#11 C:/Users/DELL/growza/growza/vendor/laravel/framework/src/Illuminate/Validation/Validator.php(574): Illuminate/Validation/Validator->validate()
#12 C:/Users/DELL/growza/growza/app/Domain/Auth/Actions/UpdateUserPassword.php(34): Illuminate/Validation/Validator->validateWithBag('updatePassword')
#13 C:/Users/DELL/growza/growza/vendor/laravel/fortify/src/Http/Controllers/PasswordController.php(24): App/Domain/Auth/Actions/UpdateUserPassword->update(Object(App/Domain/Identity/Models/User), Array)
#14 C:/Users/DELL/growza/growza/vendor/laravel/framework/src/Illuminate/Routing/Controller.php(54): Laravel/Fortify/Http/Controllers/PasswordController->update(Object(Illuminate/Http/Request), Object(App/Domain/Auth/Actions/UpdateUserPassword))
#15 C:/Users/DELL/growza/growza/vendor/laravel/framework/src/Illuminate/Routing/ControllerDispatcher.php(44): Illuminate/Routing/Controller->callAction('update', Array)
#16 C:/Users/DELL/growza/growza/vendor/laravel/framework/src/Illuminate/Routing/Route.php(266): Illuminate/Routing/ControllerDispatcher->dispatch(Object(Illuminate/Routing/Route), Object(Laravel/Fortify/Http/Controllers/PasswordController), 'update')
#17 C:/Users/DELL/growza/growza/vendor/laravel/framework/src/Illuminate/Routing/Route.php(212): Illuminate/Routing/Route->runController()
#18 C:/Users/DELL/growza/growza/vendor/laravel/framework/src/Illuminate/Routing/Router.php(808): Illuminate/Routing/Route->run()
#19 C:/Users/DELL/growza/growza/vendor/laravel/framework/src/Illuminate/Pipeline/Pipeline.php(170): Illuminate/Routing/Router->{closure:Illuminate/Routing/Router::runRouteWithinStack():807}(Object(Illuminate/Http/Request))
#20 C:/Users/DELL/growza/growza/vendor/laravel/framework/src/Illuminate/Routing/Middleware/SubstituteBindings.php(51): Illuminate/Pipeline/Pipeline->{closure:Illuminate/Pipeline/Pipeline::prepareDestination():168}(Object(Illuminate/Http/Request))
#21 C:/Users/DELL/growza/growza/vendor/laravel/framework/src/Illuminate/Pipeline/Pipeline.php(209): Illuminate/Routing/Middleware/SubstituteBindings->handle(Object(Illuminate/Http/Request), Object(Closure))
#22 C:/Users/DELL/growza/growza/vendor/laravel/framework/src/Illuminate/Auth/Middleware/Authenticate.php(64): Illuminate/Pipeline/Pipeline->{closure:{closure:Illuminate/Pipeline/Pipeline::carry():184}:185}(Object(Illuminate/Http/Request))
#23 C:/Users/DELL/growza/growza/vendor/laravel/framework/src/Illuminate/Pipeline/Pipeline.php(209): Illuminate/Auth/Middleware/Authenticate->handle(Object(Illuminate/Http/Request), Object(Closure), 'web')
#24 C:/Users/DELL/growza/growza/vendor/laravel/framework/src/Illuminate/Foundation/Http/Middleware/VerifyCsrfToken.php(88): Illuminate/Pipeline/Pipeline->{closure:{closure:Illuminate/Pipeline/Pipeline::carry():184}:185}(Object(Illuminate/Http/Request))
#25 C:/Users/DELL/growza/growza/vendor/laravel/framework/src/Illuminate/Pipeline/Pipeline.php(209): Illuminate/Foundation/Http/Middleware/VerifyCsrfToken->handle(Object(Illuminate/Http/Request), Object(Closure))
#26 C:/Users/DELL/growza/growza/vendor/laravel/framework/src/Illuminate/View/Middleware/ShareErrorsFromSession.php(49): Illuminate/Pipeline/Pipeline->{closure:{closure:Illuminate/Pipeline/Pipeline::carry():184}:185}(Object(Illuminate/Http/Request))
#27 C:/Users/DELL/growza/growza/vendor/laravel/framework/src/Illuminate/Pipeline/Pipeline.php(209): Illuminate/View/Middleware/ShareErrorsFromSession->handle(Object(Illuminate/Http/Request), Object(Closure))
#28 C:/Users/DELL/growza/growza/vendor/laravel/framework/src/Illuminate/Session/Middleware/StartSession.php(121): Illuminate/Pipeline/Pipeline->{closure:{closure:Illuminate/Pipeline/Pipeline::carry():184}:185}(Object(Illuminate/Http/Request))
#29 C:/Users/DELL/growza/growza/vendor/laravel/framework/src/Illuminate/Session/Middleware/StartSession.php(64): Illuminate/Session/Middleware/StartSession->handleStatefulRequest(Object(Illuminate/Http/Request), Object(Illuminate/Session/Store), Object(Closure))
#30 C:/Users/DELL/growza/growza/vendor/laravel/framework/src/Illuminate/Pipeline/Pipeline.php(209): Illuminate/Session/Middleware/StartSession->handle(Object(Illuminate/Http/Request), Object(Closure))
#31 C:/Users/DELL/growza/growza/vendor/laravel/framework/src/Illuminate/Cookie/Middleware/AddQueuedCookiesToResponse.php(37): Illuminate/Pipeline/Pipeline->{closure:{closure:Illuminate/Pipeline/Pipeline::carry():184}:185}(Object(Illuminate/Http/Request))
#32 C:/Users/DELL/growza/growza/vendor/laravel/framework/src/Illuminate/Pipeline/Pipeline.php(209): Illuminate/Cookie/Middleware/AddQueuedCookiesToResponse->handle(Object(Illuminate/Http/Request), Object(Closure))
#33 C:/Users/DELL/growza/growza/vendor/laravel/framework/src/Illuminate/Cookie/Middleware/EncryptCookies.php(75): Illuminate/Pipeline/Pipeline->{closure:{closure:Illuminate/Pipeline/Pipeline::carry():184}:185}(Object(Illuminate/Http/Request))
#34 C:/Users/DELL/growza/growza/vendor/laravel/framework/src/Illuminate/Pipeline/Pipeline.php(209): Illuminate/Cookie/Middleware/EncryptCookies->handle(Object(Illuminate/Http/Request), Object(Closure))
#35 C:/Users/DELL/growza/growza/vendor/laravel/framework/src/Illuminate/Pipeline/Pipeline.php(127): Illuminate/Pipeline/Pipeline->{closure:{closure:Illuminate/Pipeline/Pipeline::carry():184}:185}(Object(Illuminate/Http/Request))
#36 C:/Users/DELL/growza/growza/vendor/laravel/framework/src/Illuminate/Routing/Router.php(807): Illuminate/Pipeline/Pipeline->then(Object(Closure))
#37 C:/Users/DELL/growza/growza/vendor/laravel/framework/src/Illuminate/Routing/Router.php(786): Illuminate/Routing/Router->runRouteWithinStack(Object(Illuminate/Routing/Route), Object(Illuminate/Http/Request))
#38 C:/Users/DELL/growza/growza/vendor/laravel/framework/src/Illuminate/Routing/Router.php(750): Illuminate/Routing/Router->runRoute(Object(Illuminate/Http/Request), Object(Illuminate/Routing/Route))
#39 C:/Users/DELL/growza/growza/vendor/laravel/framework/src/Illuminate/Routing/Router.php(739): Illuminate/Routing/Router->dispatchToRoute(Object(Illuminate/Http/Request))
#40 C:/Users/DELL/growza/growza/vendor/laravel/framework/src/Illuminate/Foundation/Http/Kernel.php(201): Illuminate/Routing/Router->dispatch(Object(Illuminate/Http/Request))
#41 C:/Users/DELL/growza/growza/vendor/laravel/framework/src/Illuminate/Pipeline/Pipeline.php(170): Illuminate/Foundation/Http/Kernel->{closure:Illuminate/Foundation/Http/Kernel::dispatchToRouter():198}(Object(Illuminate/Http/Request))
#42 C:/Users/DELL/growza/growza/vendor/livewire/livewire/src/Features/SupportDisablingBackButtonCache/DisableBackButtonCacheMiddleware.php(19): Illuminate/Pipeline/Pipeline->{closure:Illuminate/Pipeline/Pipeline::prepareDestination():168}(Object(Illuminate/Http/Request))
#43 C:/Users/DELL/growza/growza/vendor/laravel/framework/src/Illuminate/Pipeline/Pipeline.php(209): Livewire/Features/SupportDisablingBackButtonCache/DisableBackButtonCacheMiddleware->handle(Object(Illuminate/Http/Request), Object(Closure))
#44 C:/Users/DELL/growza/growza/vendor/laravel/framework/src/Illuminate/Foundation/Http/Middleware/TransformsRequest.php(21): Illuminate/Pipeline/Pipeline->{closure:{closure:Illuminate/Pipeline/Pipeline::carry():184}:185}(Object(Illuminate/Http/Request))
#45 C:/Users/DELL/growza/growza/vendor/laravel/framework/src/Illuminate/Foundation/Http/Middleware/ConvertEmptyStringsToNull.php(31): Illuminate/Foundation/Http/Middleware/TransformsRequest->handle(Object(Illuminate/Http/Request), Object(Closure))
#46 C:/Users/DELL/growza/growza/vendor/laravel/framework/src/Illuminate/Pipeline/Pipeline.php(209): Illuminate/Foundation/Http/Middleware/ConvertEmptyStringsToNull->handle(Object(Illuminate/Http/Request), Object(Closure))
#47 C:/Users/DELL/growza/growza/vendor/laravel/framework/src/Illuminate/Foundation/Http/Middleware/TransformsRequest.php(21): Illuminate/Pipeline/Pipeline->{closure:{closure:Illuminate/Pipeline/Pipeline::carry():184}:185}(Object(Illuminate/Http/Request))
#48 C:/Users/DELL/growza/growza/vendor/laravel/framework/src/Illuminate/Foundation/Http/Middleware/TrimStrings.php(51): Illuminate/Foundation/Http/Middleware/TransformsRequest->handle(Object(Illuminate/Http/Request), Object(Closure))
#49 C:/Users/DELL/growza/growza/vendor/laravel/framework/src/Illuminate/Pipeline/Pipeline.php(209): Illuminate/Foundation/Http/Middleware/TrimStrings->handle(Object(Illuminate/Http/Request), Object(Closure))
#50 C:/Users/DELL/growza/growza/vendor/laravel/framework/src/Illuminate/Http/Middleware/ValidatePostSize.php(27): Illuminate/Pipeline/Pipeline->{closure:{closure:Illuminate/Pipeline/Pipeline::carry():184}:185}(Object(Illuminate/Http/Request))
#51 C:/Users/DELL/growza/growza/vendor/laravel/framework/src/Illuminate/Pipeline/Pipeline.php(209): Illuminate/Http/Middleware/ValidatePostSize->handle(Object(Illuminate/Http/Request), Object(Closure))
#52 C:/Users/DELL/growza/growza/vendor/laravel/framework/src/Illuminate/Foundation/Http/Middleware/PreventRequestsDuringMaintenance.php(110): Illuminate/Pipeline/Pipeline->{closure:{closure:Illuminate/Pipeline/Pipeline::carry():184}:185}(Object(Illuminate/Http/Request))
#53 C:/Users/DELL/growza/growza/vendor/laravel/framework/src/Illuminate/Pipeline/Pipeline.php(209): Illuminate/Foundation/Http/Middleware/PreventRequestsDuringMaintenance->handle(Object(Illuminate/Http/Request), Object(Closure))
#54 C:/Users/DELL/growza/growza/vendor/laravel/framework/src/Illuminate/Http/Middleware/HandleCors.php(49): Illuminate/Pipeline/Pipeline->{closure:{closure:Illuminate/Pipeline/Pipeline::carry():184}:185}(Object(Illuminate/Http/Request))
#55 C:/Users/DELL/growza/growza/vendor/laravel/framework/src/Illuminate/Pipeline/Pipeline.php(209): Illuminate/Http/Middleware/HandleCors->handle(Object(Illuminate/Http/Request), Object(Closure))
#56 C:/Users/DELL/growza/growza/vendor/laravel/framework/src/Illuminate/Http/Middleware/TrustProxies.php(58): Illuminate/Pipeline/Pipeline->{closure:{closure:Illuminate/Pipeline/Pipeline::carry():184}:185}(Object(Illuminate/Http/Request))
#57 C:/Users/DELL/growza/growza/vendor/laravel/framework/src/Illuminate/Pipeline/Pipeline.php(209): Illuminate/Http/Middleware/TrustProxies->handle(Object(Illuminate/Http/Request), Object(Closure))
#58 C:/Users/DELL/growza/growza/vendor/laravel/framework/src/Illuminate/Foundation/Http/Middleware/InvokeDeferredCallbacks.php(22): Illuminate/Pipeline/Pipeline->{closure:{closure:Illuminate/Pipeline/Pipeline::carry():184}:185}(Object(Illuminate/Http/Request))
#59 C:/Users/DELL/growza/growza/vendor/laravel/framework/src/Illuminate/Pipeline/Pipeline.php(209): Illuminate/Foundation/Http/Middleware/InvokeDeferredCallbacks->handle(Object(Illuminate/Http/Request), Object(Closure))
#60 C:/Users/DELL/growza/growza/vendor/laravel/framework/src/Illuminate/Pipeline/Pipeline.php(127): Illuminate/Pipeline/Pipeline->{closure:{closure:Illuminate/Pipeline/Pipeline::carry():184}:185}(Object(Illuminate/Http/Request))
#61 C:/Users/DELL/growza/growza/vendor/laravel/framework/src/Illuminate/Foundation/Http/Kernel.php(176): Illuminate/Pipeline/Pipeline->then(Object(Closure))
#62 C:/Users/DELL/growza/growza/vendor/laravel/framework/src/Illuminate/Foundation/Http/Kernel.php(145): Illuminate/Foundation/Http/Kernel->sendRequestThroughRouter(Object(Illuminate/Http/Request))
#63 C:/Users/DELL/growza/growza/vendor/laravel/framework/src/Illuminate/Foundation/Testing/Concerns/MakesHttpRequests.php(607): Illuminate/Foundation/Http/Kernel->handle(Object(Illuminate/Http/Request))
#64 C:/Users/DELL/growza/growza/vendor/laravel/framework/src/Illuminate/Foundation/Testing/Concerns/MakesHttpRequests.php(427): Illuminate/Foundation/Testing/TestCase->call('PUT', 'http://localhos...', Array, Array, Array, Array)
#65 C:/Users/DELL/growza/growza/tests/Feature/AccountSecurityTest.php(32): Illuminate/Foundation/Testing/TestCase->put('http://localhos...', Array)
#66 C:/Users/DELL/growza/growza/vendor/pestphp/pest/src/Factories/TestCaseMethodFactory.php(110): P/Tests/Feature/AccountSecurityTest->{closure:C:/Users/DELL/growza/growza/tests/Feature/AccountSecurityTest.php:28}()
#67 [internal function]: P/Tests/Feature/AccountSecurityTest->{closure:Pest/Factories/TestCaseMethodFactory::getClosure():102}()
#68 C:/Users/DELL/growza/growza/vendor/pestphp/pest/src/Concerns/Testable.php(339): call_user_func_array(Object(Closure), Array)
#69 C:/Users/DELL/growza/growza/vendor/pestphp/pest/src/Support/ExceptionTrace.php(26): P/Tests/Feature/AccountSecurityTest->{closure:Pest/Concerns/Testable::__callClosure():339}()
#70 C:/Users/DELL/growza/growza/vendor/pestphp/pest/src/Concerns/Testable.php(339): Pest/Support/ExceptionTrace::ensure(Object(Closure))
#71 C:/Users/DELL/growza/growza/vendor/pestphp/pest/src/Concerns/Testable.php(256): P/Tests/Feature/AccountSecurityTest->__callClosure(Object(Closure), Array)
#72 C:/Users/DELL/growza/growza/vendor/pestphp/pest/src/Factories/TestCaseFactory.php(197) : eval()'d code(26): P/Tests/Feature/AccountSecurityTest->__runTest(Object(Closure))
#73 C:/Users/DELL/growza/growza/vendor/phpunit/phpunit/src/Framework/TestCase.php(1548): P/Tests/Feature/AccountSecurityTest->__pest_evaluable_it_updates_a_password_and_notifies_the_account_owner()
#74 C:/Users/DELL/growza/growza/vendor/phpunit/phpunit/src/Framework/TestCase.php(686): PHPUnit/Framework/TestCase->runTest()
#75 C:/Users/DELL/growza/growza/vendor/phpunit/phpunit/src/Framework/TestRunner.php(106): PHPUnit/Framework/TestCase->runBare()
#76 C:/Users/DELL/growza/growza/vendor/phpunit/phpunit/src/Framework/TestCase.php(516): PHPUnit/Framework/TestRunner->run(Object(P/Tests/Feature/AccountSecurityTest))
#77 C:/Users/DELL/growza/growza/vendor/phpunit/phpunit/src/Framework/TestSuite.php(374): PHPUnit/Framework/TestCase->run()
#78 C:/Users/DELL/growza/growza/vendor/phpunit/phpunit/src/Framework/TestSuite.php(374): PHPUnit/Framework/TestSuite->run()
#79 C:/Users/DELL/growza/growza/vendor/phpunit/phpunit/src/Framework/TestSuite.php(374): PHPUnit/Framework/TestSuite->run()
#80 C:/Users/DELL/growza/growza/vendor/phpunit/phpunit/src/TextUI/TestRunner.php(64): PHPUnit/Framework/TestSuite->run()
#81 C:/Users/DELL/growza/growza/vendor/phpunit/phpunit/src/TextUI/Application.php(204): PHPUnit/TextUI/TestRunner->run(Object(PHPUnit/TextUI/Configuration/Configuration), Object(PHPUnit/Runner/ResultCache/DefaultResultCache), Object(PHPUnit/Framework/TestSuite))
#82 C:/Users/DELL/growza/growza/vendor/pestphp/pest/src/Kernel.php(103): PHPUnit/TextUI/Application->run(Array)
#83 C:/Users/DELL/growza/growza/vendor/pestphp/pest/bin/pest(91): Pest/Kernel->handle(Array, Array)
#84 C:/Users/DELL/growza/growza/vendor/pestphp/pest/bin/pest(99): {closure:C:/Users/DELL/growza/growza/vendor/pestphp/pest/bin/pest:12}()
#85 {main}

[previous exception] [object] (GuzzleHttp\\Exception\\ConnectException(code: 0): cURL error 28: Connection timed out after 10002 milliseconds (see https://curl.se/libcurl/c/libcurl-errors.html) for https://api.pwnedpasswords.com/range/D8A94 at C:/Users/DELL/growza/growza/vendor/guzzlehttp/guzzle/src/Handler/CurlFactory.php:1140)
[stacktrace]
#0 C:/Users/DELL/growza/growza/vendor/guzzlehttp/guzzle/src/Handler/CurlFactory.php(1077): GuzzleHttp/Handler/CurlFactory::createRejection(Object(GuzzleHttp/Handler/EasyHandle), Array)
#1 C:/Users/DELL/growza/growza/vendor/guzzlehttp/guzzle/src/Handler/CurlFactory.php(1014): GuzzleHttp/Handler/CurlFactory::finishError(Object(GuzzleHttp/Handler/CurlHandler), Object(GuzzleHttp/Handler/EasyHandle), Object(GuzzleHttp/Handler/CurlFactory))
#2 C:/Users/DELL/growza/growza/vendor/guzzlehttp/guzzle/src/Handler/CurlHandler.php(88): GuzzleHttp/Handler/CurlFactory::finish(Object(GuzzleHttp/Handler/CurlHandler), Object(GuzzleHttp/Handler/EasyHandle), Object(GuzzleHttp/Handler/CurlFactory))
#3 C:/Users/DELL/growza/growza/vendor/guzzlehttp/guzzle/src/Handler/Proxy.php(28): GuzzleHttp/Handler/CurlHandler->__invoke(Object(GuzzleHttp/Psr7/Request), Array)
#4 C:/Users/DELL/growza/growza/vendor/guzzlehttp/guzzle/src/Handler/Proxy.php(68): GuzzleHttp/Handler/Proxy::{closure:GuzzleHttp/Handler/Proxy::wrapSync():27}(Object(GuzzleHttp/Psr7/Request), Array)
#5 C:/Users/DELL/growza/growza/vendor/guzzlehttp/guzzle/src/Handler/Proxy.php(48): GuzzleHttp/Handler/Proxy::{closure:GuzzleHttp/Handler/Proxy::wrapTlsFallback():63}(Object(GuzzleHttp/Psr7/Request), Array)
#6 C:/Users/DELL/growza/growza/vendor/laravel/framework/src/Illuminate/Http/Client/PendingRequest.php(1340): GuzzleHttp/Handler/Proxy::{closure:GuzzleHttp/Handler/Proxy::wrapStreaming():47}(Object(GuzzleHttp/Psr7/Request), Array)
#7 C:/Users/DELL/growza/growza/vendor/laravel/framework/src/Illuminate/Http/Client/PendingRequest.php(1306): Illuminate/Http/Client/PendingRequest->{closure:{closure:Illuminate/Http/Client/PendingRequest::buildStubHandler():1327}:1328}(Object(GuzzleHttp/Psr7/Request), Array)
#8 C:/Users/DELL/growza/growza/vendor/laravel/framework/src/Illuminate/Http/Client/PendingRequest.php(1292): Illuminate/Http/Client/PendingRequest->{closure:{closure:Illuminate/Http/Client/PendingRequest::buildRecorderHandler():1304}:1305}(Object(GuzzleHttp/Psr7/Request), Array)
#9 C:/Users/DELL/growza/growza/vendor/guzzlehttp/guzzle/src/PrepareBodyMiddleware.php(35): Illuminate/Http/Client/PendingRequest->{closure:{closure:Illuminate/Http/Client/PendingRequest::buildBeforeSendingHandler():1290}:1291}(Object(GuzzleHttp/Psr7/Request), Array)
#10 C:/Users/DELL/growza/growza/vendor/guzzlehttp/guzzle/src/Middleware.php(38): GuzzleHttp/PrepareBodyMiddleware->__invoke(Object(GuzzleHttp/Psr7/Request), Array)
#11 C:/Users/DELL/growza/growza/vendor/guzzlehttp/guzzle/src/RedirectMiddleware.php(72): GuzzleHttp/Middleware::{closure:{closure:GuzzleHttp/Middleware::cookies():28}:29}(Object(GuzzleHttp/Psr7/Request), Array)
#12 C:/Users/DELL/growza/growza/vendor/guzzlehttp/guzzle/src/Middleware.php(63): GuzzleHttp/RedirectMiddleware->__invoke(Object(GuzzleHttp/Psr7/Request), Array)
#13 C:/Users/DELL/growza/growza/vendor/guzzlehttp/guzzle/src/HandlerStack.php(75): GuzzleHttp/Middleware::{closure:{closure:GuzzleHttp/Middleware::httpErrors():60}:61}(Object(GuzzleHttp/Psr7/Request), Array)
#14 C:/Users/DELL/growza/growza/vendor/guzzlehttp/guzzle/src/Client.php(1109): GuzzleHttp/HandlerStack->__invoke(Object(GuzzleHttp/Psr7/Request), Array)
#15 C:/Users/DELL/growza/growza/vendor/guzzlehttp/guzzle/src/Client.php(243): GuzzleHttp/Client->transfer(Object(GuzzleHttp/Psr7/Request), Array)
#16 C:/Users/DELL/growza/growza/vendor/guzzlehttp/guzzle/src/Client.php(273): GuzzleHttp/Client->requestAsync('GET', Object(GuzzleHttp/Psr7/Uri), Array)
#17 C:/Users/DELL/growza/growza/vendor/laravel/framework/src/Illuminate/Http/Client/PendingRequest.php(1138): GuzzleHttp/Client->request('GET', 'https://api.pwn...', Array)
#18 C:/Users/DELL/growza/growza/vendor/laravel/framework/src/Illuminate/Http/Client/PendingRequest.php(907): Illuminate/Http/Client/PendingRequest->sendRequest('GET', 'https://api.pwn...', Array)
#19 C:/Users/DELL/growza/growza/vendor/laravel/framework/src/Illuminate/Support/helpers.php(338): Illuminate/Http/Client/PendingRequest->{closure:Illuminate/Http/Client/PendingRequest::send():905}(1)
#20 C:/Users/DELL/growza/growza/vendor/laravel/framework/src/Illuminate/Http/Client/PendingRequest.php(905): retry(0, Object(Closure), 100, Object(Closure))
#21 C:/Users/DELL/growza/growza/vendor/laravel/framework/src/Illuminate/Http/Client/PendingRequest.php(772): Illuminate/Http/Client/PendingRequest->send('GET', 'https://api.pwn...', Array)
#22 C:/Users/DELL/growza/growza/vendor/laravel/framework/src/Illuminate/Validation/NotPwnedVerifier.php(89): Illuminate/Http/Client/PendingRequest->get('https://api.pwn...')
#23 C:/Users/DELL/growza/growza/vendor/laravel/framework/src/Illuminate/Validation/NotPwnedVerifier.php(55): Illuminate/Validation/NotPwnedVerifier->search('D8A94')
#24 C:/Users/DELL/growza/growza/vendor/laravel/framework/src/Illuminate/Validation/Rules/Password.php(349): Illuminate/Validation/NotPwnedVerifier->verify(Array)
#25 C:/Users/DELL/growza/growza/vendor/laravel/framework/src/Illuminate/Validation/Validator.php(902): Illuminate/Validation/Rules/Password->passes('password', 'brand-new-secre...')
#26 C:/Users/DELL/growza/growza/vendor/laravel/framework/src/Illuminate/Validation/Validator.php(678): Illuminate/Validation/Validator->validateUsingCustomRule('password', 'brand-new-secre...', Object(Illuminate/Validation/Rules/Password))
#27 C:/Users/DELL/growza/growza/vendor/laravel/framework/src/Illuminate/Validation/Validator.php(481): Illuminate/Validation/Validator->validateAttribute('password', Object(Illuminate/Validation/Rules/Password))
#28 C:/Users/DELL/growza/growza/vendor/laravel/framework/src/Illuminate/Validation/Validator.php(516): Illuminate/Validation/Validator->passes()
#29 C:/Users/DELL/growza/growza/vendor/laravel/framework/src/Illuminate/Validation/Validator.php(558): Illuminate/Validation/Validator->fails()
#30 C:/Users/DELL/growza/growza/vendor/laravel/framework/src/Illuminate/Validation/Validator.php(574): Illuminate/Validation/Validator->validate()
#31 C:/Users/DELL/growza/growza/app/Domain/Auth/Actions/UpdateUserPassword.php(34): Illuminate/Validation/Validator->validateWithBag('updatePassword')
#32 C:/Users/DELL/growza/growza/vendor/laravel/fortify/src/Http/Controllers/PasswordController.php(24): App/Domain/Auth/Actions/UpdateUserPassword->update(Object(App/Domain/Identity/Models/User), Array)
#33 C:/Users/DELL/growza/growza/vendor/laravel/framework/src/Illuminate/Routing/Controller.php(54): Laravel/Fortify/Http/Controllers/PasswordController->update(Object(Illuminate/Http/Request), Object(App/Domain/Auth/Actions/UpdateUserPassword))
#34 C:/Users/DELL/growza/growza/vendor/laravel/framework/src/Illuminate/Routing/ControllerDispatcher.php(44): Illuminate/Routing/Controller->callAction('update', Array)
#35 C:/Users/DELL/growza/growza/vendor/laravel/framework/src/Illuminate/Routing/Route.php(266): Illuminate/Routing/ControllerDispatcher->dispatch(Object(Illuminate/Routing/Route), Object(Laravel/Fortify/Http/Controllers/PasswordController), 'update')
#36 C:/Users/DELL/growza/growza/vendor/laravel/framework/src/Illuminate/Routing/Route.php(212): Illuminate/Routing/Route->runController()
#37 C:/Users/DELL/growza/growza/vendor/laravel/framework/src/Illuminate/Routing/Router.php(808): Illuminate/Routing/Route->run()
#38 C:/Users/DELL/growza/growza/vendor/laravel/framework/src/Illuminate/Pipeline/Pipeline.php(170): Illuminate/Routing/Router->{closure:Illuminate/Routing/Router::runRouteWithinStack():807}(Object(Illuminate/Http/Request))
#39 C:/Users/DELL/growza/growza/vendor/laravel/framework/src/Illuminate/Routing/Middleware/SubstituteBindings.php(51): Illuminate/Pipeline/Pipeline->{closure:Illuminate/Pipeline/Pipeline::prepareDestination():168}(Object(Illuminate/Http/Request))
#40 C:/Users/DELL/growza/growza/vendor/laravel/framework/src/Illuminate/Pipeline/Pipeline.php(209): Illuminate/Routing/Middleware/SubstituteBindings->handle(Object(Illuminate/Http/Request), Object(Closure))
#41 C:/Users/DELL/growza/growza/vendor/laravel/framework/src/Illuminate/Auth/Middleware/Authenticate.php(64): Illuminate/Pipeline/Pipeline->{closure:{closure:Illuminate/Pipeline/Pipeline::carry():184}:185}(Object(Illuminate/Http/Request))
#42 C:/Users/DELL/growza/growza/vendor/laravel/framework/src/Illuminate/Pipeline/Pipeline.php(209): Illuminate/Auth/Middleware/Authenticate->handle(Object(Illuminate/Http/Request), Object(Closure), 'web')
#43 C:/Users/DELL/growza/growza/vendor/laravel/framework/src/Illuminate/Foundation/Http/Middleware/VerifyCsrfToken.php(88): Illuminate/Pipeline/Pipeline->{closure:{closure:Illuminate/Pipeline/Pipeline::carry():184}:185}(Object(Illuminate/Http/Request))
#44 C:/Users/DELL/growza/growza/vendor/laravel/framework/src/Illuminate/Pipeline/Pipeline.php(209): Illuminate/Foundation/Http/Middleware/VerifyCsrfToken->handle(Object(Illuminate/Http/Request), Object(Closure))
#45 C:/Users/DELL/growza/growza/vendor/laravel/framework/src/Illuminate/View/Middleware/ShareErrorsFromSession.php(49): Illuminate/Pipeline/Pipeline->{closure:{closure:Illuminate/Pipeline/Pipeline::carry():184}:185}(Object(Illuminate/Http/Request))
#46 C:/Users/DELL/growza/growza/vendor/laravel/framework/src/Illuminate/Pipeline/Pipeline.php(209): Illuminate/View/Middleware/ShareErrorsFromSession->handle(Object(Illuminate/Http/Request), Object(Closure))
#47 C:/Users/DELL/growza/growza/vendor/laravel/framework/src/Illuminate/Session/Middleware/StartSession.php(121): Illuminate/Pipeline/Pipeline->{closure:{closure:Illuminate/Pipeline/Pipeline::carry():184}:185}(Object(Illuminate/Http/Request))
#48 C:/Users/DELL/growza/growza/vendor/laravel/framework/src/Illuminate/Session/Middleware/StartSession.php(64): Illuminate/Session/Middleware/StartSession->handleStatefulRequest(Object(Illuminate/Http/Request), Object(Illuminate/Session/Store), Object(Closure))
#49 C:/Users/DELL/growza/growza/vendor/laravel/framework/src/Illuminate/Pipeline/Pipeline.php(209): Illuminate/Session/Middleware/StartSession->handle(Object(Illuminate/Http/Request), Object(Closure))
#50 C:/Users/DELL/growza/growza/vendor/laravel/framework/src/Illuminate/Cookie/Middleware/AddQueuedCookiesToResponse.php(37): Illuminate/Pipeline/Pipeline->{closure:{closure:Illuminate/Pipeline/Pipeline::carry():184}:185}(Object(Illuminate/Http/Request))
#51 C:/Users/DELL/growza/growza/vendor/laravel/framework/src/Illuminate/Pipeline/Pipeline.php(209): Illuminate/Cookie/Middleware/AddQueuedCookiesToResponse->handle(Object(Illuminate/Http/Request), Object(Closure))
#52 C:/Users/DELL/growza/growza/vendor/laravel/framework/src/Illuminate/Cookie/Middleware/EncryptCookies.php(75): Illuminate/Pipeline/Pipeline->{closure:{closure:Illuminate/Pipeline/Pipeline::carry():184}:185}(Object(Illuminate/Http/Request))
#53 C:/Users/DELL/growza/growza/vendor/laravel/framework/src/Illuminate/Pipeline/Pipeline.php(209): Illuminate/Cookie/Middleware/EncryptCookies->handle(Object(Illuminate/Http/Request), Object(Closure))
#54 C:/Users/DELL/growza/growza/vendor/laravel/framework/src/Illuminate/Pipeline/Pipeline.php(127): Illuminate/Pipeline/Pipeline->{closure:{closure:Illuminate/Pipeline/Pipeline::carry():184}:185}(Object(Illuminate/Http/Request))
#55 C:/Users/DELL/growza/growza/vendor/laravel/framework/src/Illuminate/Routing/Router.php(807): Illuminate/Pipeline/Pipeline->then(Object(Closure))
#56 C:/Users/DELL/growza/growza/vendor/laravel/framework/src/Illuminate/Routing/Router.php(786): Illuminate/Routing/Router->runRouteWithinStack(Object(Illuminate/Routing/Route), Object(Illuminate/Http/Request))
#57 C:/Users/DELL/growza/growza/vendor/laravel/framework/src/Illuminate/Routing/Router.php(750): Illuminate/Routing/Router->runRoute(Object(Illuminate/Http/Request), Object(Illuminate/Routing/Route))
#58 C:/Users/DELL/growza/growza/vendor/laravel/framework/src/Illuminate/Routing/Router.php(739): Illuminate/Routing/Router->dispatchToRoute(Object(Illuminate/Http/Request))
#59 C:/Users/DELL/growza/growza/vendor/laravel/framework/src/Illuminate/Foundation/Http/Kernel.php(201): Illuminate/Routing/Router->dispatch(Object(Illuminate/Http/Request))
#60 C:/Users/DELL/growza/growza/vendor/laravel/framework/src/Illuminate/Pipeline/Pipeline.php(170): Illuminate/Foundation/Http/Kernel->{closure:Illuminate/Foundation/Http/Kernel::dispatchToRouter():198}(Object(Illuminate/Http/Request))
#61 C:/Users/DELL/growza/growza/vendor/livewire/livewire/src/Features/SupportDisablingBackButtonCache/DisableBackButtonCacheMiddleware.php(19): Illuminate/Pipeline/Pipeline->{closure:Illuminate/Pipeline/Pipeline::prepareDestination():168}(Object(Illuminate/Http/Request))
#62 C:/Users/DELL/growza/growza/vendor/laravel/framework/src/Illuminate/Pipeline/Pipeline.php(209): Livewire/Features/SupportDisablingBackButtonCache/DisableBackButtonCacheMiddleware->handle(Object(Illuminate/Http/Request), Object(Closure))
#63 C:/Users/DELL/growza/growza/vendor/laravel/framework/src/Illuminate/Foundation/Http/Middleware/TransformsRequest.php(21): Illuminate/Pipeline/Pipeline->{closure:{closure:Illuminate/Pipeline/Pipeline::carry():184}:185}(Object(Illuminate/Http/Request))
#64 C:/Users/DELL/growza/growza/vendor/laravel/framework/src/Illuminate/Foundation/Http/Middleware/ConvertEmptyStringsToNull.php(31): Illuminate/Foundation/Http/Middleware/TransformsRequest->handle(Object(Illuminate/Http/Request), Object(Closure))
#65 C:/Users/DELL/growza/growza/vendor/laravel/framework/src/Illuminate/Pipeline/Pipeline.php(209): Illuminate/Foundation/Http/Middleware/ConvertEmptyStringsToNull->handle(Object(Illuminate/Http/Request), Object(Closure))
#66 C:/Users/DELL/growza/growza/vendor/laravel/framework/src/Illuminate/Foundation/Http/Middleware/TransformsRequest.php(21): Illuminate/Pipeline/Pipeline->{closure:{closure:Illuminate/Pipeline/Pipeline::carry():184}:185}(Object(Illuminate/Http/Request))
#67 C:/Users/DELL/growza/growza/vendor/laravel/framework/src/Illuminate/Foundation/Http/Middleware/TrimStrings.php(51): Illuminate/Foundation/Http/Middleware/TransformsRequest->handle(Object(Illuminate/Http/Request), Object(Closure))
#68 C:/Users/DELL/growza/growza/vendor/laravel/framework/src/Illuminate/Pipeline/Pipeline.php(209): Illuminate/Foundation/Http/Middleware/TrimStrings->handle(Object(Illuminate/Http/Request), Object(Closure))
#69 C:/Users/DELL/growza/growza/vendor/laravel/framework/src/Illuminate/Http/Middleware/ValidatePostSize.php(27): Illuminate/Pipeline/Pipeline->{closure:{closure:Illuminate/Pipeline/Pipeline::carry():184}:185}(Object(Illuminate/Http/Request))
#70 C:/Users/DELL/growza/growza/vendor/laravel/framework/src/Illuminate/Pipeline/Pipeline.php(209): Illuminate/Http/Middleware/ValidatePostSize->handle(Object(Illuminate/Http/Request), Object(Closure))
#71 C:/Users/DELL/growza/growza/vendor/laravel/framework/src/Illuminate/Foundation/Http/Middleware/PreventRequestsDuringMaintenance.php(110): Illuminate/Pipeline/Pipeline->{closure:{closure:Illuminate/Pipeline/Pipeline::carry():184}:185}(Object(Illuminate/Http/Request))
#72 C:/Users/DELL/growza/growza/vendor/laravel/framework/src/Illuminate/Pipeline/Pipeline.php(209): Illuminate/Foundation/Http/Middleware/PreventRequestsDuringMaintenance->handle(Object(Illuminate/Http/Request), Object(Closure))
#73 C:/Users/DELL/growza/growza/vendor/laravel/framework/src/Illuminate/Http/Middleware/HandleCors.php(49): Illuminate/Pipeline/Pipeline->{closure:{closure:Illuminate/Pipeline/Pipeline::carry():184}:185}(Object(Illuminate/Http/Request))
#74 C:/Users/DELL/growza/growza/vendor/laravel/framework/src/Illuminate/Pipeline/Pipeline.php(209): Illuminate/Http/Middleware/HandleCors->handle(Object(Illuminate/Http/Request), Object(Closure))
#75 C:/Users/DELL/growza/growza/vendor/laravel/framework/src/Illuminate/Http/Middleware/TrustProxies.php(58): Illuminate/Pipeline/Pipeline->{closure:{closure:Illuminate/Pipeline/Pipeline::carry():184}:185}(Object(Illuminate/Http/Request))
#76 C:/Users/DELL/growza/growza/vendor/laravel/framework/src/Illuminate/Pipeline/Pipeline.php(209): Illuminate/Http/Middleware/TrustProxies->handle(Object(Illuminate/Http/Request), Object(Closure))
#77 C:/Users/DELL/growza/growza/vendor/laravel/framework/src/Illuminate/Foundation/Http/Middleware/InvokeDeferredCallbacks.php(22): Illuminate/Pipeline/Pipeline->{closure:{closure:Illuminate/Pipeline/Pipeline::carry():184}:185}(Object(Illuminate/Http/Request))
#78 C:/Users/DELL/growza/growza/vendor/laravel/framework/src/Illuminate/Pipeline/Pipeline.php(209): Illuminate/Foundation/Http/Middleware/InvokeDeferredCallbacks->handle(Object(Illuminate/Http/Request), Object(Closure))
#79 C:/Users/DELL/growza/growza/vendor/laravel/framework/src/Illuminate/Pipeline/Pipeline.php(127): Illuminate/Pipeline/Pipeline->{closure:{closure:Illuminate/Pipeline/Pipeline::carry():184}:185}(Object(Illuminate/Http/Request))
#80 C:/Users/DELL/growza/growza/vendor/laravel/framework/src/Illuminate/Foundation/Http/Kernel.php(176): Illuminate/Pipeline/Pipeline->then(Object(Closure))
#81 C:/Users/DELL/growza/growza/vendor/laravel/framework/src/Illuminate/Foundation/Http/Kernel.php(145): Illuminate/Foundation/Http/Kernel->sendRequestThroughRouter(Object(Illuminate/Http/Request))
#82 C:/Users/DELL/growza/growza/vendor/laravel/framework/src/Illuminate/Foundation/Testing/Concerns/MakesHttpRequests.php(607): Illuminate/Foundation/Http/Kernel->handle(Object(Illuminate/Http/Request))
#83 C:/Users/DELL/growza/growza/vendor/laravel/framework/src/Illuminate/Foundation/Testing/Concerns/MakesHttpRequests.php(427): Illuminate/Foundation/Testing/TestCase->call('PUT', 'http://localhos...', Array, Array, Array, Array)
#84 C:/Users/DELL/growza/growza/tests/Feature/AccountSecurityTest.php(32): Illuminate/Foundation/Testing/TestCase->put('http://localhos...', Array)
#85 C:/Users/DELL/growza/growza/vendor/pestphp/pest/src/Factories/TestCaseMethodFactory.php(110): P/Tests/Feature/AccountSecurityTest->{closure:C:/Users/DELL/growza/growza/tests/Feature/AccountSecurityTest.php:28}()
#86 [internal function]: P/Tests/Feature/AccountSecurityTest->{closure:Pest/Factories/TestCaseMethodFactory::getClosure():102}()
#87 C:/Users/DELL/growza/growza/vendor/pestphp/pest/src/Concerns/Testable.php(339): call_user_func_array(Object(Closure), Array)
#88 C:/Users/DELL/growza/growza/vendor/pestphp/pest/src/Support/ExceptionTrace.php(26): P/Tests/Feature/AccountSecurityTest->{closure:Pest/Concerns/Testable::__callClosure():339}()
#89 C:/Users/DELL/growza/growza/vendor/pestphp/pest/src/Concerns/Testable.php(339): Pest/Support/ExceptionTrace::ensure(Object(Closure))
#90 C:/Users/DELL/growza/growza/vendor/pestphp/pest/src/Concerns/Testable.php(256): P/Tests/Feature/AccountSecurityTest->__callClosure(Object(Closure), Array)
#91 C:/Users/DELL/growza/growza/vendor/pestphp/pest/src/Factories/TestCaseFactory.php(197) : eval()'d code(26): P/Tests/Feature/AccountSecurityTest->__runTest(Object(Closure))
#92 C:/Users/DELL/growza/growza/vendor/phpunit/phpunit/src/Framework/TestCase.php(1548): P/Tests/Feature/AccountSecurityTest->__pest_evaluable_it_updates_a_password_and_notifies_the_account_owner()
#93 C:/Users/DELL/growza/growza/vendor/phpunit/phpunit/src/Framework/TestCase.php(686): PHPUnit/Framework/TestCase->runTest()
#94 C:/Users/DELL/growza/growza/vendor/phpunit/phpunit/src/Framework/TestRunner.php(106): PHPUnit/Framework/TestCase->runBare()
#95 C:/Users/DELL/growza/growza/vendor/phpunit/phpunit/src/Framework/TestCase.php(516): PHPUnit/Framework/TestRunner->run(Object(P/Tests/Feature/AccountSecurityTest))
#96 C:/Users/DELL/growza/growza/vendor/phpunit/phpunit/src/Framework/TestSuite.php(374): PHPUnit/Framework/TestCase->run()
#97 C:/Users/DELL/growza/growza/vendor/phpunit/phpunit/src/Framework/TestSuite.php(374): PHPUnit/Framework/TestSuite->run()
#98 C:/Users/DELL/growza/growza/vendor/phpunit/phpunit/src/Framework/TestSuite.php(374): PHPUnit/Framework/TestSuite->run()
#99 C:/Users/DELL/growza/growza/vendor/phpunit/phpunit/src/TextUI/TestRunner.php(64): PHPUnit/Framework/TestSuite->run()
#100 C:/Users/DELL/growza/growza/vendor/phpunit/phpunit/src/TextUI/Application.php(204): PHPUnit/TextUI/TestRunner->run(Object(PHPUnit/TextUI/Configuration/Configuration), Object(PHPUnit/Runner/ResultCache/DefaultResultCache), Object(PHPUnit/Framework/TestSuite))
#101 C:/Users/DELL/growza/growza/vendor/pestphp/pest/src/Kernel.php(103): PHPUnit/TextUI/Application->run(Array)
#102 C:/Users/DELL/growza/growza/vendor/pestphp/pest/bin/pest(91): Pest/Kernel->handle(Array, Array)
#103 C:/Users/DELL/growza/growza/vendor/pestphp/pest/bin/pest(99): {closure:C:/Users/DELL/growza/growza/vendor/pestphp/pest/bin/pest:12}()
#104 {main}
"} 
[2026-09-22 20:36:10] testing.ERROR: cURL error 28: Connection timed out after 10001 milliseconds (see https://curl.se/libcurl/c/libcurl-errors.html) for https://api.pwnedpasswords.com/range/D8A94 {"userId":1,"exception":"[object] (Illuminate\\Http\\Client\\ConnectionException(code: 0): cURL error 28: Connection timed out after 10001 milliseconds (see https://curl.se/libcurl/c/libcurl-errors.html) for https://api.pwnedpasswords.com/range/D8A94 at C:/Users/DELL/growza/growza/vendor/laravel/framework/src/Illuminate/Http/Client/PendingRequest.php:941)
[stacktrace]
#0 C:/Users/DELL/growza/growza/vendor/laravel/framework/src/Illuminate/Support/helpers.php(338): Illuminate/Http/Client/PendingRequest->{closure:Illuminate/Http/Client/PendingRequest::send():905}(1)
#1 C:/Users/DELL/growza/growza/vendor/laravel/framework/src/Illuminate/Http/Client/PendingRequest.php(905): retry(0, Object(Closure), 100, Object(Closure))
#2 C:/Users/DELL/growza/growza/vendor/laravel/framework/src/Illuminate/Http/Client/PendingRequest.php(772): Illuminate/Http/Client/PendingRequest->send('GET', 'https://api.pwn...', Array)
#3 C:/Users/DELL/growza/growza/vendor/laravel/framework/src/Illuminate/Validation/NotPwnedVerifier.php(89): Illuminate/Http/Client/PendingRequest->get('https://api.pwn...')
#4 C:/Users/DELL/growza/growza/vendor/laravel/framework/src/Illuminate/Validation/NotPwnedVerifier.php(55): Illuminate/Validation/NotPwnedVerifier->search('D8A94')
#5 C:/Users/DELL/growza/growza/vendor/laravel/framework/src/Illuminate/Validation/Rules/Password.php(349): Illuminate/Validation/NotPwnedVerifier->verify(Array)
#6 C:/Users/DELL/growza/growza/vendor/laravel/framework/src/Illuminate/Validation/Validator.php(902): Illuminate/Validation/Rules/Password->passes('password', 'brand-new-secre...')
#7 C:/Users/DELL/growza/growza/vendor/laravel/framework/src/Illuminate/Validation/Validator.php(678): Illuminate/Validation/Validator->validateUsingCustomRule('password', 'brand-new-secre...', Object(Illuminate/Validation/Rules/Password))
#8 C:/Users/DELL/growza/growza/vendor/laravel/framework/src/Illuminate/Validation/Validator.php(481): Illuminate/Validation/Validator->validateAttribute('password', Object(Illuminate/Validation/Rules/Password))
#9 C:/Users/DELL/growza/growza/vendor/laravel/framework/src/Illuminate/Validation/Validator.php(516): Illuminate/Validation/Validator->passes()
#10 C:/Users/DELL/growza/growza/vendor/laravel/framework/src/Illuminate/Validation/Validator.php(558): Illuminate/Validation/Validator->fails()
#11 C:/Users/DELL/growza/growza/vendor/laravel/framework/src/Illuminate/Validation/Validator.php(574): Illuminate/Validation/Validator->validate()
#12 C:/Users/DELL/growza/growza/app/Domain/Auth/Actions/UpdateUserPassword.php(34): Illuminate/Validation/Validator->validateWithBag('updatePassword')
#13 C:/Users/DELL/growza/growza/vendor/laravel/fortify/src/Http/Controllers/PasswordController.php(24): App/Domain/Auth/Actions/UpdateUserPassword->update(Object(App/Domain/Identity/Models/User), Array)
#14 C:/Users/DELL/growza/growza/vendor/laravel/framework/src/Illuminate/Routing/Controller.php(54): Laravel/Fortify/Http/Controllers/PasswordController->update(Object(Illuminate/Http/Request), Object(App/Domain/Auth/Actions/UpdateUserPassword))
#15 C:/Users/DELL/growza/growza/vendor/laravel/framework/src/Illuminate/Routing/ControllerDispatcher.php(44): Illuminate/Routing/Controller->callAction('update', Array)
#16 C:/Users/DELL/growza/growza/vendor/laravel/framework/src/Illuminate/Routing/Route.php(266): Illuminate/Routing/ControllerDispatcher->dispatch(Object(Illuminate/Routing/Route), Object(Laravel/Fortify/Http/Controllers/PasswordController), 'update')
#17 C:/Users/DELL/growza/growza/vendor/laravel/framework/src/Illuminate/Routing/Route.php(212): Illuminate/Routing/Route->runController()
#18 C:/Users/DELL/growza/growza/vendor/laravel/framework/src/Illuminate/Routing/Router.php(808): Illuminate/Routing/Route->run()
#19 C:/Users/DELL/growza/growza/vendor/laravel/framework/src/Illuminate/Pipeline/Pipeline.php(170): Illuminate/Routing/Router->{closure:Illuminate/Routing/Router::runRouteWithinStack():807}(Object(Illuminate/Http/Request))
#20 C:/Users/DELL/growza/growza/vendor/laravel/framework/src/Illuminate/Routing/Middleware/SubstituteBindings.php(51): Illuminate/Pipeline/Pipeline->{closure:Illuminate/Pipeline/Pipeline::prepareDestination():168}(Object(Illuminate/Http/Request))
#21 C:/Users/DELL/growza/growza/vendor/laravel/framework/src/Illuminate/Pipeline/Pipeline.php(209): Illuminate/Routing/Middleware/SubstituteBindings->handle(Object(Illuminate/Http/Request), Object(Closure))
#22 C:/Users/DELL/growza/growza/vendor/laravel/framework/src/Illuminate/Auth/Middleware/Authenticate.php(64): Illuminate/Pipeline/Pipeline->{closure:{closure:Illuminate/Pipeline/Pipeline::carry():184}:185}(Object(Illuminate/Http/Request))
#23 C:/Users/DELL/growza/growza/vendor/laravel/framework/src/Illuminate/Pipeline/Pipeline.php(209): Illuminate/Auth/Middleware/Authenticate->handle(Object(Illuminate/Http/Request), Object(Closure), 'web')
#24 C:/Users/DELL/growza/growza/vendor/laravel/framework/src/Illuminate/Foundation/Http/Middleware/VerifyCsrfToken.php(88): Illuminate/Pipeline/Pipeline->{closure:{closure:Illuminate/Pipeline/Pipeline::carry():184}:185}(Object(Illuminate/Http/Request))
#25 C:/Users/DELL/growza/growza/vendor/laravel/framework/src/Illuminate/Pipeline/Pipeline.php(209): Illuminate/Foundation/Http/Middleware/VerifyCsrfToken->handle(Object(Illuminate/Http/Request), Object(Closure))
#26 C:/Users/DELL/growza/growza/vendor/laravel/framework/src/Illuminate/View/Middleware/ShareErrorsFromSession.php(49): Illuminate/Pipeline/Pipeline->{closure:{closure:Illuminate/Pipeline/Pipeline::carry():184}:185}(Object(Illuminate/Http/Request))
#27 C:/Users/DELL/growza/growza/vendor/laravel/framework/src/Illuminate/Pipeline/Pipeline.php(209): Illuminate/View/Middleware/ShareErrorsFromSession->handle(Object(Illuminate/Http/Request), Object(Closure))
#28 C:/Users/DELL/growza/growza/vendor/laravel/framework/src/Illuminate/Session/Middleware/StartSession.php(121): Illuminate/Pipeline/Pipeline->{closure:{closure:Illuminate/Pipeline/Pipeline::carry():184}:185}(Object(Illuminate/Http/Request))
#29 C:/Users/DELL/growza/growza/vendor/laravel/framework/src/Illuminate/Session/Middleware/StartSession.php(64): Illuminate/Session/Middleware/StartSession->handleStatefulRequest(Object(Illuminate/Http/Request), Object(Illuminate/Session/Store), Object(Closure))
#30 C:/Users/DELL/growza/growza/vendor/laravel/framework/src/Illuminate/Pipeline/Pipeline.php(209): Illuminate/Session/Middleware/StartSession->handle(Object(Illuminate/Http/Request), Object(Closure))
#31 C:/Users/DELL/growza/growza/vendor/laravel/framework/src/Illuminate/Cookie/Middleware/AddQueuedCookiesToResponse.php(37): Illuminate/Pipeline/Pipeline->{closure:{closure:Illuminate/Pipeline/Pipeline::carry():184}:185}(Object(Illuminate/Http/Request))
#32 C:/Users/DELL/growza/growza/vendor/laravel/framework/src/Illuminate/Pipeline/Pipeline.php(209): Illuminate/Cookie/Middleware/AddQueuedCookiesToResponse->handle(Object(Illuminate/Http/Request), Object(Closure))
#33 C:/Users/DELL/growza/growza/vendor/laravel/framework/src/Illuminate/Cookie/Middleware/EncryptCookies.php(75): Illuminate/Pipeline/Pipeline->{closure:{closure:Illuminate/Pipeline/Pipeline::carry():184}:185}(Object(Illuminate/Http/Request))
#34 C:/Users/DELL/growza/growza/vendor/laravel/framework/src/Illuminate/Pipeline/Pipeline.php(209): Illuminate/Cookie/Middleware/EncryptCookies->handle(Object(Illuminate/Http/Request), Object(Closure))
#35 C:/Users/DELL/growza/growza/vendor/laravel/framework/src/Illuminate/Pipeline/Pipeline.php(127): Illuminate/Pipeline/Pipeline->{closure:{closure:Illuminate/Pipeline/Pipeline::carry():184}:185}(Object(Illuminate/Http/Request))
#36 C:/Users/DELL/growza/growza/vendor/laravel/framework/src/Illuminate/Routing/Router.php(807): Illuminate/Pipeline/Pipeline->then(Object(Closure))
#37 C:/Users/DELL/growza/growza/vendor/laravel/framework/src/Illuminate/Routing/Router.php(786): Illuminate/Routing/Router->runRouteWithinStack(Object(Illuminate/Routing/Route), Object(Illuminate/Http/Request))
#38 C:/Users/DELL/growza/growza/vendor/laravel/framework/src/Illuminate/Routing/Router.php(750): Illuminate/Routing/Router->runRoute(Object(Illuminate/Http/Request), Object(Illuminate/Routing/Route))
#39 C:/Users/DELL/growza/growza/vendor/laravel/framework/src/Illuminate/Routing/Router.php(739): Illuminate/Routing/Router->dispatchToRoute(Object(Illuminate/Http/Request))
#40 C:/Users/DELL/growza/growza/vendor/laravel/framework/src/Illuminate/Foundation/Http/Kernel.php(201): Illuminate/Routing/Router->dispatch(Object(Illuminate/Http/Request))
#41 C:/Users/DELL/growza/growza/vendor/laravel/framework/src/Illuminate/Pipeline/Pipeline.php(170): Illuminate/Foundation/Http/Kernel->{closure:Illuminate/Foundation/Http/Kernel::dispatchToRouter():198}(Object(Illuminate/Http/Request))
#42 C:/Users/DELL/growza/growza/vendor/livewire/livewire/src/Features/SupportDisablingBackButtonCache/DisableBackButtonCacheMiddleware.php(19): Illuminate/Pipeline/Pipeline->{closure:Illuminate/Pipeline/Pipeline::prepareDestination():168}(Object(Illuminate/Http/Request))
#43 C:/Users/DELL/growza/growza/vendor/laravel/framework/src/Illuminate/Pipeline/Pipeline.php(209): Livewire/Features/SupportDisablingBackButtonCache/DisableBackButtonCacheMiddleware->handle(Object(Illuminate/Http/Request), Object(Closure))
#44 C:/Users/DELL/growza/growza/vendor/laravel/framework/src/Illuminate/Foundation/Http/Middleware/TransformsRequest.php(21): Illuminate/Pipeline/Pipeline->{closure:{closure:Illuminate/Pipeline/Pipeline::carry():184}:185}(Object(Illuminate/Http/Request))
#45 C:/Users/DELL/growza/growza/vendor/laravel/framework/src/Illuminate/Foundation/Http/Middleware/ConvertEmptyStringsToNull.php(31): Illuminate/Foundation/Http/Middleware/TransformsRequest->handle(Object(Illuminate/Http/Request), Object(Closure))
#46 C:/Users/DELL/growza/growza/vendor/laravel/framework/src/Illuminate/Pipeline/Pipeline.php(209): Illuminate/Foundation/Http/Middleware/ConvertEmptyStringsToNull->handle(Object(Illuminate/Http/Request), Object(Closure))
#47 C:/Users/DELL/growza/growza/vendor/laravel/framework/src/Illuminate/Foundation/Http/Middleware/TransformsRequest.php(21): Illuminate/Pipeline/Pipeline->{closure:{closure:Illuminate/Pipeline/Pipeline::carry():184}:185}(Object(Illuminate/Http/Request))
#48 C:/Users/DELL/growza/growza/vendor/laravel/framework/src/Illuminate/Foundation/Http/Middleware/TrimStrings.php(51): Illuminate/Foundation/Http/Middleware/TransformsRequest->handle(Object(Illuminate/Http/Request), Object(Closure))
#49 C:/Users/DELL/growza/growza/vendor/laravel/framework/src/Illuminate/Pipeline/Pipeline.php(209): Illuminate/Foundation/Http/Middleware/TrimStrings->handle(Object(Illuminate/Http/Request), Object(Closure))
#50 C:/Users/DELL/growza/growza/vendor/laravel/framework/src/Illuminate/Http/Middleware/ValidatePostSize.php(27): Illuminate/Pipeline/Pipeline->{closure:{closure:Illuminate/Pipeline/Pipeline::carry():184}:185}(Object(Illuminate/Http/Request))
#51 C:/Users/DELL/growza/growza/vendor/laravel/framework/src/Illuminate/Pipeline/Pipeline.php(209): Illuminate/Http/Middleware/ValidatePostSize->handle(Object(Illuminate/Http/Request), Object(Closure))
#52 C:/Users/DELL/growza/growza/vendor/laravel/framework/src/Illuminate/Foundation/Http/Middleware/PreventRequestsDuringMaintenance.php(110): Illuminate/Pipeline/Pipeline->{closure:{closure:Illuminate/Pipeline/Pipeline::carry():184}:185}(Object(Illuminate/Http/Request))
#53 C:/Users/DELL/growza/growza/vendor/laravel/framework/src/Illuminate/Pipeline/Pipeline.php(209): Illuminate/Foundation/Http/Middleware/PreventRequestsDuringMaintenance->handle(Object(Illuminate/Http/Request), Object(Closure))
#54 C:/Users/DELL/growza/growza/vendor/laravel/framework/src/Illuminate/Http/Middleware/HandleCors.php(49): Illuminate/Pipeline/Pipeline->{closure:{closure:Illuminate/Pipeline/Pipeline::carry():184}:185}(Object(Illuminate/Http/Request))
#55 C:/Users/DELL/growza/growza/vendor/laravel/framework/src/Illuminate/Pipeline/Pipeline.php(209): Illuminate/Http/Middleware/HandleCors->handle(Object(Illuminate/Http/Request), Object(Closure))
#56 C:/Users/DELL/growza/growza/vendor/laravel/framework/src/Illuminate/Http/Middleware/TrustProxies.php(58): Illuminate/Pipeline/Pipeline->{closure:{closure:Illuminate/Pipeline/Pipeline::carry():184}:185}(Object(Illuminate/Http/Request))
#57 C:/Users/DELL/growza/growza/vendor/laravel/framework/src/Illuminate/Pipeline/Pipeline.php(209): Illuminate/Http/Middleware/TrustProxies->handle(Object(Illuminate/Http/Request), Object(Closure))
#58 C:/Users/DELL/growza/growza/vendor/laravel/framework/src/Illuminate/Foundation/Http/Middleware/InvokeDeferredCallbacks.php(22): Illuminate/Pipeline/Pipeline->{closure:{closure:Illuminate/Pipeline/Pipeline::carry():184}:185}(Object(Illuminate/Http/Request))
#59 C:/Users/DELL/growza/growza/vendor/laravel/framework/src/Illuminate/Pipeline/Pipeline.php(209): Illuminate/Foundation/Http/Middleware/InvokeDeferredCallbacks->handle(Object(Illuminate/Http/Request), Object(Closure))
#60 C:/Users/DELL/growza/growza/vendor/laravel/framework/src/Illuminate/Pipeline/Pipeline.php(127): Illuminate/Pipeline/Pipeline->{closure:{closure:Illuminate/Pipeline/Pipeline::carry():184}:185}(Object(Illuminate/Http/Request))
#61 C:/Users/DELL/growza/growza/vendor/laravel/framework/src/Illuminate/Foundation/Http/Kernel.php(176): Illuminate/Pipeline/Pipeline->then(Object(Closure))
#62 C:/Users/DELL/growza/growza/vendor/laravel/framework/src/Illuminate/Foundation/Http/Kernel.php(145): Illuminate/Foundation/Http/Kernel->sendRequestThroughRouter(Object(Illuminate/Http/Request))
#63 C:/Users/DELL/growza/growza/vendor/laravel/framework/src/Illuminate/Foundation/Testing/Concerns/MakesHttpRequests.php(607): Illuminate/Foundation/Http/Kernel->handle(Object(Illuminate/Http/Request))
#64 C:/Users/DELL/growza/growza/vendor/laravel/framework/src/Illuminate/Foundation/Testing/Concerns/MakesHttpRequests.php(427): Illuminate/Foundation/Testing/TestCase->call('PUT', 'http://localhos...', Array, Array, Array, Array)
#65 C:/Users/DELL/growza/growza/tests/Feature/AccountSecurityTest.php(46): Illuminate/Foundation/Testing/TestCase->put('http://localhos...', Array)
#66 C:/Users/DELL/growza/growza/vendor/pestphp/pest/src/Factories/TestCaseMethodFactory.php(110): P/Tests/Feature/AccountSecurityTest->{closure:C:/Users/DELL/growza/growza/tests/Feature/AccountSecurityTest.php:43}()
#67 [internal function]: P/Tests/Feature/AccountSecurityTest->{closure:Pest/Factories/TestCaseMethodFactory::getClosure():102}()
#68 C:/Users/DELL/growza/growza/vendor/pestphp/pest/src/Concerns/Testable.php(339): call_user_func_array(Object(Closure), Array)
#69 C:/Users/DELL/growza/growza/vendor/pestphp/pest/src/Support/ExceptionTrace.php(26): P/Tests/Feature/AccountSecurityTest->{closure:Pest/Concerns/Testable::__callClosure():339}()
#70 C:/Users/DELL/growza/growza/vendor/pestphp/pest/src/Concerns/Testable.php(339): Pest/Support/ExceptionTrace::ensure(Object(Closure))
#71 C:/Users/DELL/growza/growza/vendor/pestphp/pest/src/Concerns/Testable.php(256): P/Tests/Feature/AccountSecurityTest->__callClosure(Object(Closure), Array)
#72 C:/Users/DELL/growza/growza/vendor/pestphp/pest/src/Factories/TestCaseFactory.php(197) : eval()'d code(41): P/Tests/Feature/AccountSecurityTest->__runTest(Object(Closure))
#73 C:/Users/DELL/growza/growza/vendor/phpunit/phpunit/src/Framework/TestCase.php(1548): P/Tests/Feature/AccountSecurityTest->__pest_evaluable_it_rejects_a_password_change_without_the_correct_current_password()
#74 C:/Users/DELL/growza/growza/vendor/phpunit/phpunit/src/Framework/TestCase.php(686): PHPUnit/Framework/TestCase->runTest()
#75 C:/Users/DELL/growza/growza/vendor/phpunit/phpunit/src/Framework/TestRunner.php(106): PHPUnit/Framework/TestCase->runBare()
#76 C:/Users/DELL/growza/growza/vendor/phpunit/phpunit/src/Framework/TestCase.php(516): PHPUnit/Framework/TestRunner->run(Object(P/Tests/Feature/AccountSecurityTest))
#77 C:/Users/DELL/growza/growza/vendor/phpunit/phpunit/src/Framework/TestSuite.php(374): PHPUnit/Framework/TestCase->run()
#78 C:/Users/DELL/growza/growza/vendor/phpunit/phpunit/src/Framework/TestSuite.php(374): PHPUnit/Framework/TestSuite->run()
#79 C:/Users/DELL/growza/growza/vendor/phpunit/phpunit/src/Framework/TestSuite.php(374): PHPUnit/Framework/TestSuite->run()
#80 C:/Users/DELL/growza/growza/vendor/phpunit/phpunit/src/TextUI/TestRunner.php(64): PHPUnit/Framework/TestSuite->run()
#81 C:/Users/DELL/growza/growza/vendor/phpunit/phpunit/src/TextUI/Application.php(204): PHPUnit/TextUI/TestRunner->run(Object(PHPUnit/TextUI/Configuration/Configuration), Object(PHPUnit/Runner/ResultCache/DefaultResultCache), Object(PHPUnit/Framework/TestSuite))
#82 C:/Users/DELL/growza/growza/vendor/pestphp/pest/src/Kernel.php(103): PHPUnit/TextUI/Application->run(Array)
#83 C:/Users/DELL/growza/growza/vendor/pestphp/pest/bin/pest(91): Pest/Kernel->handle(Array, Array)
#84 C:/Users/DELL/growza/growza/vendor/pestphp/pest/bin/pest(99): {closure:C:/Users/DELL/growza/growza/vendor/pestphp/pest/bin/pest:12}()
#85 {main}

[previous exception] [object] (GuzzleHttp\\Exception\\ConnectException(code: 0): cURL error 28: Connection timed out after 10001 milliseconds (see https://curl.se/libcurl/c/libcurl-errors.html) for https://api.pwnedpasswords.com/range/D8A94 at C:/Users/DELL/growza/growza/vendor/guzzlehttp/guzzle/src/Handler/CurlFactory.php:1140)
[stacktrace]
#0 C:/Users/DELL/growza/growza/vendor/guzzlehttp/guzzle/src/Handler/CurlFactory.php(1077): GuzzleHttp/Handler/CurlFactory::createRejection(Object(GuzzleHttp/Handler/EasyHandle), Array)
#1 C:/Users/DELL/growza/growza/vendor/guzzlehttp/guzzle/src/Handler/CurlFactory.php(1014): GuzzleHttp/Handler/CurlFactory::finishError(Object(GuzzleHttp/Handler/CurlHandler), Object(GuzzleHttp/Handler/EasyHandle), Object(GuzzleHttp/Handler/CurlFactory))
#2 C:/Users/DELL/growza/growza/vendor/guzzlehttp/guzzle/src/Handler/CurlHandler.php(88): GuzzleHttp/Handler/CurlFactory::finish(Object(GuzzleHttp/Handler/CurlHandler), Object(GuzzleHttp/Handler/EasyHandle), Object(GuzzleHttp/Handler/CurlFactory))
#3 C:/Users/DELL/growza/growza/vendor/guzzlehttp/guzzle/src/Handler/Proxy.php(28): GuzzleHttp/Handler/CurlHandler->__invoke(Object(GuzzleHttp/Psr7/Request), Array)
#4 C:/Users/DELL/growza/growza/vendor/guzzlehttp/guzzle/src/Handler/Proxy.php(68): GuzzleHttp/Handler/Proxy::{closure:GuzzleHttp/Handler/Proxy::wrapSync():27}(Object(GuzzleHttp/Psr7/Request), Array)
#5 C:/Users/DELL/growza/growza/vendor/guzzlehttp/guzzle/src/Handler/Proxy.php(48): GuzzleHttp/Handler/Proxy::{closure:GuzzleHttp/Handler/Proxy::wrapTlsFallback():63}(Object(GuzzleHttp/Psr7/Request), Array)
#6 C:/Users/DELL/growza/growza/vendor/laravel/framework/src/Illuminate/Http/Client/PendingRequest.php(1340): GuzzleHttp/Handler/Proxy::{closure:GuzzleHttp/Handler/Proxy::wrapStreaming():47}(Object(GuzzleHttp/Psr7/Request), Array)
#7 C:/Users/DELL/growza/growza/vendor/laravel/framework/src/Illuminate/Http/Client/PendingRequest.php(1306): Illuminate/Http/Client/PendingRequest->{closure:{closure:Illuminate/Http/Client/PendingRequest::buildStubHandler():1327}:1328}(Object(GuzzleHttp/Psr7/Request), Array)
#8 C:/Users/DELL/growza/growza/vendor/laravel/framework/src/Illuminate/Http/Client/PendingRequest.php(1292): Illuminate/Http/Client/PendingRequest->{closure:{closure:Illuminate/Http/Client/PendingRequest::buildRecorderHandler():1304}:1305}(Object(GuzzleHttp/Psr7/Request), Array)
#9 C:/Users/DELL/growza/growza/vendor/guzzlehttp/guzzle/src/PrepareBodyMiddleware.php(35): Illuminate/Http/Client/PendingRequest->{closure:{closure:Illuminate/Http/Client/PendingRequest::buildBeforeSendingHandler():1290}:1291}(Object(GuzzleHttp/Psr7/Request), Array)
#10 C:/Users/DELL/growza/growza/vendor/guzzlehttp/guzzle/src/Middleware.php(38): GuzzleHttp/PrepareBodyMiddleware->__invoke(Object(GuzzleHttp/Psr7/Request), Array)
#11 C:/Users/DELL/growza/growza/vendor/guzzlehttp/guzzle/src/RedirectMiddleware.php(72): GuzzleHttp/Middleware::{closure:{closure:GuzzleHttp/Middleware::cookies():28}:29}(Object(GuzzleHttp/Psr7/Request), Array)
#12 C:/Users/DELL/growza/growza/vendor/guzzlehttp/guzzle/src/Middleware.php(63): GuzzleHttp/RedirectMiddleware->__invoke(Object(GuzzleHttp/Psr7/Request), Array)
#13 C:/Users/DELL/growza/growza/vendor/guzzlehttp/guzzle/src/HandlerStack.php(75): GuzzleHttp/Middleware::{closure:{closure:GuzzleHttp/Middleware::httpErrors():60}:61}(Object(GuzzleHttp/Psr7/Request), Array)
#14 C:/Users/DELL/growza/growza/vendor/guzzlehttp/guzzle/src/Client.php(1109): GuzzleHttp/HandlerStack->__invoke(Object(GuzzleHttp/Psr7/Request), Array)
#15 C:/Users/DELL/growza/growza/vendor/guzzlehttp/guzzle/src/Client.php(243): GuzzleHttp/Client->transfer(Object(GuzzleHttp/Psr7/Request), Array)
#16 C:/Users/DELL/growza/growza/vendor/guzzlehttp/guzzle/src/Client.php(273): GuzzleHttp/Client->requestAsync('GET', Object(GuzzleHttp/Psr7/Uri), Array)
#17 C:/Users/DELL/growza/growza/vendor/laravel/framework/src/Illuminate/Http/Client/PendingRequest.php(1138): GuzzleHttp/Client->request('GET', 'https://api.pwn...', Array)
#18 C:/Users/DELL/growza/growza/vendor/laravel/framework/src/Illuminate/Http/Client/PendingRequest.php(907): Illuminate/Http/Client/PendingRequest->sendRequest('GET', 'https://api.pwn...', Array)
#19 C:/Users/DELL/growza/growza/vendor/laravel/framework/src/Illuminate/Support/helpers.php(338): Illuminate/Http/Client/PendingRequest->{closure:Illuminate/Http/Client/PendingRequest::send():905}(1)
#20 C:/Users/DELL/growza/growza/vendor/laravel/framework/src/Illuminate/Http/Client/PendingRequest.php(905): retry(0, Object(Closure), 100, Object(Closure))
#21 C:/Users/DELL/growza/growza/vendor/laravel/framework/src/Illuminate/Http/Client/PendingRequest.php(772): Illuminate/Http/Client/PendingRequest->send('GET', 'https://api.pwn...', Array)
#22 C:/Users/DELL/growza/growza/vendor/laravel/framework/src/Illuminate/Validation/NotPwnedVerifier.php(89): Illuminate/Http/Client/PendingRequest->get('https://api.pwn...')
#23 C:/Users/DELL/growza/growza/vendor/laravel/framework/src/Illuminate/Validation/NotPwnedVerifier.php(55): Illuminate/Validation/NotPwnedVerifier->search('D8A94')
#24 C:/Users/DELL/growza/growza/vendor/laravel/framework/src/Illuminate/Validation/Rules/Password.php(349): Illuminate/Validation/NotPwnedVerifier->verify(Array)
#25 C:/Users/DELL/growza/growza/vendor/laravel/framework/src/Illuminate/Validation/Validator.php(902): Illuminate/Validation/Rules/Password->passes('password', 'brand-new-secre...')
#26 C:/Users/DELL/growza/growza/vendor/laravel/framework/src/Illuminate/Validation/Validator.php(678): Illuminate/Validation/Validator->validateUsingCustomRule('password', 'brand-new-secre...', Object(Illuminate/Validation/Rules/Password))
#27 C:/Users/DELL/growza/growza/vendor/laravel/framework/src/Illuminate/Validation/Validator.php(481): Illuminate/Validation/Validator->validateAttribute('password', Object(Illuminate/Validation/Rules/Password))
#28 C:/Users/DELL/growza/growza/vendor/laravel/framework/src/Illuminate/Validation/Validator.php(516): Illuminate/Validation/Validator->passes()
#29 C:/Users/DELL/growza/growza/vendor/laravel/framework/src/Illuminate/Validation/Validator.php(558): Illuminate/Validation/Validator->fails()
#30 C:/Users/DELL/growza/growza/vendor/laravel/framework/src/Illuminate/Validation/Validator.php(574): Illuminate/Validation/Validator->validate()
#31 C:/Users/DELL/growza/growza/app/Domain/Auth/Actions/UpdateUserPassword.php(34): Illuminate/Validation/Validator->validateWithBag('updatePassword')
#32 C:/Users/DELL/growza/growza/vendor/laravel/fortify/src/Http/Controllers/PasswordController.php(24): App/Domain/Auth/Actions/UpdateUserPassword->update(Object(App/Domain/Identity/Models/User), Array)
#33 C:/Users/DELL/growza/growza/vendor/laravel/framework/src/Illuminate/Routing/Controller.php(54): Laravel/Fortify/Http/Controllers/PasswordController->update(Object(Illuminate/Http/Request), Object(App/Domain/Auth/Actions/UpdateUserPassword))
#34 C:/Users/DELL/growza/growza/vendor/laravel/framework/src/Illuminate/Routing/ControllerDispatcher.php(44): Illuminate/Routing/Controller->callAction('update', Array)
#35 C:/Users/DELL/growza/growza/vendor/laravel/framework/src/Illuminate/Routing/Route.php(266): Illuminate/Routing/ControllerDispatcher->dispatch(Object(Illuminate/Routing/Route), Object(Laravel/Fortify/Http/Controllers/PasswordController), 'update')
#36 C:/Users/DELL/growza/growza/vendor/laravel/framework/src/Illuminate/Routing/Route.php(212): Illuminate/Routing/Route->runController()
#37 C:/Users/DELL/growza/growza/vendor/laravel/framework/src/Illuminate/Routing/Router.php(808): Illuminate/Routing/Route->run()
#38 C:/Users/DELL/growza/growza/vendor/laravel/framework/src/Illuminate/Pipeline/Pipeline.php(170): Illuminate/Routing/Router->{closure:Illuminate/Routing/Router::runRouteWithinStack():807}(Object(Illuminate/Http/Request))
#39 C:/Users/DELL/growza/growza/vendor/laravel/framework/src/Illuminate/Routing/Middleware/SubstituteBindings.php(51): Illuminate/Pipeline/Pipeline->{closure:Illuminate/Pipeline/Pipeline::prepareDestination():168}(Object(Illuminate/Http/Request))
#40 C:/Users/DELL/growza/growza/vendor/laravel/framework/src/Illuminate/Pipeline/Pipeline.php(209): Illuminate/Routing/Middleware/SubstituteBindings->handle(Object(Illuminate/Http/Request), Object(Closure))
#41 C:/Users/DELL/growza/growza/vendor/laravel/framework/src/Illuminate/Auth/Middleware/Authenticate.php(64): Illuminate/Pipeline/Pipeline->{closure:{closure:Illuminate/Pipeline/Pipeline::carry():184}:185}(Object(Illuminate/Http/Request))
#42 C:/Users/DELL/growza/growza/vendor/laravel/framework/src/Illuminate/Pipeline/Pipeline.php(209): Illuminate/Auth/Middleware/Authenticate->handle(Object(Illuminate/Http/Request), Object(Closure), 'web')
#43 C:/Users/DELL/growza/growza/vendor/laravel/framework/src/Illuminate/Foundation/Http/Middleware/VerifyCsrfToken.php(88): Illuminate/Pipeline/Pipeline->{closure:{closure:Illuminate/Pipeline/Pipeline::carry():184}:185}(Object(Illuminate/Http/Request))
#44 C:/Users/DELL/growza/growza/vendor/laravel/framework/src/Illuminate/Pipeline/Pipeline.php(209): Illuminate/Foundation/Http/Middleware/VerifyCsrfToken->handle(Object(Illuminate/Http/Request), Object(Closure))
#45 C:/Users/DELL/growza/growza/vendor/laravel/framework/src/Illuminate/View/Middleware/ShareErrorsFromSession.php(49): Illuminate/Pipeline/Pipeline->{closure:{closure:Illuminate/Pipeline/Pipeline::carry():184}:185}(Object(Illuminate/Http/Request))
#46 C:/Users/DELL/growza/growza/vendor/laravel/framework/src/Illuminate/Pipeline/Pipeline.php(209): Illuminate/View/Middleware/ShareErrorsFromSession->handle(Object(Illuminate/Http/Request), Object(Closure))
#47 C:/Users/DELL/growza/growza/vendor/laravel/framework/src/Illuminate/Session/Middleware/StartSession.php(121): Illuminate/Pipeline/Pipeline->{closure:{closure:Illuminate/Pipeline/Pipeline::carry():184}:185}(Object(Illuminate/Http/Request))
#48 C:/Users/DELL/growza/growza/vendor/laravel/framework/src/Illuminate/Session/Middleware/StartSession.php(64): Illuminate/Session/Middleware/StartSession->handleStatefulRequest(Object(Illuminate/Http/Request), Object(Illuminate/Session/Store), Object(Closure))
#49 C:/Users/DELL/growza/growza/vendor/laravel/framework/src/Illuminate/Pipeline/Pipeline.php(209): Illuminate/Session/Middleware/StartSession->handle(Object(Illuminate/Http/Request), Object(Closure))
#50 C:/Users/DELL/growza/growza/vendor/laravel/framework/src/Illuminate/Cookie/Middleware/AddQueuedCookiesToResponse.php(37): Illuminate/Pipeline/Pipeline->{closure:{closure:Illuminate/Pipeline/Pipeline::carry():184}:185}(Object(Illuminate/Http/Request))
#51 C:/Users/DELL/growza/growza/vendor/laravel/framework/src/Illuminate/Pipeline/Pipeline.php(209): Illuminate/Cookie/Middleware/AddQueuedCookiesToResponse->handle(Object(Illuminate/Http/Request), Object(Closure))
#52 C:/Users/DELL/growza/growza/vendor/laravel/framework/src/Illuminate/Cookie/Middleware/EncryptCookies.php(75): Illuminate/Pipeline/Pipeline->{closure:{closure:Illuminate/Pipeline/Pipeline::carry():184}:185}(Object(Illuminate/Http/Request))
#53 C:/Users/DELL/growza/growza/vendor/laravel/framework/src/Illuminate/Pipeline/Pipeline.php(209): Illuminate/Cookie/Middleware/EncryptCookies->handle(Object(Illuminate/Http/Request), Object(Closure))
#54 C:/Users/DELL/growza/growza/vendor/laravel/framework/src/Illuminate/Pipeline/Pipeline.php(127): Illuminate/Pipeline/Pipeline->{closure:{closure:Illuminate/Pipeline/Pipeline::carry():184}:185}(Object(Illuminate/Http/Request))
#55 C:/Users/DELL/growza/growza/vendor/laravel/framework/src/Illuminate/Routing/Router.php(807): Illuminate/Pipeline/Pipeline->then(Object(Closure))
#56 C:/Users/DELL/growza/growza/vendor/laravel/framework/src/Illuminate/Routing/Router.php(786): Illuminate/Routing/Router->runRouteWithinStack(Object(Illuminate/Routing/Route), Object(Illuminate/Http/Request))
#57 C:/Users/DELL/growza/growza/vendor/laravel/framework/src/Illuminate/Routing/Router.php(750): Illuminate/Routing/Router->runRoute(Object(Illuminate/Http/Request), Object(Illuminate/Routing/Route))
#58 C:/Users/DELL/growza/growza/vendor/laravel/framework/src/Illuminate/Routing/Router.php(739): Illuminate/Routing/Router->dispatchToRoute(Object(Illuminate/Http/Request))
#59 C:/Users/DELL/growza/growza/vendor/laravel/framework/src/Illuminate/Foundation/Http/Kernel.php(201): Illuminate/Routing/Router->dispatch(Object(Illuminate/Http/Request))
#60 C:/Users/DELL/growza/growza/vendor/laravel/framework/src/Illuminate/Pipeline/Pipeline.php(170): Illuminate/Foundation/Http/Kernel->{closure:Illuminate/Foundation/Http/Kernel::dispatchToRouter():198}(Object(Illuminate/Http/Request))
#61 C:/Users/DELL/growza/growza/vendor/livewire/livewire/src/Features/SupportDisablingBackButtonCache/DisableBackButtonCacheMiddleware.php(19): Illuminate/Pipeline/Pipeline->{closure:Illuminate/Pipeline/Pipeline::prepareDestination():168}(Object(Illuminate/Http/Request))
#62 C:/Users/DELL/growza/growza/vendor/laravel/framework/src/Illuminate/Pipeline/Pipeline.php(209): Livewire/Features/SupportDisablingBackButtonCache/DisableBackButtonCacheMiddleware->handle(Object(Illuminate/Http/Request), Object(Closure))
#63 C:/Users/DELL/growza/growza/vendor/laravel/framework/src/Illuminate/Foundation/Http/Middleware/TransformsRequest.php(21): Illuminate/Pipeline/Pipeline->{closure:{closure:Illuminate/Pipeline/Pipeline::carry():184}:185}(Object(Illuminate/Http/Request))
#64 C:/Users/DELL/growza/growza/vendor/laravel/framework/src/Illuminate/Foundation/Http/Middleware/ConvertEmptyStringsToNull.php(31): Illuminate/Foundation/Http/Middleware/TransformsRequest->handle(Object(Illuminate/Http/Request), Object(Closure))
#65 C:/Users/DELL/growza/growza/vendor/laravel/framework/src/Illuminate/Pipeline/Pipeline.php(209): Illuminate/Foundation/Http/Middleware/ConvertEmptyStringsToNull->handle(Object(Illuminate/Http/Request), Object(Closure))
#66 C:/Users/DELL/growza/growza/vendor/laravel/framework/src/Illuminate/Foundation/Http/Middleware/TransformsRequest.php(21): Illuminate/Pipeline/Pipeline->{closure:{closure:Illuminate/Pipeline/Pipeline::carry():184}:185}(Object(Illuminate/Http/Request))
#67 C:/Users/DELL/growza/growza/vendor/laravel/framework/src/Illuminate/Foundation/Http/Middleware/TrimStrings.php(51): Illuminate/Foundation/Http/Middleware/TransformsRequest->handle(Object(Illuminate/Http/Request), Object(Closure))
#68 C:/Users/DELL/growza/growza/vendor/laravel/framework/src/Illuminate/Pipeline/Pipeline.php(209): Illuminate/Foundation/Http/Middleware/TrimStrings->handle(Object(Illuminate/Http/Request), Object(Closure))
#69 C:/Users/DELL/growza/growza/vendor/laravel/framework/src/Illuminate/Http/Middleware/ValidatePostSize.php(27): Illuminate/Pipeline/Pipeline->{closure:{closure:Illuminate/Pipeline/Pipeline::carry():184}:185}(Object(Illuminate/Http/Request))
#70 C:/Users/DELL/growza/growza/vendor/laravel/framework/src/Illuminate/Pipeline/Pipeline.php(209): Illuminate/Http/Middleware/ValidatePostSize->handle(Object(Illuminate/Http/Request), Object(Closure))
#71 C:/Users/DELL/growza/growza/vendor/laravel/framework/src/Illuminate/Foundation/Http/Middleware/PreventRequestsDuringMaintenance.php(110): Illuminate/Pipeline/Pipeline->{closure:{closure:Illuminate/Pipeline/Pipeline::carry():184}:185}(Object(Illuminate/Http/Request))
#72 C:/Users/DELL/growza/growza/vendor/laravel/framework/src/Illuminate/Pipeline/Pipeline.php(209): Illuminate/Foundation/Http/Middleware/PreventRequestsDuringMaintenance->handle(Object(Illuminate/Http/Request), Object(Closure))
#73 C:/Users/DELL/growza/growza/vendor/laravel/framework/src/Illuminate/Http/Middleware/HandleCors.php(49): Illuminate/Pipeline/Pipeline->{closure:{closure:Illuminate/Pipeline/Pipeline::carry():184}:185}(Object(Illuminate/Http/Request))
#74 C:/Users/DELL/growza/growza/vendor/laravel/framework/src/Illuminate/Pipeline/Pipeline.php(209): Illuminate/Http/Middleware/HandleCors->handle(Object(Illuminate/Http/Request), Object(Closure))
#75 C:/Users/DELL/growza/growza/vendor/laravel/framework/src/Illuminate/Http/Middleware/TrustProxies.php(58): Illuminate/Pipeline/Pipeline->{closure:{closure:Illuminate/Pipeline/Pipeline::carry():184}:185}(Object(Illuminate/Http/Request))
#76 C:/Users/DELL/growza/growza/vendor/laravel/framework/src/Illuminate/Pipeline/Pipeline.php(209): Illuminate/Http/Middleware/TrustProxies->handle(Object(Illuminate/Http/Request), Object(Closure))
#77 C:/Users/DELL/growza/growza/vendor/laravel/framework/src/Illuminate/Foundation/Http/Middleware/InvokeDeferredCallbacks.php(22): Illuminate/Pipeline/Pipeline->{closure:{closure:Illuminate/Pipeline/Pipeline::carry():184}:185}(Object(Illuminate/Http/Request))
#78 C:/Users/DELL/growza/growza/vendor/laravel/framework/src/Illuminate/Pipeline/Pipeline.php(209): Illuminate/Foundation/Http/Middleware/InvokeDeferredCallbacks->handle(Object(Illuminate/Http/Request), Object(Closure))
#79 C:/Users/DELL/growza/growza/vendor/laravel/framework/src/Illuminate/Pipeline/Pipeline.php(127): Illuminate/Pipeline/Pipeline->{closure:{closure:Illuminate/Pipeline/Pipeline::carry():184}:185}(Object(Illuminate/Http/Request))
#80 C:/Users/DELL/growza/growza/vendor/laravel/framework/src/Illuminate/Foundation/Http/Kernel.php(176): Illuminate/Pipeline/Pipeline->then(Object(Closure))
#81 C:/Users/DELL/growza/growza/vendor/laravel/framework/src/Illuminate/Foundation/Http/Kernel.php(145): Illuminate/Foundation/Http/Kernel->sendRequestThroughRouter(Object(Illuminate/Http/Request))
#82 C:/Users/DELL/growza/growza/vendor/laravel/framework/src/Illuminate/Foundation/Testing/Concerns/MakesHttpRequests.php(607): Illuminate/Foundation/Http/Kernel->handle(Object(Illuminate/Http/Request))
#83 C:/Users/DELL/growza/growza/vendor/laravel/framework/src/Illuminate/Foundation/Testing/Concerns/MakesHttpRequests.php(427): Illuminate/Foundation/Testing/TestCase->call('PUT', 'http://localhos...', Array, Array, Array, Array)
#84 C:/Users/DELL/growza/growza/tests/Feature/AccountSecurityTest.php(46): Illuminate/Foundation/Testing/TestCase->put('http://localhos...', Array)
#85 C:/Users/DELL/growza/growza/vendor/pestphp/pest/src/Factories/TestCaseMethodFactory.php(110): P/Tests/Feature/AccountSecurityTest->{closure:C:/Users/DELL/growza/growza/tests/Feature/AccountSecurityTest.php:43}()
#86 [internal function]: P/Tests/Feature/AccountSecurityTest->{closure:Pest/Factories/TestCaseMethodFactory::getClosure():102}()
#87 C:/Users/DELL/growza/growza/vendor/pestphp/pest/src/Concerns/Testable.php(339): call_user_func_array(Object(Closure), Array)
#88 C:/Users/DELL/growza/growza/vendor/pestphp/pest/src/Support/ExceptionTrace.php(26): P/Tests/Feature/AccountSecurityTest->{closure:Pest/Concerns/Testable::__callClosure():339}()
#89 C:/Users/DELL/growza/growza/vendor/pestphp/pest/src/Concerns/Testable.php(339): Pest/Support/ExceptionTrace::ensure(Object(Closure))
#90 C:/Users/DELL/growza/growza/vendor/pestphp/pest/src/Concerns/Testable.php(256): P/Tests/Feature/AccountSecurityTest->__callClosure(Object(Closure), Array)
#91 C:/Users/DELL/growza/growza/vendor/pestphp/pest/src/Factories/TestCaseFactory.php(197) : eval()'d code(41): P/Tests/Feature/AccountSecurityTest->__runTest(Object(Closure))
#92 C:/Users/DELL/growza/growza/vendor/phpunit/phpunit/src/Framework/TestCase.php(1548): P/Tests/Feature/AccountSecurityTest->__pest_evaluable_it_rejects_a_password_change_without_the_correct_current_password()
#93 C:/Users/DELL/growza/growza/vendor/phpunit/phpunit/src/Framework/TestCase.php(686): PHPUnit/Framework/TestCase->runTest()
#94 C:/Users/DELL/growza/growza/vendor/phpunit/phpunit/src/Framework/TestRunner.php(106): PHPUnit/Framework/TestCase->runBare()
#95 C:/Users/DELL/growza/growza/vendor/phpunit/phpunit/src/Framework/TestCase.php(516): PHPUnit/Framework/TestRunner->run(Object(P/Tests/Feature/AccountSecurityTest))
#96 C:/Users/DELL/growza/growza/vendor/phpunit/phpunit/src/Framework/TestSuite.php(374): PHPUnit/Framework/TestCase->run()
#97 C:/Users/DELL/growza/growza/vendor/phpunit/phpunit/src/Framework/TestSuite.php(374): PHPUnit/Framework/TestSuite->run()
#98 C:/Users/DELL/growza/growza/vendor/phpunit/phpunit/src/Framework/TestSuite.php(374): PHPUnit/Framework/TestSuite->run()
#99 C:/Users/DELL/growza/growza/vendor/phpunit/phpunit/src/TextUI/TestRunner.php(64): PHPUnit/Framework/TestSuite->run()
#100 C:/Users/DELL/growza/growza/vendor/phpunit/phpunit/src/TextUI/Application.php(204): PHPUnit/TextUI/TestRunner->run(Object(PHPUnit/TextUI/Configuration/Configuration), Object(PHPUnit/Runner/ResultCache/DefaultResultCache), Object(PHPUnit/Framework/TestSuite))
#101 C:/Users/DELL/growza/growza/vendor/pestphp/pest/src/Kernel.php(103): PHPUnit/TextUI/Application->run(Array)
#102 C:/Users/DELL/growza/growza/vendor/pestphp/pest/bin/pest(91): Pest/Kernel->handle(Array, Array)
#103 C:/Users/DELL/growza/growza/vendor/pestphp/pest/bin/pest(99): {closure:C:/Users/DELL/growza/growza/vendor/pestphp/pest/bin/pest:12}()
#104 {main}
"} 
[2026-09-22 20:37:09] testing.ERROR: cURL error 28: Operation timed out after 30000 milliseconds with 57344 out of 76523 bytes received (see https://curl.se/libcurl/c/libcurl-errors.html) for https://api.pwnedpasswords.com/range/E8E64 {"exception":"[object] (Illuminate\\Http\\Client\\ConnectionException(code: 0): cURL error 28: Operation timed out after 30000 milliseconds with 57344 out of 76523 bytes received (see https://curl.se/libcurl/c/libcurl-errors.html) for https://api.pwnedpasswords.com/range/E8E64 at C:/Users/DELL/growza/growza/vendor/laravel/framework/src/Illuminate/Http/Client/PendingRequest.php:941)
[stacktrace]
#0 C:/Users/DELL/growza/growza/vendor/laravel/framework/src/Illuminate/Support/helpers.php(338): Illuminate/Http/Client/PendingRequest->{closure:Illuminate/Http/Client/PendingRequest::send():905}(1)
#1 C:/Users/DELL/growza/growza/vendor/laravel/framework/src/Illuminate/Http/Client/PendingRequest.php(905): retry(0, Object(Closure), 100, Object(Closure))
#2 C:/Users/DELL/growza/growza/vendor/laravel/framework/src/Illuminate/Http/Client/PendingRequest.php(772): Illuminate/Http/Client/PendingRequest->send('GET', 'https://api.pwn...', Array)
#3 C:/Users/DELL/growza/growza/vendor/laravel/framework/src/Illuminate/Validation/NotPwnedVerifier.php(89): Illuminate/Http/Client/PendingRequest->get('https://api.pwn...')
#4 C:/Users/DELL/growza/growza/vendor/laravel/framework/src/Illuminate/Validation/NotPwnedVerifier.php(55): Illuminate/Validation/NotPwnedVerifier->search('E8E64')
#5 C:/Users/DELL/growza/growza/vendor/laravel/framework/src/Illuminate/Validation/Rules/Password.php(349): Illuminate/Validation/NotPwnedVerifier->verify(Array)
#6 C:/Users/DELL/growza/growza/vendor/laravel/framework/src/Illuminate/Validation/Validator.php(902): Illuminate/Validation/Rules/Password->passes('password', 'correct-horse-9...')
#7 C:/Users/DELL/growza/growza/vendor/laravel/framework/src/Illuminate/Validation/Validator.php(678): Illuminate/Validation/Validator->validateUsingCustomRule('password', 'correct-horse-9...', Object(Illuminate/Validation/Rules/Password))
#8 C:/Users/DELL/growza/growza/vendor/laravel/framework/src/Illuminate/Validation/Validator.php(481): Illuminate/Validation/Validator->validateAttribute('password', Object(Illuminate/Validation/Rules/Password))
#9 C:/Users/DELL/growza/growza/vendor/laravel/framework/src/Illuminate/Validation/Validator.php(516): Illuminate/Validation/Validator->passes()
#10 C:/Users/DELL/growza/growza/vendor/laravel/framework/src/Illuminate/Validation/Validator.php(558): Illuminate/Validation/Validator->fails()
#11 C:/Users/DELL/growza/growza/app/Domain/Auth/Actions/CreateNewUser.php(53): Illuminate/Validation/Validator->validate()
#12 C:/Users/DELL/growza/growza/vendor/laravel/fortify/src/Http/Controllers/RegisteredUserController.php(62): App/Domain/Auth/Actions/CreateNewUser->create(Array)
#13 C:/Users/DELL/growza/growza/vendor/laravel/framework/src/Illuminate/Routing/Controller.php(54): Laravel/Fortify/Http/Controllers/RegisteredUserController->store(Object(Illuminate/Http/Request), Object(App/Domain/Auth/Actions/CreateNewUser))
#14 C:/Users/DELL/growza/growza/vendor/laravel/framework/src/Illuminate/Routing/ControllerDispatcher.php(44): Illuminate/Routing/Controller->callAction('store', Array)
#15 C:/Users/DELL/growza/growza/vendor/laravel/framework/src/Illuminate/Routing/Route.php(266): Illuminate/Routing/ControllerDispatcher->dispatch(Object(Illuminate/Routing/Route), Object(Laravel/Fortify/Http/Controllers/RegisteredUserController), 'store')
#16 C:/Users/DELL/growza/growza/vendor/laravel/framework/src/Illuminate/Routing/Route.php(212): Illuminate/Routing/Route->runController()
#17 C:/Users/DELL/growza/growza/vendor/laravel/framework/src/Illuminate/Routing/Router.php(808): Illuminate/Routing/Route->run()
#18 C:/Users/DELL/growza/growza/vendor/laravel/framework/src/Illuminate/Pipeline/Pipeline.php(170): Illuminate/Routing/Router->{closure:Illuminate/Routing/Router::runRouteWithinStack():807}(Object(Illuminate/Http/Request))
#19 C:/Users/DELL/growza/growza/vendor/laravel/framework/src/Illuminate/Auth/Middleware/RedirectIfAuthenticated.php(35): Illuminate/Pipeline/Pipeline->{closure:Illuminate/Pipeline/Pipeline::prepareDestination():168}(Object(Illuminate/Http/Request))
#20 C:/Users/DELL/growza/growza/vendor/laravel/framework/src/Illuminate/Pipeline/Pipeline.php(209): Illuminate/Auth/Middleware/RedirectIfAuthenticated->handle(Object(Illuminate/Http/Request), Object(Closure), 'web')
#21 C:/Users/DELL/growza/growza/vendor/laravel/framework/src/Illuminate/Routing/Middleware/SubstituteBindings.php(51): Illuminate/Pipeline/Pipeline->{closure:{closure:Illuminate/Pipeline/Pipeline::carry():184}:185}(Object(Illuminate/Http/Request))
#22 C:/Users/DELL/growza/growza/vendor/laravel/framework/src/Illuminate/Pipeline/Pipeline.php(209): Illuminate/Routing/Middleware/SubstituteBindings->handle(Object(Illuminate/Http/Request), Object(Closure))
#23 C:/Users/DELL/growza/growza/vendor/laravel/framework/src/Illuminate/Foundation/Http/Middleware/VerifyCsrfToken.php(88): Illuminate/Pipeline/Pipeline->{closure:{closure:Illuminate/Pipeline/Pipeline::carry():184}:185}(Object(Illuminate/Http/Request))
#24 C:/Users/DELL/growza/growza/vendor/laravel/framework/src/Illuminate/Pipeline/Pipeline.php(209): Illuminate/Foundation/Http/Middleware/VerifyCsrfToken->handle(Object(Illuminate/Http/Request), Object(Closure))
#25 C:/Users/DELL/growza/growza/vendor/laravel/framework/src/Illuminate/View/Middleware/ShareErrorsFromSession.php(49): Illuminate/Pipeline/Pipeline->{closure:{closure:Illuminate/Pipeline/Pipeline::carry():184}:185}(Object(Illuminate/Http/Request))
#26 C:/Users/DELL/growza/growza/vendor/laravel/framework/src/Illuminate/Pipeline/Pipeline.php(209): Illuminate/View/Middleware/ShareErrorsFromSession->handle(Object(Illuminate/Http/Request), Object(Closure))
#27 C:/Users/DELL/growza/growza/vendor/laravel/framework/src/Illuminate/Session/Middleware/StartSession.php(121): Illuminate/Pipeline/Pipeline->{closure:{closure:Illuminate/Pipeline/Pipeline::carry():184}:185}(Object(Illuminate/Http/Request))
#28 C:/Users/DELL/growza/growza/vendor/laravel/framework/src/Illuminate/Session/Middleware/StartSession.php(64): Illuminate/Session/Middleware/StartSession->handleStatefulRequest(Object(Illuminate/Http/Request), Object(Illuminate/Session/Store), Object(Closure))
#29 C:/Users/DELL/growza/growza/vendor/laravel/framework/src/Illuminate/Pipeline/Pipeline.php(209): Illuminate/Session/Middleware/StartSession->handle(Object(Illuminate/Http/Request), Object(Closure))
#30 C:/Users/DELL/growza/growza/vendor/laravel/framework/src/Illuminate/Cookie/Middleware/AddQueuedCookiesToResponse.php(37): Illuminate/Pipeline/Pipeline->{closure:{closure:Illuminate/Pipeline/Pipeline::carry():184}:185}(Object(Illuminate/Http/Request))
#31 C:/Users/DELL/growza/growza/vendor/laravel/framework/src/Illuminate/Pipeline/Pipeline.php(209): Illuminate/Cookie/Middleware/AddQueuedCookiesToResponse->handle(Object(Illuminate/Http/Request), Object(Closure))
#32 C:/Users/DELL/growza/growza/vendor/laravel/framework/src/Illuminate/Cookie/Middleware/EncryptCookies.php(75): Illuminate/Pipeline/Pipeline->{closure:{closure:Illuminate/Pipeline/Pipeline::carry():184}:185}(Object(Illuminate/Http/Request))
#33 C:/Users/DELL/growza/growza/vendor/laravel/framework/src/Illuminate/Pipeline/Pipeline.php(209): Illuminate/Cookie/Middleware/EncryptCookies->handle(Object(Illuminate/Http/Request), Object(Closure))
#34 C:/Users/DELL/growza/growza/vendor/laravel/framework/src/Illuminate/Pipeline/Pipeline.php(127): Illuminate/Pipeline/Pipeline->{closure:{closure:Illuminate/Pipeline/Pipeline::carry():184}:185}(Object(Illuminate/Http/Request))
#35 C:/Users/DELL/growza/growza/vendor/laravel/framework/src/Illuminate/Routing/Router.php(807): Illuminate/Pipeline/Pipeline->then(Object(Closure))
#36 C:/Users/DELL/growza/growza/vendor/laravel/framework/src/Illuminate/Routing/Router.php(786): Illuminate/Routing/Router->runRouteWithinStack(Object(Illuminate/Routing/Route), Object(Illuminate/Http/Request))
#37 C:/Users/DELL/growza/growza/vendor/laravel/framework/src/Illuminate/Routing/Router.php(750): Illuminate/Routing/Router->runRoute(Object(Illuminate/Http/Request), Object(Illuminate/Routing/Route))
#38 C:/Users/DELL/growza/growza/vendor/laravel/framework/src/Illuminate/Routing/Router.php(739): Illuminate/Routing/Router->dispatchToRoute(Object(Illuminate/Http/Request))
#39 C:/Users/DELL/growza/growza/vendor/laravel/framework/src/Illuminate/Foundation/Http/Kernel.php(201): Illuminate/Routing/Router->dispatch(Object(Illuminate/Http/Request))
#40 C:/Users/DELL/growza/growza/vendor/laravel/framework/src/Illuminate/Pipeline/Pipeline.php(170): Illuminate/Foundation/Http/Kernel->{closure:Illuminate/Foundation/Http/Kernel::dispatchToRouter():198}(Object(Illuminate/Http/Request))
#41 C:/Users/DELL/growza/growza/vendor/livewire/livewire/src/Features/SupportDisablingBackButtonCache/DisableBackButtonCacheMiddleware.php(19): Illuminate/Pipeline/Pipeline->{closure:Illuminate/Pipeline/Pipeline::prepareDestination():168}(Object(Illuminate/Http/Request))
#42 C:/Users/DELL/growza/growza/vendor/laravel/framework/src/Illuminate/Pipeline/Pipeline.php(209): Livewire/Features/SupportDisablingBackButtonCache/DisableBackButtonCacheMiddleware->handle(Object(Illuminate/Http/Request), Object(Closure))
#43 C:/Users/DELL/growza/growza/vendor/laravel/framework/src/Illuminate/Foundation/Http/Middleware/TransformsRequest.php(21): Illuminate/Pipeline/Pipeline->{closure:{closure:Illuminate/Pipeline/Pipeline::carry():184}:185}(Object(Illuminate/Http/Request))
#44 C:/Users/DELL/growza/growza/vendor/laravel/framework/src/Illuminate/Foundation/Http/Middleware/ConvertEmptyStringsToNull.php(31): Illuminate/Foundation/Http/Middleware/TransformsRequest->handle(Object(Illuminate/Http/Request), Object(Closure))
#45 C:/Users/DELL/growza/growza/vendor/laravel/framework/src/Illuminate/Pipeline/Pipeline.php(209): Illuminate/Foundation/Http/Middleware/ConvertEmptyStringsToNull->handle(Object(Illuminate/Http/Request), Object(Closure))
#46 C:/Users/DELL/growza/growza/vendor/laravel/framework/src/Illuminate/Foundation/Http/Middleware/TransformsRequest.php(21): Illuminate/Pipeline/Pipeline->{closure:{closure:Illuminate/Pipeline/Pipeline::carry():184}:185}(Object(Illuminate/Http/Request))
#47 C:/Users/DELL/growza/growza/vendor/laravel/framework/src/Illuminate/Foundation/Http/Middleware/TrimStrings.php(51): Illuminate/Foundation/Http/Middleware/TransformsRequest->handle(Object(Illuminate/Http/Request), Object(Closure))
#48 C:/Users/DELL/growza/growza/vendor/laravel/framework/src/Illuminate/Pipeline/Pipeline.php(209): Illuminate/Foundation/Http/Middleware/TrimStrings->handle(Object(Illuminate/Http/Request), Object(Closure))
#49 C:/Users/DELL/growza/growza/vendor/laravel/framework/src/Illuminate/Http/Middleware/ValidatePostSize.php(27): Illuminate/Pipeline/Pipeline->{closure:{closure:Illuminate/Pipeline/Pipeline::carry():184}:185}(Object(Illuminate/Http/Request))
#50 C:/Users/DELL/growza/growza/vendor/laravel/framework/src/Illuminate/Pipeline/Pipeline.php(209): Illuminate/Http/Middleware/ValidatePostSize->handle(Object(Illuminate/Http/Request), Object(Closure))
#51 C:/Users/DELL/growza/growza/vendor/laravel/framework/src/Illuminate/Foundation/Http/Middleware/PreventRequestsDuringMaintenance.php(110): Illuminate/Pipeline/Pipeline->{closure:{closure:Illuminate/Pipeline/Pipeline::carry():184}:185}(Object(Illuminate/Http/Request))
#52 C:/Users/DELL/growza/growza/vendor/laravel/framework/src/Illuminate/Pipeline/Pipeline.php(209): Illuminate/Foundation/Http/Middleware/PreventRequestsDuringMaintenance->handle(Object(Illuminate/Http/Request), Object(Closure))
#53 C:/Users/DELL/growza/growza/vendor/laravel/framework/src/Illuminate/Http/Middleware/HandleCors.php(49): Illuminate/Pipeline/Pipeline->{closure:{closure:Illuminate/Pipeline/Pipeline::carry():184}:185}(Object(Illuminate/Http/Request))
#54 C:/Users/DELL/growza/growza/vendor/laravel/framework/src/Illuminate/Pipeline/Pipeline.php(209): Illuminate/Http/Middleware/HandleCors->handle(Object(Illuminate/Http/Request), Object(Closure))
#55 C:/Users/DELL/growza/growza/vendor/laravel/framework/src/Illuminate/Http/Middleware/TrustProxies.php(58): Illuminate/Pipeline/Pipeline->{closure:{closure:Illuminate/Pipeline/Pipeline::carry():184}:185}(Object(Illuminate/Http/Request))
#56 C:/Users/DELL/growza/growza/vendor/laravel/framework/src/Illuminate/Pipeline/Pipeline.php(209): Illuminate/Http/Middleware/TrustProxies->handle(Object(Illuminate/Http/Request), Object(Closure))
#57 C:/Users/DELL/growza/growza/vendor/laravel/framework/src/Illuminate/Foundation/Http/Middleware/InvokeDeferredCallbacks.php(22): Illuminate/Pipeline/Pipeline->{closure:{closure:Illuminate/Pipeline/Pipeline::carry():184}:185}(Object(Illuminate/Http/Request))
#58 C:/Users/DELL/growza/growza/vendor/laravel/framework/src/Illuminate/Pipeline/Pipeline.php(209): Illuminate/Foundation/Http/Middleware/InvokeDeferredCallbacks->handle(Object(Illuminate/Http/Request), Object(Closure))
#59 C:/Users/DELL/growza/growza/vendor/laravel/framework/src/Illuminate/Pipeline/Pipeline.php(127): Illuminate/Pipeline/Pipeline->{closure:{closure:Illuminate/Pipeline/Pipeline::carry():184}:185}(Object(Illuminate/Http/Request))
#60 C:/Users/DELL/growza/growza/vendor/laravel/framework/src/Illuminate/Foundation/Http/Kernel.php(176): Illuminate/Pipeline/Pipeline->then(Object(Closure))
#61 C:/Users/DELL/growza/growza/vendor/laravel/framework/src/Illuminate/Foundation/Http/Kernel.php(145): Illuminate/Foundation/Http/Kernel->sendRequestThroughRouter(Object(Illuminate/Http/Request))
#62 C:/Users/DELL/growza/growza/vendor/laravel/framework/src/Illuminate/Foundation/Testing/Concerns/MakesHttpRequests.php(607): Illuminate/Foundation/Http/Kernel->handle(Object(Illuminate/Http/Request))
#63 C:/Users/DELL/growza/growza/vendor/laravel/framework/src/Illuminate/Foundation/Testing/Concerns/MakesHttpRequests.php(397): Illuminate/Foundation/Testing/TestCase->call('POST', 'http://localhos...', Array, Array, Array, Array)
#64 [internal function]: Illuminate/Foundation/Testing/TestCase->post('http://localhos...', Array)
#65 C:/Users/DELL/growza/growza/vendor/pestphp/pest/src/Support/Reflection.php(38): ReflectionMethod->invoke(Object(P/Tests/Feature/AuthenticationTest), 'http://localhos...', Array)
#66 C:/Users/DELL/growza/growza/vendor/pestphp/pest/src/Support/HigherOrderMessage.php(59): Pest/Support/Reflection::call(Object(P/Tests/Feature/AuthenticationTest), 'post', Array)
#67 C:/Users/DELL/growza/growza/vendor/pestphp/pest/src/Support/HigherOrderTapProxy.php(66): Pest/Support/HigherOrderMessage->call(Object(P/Tests/Feature/AuthenticationTest))
#68 C:/Users/DELL/growza/growza/vendor/pestphp/pest-plugin-laravel/src/Http.php(209): Pest/Support/HigherOrderTapProxy->__call('post', Array)
#69 C:/Users/DELL/growza/growza/tests/Feature/AuthenticationTest.php(32): Pest/Laravel/post('http://localhos...', Array)
#70 C:/Users/DELL/growza/growza/vendor/pestphp/pest/src/Factories/TestCaseMethodFactory.php(110): P/Tests/Feature/AuthenticationTest->{closure:C:/Users/DELL/growza/growza/tests/Feature/AuthenticationTest.php:31}()
#71 [internal function]: P/Tests/Feature/AuthenticationTest->{closure:Pest/Factories/TestCaseMethodFactory::getClosure():102}()
#72 C:/Users/DELL/growza/growza/vendor/pestphp/pest/src/Concerns/Testable.php(339): call_user_func_array(Object(Closure), Array)
#73 C:/Users/DELL/growza/growza/vendor/pestphp/pest/src/Support/ExceptionTrace.php(26): P/Tests/Feature/AuthenticationTest->{closure:Pest/Concerns/Testable::__callClosure():339}()
#74 C:/Users/DELL/growza/growza/vendor/pestphp/pest/src/Concerns/Testable.php(339): Pest/Support/ExceptionTrace::ensure(Object(Closure))
#75 C:/Users/DELL/growza/growza/vendor/pestphp/pest/src/Concerns/Testable.php(256): P/Tests/Feature/AuthenticationTest->__callClosure(Object(Closure), Array)
#76 C:/Users/DELL/growza/growza/vendor/pestphp/pest/src/Factories/TestCaseFactory.php(197) : eval()'d code(41): P/Tests/Feature/AuthenticationTest->__runTest(Object(Closure))
#77 C:/Users/DELL/growza/growza/vendor/phpunit/phpunit/src/Framework/TestCase.php(1548): P/Tests/Feature/AuthenticationTest->__pest_evaluable_it_registers_a_user_with_the_required_fields()
#78 C:/Users/DELL/growza/growza/vendor/phpunit/phpunit/src/Framework/TestCase.php(686): PHPUnit/Framework/TestCase->runTest()
#79 C:/Users/DELL/growza/growza/vendor/phpunit/phpunit/src/Framework/TestRunner.php(106): PHPUnit/Framework/TestCase->runBare()
#80 C:/Users/DELL/growza/growza/vendor/phpunit/phpunit/src/Framework/TestCase.php(516): PHPUnit/Framework/TestRunner->run(Object(P/Tests/Feature/AuthenticationTest))
#81 C:/Users/DELL/growza/growza/vendor/phpunit/phpunit/src/Framework/TestSuite.php(374): PHPUnit/Framework/TestCase->run()
#82 C:/Users/DELL/growza/growza/vendor/phpunit/phpunit/src/Framework/TestSuite.php(374): PHPUnit/Framework/TestSuite->run()
#83 C:/Users/DELL/growza/growza/vendor/phpunit/phpunit/src/Framework/TestSuite.php(374): PHPUnit/Framework/TestSuite->run()
#84 C:/Users/DELL/growza/growza/vendor/phpunit/phpunit/src/TextUI/TestRunner.php(64): PHPUnit/Framework/TestSuite->run()
#85 C:/Users/DELL/growza/growza/vendor/phpunit/phpunit/src/TextUI/Application.php(204): PHPUnit/TextUI/TestRunner->run(Object(PHPUnit/TextUI/Configuration/Configuration), Object(PHPUnit/Runner/ResultCache/DefaultResultCache), Object(PHPUnit/Framework/TestSuite))
#86 C:/Users/DELL/growza/growza/vendor/pestphp/pest/src/Kernel.php(103): PHPUnit/TextUI/Application->run(Array)
#87 C:/Users/DELL/growza/growza/vendor/pestphp/pest/bin/pest(91): Pest/Kernel->handle(Array, Array)
#88 C:/Users/DELL/growza/growza/vendor/pestphp/pest/bin/pest(99): {closure:C:/Users/DELL/growza/growza/vendor/pestphp/pest/bin/pest:12}()
#89 {main}

[previous exception] [object] (GuzzleHttp\\Exception\\ConnectException(code: 0): cURL error 28: Operation timed out after 30000 milliseconds with 57344 out of 76523 bytes received (see https://curl.se/libcurl/c/libcurl-errors.html) for https://api.pwnedpasswords.com/range/E8E64 at C:/Users/DELL/growza/growza/vendor/guzzlehttp/guzzle/src/Handler/CurlFactory.php:1140)
[stacktrace]
#0 C:/Users/DELL/growza/growza/vendor/guzzlehttp/guzzle/src/Handler/CurlFactory.php(1077): GuzzleHttp/Handler/CurlFactory::createRejection(Object(GuzzleHttp/Handler/EasyHandle), Array)
#1 C:/Users/DELL/growza/growza/vendor/guzzlehttp/guzzle/src/Handler/CurlFactory.php(1014): GuzzleHttp/Handler/CurlFactory::finishError(Object(GuzzleHttp/Handler/CurlHandler), Object(GuzzleHttp/Handler/EasyHandle), Object(GuzzleHttp/Handler/CurlFactory))
#2 C:/Users/DELL/growza/growza/vendor/guzzlehttp/guzzle/src/Handler/CurlHandler.php(88): GuzzleHttp/Handler/CurlFactory::finish(Object(GuzzleHttp/Handler/CurlHandler), Object(GuzzleHttp/Handler/EasyHandle), Object(GuzzleHttp/Handler/CurlFactory))
#3 C:/Users/DELL/growza/growza/vendor/guzzlehttp/guzzle/src/Handler/Proxy.php(28): GuzzleHttp/Handler/CurlHandler->__invoke(Object(GuzzleHttp/Psr7/Request), Array)
#4 C:/Users/DELL/growza/growza/vendor/guzzlehttp/guzzle/src/Handler/Proxy.php(68): GuzzleHttp/Handler/Proxy::{closure:GuzzleHttp/Handler/Proxy::wrapSync():27}(Object(GuzzleHttp/Psr7/Request), Array)
#5 C:/Users/DELL/growza/growza/vendor/guzzlehttp/guzzle/src/Handler/Proxy.php(48): GuzzleHttp/Handler/Proxy::{closure:GuzzleHttp/Handler/Proxy::wrapTlsFallback():63}(Object(GuzzleHttp/Psr7/Request), Array)
#6 C:/Users/DELL/growza/growza/vendor/laravel/framework/src/Illuminate/Http/Client/PendingRequest.php(1340): GuzzleHttp/Handler/Proxy::{closure:GuzzleHttp/Handler/Proxy::wrapStreaming():47}(Object(GuzzleHttp/Psr7/Request), Array)
#7 C:/Users/DELL/growza/growza/vendor/laravel/framework/src/Illuminate/Http/Client/PendingRequest.php(1306): Illuminate/Http/Client/PendingRequest->{closure:{closure:Illuminate/Http/Client/PendingRequest::buildStubHandler():1327}:1328}(Object(GuzzleHttp/Psr7/Request), Array)
#8 C:/Users/DELL/growza/growza/vendor/laravel/framework/src/Illuminate/Http/Client/PendingRequest.php(1292): Illuminate/Http/Client/PendingRequest->{closure:{closure:Illuminate/Http/Client/PendingRequest::buildRecorderHandler():1304}:1305}(Object(GuzzleHttp/Psr7/Request), Array)
#9 C:/Users/DELL/growza/growza/vendor/guzzlehttp/guzzle/src/PrepareBodyMiddleware.php(35): Illuminate/Http/Client/PendingRequest->{closure:{closure:Illuminate/Http/Client/PendingRequest::buildBeforeSendingHandler():1290}:1291}(Object(GuzzleHttp/Psr7/Request), Array)
#10 C:/Users/DELL/growza/growza/vendor/guzzlehttp/guzzle/src/Middleware.php(38): GuzzleHttp/PrepareBodyMiddleware->__invoke(Object(GuzzleHttp/Psr7/Request), Array)
#11 C:/Users/DELL/growza/growza/vendor/guzzlehttp/guzzle/src/RedirectMiddleware.php(72): GuzzleHttp/Middleware::{closure:{closure:GuzzleHttp/Middleware::cookies():28}:29}(Object(GuzzleHttp/Psr7/Request), Array)
#12 C:/Users/DELL/growza/growza/vendor/guzzlehttp/guzzle/src/Middleware.php(63): GuzzleHttp/RedirectMiddleware->__invoke(Object(GuzzleHttp/Psr7/Request), Array)
#13 C:/Users/DELL/growza/growza/vendor/guzzlehttp/guzzle/src/HandlerStack.php(75): GuzzleHttp/Middleware::{closure:{closure:GuzzleHttp/Middleware::httpErrors():60}:61}(Object(GuzzleHttp/Psr7/Request), Array)
#14 C:/Users/DELL/growza/growza/vendor/guzzlehttp/guzzle/src/Client.php(1109): GuzzleHttp/HandlerStack->__invoke(Object(GuzzleHttp/Psr7/Request), Array)
#15 C:/Users/DELL/growza/growza/vendor/guzzlehttp/guzzle/src/Client.php(243): GuzzleHttp/Client->transfer(Object(GuzzleHttp/Psr7/Request), Array)
#16 C:/Users/DELL/growza/growza/vendor/guzzlehttp/guzzle/src/Client.php(273): GuzzleHttp/Client->requestAsync('GET', Object(GuzzleHttp/Psr7/Uri), Array)
#17 C:/Users/DELL/growza/growza/vendor/laravel/framework/src/Illuminate/Http/Client/PendingRequest.php(1138): GuzzleHttp/Client->request('GET', 'https://api.pwn...', Array)
#18 C:/Users/DELL/growza/growza/vendor/laravel/framework/src/Illuminate/Http/Client/PendingRequest.php(907): Illuminate/Http/Client/PendingRequest->sendRequest('GET', 'https://api.pwn...', Array)
#19 C:/Users/DELL/growza/growza/vendor/laravel/framework/src/Illuminate/Support/helpers.php(338): Illuminate/Http/Client/PendingRequest->{closure:Illuminate/Http/Client/PendingRequest::send():905}(1)
#20 C:/Users/DELL/growza/growza/vendor/laravel/framework/src/Illuminate/Http/Client/PendingRequest.php(905): retry(0, Object(Closure), 100, Object(Closure))
#21 C:/Users/DELL/growza/growza/vendor/laravel/framework/src/Illuminate/Http/Client/PendingRequest.php(772): Illuminate/Http/Client/PendingRequest->send('GET', 'https://api.pwn...', Array)
#22 C:/Users/DELL/growza/growza/vendor/laravel/framework/src/Illuminate/Validation/NotPwnedVerifier.php(89): Illuminate/Http/Client/PendingRequest->get('https://api.pwn...')
#23 C:/Users/DELL/growza/growza/vendor/laravel/framework/src/Illuminate/Validation/NotPwnedVerifier.php(55): Illuminate/Validation/NotPwnedVerifier->search('E8E64')
#24 C:/Users/DELL/growza/growza/vendor/laravel/framework/src/Illuminate/Validation/Rules/Password.php(349): Illuminate/Validation/NotPwnedVerifier->verify(Array)
#25 C:/Users/DELL/growza/growza/vendor/laravel/framework/src/Illuminate/Validation/Validator.php(902): Illuminate/Validation/Rules/Password->passes('password', 'correct-horse-9...')
#26 C:/Users/DELL/growza/growza/vendor/laravel/framework/src/Illuminate/Validation/Validator.php(678): Illuminate/Validation/Validator->validateUsingCustomRule('password', 'correct-horse-9...', Object(Illuminate/Validation/Rules/Password))
#27 C:/Users/DELL/growza/growza/vendor/laravel/framework/src/Illuminate/Validation/Validator.php(481): Illuminate/Validation/Validator->validateAttribute('password', Object(Illuminate/Validation/Rules/Password))
#28 C:/Users/DELL/growza/growza/vendor/laravel/framework/src/Illuminate/Validation/Validator.php(516): Illuminate/Validation/Validator->passes()
#29 C:/Users/DELL/growza/growza/vendor/laravel/framework/src/Illuminate/Validation/Validator.php(558): Illuminate/Validation/Validator->fails()
#30 C:/Users/DELL/growza/growza/app/Domain/Auth/Actions/CreateNewUser.php(53): Illuminate/Validation/Validator->validate()
#31 C:/Users/DELL/growza/growza/vendor/laravel/fortify/src/Http/Controllers/RegisteredUserController.php(62): App/Domain/Auth/Actions/CreateNewUser->create(Array)
#32 C:/Users/DELL/growza/growza/vendor/laravel/framework/src/Illuminate/Routing/Controller.php(54): Laravel/Fortify/Http/Controllers/RegisteredUserController->store(Object(Illuminate/Http/Request), Object(App/Domain/Auth/Actions/CreateNewUser))
#33 C:/Users/DELL/growza/growza/vendor/laravel/framework/src/Illuminate/Routing/ControllerDispatcher.php(44): Illuminate/Routing/Controller->callAction('store', Array)
#34 C:/Users/DELL/growza/growza/vendor/laravel/framework/src/Illuminate/Routing/Route.php(266): Illuminate/Routing/ControllerDispatcher->dispatch(Object(Illuminate/Routing/Route), Object(Laravel/Fortify/Http/Controllers/RegisteredUserController), 'store')
#35 C:/Users/DELL/growza/growza/vendor/laravel/framework/src/Illuminate/Routing/Route.php(212): Illuminate/Routing/Route->runController()
#36 C:/Users/DELL/growza/growza/vendor/laravel/framework/src/Illuminate/Routing/Router.php(808): Illuminate/Routing/Route->run()
#37 C:/Users/DELL/growza/growza/vendor/laravel/framework/src/Illuminate/Pipeline/Pipeline.php(170): Illuminate/Routing/Router->{closure:Illuminate/Routing/Router::runRouteWithinStack():807}(Object(Illuminate/Http/Request))
#38 C:/Users/DELL/growza/growza/vendor/laravel/framework/src/Illuminate/Auth/Middleware/RedirectIfAuthenticated.php(35): Illuminate/Pipeline/Pipeline->{closure:Illuminate/Pipeline/Pipeline::prepareDestination():168}(Object(Illuminate/Http/Request))
#39 C:/Users/DELL/growza/growza/vendor/laravel/framework/src/Illuminate/Pipeline/Pipeline.php(209): Illuminate/Auth/Middleware/RedirectIfAuthenticated->handle(Object(Illuminate/Http/Request), Object(Closure), 'web')
#40 C:/Users/DELL/growza/growza/vendor/laravel/framework/src/Illuminate/Routing/Middleware/SubstituteBindings.php(51): Illuminate/Pipeline/Pipeline->{closure:{closure:Illuminate/Pipeline/Pipeline::carry():184}:185}(Object(Illuminate/Http/Request))
#41 C:/Users/DELL/growza/growza/vendor/laravel/framework/src/Illuminate/Pipeline/Pipeline.php(209): Illuminate/Routing/Middleware/SubstituteBindings->handle(Object(Illuminate/Http/Request), Object(Closure))
#42 C:/Users/DELL/growza/growza/vendor/laravel/framework/src/Illuminate/Foundation/Http/Middleware/VerifyCsrfToken.php(88): Illuminate/Pipeline/Pipeline->{closure:{closure:Illuminate/Pipeline/Pipeline::carry():184}:185}(Object(Illuminate/Http/Request))
#43 C:/Users/DELL/growza/growza/vendor/laravel/framework/src/Illuminate/Pipeline/Pipeline.php(209): Illuminate/Foundation/Http/Middleware/VerifyCsrfToken->handle(Object(Illuminate/Http/Request), Object(Closure))
#44 C:/Users/DELL/growza/growza/vendor/laravel/framework/src/Illuminate/View/Middleware/ShareErrorsFromSession.php(49): Illuminate/Pipeline/Pipeline->{closure:{closure:Illuminate/Pipeline/Pipeline::carry():184}:185}(Object(Illuminate/Http/Request))
#45 C:/Users/DELL/growza/growza/vendor/laravel/framework/src/Illuminate/Pipeline/Pipeline.php(209): Illuminate/View/Middleware/ShareErrorsFromSession->handle(Object(Illuminate/Http/Request), Object(Closure))
#46 C:/Users/DELL/growza/growza/vendor/laravel/framework/src/Illuminate/Session/Middleware/StartSession.php(121): Illuminate/Pipeline/Pipeline->{closure:{closure:Illuminate/Pipeline/Pipeline::carry():184}:185}(Object(Illuminate/Http/Request))
#47 C:/Users/DELL/growza/growza/vendor/laravel/framework/src/Illuminate/Session/Middleware/StartSession.php(64): Illuminate/Session/Middleware/StartSession->handleStatefulRequest(Object(Illuminate/Http/Request), Object(Illuminate/Session/Store), Object(Closure))
#48 C:/Users/DELL/growza/growza/vendor/laravel/framework/src/Illuminate/Pipeline/Pipeline.php(209): Illuminate/Session/Middleware/StartSession->handle(Object(Illuminate/Http/Request), Object(Closure))
#49 C:/Users/DELL/growza/growza/vendor/laravel/framework/src/Illuminate/Cookie/Middleware/AddQueuedCookiesToResponse.php(37): Illuminate/Pipeline/Pipeline->{closure:{closure:Illuminate/Pipeline/Pipeline::carry():184}:185}(Object(Illuminate/Http/Request))
#50 C:/Users/DELL/growza/growza/vendor/laravel/framework/src/Illuminate/Pipeline/Pipeline.php(209): Illuminate/Cookie/Middleware/AddQueuedCookiesToResponse->handle(Object(Illuminate/Http/Request), Object(Closure))
#51 C:/Users/DELL/growza/growza/vendor/laravel/framework/src/Illuminate/Cookie/Middleware/EncryptCookies.php(75): Illuminate/Pipeline/Pipeline->{closure:{closure:Illuminate/Pipeline/Pipeline::carry():184}:185}(Object(Illuminate/Http/Request))
#52 C:/Users/DELL/growza/growza/vendor/laravel/framework/src/Illuminate/Pipeline/Pipeline.php(209): Illuminate/Cookie/Middleware/EncryptCookies->handle(Object(Illuminate/Http/Request), Object(Closure))
#53 C:/Users/DELL/growza/growza/vendor/laravel/framework/src/Illuminate/Pipeline/Pipeline.php(127): Illuminate/Pipeline/Pipeline->{closure:{closure:Illuminate/Pipeline/Pipeline::carry():184}:185}(Object(Illuminate/Http/Request))
#54 C:/Users/DELL/growza/growza/vendor/laravel/framework/src/Illuminate/Routing/Router.php(807): Illuminate/Pipeline/Pipeline->then(Object(Closure))
#55 C:/Users/DELL/growza/growza/vendor/laravel/framework/src/Illuminate/Routing/Router.php(786): Illuminate/Routing/Router->runRouteWithinStack(Object(Illuminate/Routing/Route), Object(Illuminate/Http/Request))
#56 C:/Users/DELL/growza/growza/vendor/laravel/framework/src/Illuminate/Routing/Router.php(750): Illuminate/Routing/Router->runRoute(Object(Illuminate/Http/Request), Object(Illuminate/Routing/Route))
#57 C:/Users/DELL/growza/growza/vendor/laravel/framework/src/Illuminate/Routing/Router.php(739): Illuminate/Routing/Router->dispatchToRoute(Object(Illuminate/Http/Request))
#58 C:/Users/DELL/growza/growza/vendor/laravel/framework/src/Illuminate/Foundation/Http/Kernel.php(201): Illuminate/Routing/Router->dispatch(Object(Illuminate/Http/Request))
#59 C:/Users/DELL/growza/growza/vendor/laravel/framework/src/Illuminate/Pipeline/Pipeline.php(170): Illuminate/Foundation/Http/Kernel->{closure:Illuminate/Foundation/Http/Kernel::dispatchToRouter():198}(Object(Illuminate/Http/Request))
#60 C:/Users/DELL/growza/growza/vendor/livewire/livewire/src/Features/SupportDisablingBackButtonCache/DisableBackButtonCacheMiddleware.php(19): Illuminate/Pipeline/Pipeline->{closure:Illuminate/Pipeline/Pipeline::prepareDestination():168}(Object(Illuminate/Http/Request))
#61 C:/Users/DELL/growza/growza/vendor/laravel/framework/src/Illuminate/Pipeline/Pipeline.php(209): Livewire/Features/SupportDisablingBackButtonCache/DisableBackButtonCacheMiddleware->handle(Object(Illuminate/Http/Request), Object(Closure))
#62 C:/Users/DELL/growza/growza/vendor/laravel/framework/src/Illuminate/Foundation/Http/Middleware/TransformsRequest.php(21): Illuminate/Pipeline/Pipeline->{closure:{closure:Illuminate/Pipeline/Pipeline::carry():184}:185}(Object(Illuminate/Http/Request))
#63 C:/Users/DELL/growza/growza/vendor/laravel/framework/src/Illuminate/Foundation/Http/Middleware/ConvertEmptyStringsToNull.php(31): Illuminate/Foundation/Http/Middleware/TransformsRequest->handle(Object(Illuminate/Http/Request), Object(Closure))
#64 C:/Users/DELL/growza/growza/vendor/laravel/framework/src/Illuminate/Pipeline/Pipeline.php(209): Illuminate/Foundation/Http/Middleware/ConvertEmptyStringsToNull->handle(Object(Illuminate/Http/Request), Object(Closure))
#65 C:/Users/DELL/growza/growza/vendor/laravel/framework/src/Illuminate/Foundation/Http/Middleware/TransformsRequest.php(21): Illuminate/Pipeline/Pipeline->{closure:{closure:Illuminate/Pipeline/Pipeline::carry():184}:185}(Object(Illuminate/Http/Request))
#66 C:/Users/DELL/growza/growza/vendor/laravel/framework/src/Illuminate/Foundation/Http/Middleware/TrimStrings.php(51): Illuminate/Foundation/Http/Middleware/TransformsRequest->handle(Object(Illuminate/Http/Request), Object(Closure))
#67 C:/Users/DELL/growza/growza/vendor/laravel/framework/src/Illuminate/Pipeline/Pipeline.php(209): Illuminate/Foundation/Http/Middleware/TrimStrings->handle(Object(Illuminate/Http/Request), Object(Closure))
#68 C:/Users/DELL/growza/growza/vendor/laravel/framework/src/Illuminate/Http/Middleware/ValidatePostSize.php(27): Illuminate/Pipeline/Pipeline->{closure:{closure:Illuminate/Pipeline/Pipeline::carry():184}:185}(Object(Illuminate/Http/Request))
#69 C:/Users/DELL/growza/growza/vendor/laravel/framework/src/Illuminate/Pipeline/Pipeline.php(209): Illuminate/Http/Middleware/ValidatePostSize->handle(Object(Illuminate/Http/Request), Object(Closure))
#70 C:/Users/DELL/growza/growza/vendor/laravel/framework/src/Illuminate/Foundation/Http/Middleware/PreventRequestsDuringMaintenance.php(110): Illuminate/Pipeline/Pipeline->{closure:{closure:Illuminate/Pipeline/Pipeline::carry():184}:185}(Object(Illuminate/Http/Request))
#71 C:/Users/DELL/growza/growza/vendor/laravel/framework/src/Illuminate/Pipeline/Pipeline.php(209): Illuminate/Foundation/Http/Middleware/PreventRequestsDuringMaintenance->handle(Object(Illuminate/Http/Request), Object(Closure))
#72 C:/Users/DELL/growza/growza/vendor/laravel/framework/src/Illuminate/Http/Middleware/HandleCors.php(49): Illuminate/Pipeline/Pipeline->{closure:{closure:Illuminate/Pipeline/Pipeline::carry():184}:185}(Object(Illuminate/Http/Request))
#73 C:/Users/DELL/growza/growza/vendor/laravel/framework/src/Illuminate/Pipeline/Pipeline.php(209): Illuminate/Http/Middleware/HandleCors->handle(Object(Illuminate/Http/Request), Object(Closure))
#74 C:/Users/DELL/growza/growza/vendor/laravel/framework/src/Illuminate/Http/Middleware/TrustProxies.php(58): Illuminate/Pipeline/Pipeline->{closure:{closure:Illuminate/Pipeline/Pipeline::carry():184}:185}(Object(Illuminate/Http/Request))
#75 C:/Users/DELL/growza/growza/vendor/laravel/framework/src/Illuminate/Pipeline/Pipeline.php(209): Illuminate/Http/Middleware/TrustProxies->handle(Object(Illuminate/Http/Request), Object(Closure))
#76 C:/Users/DELL/growza/growza/vendor/laravel/framework/src/Illuminate/Foundation/Http/Middleware/InvokeDeferredCallbacks.php(22): Illuminate/Pipeline/Pipeline->{closure:{closure:Illuminate/Pipeline/Pipeline::carry():184}:185}(Object(Illuminate/Http/Request))
#77 C:/Users/DELL/growza/growza/vendor/laravel/framework/src/Illuminate/Pipeline/Pipeline.php(209): Illuminate/Foundation/Http/Middleware/InvokeDeferredCallbacks->handle(Object(Illuminate/Http/Request), Object(Closure))
#78 C:/Users/DELL/growza/growza/vendor/laravel/framework/src/Illuminate/Pipeline/Pipeline.php(127): Illuminate/Pipeline/Pipeline->{closure:{closure:Illuminate/Pipeline/Pipeline::carry():184}:185}(Object(Illuminate/Http/Request))
#79 C:/Users/DELL/growza/growza/vendor/laravel/framework/src/Illuminate/Foundation/Http/Kernel.php(176): Illuminate/Pipeline/Pipeline->then(Object(Closure))
#80 C:/Users/DELL/growza/growza/vendor/laravel/framework/src/Illuminate/Foundation/Http/Kernel.php(145): Illuminate/Foundation/Http/Kernel->sendRequestThroughRouter(Object(Illuminate/Http/Request))
#81 C:/Users/DELL/growza/growza/vendor/laravel/framework/src/Illuminate/Foundation/Testing/Concerns/MakesHttpRequests.php(607): Illuminate/Foundation/Http/Kernel->handle(Object(Illuminate/Http/Request))
#82 C:/Users/DELL/growza/growza/vendor/laravel/framework/src/Illuminate/Foundation/Testing/Concerns/MakesHttpRequests.php(397): Illuminate/Foundation/Testing/TestCase->call('POST', 'http://localhos...', Array, Array, Array, Array)
#83 [internal function]: Illuminate/Foundation/Testing/TestCase->post('http://localhos...', Array)
#84 C:/Users/DELL/growza/growza/vendor/pestphp/pest/src/Support/Reflection.php(38): ReflectionMethod->invoke(Object(P/Tests/Feature/AuthenticationTest), 'http://localhos...', Array)
#85 C:/Users/DELL/growza/growza/vendor/pestphp/pest/src/Support/HigherOrderMessage.php(59): Pest/Support/Reflection::call(Object(P/Tests/Feature/AuthenticationTest), 'post', Array)
#86 C:/Users/DELL/growza/growza/vendor/pestphp/pest/src/Support/HigherOrderTapProxy.php(66): Pest/Support/HigherOrderMessage->call(Object(P/Tests/Feature/AuthenticationTest))
#87 C:/Users/DELL/growza/growza/vendor/pestphp/pest-plugin-laravel/src/Http.php(209): Pest/Support/HigherOrderTapProxy->__call('post', Array)
#88 C:/Users/DELL/growza/growza/tests/Feature/AuthenticationTest.php(32): Pest/Laravel/post('http://localhos...', Array)
#89 C:/Users/DELL/growza/growza/vendor/pestphp/pest/src/Factories/TestCaseMethodFactory.php(110): P/Tests/Feature/AuthenticationTest->{closure:C:/Users/DELL/growza/growza/tests/Feature/AuthenticationTest.php:31}()
#90 [internal function]: P/Tests/Feature/AuthenticationTest->{closure:Pest/Factories/TestCaseMethodFactory::getClosure():102}()
#91 C:/Users/DELL/growza/growza/vendor/pestphp/pest/src/Concerns/Testable.php(339): call_user_func_array(Object(Closure), Array)
#92 C:/Users/DELL/growza/growza/vendor/pestphp/pest/src/Support/ExceptionTrace.php(26): P/Tests/Feature/AuthenticationTest->{closure:Pest/Concerns/Testable::__callClosure():339}()
#93 C:/Users/DELL/growza/growza/vendor/pestphp/pest/src/Concerns/Testable.php(339): Pest/Support/ExceptionTrace::ensure(Object(Closure))
#94 C:/Users/DELL/growza/growza/vendor/pestphp/pest/src/Concerns/Testable.php(256): P/Tests/Feature/AuthenticationTest->__callClosure(Object(Closure), Array)
#95 C:/Users/DELL/growza/growza/vendor/pestphp/pest/src/Factories/TestCaseFactory.php(197) : eval()'d code(41): P/Tests/Feature/AuthenticationTest->__runTest(Object(Closure))
#96 C:/Users/DELL/growza/growza/vendor/phpunit/phpunit/src/Framework/TestCase.php(1548): P/Tests/Feature/AuthenticationTest->__pest_evaluable_it_registers_a_user_with_the_required_fields()
#97 C:/Users/DELL/growza/growza/vendor/phpunit/phpunit/src/Framework/TestCase.php(686): PHPUnit/Framework/TestCase->runTest()
#98 C:/Users/DELL/growza/growza/vendor/phpunit/phpunit/src/Framework/TestRunner.php(106): PHPUnit/Framework/TestCase->runBare()
#99 C:/Users/DELL/growza/growza/vendor/phpunit/phpunit/src/Framework/TestCase.php(516): PHPUnit/Framework/TestRunner->run(Object(P/Tests/Feature/AuthenticationTest))
#100 C:/Users/DELL/growza/growza/vendor/phpunit/phpunit/src/Framework/TestSuite.php(374): PHPUnit/Framework/TestCase->run()
#101 C:/Users/DELL/growza/growza/vendor/phpunit/phpunit/src/Framework/TestSuite.php(374): PHPUnit/Framework/TestSuite->run()
#102 C:/Users/DELL/growza/growza/vendor/phpunit/phpunit/src/Framework/TestSuite.php(374): PHPUnit/Framework/TestSuite->run()
#103 C:/Users/DELL/growza/growza/vendor/phpunit/phpunit/src/TextUI/TestRunner.php(64): PHPUnit/Framework/TestSuite->run()
#104 C:/Users/DELL/growza/growza/vendor/phpunit/phpunit/src/TextUI/Application.php(204): PHPUnit/TextUI/TestRunner->run(Object(PHPUnit/TextUI/Configuration/Configuration), Object(PHPUnit/Runner/ResultCache/DefaultResultCache), Object(PHPUnit/Framework/TestSuite))
#105 C:/Users/DELL/growza/growza/vendor/pestphp/pest/src/Kernel.php(103): PHPUnit/TextUI/Application->run(Array)
#106 C:/Users/DELL/growza/growza/vendor/pestphp/pest/bin/pest(91): Pest/Kernel->handle(Array, Array)
#107 C:/Users/DELL/growza/growza/vendor/pestphp/pest/bin/pest(99): {closure:C:/Users/DELL/growza/growza/vendor/pestphp/pest/bin/pest:12}()
#108 {main}
"} 
[2026-09-22 20:37:20] testing.ERROR: cURL error 28: Connection timed out after 10000 milliseconds (see https://curl.se/libcurl/c/libcurl-errors.html) for https://api.pwnedpasswords.com/range/E8E64 {"exception":"[object] (Illuminate\\Http\\Client\\ConnectionException(code: 0): cURL error 28: Connection timed out after 10000 milliseconds (see https://curl.se/libcurl/c/libcurl-errors.html) for https://api.pwnedpasswords.com/range/E8E64 at C:/Users/DELL/growza/growza/vendor/laravel/framework/src/Illuminate/Http/Client/PendingRequest.php:941)
[stacktrace]
#0 C:/Users/DELL/growza/growza/vendor/laravel/framework/src/Illuminate/Support/helpers.php(338): Illuminate/Http/Client/PendingRequest->{closure:Illuminate/Http/Client/PendingRequest::send():905}(1)
#1 C:/Users/DELL/growza/growza/vendor/laravel/framework/src/Illuminate/Http/Client/PendingRequest.php(905): retry(0, Object(Closure), 100, Object(Closure))
#2 C:/Users/DELL/growza/growza/vendor/laravel/framework/src/Illuminate/Http/Client/PendingRequest.php(772): Illuminate/Http/Client/PendingRequest->send('GET', 'https://api.pwn...', Array)
#3 C:/Users/DELL/growza/growza/vendor/laravel/framework/src/Illuminate/Validation/NotPwnedVerifier.php(89): Illuminate/Http/Client/PendingRequest->get('https://api.pwn...')
#4 C:/Users/DELL/growza/growza/vendor/laravel/framework/src/Illuminate/Validation/NotPwnedVerifier.php(55): Illuminate/Validation/NotPwnedVerifier->search('E8E64')
#5 C:/Users/DELL/growza/growza/vendor/laravel/framework/src/Illuminate/Validation/Rules/Password.php(349): Illuminate/Validation/NotPwnedVerifier->verify(Array)
#6 C:/Users/DELL/growza/growza/vendor/laravel/framework/src/Illuminate/Validation/Validator.php(902): Illuminate/Validation/Rules/Password->passes('password', 'correct-horse-9...')
#7 C:/Users/DELL/growza/growza/vendor/laravel/framework/src/Illuminate/Validation/Validator.php(678): Illuminate/Validation/Validator->validateUsingCustomRule('password', 'correct-horse-9...', Object(Illuminate/Validation/Rules/Password))
#8 C:/Users/DELL/growza/growza/vendor/laravel/framework/src/Illuminate/Validation/Validator.php(481): Illuminate/Validation/Validator->validateAttribute('password', Object(Illuminate/Validation/Rules/Password))
#9 C:/Users/DELL/growza/growza/vendor/laravel/framework/src/Illuminate/Validation/Validator.php(516): Illuminate/Validation/Validator->passes()
#10 C:/Users/DELL/growza/growza/vendor/laravel/framework/src/Illuminate/Validation/Validator.php(558): Illuminate/Validation/Validator->fails()
#11 C:/Users/DELL/growza/growza/app/Domain/Auth/Actions/CreateNewUser.php(53): Illuminate/Validation/Validator->validate()
#12 C:/Users/DELL/growza/growza/vendor/laravel/fortify/src/Http/Controllers/RegisteredUserController.php(62): App/Domain/Auth/Actions/CreateNewUser->create(Array)
#13 C:/Users/DELL/growza/growza/vendor/laravel/framework/src/Illuminate/Routing/Controller.php(54): Laravel/Fortify/Http/Controllers/RegisteredUserController->store(Object(Illuminate/Http/Request), Object(App/Domain/Auth/Actions/CreateNewUser))
#14 C:/Users/DELL/growza/growza/vendor/laravel/framework/src/Illuminate/Routing/ControllerDispatcher.php(44): Illuminate/Routing/Controller->callAction('store', Array)
#15 C:/Users/DELL/growza/growza/vendor/laravel/framework/src/Illuminate/Routing/Route.php(266): Illuminate/Routing/ControllerDispatcher->dispatch(Object(Illuminate/Routing/Route), Object(Laravel/Fortify/Http/Controllers/RegisteredUserController), 'store')
#16 C:/Users/DELL/growza/growza/vendor/laravel/framework/src/Illuminate/Routing/Route.php(212): Illuminate/Routing/Route->runController()
#17 C:/Users/DELL/growza/growza/vendor/laravel/framework/src/Illuminate/Routing/Router.php(808): Illuminate/Routing/Route->run()
#18 C:/Users/DELL/growza/growza/vendor/laravel/framework/src/Illuminate/Pipeline/Pipeline.php(170): Illuminate/Routing/Router->{closure:Illuminate/Routing/Router::runRouteWithinStack():807}(Object(Illuminate/Http/Request))
#19 C:/Users/DELL/growza/growza/vendor/laravel/framework/src/Illuminate/Auth/Middleware/RedirectIfAuthenticated.php(35): Illuminate/Pipeline/Pipeline->{closure:Illuminate/Pipeline/Pipeline::prepareDestination():168}(Object(Illuminate/Http/Request))
#20 C:/Users/DELL/growza/growza/vendor/laravel/framework/src/Illuminate/Pipeline/Pipeline.php(209): Illuminate/Auth/Middleware/RedirectIfAuthenticated->handle(Object(Illuminate/Http/Request), Object(Closure), 'web')
#21 C:/Users/DELL/growza/growza/vendor/laravel/framework/src/Illuminate/Routing/Middleware/SubstituteBindings.php(51): Illuminate/Pipeline/Pipeline->{closure:{closure:Illuminate/Pipeline/Pipeline::carry():184}:185}(Object(Illuminate/Http/Request))
#22 C:/Users/DELL/growza/growza/vendor/laravel/framework/src/Illuminate/Pipeline/Pipeline.php(209): Illuminate/Routing/Middleware/SubstituteBindings->handle(Object(Illuminate/Http/Request), Object(Closure))
#23 C:/Users/DELL/growza/growza/vendor/laravel/framework/src/Illuminate/Foundation/Http/Middleware/VerifyCsrfToken.php(88): Illuminate/Pipeline/Pipeline->{closure:{closure:Illuminate/Pipeline/Pipeline::carry():184}:185}(Object(Illuminate/Http/Request))
#24 C:/Users/DELL/growza/growza/vendor/laravel/framework/src/Illuminate/Pipeline/Pipeline.php(209): Illuminate/Foundation/Http/Middleware/VerifyCsrfToken->handle(Object(Illuminate/Http/Request), Object(Closure))
#25 C:/Users/DELL/growza/growza/vendor/laravel/framework/src/Illuminate/View/Middleware/ShareErrorsFromSession.php(49): Illuminate/Pipeline/Pipeline->{closure:{closure:Illuminate/Pipeline/Pipeline::carry():184}:185}(Object(Illuminate/Http/Request))
#26 C:/Users/DELL/growza/growza/vendor/laravel/framework/src/Illuminate/Pipeline/Pipeline.php(209): Illuminate/View/Middleware/ShareErrorsFromSession->handle(Object(Illuminate/Http/Request), Object(Closure))
#27 C:/Users/DELL/growza/growza/vendor/laravel/framework/src/Illuminate/Session/Middleware/StartSession.php(121): Illuminate/Pipeline/Pipeline->{closure:{closure:Illuminate/Pipeline/Pipeline::carry():184}:185}(Object(Illuminate/Http/Request))
#28 C:/Users/DELL/growza/growza/vendor/laravel/framework/src/Illuminate/Session/Middleware/StartSession.php(64): Illuminate/Session/Middleware/StartSession->handleStatefulRequest(Object(Illuminate/Http/Request), Object(Illuminate/Session/Store), Object(Closure))
#29 C:/Users/DELL/growza/growza/vendor/laravel/framework/src/Illuminate/Pipeline/Pipeline.php(209): Illuminate/Session/Middleware/StartSession->handle(Object(Illuminate/Http/Request), Object(Closure))
#30 C:/Users/DELL/growza/growza/vendor/laravel/framework/src/Illuminate/Cookie/Middleware/AddQueuedCookiesToResponse.php(37): Illuminate/Pipeline/Pipeline->{closure:{closure:Illuminate/Pipeline/Pipeline::carry():184}:185}(Object(Illuminate/Http/Request))
#31 C:/Users/DELL/growza/growza/vendor/laravel/framework/src/Illuminate/Pipeline/Pipeline.php(209): Illuminate/Cookie/Middleware/AddQueuedCookiesToResponse->handle(Object(Illuminate/Http/Request), Object(Closure))
#32 C:/Users/DELL/growza/growza/vendor/laravel/framework/src/Illuminate/Cookie/Middleware/EncryptCookies.php(75): Illuminate/Pipeline/Pipeline->{closure:{closure:Illuminate/Pipeline/Pipeline::carry():184}:185}(Object(Illuminate/Http/Request))
#33 C:/Users/DELL/growza/growza/vendor/laravel/framework/src/Illuminate/Pipeline/Pipeline.php(209): Illuminate/Cookie/Middleware/EncryptCookies->handle(Object(Illuminate/Http/Request), Object(Closure))
#34 C:/Users/DELL/growza/growza/vendor/laravel/framework/src/Illuminate/Pipeline/Pipeline.php(127): Illuminate/Pipeline/Pipeline->{closure:{closure:Illuminate/Pipeline/Pipeline::carry():184}:185}(Object(Illuminate/Http/Request))
#35 C:/Users/DELL/growza/growza/vendor/laravel/framework/src/Illuminate/Routing/Router.php(807): Illuminate/Pipeline/Pipeline->then(Object(Closure))
#36 C:/Users/DELL/growza/growza/vendor/laravel/framework/src/Illuminate/Routing/Router.php(786): Illuminate/Routing/Router->runRouteWithinStack(Object(Illuminate/Routing/Route), Object(Illuminate/Http/Request))
#37 C:/Users/DELL/growza/growza/vendor/laravel/framework/src/Illuminate/Routing/Router.php(750): Illuminate/Routing/Router->runRoute(Object(Illuminate/Http/Request), Object(Illuminate/Routing/Route))
#38 C:/Users/DELL/growza/growza/vendor/laravel/framework/src/Illuminate/Routing/Router.php(739): Illuminate/Routing/Router->dispatchToRoute(Object(Illuminate/Http/Request))
#39 C:/Users/DELL/growza/growza/vendor/laravel/framework/src/Illuminate/Foundation/Http/Kernel.php(201): Illuminate/Routing/Router->dispatch(Object(Illuminate/Http/Request))
#40 C:/Users/DELL/growza/growza/vendor/laravel/framework/src/Illuminate/Pipeline/Pipeline.php(170): Illuminate/Foundation/Http/Kernel->{closure:Illuminate/Foundation/Http/Kernel::dispatchToRouter():198}(Object(Illuminate/Http/Request))
#41 C:/Users/DELL/growza/growza/vendor/livewire/livewire/src/Features/SupportDisablingBackButtonCache/DisableBackButtonCacheMiddleware.php(19): Illuminate/Pipeline/Pipeline->{closure:Illuminate/Pipeline/Pipeline::prepareDestination():168}(Object(Illuminate/Http/Request))
#42 C:/Users/DELL/growza/growza/vendor/laravel/framework/src/Illuminate/Pipeline/Pipeline.php(209): Livewire/Features/SupportDisablingBackButtonCache/DisableBackButtonCacheMiddleware->handle(Object(Illuminate/Http/Request), Object(Closure))
#43 C:/Users/DELL/growza/growza/vendor/laravel/framework/src/Illuminate/Foundation/Http/Middleware/TransformsRequest.php(21): Illuminate/Pipeline/Pipeline->{closure:{closure:Illuminate/Pipeline/Pipeline::carry():184}:185}(Object(Illuminate/Http/Request))
#44 C:/Users/DELL/growza/growza/vendor/laravel/framework/src/Illuminate/Foundation/Http/Middleware/ConvertEmptyStringsToNull.php(31): Illuminate/Foundation/Http/Middleware/TransformsRequest->handle(Object(Illuminate/Http/Request), Object(Closure))
#45 C:/Users/DELL/growza/growza/vendor/laravel/framework/src/Illuminate/Pipeline/Pipeline.php(209): Illuminate/Foundation/Http/Middleware/ConvertEmptyStringsToNull->handle(Object(Illuminate/Http/Request), Object(Closure))
#46 C:/Users/DELL/growza/growza/vendor/laravel/framework/src/Illuminate/Foundation/Http/Middleware/TransformsRequest.php(21): Illuminate/Pipeline/Pipeline->{closure:{closure:Illuminate/Pipeline/Pipeline::carry():184}:185}(Object(Illuminate/Http/Request))
#47 C:/Users/DELL/growza/growza/vendor/laravel/framework/src/Illuminate/Foundation/Http/Middleware/TrimStrings.php(51): Illuminate/Foundation/Http/Middleware/TransformsRequest->handle(Object(Illuminate/Http/Request), Object(Closure))
#48 C:/Users/DELL/growza/growza/vendor/laravel/framework/src/Illuminate/Pipeline/Pipeline.php(209): Illuminate/Foundation/Http/Middleware/TrimStrings->handle(Object(Illuminate/Http/Request), Object(Closure))
#49 C:/Users/DELL/growza/growza/vendor/laravel/framework/src/Illuminate/Http/Middleware/ValidatePostSize.php(27): Illuminate/Pipeline/Pipeline->{closure:{closure:Illuminate/Pipeline/Pipeline::carry():184}:185}(Object(Illuminate/Http/Request))
#50 C:/Users/DELL/growza/growza/vendor/laravel/framework/src/Illuminate/Pipeline/Pipeline.php(209): Illuminate/Http/Middleware/ValidatePostSize->handle(Object(Illuminate/Http/Request), Object(Closure))
#51 C:/Users/DELL/growza/growza/vendor/laravel/framework/src/Illuminate/Foundation/Http/Middleware/PreventRequestsDuringMaintenance.php(110): Illuminate/Pipeline/Pipeline->{closure:{closure:Illuminate/Pipeline/Pipeline::carry():184}:185}(Object(Illuminate/Http/Request))
#52 C:/Users/DELL/growza/growza/vendor/laravel/framework/src/Illuminate/Pipeline/Pipeline.php(209): Illuminate/Foundation/Http/Middleware/PreventRequestsDuringMaintenance->handle(Object(Illuminate/Http/Request), Object(Closure))
#53 C:/Users/DELL/growza/growza/vendor/laravel/framework/src/Illuminate/Http/Middleware/HandleCors.php(49): Illuminate/Pipeline/Pipeline->{closure:{closure:Illuminate/Pipeline/Pipeline::carry():184}:185}(Object(Illuminate/Http/Request))
#54 C:/Users/DELL/growza/growza/vendor/laravel/framework/src/Illuminate/Pipeline/Pipeline.php(209): Illuminate/Http/Middleware/HandleCors->handle(Object(Illuminate/Http/Request), Object(Closure))
#55 C:/Users/DELL/growza/growza/vendor/laravel/framework/src/Illuminate/Http/Middleware/TrustProxies.php(58): Illuminate/Pipeline/Pipeline->{closure:{closure:Illuminate/Pipeline/Pipeline::carry():184}:185}(Object(Illuminate/Http/Request))
#56 C:/Users/DELL/growza/growza/vendor/laravel/framework/src/Illuminate/Pipeline/Pipeline.php(209): Illuminate/Http/Middleware/TrustProxies->handle(Object(Illuminate/Http/Request), Object(Closure))
#57 C:/Users/DELL/growza/growza/vendor/laravel/framework/src/Illuminate/Foundation/Http/Middleware/InvokeDeferredCallbacks.php(22): Illuminate/Pipeline/Pipeline->{closure:{closure:Illuminate/Pipeline/Pipeline::carry():184}:185}(Object(Illuminate/Http/Request))
#58 C:/Users/DELL/growza/growza/vendor/laravel/framework/src/Illuminate/Pipeline/Pipeline.php(209): Illuminate/Foundation/Http/Middleware/InvokeDeferredCallbacks->handle(Object(Illuminate/Http/Request), Object(Closure))
#59 C:/Users/DELL/growza/growza/vendor/laravel/framework/src/Illuminate/Pipeline/Pipeline.php(127): Illuminate/Pipeline/Pipeline->{closure:{closure:Illuminate/Pipeline/Pipeline::carry():184}:185}(Object(Illuminate/Http/Request))
#60 C:/Users/DELL/growza/growza/vendor/laravel/framework/src/Illuminate/Foundation/Http/Kernel.php(176): Illuminate/Pipeline/Pipeline->then(Object(Closure))
#61 C:/Users/DELL/growza/growza/vendor/laravel/framework/src/Illuminate/Foundation/Http/Kernel.php(145): Illuminate/Foundation/Http/Kernel->sendRequestThroughRouter(Object(Illuminate/Http/Request))
#62 C:/Users/DELL/growza/growza/vendor/laravel/framework/src/Illuminate/Foundation/Testing/Concerns/MakesHttpRequests.php(607): Illuminate/Foundation/Http/Kernel->handle(Object(Illuminate/Http/Request))
#63 C:/Users/DELL/growza/growza/vendor/laravel/framework/src/Illuminate/Foundation/Testing/Concerns/MakesHttpRequests.php(397): Illuminate/Foundation/Testing/TestCase->call('POST', 'http://localhos...', Array, Array, Array, Array)
#64 [internal function]: Illuminate/Foundation/Testing/TestCase->post('http://localhos...', Array)
#65 C:/Users/DELL/growza/growza/vendor/pestphp/pest/src/Support/Reflection.php(38): ReflectionMethod->invoke(Object(P/Tests/Feature/AuthenticationTest), 'http://localhos...', Array)
#66 C:/Users/DELL/growza/growza/vendor/pestphp/pest/src/Support/HigherOrderMessage.php(59): Pest/Support/Reflection::call(Object(P/Tests/Feature/AuthenticationTest), 'post', Array)
#67 C:/Users/DELL/growza/growza/vendor/pestphp/pest/src/Support/HigherOrderTapProxy.php(66): Pest/Support/HigherOrderMessage->call(Object(P/Tests/Feature/AuthenticationTest))
#68 C:/Users/DELL/growza/growza/vendor/pestphp/pest-plugin-laravel/src/Http.php(209): Pest/Support/HigherOrderTapProxy->__call('post', Array)
#69 C:/Users/DELL/growza/growza/tests/Feature/AuthenticationTest.php(49): Pest/Laravel/post('http://localhos...', Array)
#70 C:/Users/DELL/growza/growza/vendor/pestphp/pest/src/Factories/TestCaseMethodFactory.php(110): P/Tests/Feature/AuthenticationTest->{closure:C:/Users/DELL/growza/growza/tests/Feature/AuthenticationTest.php:48}()
#71 [internal function]: P/Tests/Feature/AuthenticationTest->{closure:Pest/Factories/TestCaseMethodFactory::getClosure():102}()
#72 C:/Users/DELL/growza/growza/vendor/pestphp/pest/src/Concerns/Testable.php(339): call_user_func_array(Object(Closure), Array)
#73 C:/Users/DELL/growza/growza/vendor/pestphp/pest/src/Support/ExceptionTrace.php(26): P/Tests/Feature/AuthenticationTest->{closure:Pest/Concerns/Testable::__callClosure():339}()
#74 C:/Users/DELL/growza/growza/vendor/pestphp/pest/src/Concerns/Testable.php(339): Pest/Support/ExceptionTrace::ensure(Object(Closure))
#75 C:/Users/DELL/growza/growza/vendor/pestphp/pest/src/Concerns/Testable.php(256): P/Tests/Feature/AuthenticationTest->__callClosure(Object(Closure), Array)
#76 C:/Users/DELL/growza/growza/vendor/pestphp/pest/src/Factories/TestCaseFactory.php(197) : eval()'d code(56): P/Tests/Feature/AuthenticationTest->__runTest(Object(Closure))
#77 C:/Users/DELL/growza/growza/vendor/phpunit/phpunit/src/Framework/TestCase.php(1548): P/Tests/Feature/AuthenticationTest->__pest_evaluable_it_records_a_referral_code_at_registration_without_resolving_it()
#78 C:/Users/DELL/growza/growza/vendor/phpunit/phpunit/src/Framework/TestCase.php(686): PHPUnit/Framework/TestCase->runTest()
#79 C:/Users/DELL/growza/growza/vendor/phpunit/phpunit/src/Framework/TestRunner.php(106): PHPUnit/Framework/TestCase->runBare()
#80 C:/Users/DELL/growza/growza/vendor/phpunit/phpunit/src/Framework/TestCase.php(516): PHPUnit/Framework/TestRunner->run(Object(P/Tests/Feature/AuthenticationTest))
#81 C:/Users/DELL/growza/growza/vendor/phpunit/phpunit/src/Framework/TestSuite.php(374): PHPUnit/Framework/TestCase->run()
#82 C:/Users/DELL/growza/growza/vendor/phpunit/phpunit/src/Framework/TestSuite.php(374): PHPUnit/Framework/TestSuite->run()
#83 C:/Users/DELL/growza/growza/vendor/phpunit/phpunit/src/Framework/TestSuite.php(374): PHPUnit/Framework/TestSuite->run()
#84 C:/Users/DELL/growza/growza/vendor/phpunit/phpunit/src/TextUI/TestRunner.php(64): PHPUnit/Framework/TestSuite->run()
#85 C:/Users/DELL/growza/growza/vendor/phpunit/phpunit/src/TextUI/Application.php(204): PHPUnit/TextUI/TestRunner->run(Object(PHPUnit/TextUI/Configuration/Configuration), Object(PHPUnit/Runner/ResultCache/DefaultResultCache), Object(PHPUnit/Framework/TestSuite))
#86 C:/Users/DELL/growza/growza/vendor/pestphp/pest/src/Kernel.php(103): PHPUnit/TextUI/Application->run(Array)
#87 C:/Users/DELL/growza/growza/vendor/pestphp/pest/bin/pest(91): Pest/Kernel->handle(Array, Array)
#88 C:/Users/DELL/growza/growza/vendor/pestphp/pest/bin/pest(99): {closure:C:/Users/DELL/growza/growza/vendor/pestphp/pest/bin/pest:12}()
#89 {main}

[previous exception] [object] (GuzzleHttp\\Exception\\ConnectException(code: 0): cURL error 28: Connection timed out after 10000 milliseconds (see https://curl.se/libcurl/c/libcurl-errors.html) for https://api.pwnedpasswords.com/range/E8E64 at C:/Users/DELL/growza/growza/vendor/guzzlehttp/guzzle/src/Handler/CurlFactory.php:1140)
[stacktrace]
#0 C:/Users/DELL/growza/growza/vendor/guzzlehttp/guzzle/src/Handler/CurlFactory.php(1077): GuzzleHttp/Handler/CurlFactory::createRejection(Object(GuzzleHttp/Handler/EasyHandle), Array)
#1 C:/Users/DELL/growza/growza/vendor/guzzlehttp/guzzle/src/Handler/CurlFactory.php(1014): GuzzleHttp/Handler/CurlFactory::finishError(Object(GuzzleHttp/Handler/CurlHandler), Object(GuzzleHttp/Handler/EasyHandle), Object(GuzzleHttp/Handler/CurlFactory))
#2 C:/Users/DELL/growza/growza/vendor/guzzlehttp/guzzle/src/Handler/CurlHandler.php(88): GuzzleHttp/Handler/CurlFactory::finish(Object(GuzzleHttp/Handler/CurlHandler), Object(GuzzleHttp/Handler/EasyHandle), Object(GuzzleHttp/Handler/CurlFactory))
#3 C:/Users/DELL/growza/growza/vendor/guzzlehttp/guzzle/src/Handler/Proxy.php(28): GuzzleHttp/Handler/CurlHandler->__invoke(Object(GuzzleHttp/Psr7/Request), Array)
#4 C:/Users/DELL/growza/growza/vendor/guzzlehttp/guzzle/src/Handler/Proxy.php(68): GuzzleHttp/Handler/Proxy::{closure:GuzzleHttp/Handler/Proxy::wrapSync():27}(Object(GuzzleHttp/Psr7/Request), Array)
#5 C:/Users/DELL/growza/growza/vendor/guzzlehttp/guzzle/src/Handler/Proxy.php(48): GuzzleHttp/Handler/Proxy::{closure:GuzzleHttp/Handler/Proxy::wrapTlsFallback():63}(Object(GuzzleHttp/Psr7/Request), Array)
#6 C:/Users/DELL/growza/growza/vendor/laravel/framework/src/Illuminate/Http/Client/PendingRequest.php(1340): GuzzleHttp/Handler/Proxy::{closure:GuzzleHttp/Handler/Proxy::wrapStreaming():47}(Object(GuzzleHttp/Psr7/Request), Array)
#7 C:/Users/DELL/growza/growza/vendor/laravel/framework/src/Illuminate/Http/Client/PendingRequest.php(1306): Illuminate/Http/Client/PendingRequest->{closure:{closure:Illuminate/Http/Client/PendingRequest::buildStubHandler():1327}:1328}(Object(GuzzleHttp/Psr7/Request), Array)
#8 C:/Users/DELL/growza/growza/vendor/laravel/framework/src/Illuminate/Http/Client/PendingRequest.php(1292): Illuminate/Http/Client/PendingRequest->{closure:{closure:Illuminate/Http/Client/PendingRequest::buildRecorderHandler():1304}:1305}(Object(GuzzleHttp/Psr7/Request), Array)
#9 C:/Users/DELL/growza/growza/vendor/guzzlehttp/guzzle/src/PrepareBodyMiddleware.php(35): Illuminate/Http/Client/PendingRequest->{closure:{closure:Illuminate/Http/Client/PendingRequest::buildBeforeSendingHandler():1290}:1291}(Object(GuzzleHttp/Psr7/Request), Array)
#10 C:/Users/DELL/growza/growza/vendor/guzzlehttp/guzzle/src/Middleware.php(38): GuzzleHttp/PrepareBodyMiddleware->__invoke(Object(GuzzleHttp/Psr7/Request), Array)
#11 C:/Users/DELL/growza/growza/vendor/guzzlehttp/guzzle/src/RedirectMiddleware.php(72): GuzzleHttp/Middleware::{closure:{closure:GuzzleHttp/Middleware::cookies():28}:29}(Object(GuzzleHttp/Psr7/Request), Array)
#12 C:/Users/DELL/growza/growza/vendor/guzzlehttp/guzzle/src/Middleware.php(63): GuzzleHttp/RedirectMiddleware->__invoke(Object(GuzzleHttp/Psr7/Request), Array)
#13 C:/Users/DELL/growza/growza/vendor/guzzlehttp/guzzle/src/HandlerStack.php(75): GuzzleHttp/Middleware::{closure:{closure:GuzzleHttp/Middleware::httpErrors():60}:61}(Object(GuzzleHttp/Psr7/Request), Array)
#14 C:/Users/DELL/growza/growza/vendor/guzzlehttp/guzzle/src/Client.php(1109): GuzzleHttp/HandlerStack->__invoke(Object(GuzzleHttp/Psr7/Request), Array)
#15 C:/Users/DELL/growza/growza/vendor/guzzlehttp/guzzle/src/Client.php(243): GuzzleHttp/Client->transfer(Object(GuzzleHttp/Psr7/Request), Array)
#16 C:/Users/DELL/growza/growza/vendor/guzzlehttp/guzzle/src/Client.php(273): GuzzleHttp/Client->requestAsync('GET', Object(GuzzleHttp/Psr7/Uri), Array)
#17 C:/Users/DELL/growza/growza/vendor/laravel/framework/src/Illuminate/Http/Client/PendingRequest.php(1138): GuzzleHttp/Client->request('GET', 'https://api.pwn...', Array)
#18 C:/Users/DELL/growza/growza/vendor/laravel/framework/src/Illuminate/Http/Client/PendingRequest.php(907): Illuminate/Http/Client/PendingRequest->sendRequest('GET', 'https://api.pwn...', Array)
#19 C:/Users/DELL/growza/growza/vendor/laravel/framework/src/Illuminate/Support/helpers.php(338): Illuminate/Http/Client/PendingRequest->{closure:Illuminate/Http/Client/PendingRequest::send():905}(1)
#20 C:/Users/DELL/growza/growza/vendor/laravel/framework/src/Illuminate/Http/Client/PendingRequest.php(905): retry(0, Object(Closure), 100, Object(Closure))
#21 C:/Users/DELL/growza/growza/vendor/laravel/framework/src/Illuminate/Http/Client/PendingRequest.php(772): Illuminate/Http/Client/PendingRequest->send('GET', 'https://api.pwn...', Array)
#22 C:/Users/DELL/growza/growza/vendor/laravel/framework/src/Illuminate/Validation/NotPwnedVerifier.php(89): Illuminate/Http/Client/PendingRequest->get('https://api.pwn...')
#23 C:/Users/DELL/growza/growza/vendor/laravel/framework/src/Illuminate/Validation/NotPwnedVerifier.php(55): Illuminate/Validation/NotPwnedVerifier->search('E8E64')
#24 C:/Users/DELL/growza/growza/vendor/laravel/framework/src/Illuminate/Validation/Rules/Password.php(349): Illuminate/Validation/NotPwnedVerifier->verify(Array)
#25 C:/Users/DELL/growza/growza/vendor/laravel/framework/src/Illuminate/Validation/Validator.php(902): Illuminate/Validation/Rules/Password->passes('password', 'correct-horse-9...')
#26 C:/Users/DELL/growza/growza/vendor/laravel/framework/src/Illuminate/Validation/Validator.php(678): Illuminate/Validation/Validator->validateUsingCustomRule('password', 'correct-horse-9...', Object(Illuminate/Validation/Rules/Password))
#27 C:/Users/DELL/growza/growza/vendor/laravel/framework/src/Illuminate/Validation/Validator.php(481): Illuminate/Validation/Validator->validateAttribute('password', Object(Illuminate/Validation/Rules/Password))
#28 C:/Users/DELL/growza/growza/vendor/laravel/framework/src/Illuminate/Validation/Validator.php(516): Illuminate/Validation/Validator->passes()
#29 C:/Users/DELL/growza/growza/vendor/laravel/framework/src/Illuminate/Validation/Validator.php(558): Illuminate/Validation/Validator->fails()
#30 C:/Users/DELL/growza/growza/app/Domain/Auth/Actions/CreateNewUser.php(53): Illuminate/Validation/Validator->validate()
#31 C:/Users/DELL/growza/growza/vendor/laravel/fortify/src/Http/Controllers/RegisteredUserController.php(62): App/Domain/Auth/Actions/CreateNewUser->create(Array)
#32 C:/Users/DELL/growza/growza/vendor/laravel/framework/src/Illuminate/Routing/Controller.php(54): Laravel/Fortify/Http/Controllers/RegisteredUserController->store(Object(Illuminate/Http/Request), Object(App/Domain/Auth/Actions/CreateNewUser))
#33 C:/Users/DELL/growza/growza/vendor/laravel/framework/src/Illuminate/Routing/ControllerDispatcher.php(44): Illuminate/Routing/Controller->callAction('store', Array)
#34 C:/Users/DELL/growza/growza/vendor/laravel/framework/src/Illuminate/Routing/Route.php(266): Illuminate/Routing/ControllerDispatcher->dispatch(Object(Illuminate/Routing/Route), Object(Laravel/Fortify/Http/Controllers/RegisteredUserController), 'store')
#35 C:/Users/DELL/growza/growza/vendor/laravel/framework/src/Illuminate/Routing/Route.php(212): Illuminate/Routing/Route->runController()
#36 C:/Users/DELL/growza/growza/vendor/laravel/framework/src/Illuminate/Routing/Router.php(808): Illuminate/Routing/Route->run()
#37 C:/Users/DELL/growza/growza/vendor/laravel/framework/src/Illuminate/Pipeline/Pipeline.php(170): Illuminate/Routing/Router->{closure:Illuminate/Routing/Router::runRouteWithinStack():807}(Object(Illuminate/Http/Request))
#38 C:/Users/DELL/growza/growza/vendor/laravel/framework/src/Illuminate/Auth/Middleware/RedirectIfAuthenticated.php(35): Illuminate/Pipeline/Pipeline->{closure:Illuminate/Pipeline/Pipeline::prepareDestination():168}(Object(Illuminate/Http/Request))
#39 C:/Users/DELL/growza/growza/vendor/laravel/framework/src/Illuminate/Pipeline/Pipeline.php(209): Illuminate/Auth/Middleware/RedirectIfAuthenticated->handle(Object(Illuminate/Http/Request), Object(Closure), 'web')
#40 C:/Users/DELL/growza/growza/vendor/laravel/framework/src/Illuminate/Routing/Middleware/SubstituteBindings.php(51): Illuminate/Pipeline/Pipeline->{closure:{closure:Illuminate/Pipeline/Pipeline::carry():184}:185}(Object(Illuminate/Http/Request))
#41 C:/Users/DELL/growza/growza/vendor/laravel/framework/src/Illuminate/Pipeline/Pipeline.php(209): Illuminate/Routing/Middleware/SubstituteBindings->handle(Object(Illuminate/Http/Request), Object(Closure))
#42 C:/Users/DELL/growza/growza/vendor/laravel/framework/src/Illuminate/Foundation/Http/Middleware/VerifyCsrfToken.php(88): Illuminate/Pipeline/Pipeline->{closure:{closure:Illuminate/Pipeline/Pipeline::carry():184}:185}(Object(Illuminate/Http/Request))
#43 C:/Users/DELL/growza/growza/vendor/laravel/framework/src/Illuminate/Pipeline/Pipeline.php(209): Illuminate/Foundation/Http/Middleware/VerifyCsrfToken->handle(Object(Illuminate/Http/Request), Object(Closure))
#44 C:/Users/DELL/growza/growza/vendor/laravel/framework/src/Illuminate/View/Middleware/ShareErrorsFromSession.php(49): Illuminate/Pipeline/Pipeline->{closure:{closure:Illuminate/Pipeline/Pipeline::carry():184}:185}(Object(Illuminate/Http/Request))
#45 C:/Users/DELL/growza/growza/vendor/laravel/framework/src/Illuminate/Pipeline/Pipeline.php(209): Illuminate/View/Middleware/ShareErrorsFromSession->handle(Object(Illuminate/Http/Request), Object(Closure))
#46 C:/Users/DELL/growza/growza/vendor/laravel/framework/src/Illuminate/Session/Middleware/StartSession.php(121): Illuminate/Pipeline/Pipeline->{closure:{closure:Illuminate/Pipeline/Pipeline::carry():184}:185}(Object(Illuminate/Http/Request))
#47 C:/Users/DELL/growza/growza/vendor/laravel/framework/src/Illuminate/Session/Middleware/StartSession.php(64): Illuminate/Session/Middleware/StartSession->handleStatefulRequest(Object(Illuminate/Http/Request), Object(Illuminate/Session/Store), Object(Closure))
#48 C:/Users/DELL/growza/growza/vendor/laravel/framework/src/Illuminate/Pipeline/Pipeline.php(209): Illuminate/Session/Middleware/StartSession->handle(Object(Illuminate/Http/Request), Object(Closure))
#49 C:/Users/DELL/growza/growza/vendor/laravel/framework/src/Illuminate/Cookie/Middleware/AddQueuedCookiesToResponse.php(37): Illuminate/Pipeline/Pipeline->{closure:{closure:Illuminate/Pipeline/Pipeline::carry():184}:185}(Object(Illuminate/Http/Request))
#50 C:/Users/DELL/growza/growza/vendor/laravel/framework/src/Illuminate/Pipeline/Pipeline.php(209): Illuminate/Cookie/Middleware/AddQueuedCookiesToResponse->handle(Object(Illuminate/Http/Request), Object(Closure))
#51 C:/Users/DELL/growza/growza/vendor/laravel/framework/src/Illuminate/Cookie/Middleware/EncryptCookies.php(75): Illuminate/Pipeline/Pipeline->{closure:{closure:Illuminate/Pipeline/Pipeline::carry():184}:185}(Object(Illuminate/Http/Request))
#52 C:/Users/DELL/growza/growza/vendor/laravel/framework/src/Illuminate/Pipeline/Pipeline.php(209): Illuminate/Cookie/Middleware/EncryptCookies->handle(Object(Illuminate/Http/Request), Object(Closure))
#53 C:/Users/DELL/growza/growza/vendor/laravel/framework/src/Illuminate/Pipeline/Pipeline.php(127): Illuminate/Pipeline/Pipeline->{closure:{closure:Illuminate/Pipeline/Pipeline::carry():184}:185}(Object(Illuminate/Http/Request))
#54 C:/Users/DELL/growza/growza/vendor/laravel/framework/src/Illuminate/Routing/Router.php(807): Illuminate/Pipeline/Pipeline->then(Object(Closure))
#55 C:/Users/DELL/growza/growza/vendor/laravel/framework/src/Illuminate/Routing/Router.php(786): Illuminate/Routing/Router->runRouteWithinStack(Object(Illuminate/Routing/Route), Object(Illuminate/Http/Request))
#56 C:/Users/DELL/growza/growza/vendor/laravel/framework/src/Illuminate/Routing/Router.php(750): Illuminate/Routing/Router->runRoute(Object(Illuminate/Http/Request), Object(Illuminate/Routing/Route))
#57 C:/Users/DELL/growza/growza/vendor/laravel/framework/src/Illuminate/Routing/Router.php(739): Illuminate/Routing/Router->dispatchToRoute(Object(Illuminate/Http/Request))
#58 C:/Users/DELL/growza/growza/vendor/laravel/framework/src/Illuminate/Foundation/Http/Kernel.php(201): Illuminate/Routing/Router->dispatch(Object(Illuminate/Http/Request))
#59 C:/Users/DELL/growza/growza/vendor/laravel/framework/src/Illuminate/Pipeline/Pipeline.php(170): Illuminate/Foundation/Http/Kernel->{closure:Illuminate/Foundation/Http/Kernel::dispatchToRouter():198}(Object(Illuminate/Http/Request))
#60 C:/Users/DELL/growza/growza/vendor/livewire/livewire/src/Features/SupportDisablingBackButtonCache/DisableBackButtonCacheMiddleware.php(19): Illuminate/Pipeline/Pipeline->{closure:Illuminate/Pipeline/Pipeline::prepareDestination():168}(Object(Illuminate/Http/Request))
#61 C:/Users/DELL/growza/growza/vendor/laravel/framework/src/Illuminate/Pipeline/Pipeline.php(209): Livewire/Features/SupportDisablingBackButtonCache/DisableBackButtonCacheMiddleware->handle(Object(Illuminate/Http/Request), Object(Closure))
#62 C:/Users/DELL/growza/growza/vendor/laravel/framework/src/Illuminate/Foundation/Http/Middleware/TransformsRequest.php(21): Illuminate/Pipeline/Pipeline->{closure:{closure:Illuminate/Pipeline/Pipeline::carry():184}:185}(Object(Illuminate/Http/Request))
#63 C:/Users/DELL/growza/growza/vendor/laravel/framework/src/Illuminate/Foundation/Http/Middleware/ConvertEmptyStringsToNull.php(31): Illuminate/Foundation/Http/Middleware/TransformsRequest->handle(Object(Illuminate/Http/Request), Object(Closure))
#64 C:/Users/DELL/growza/growza/vendor/laravel/framework/src/Illuminate/Pipeline/Pipeline.php(209): Illuminate/Foundation/Http/Middleware/ConvertEmptyStringsToNull->handle(Object(Illuminate/Http/Request), Object(Closure))
#65 C:/Users/DELL/growza/growza/vendor/laravel/framework/src/Illuminate/Foundation/Http/Middleware/TransformsRequest.php(21): Illuminate/Pipeline/Pipeline->{closure:{closure:Illuminate/Pipeline/Pipeline::carry():184}:185}(Object(Illuminate/Http/Request))
#66 C:/Users/DELL/growza/growza/vendor/laravel/framework/src/Illuminate/Foundation/Http/Middleware/TrimStrings.php(51): Illuminate/Foundation/Http/Middleware/TransformsRequest->handle(Object(Illuminate/Http/Request), Object(Closure))
#67 C:/Users/DELL/growza/growza/vendor/laravel/framework/src/Illuminate/Pipeline/Pipeline.php(209): Illuminate/Foundation/Http/Middleware/TrimStrings->handle(Object(Illuminate/Http/Request), Object(Closure))
#68 C:/Users/DELL/growza/growza/vendor/laravel/framework/src/Illuminate/Http/Middleware/ValidatePostSize.php(27): Illuminate/Pipeline/Pipeline->{closure:{closure:Illuminate/Pipeline/Pipeline::carry():184}:185}(Object(Illuminate/Http/Request))
#69 C:/Users/DELL/growza/growza/vendor/laravel/framework/src/Illuminate/Pipeline/Pipeline.php(209): Illuminate/Http/Middleware/ValidatePostSize->handle(Object(Illuminate/Http/Request), Object(Closure))
#70 C:/Users/DELL/growza/growza/vendor/laravel/framework/src/Illuminate/Foundation/Http/Middleware/PreventRequestsDuringMaintenance.php(110): Illuminate/Pipeline/Pipeline->{closure:{closure:Illuminate/Pipeline/Pipeline::carry():184}:185}(Object(Illuminate/Http/Request))
#71 C:/Users/DELL/growza/growza/vendor/laravel/framework/src/Illuminate/Pipeline/Pipeline.php(209): Illuminate/Foundation/Http/Middleware/PreventRequestsDuringMaintenance->handle(Object(Illuminate/Http/Request), Object(Closure))
#72 C:/Users/DELL/growza/growza/vendor/laravel/framework/src/Illuminate/Http/Middleware/HandleCors.php(49): Illuminate/Pipeline/Pipeline->{closure:{closure:Illuminate/Pipeline/Pipeline::carry():184}:185}(Object(Illuminate/Http/Request))
#73 C:/Users/DELL/growza/growza/vendor/laravel/framework/src/Illuminate/Pipeline/Pipeline.php(209): Illuminate/Http/Middleware/HandleCors->handle(Object(Illuminate/Http/Request), Object(Closure))
#74 C:/Users/DELL/growza/growza/vendor/laravel/framework/src/Illuminate/Http/Middleware/TrustProxies.php(58): Illuminate/Pipeline/Pipeline->{closure:{closure:Illuminate/Pipeline/Pipeline::carry():184}:185}(Object(Illuminate/Http/Request))
#75 C:/Users/DELL/growza/growza/vendor/laravel/framework/src/Illuminate/Pipeline/Pipeline.php(209): Illuminate/Http/Middleware/TrustProxies->handle(Object(Illuminate/Http/Request), Object(Closure))
#76 C:/Users/DELL/growza/growza/vendor/laravel/framework/src/Illuminate/Foundation/Http/Middleware/InvokeDeferredCallbacks.php(22): Illuminate/Pipeline/Pipeline->{closure:{closure:Illuminate/Pipeline/Pipeline::carry():184}:185}(Object(Illuminate/Http/Request))
#77 C:/Users/DELL/growza/growza/vendor/laravel/framework/src/Illuminate/Pipeline/Pipeline.php(209): Illuminate/Foundation/Http/Middleware/InvokeDeferredCallbacks->handle(Object(Illuminate/Http/Request), Object(Closure))
#78 C:/Users/DELL/growza/growza/vendor/laravel/framework/src/Illuminate/Pipeline/Pipeline.php(127): Illuminate/Pipeline/Pipeline->{closure:{closure:Illuminate/Pipeline/Pipeline::carry():184}:185}(Object(Illuminate/Http/Request))
#79 C:/Users/DELL/growza/growza/vendor/laravel/framework/src/Illuminate/Foundation/Http/Kernel.php(176): Illuminate/Pipeline/Pipeline->then(Object(Closure))
#80 C:/Users/DELL/growza/growza/vendor/laravel/framework/src/Illuminate/Foundation/Http/Kernel.php(145): Illuminate/Foundation/Http/Kernel->sendRequestThroughRouter(Object(Illuminate/Http/Request))
#81 C:/Users/DELL/growza/growza/vendor/laravel/framework/src/Illuminate/Foundation/Testing/Concerns/MakesHttpRequests.php(607): Illuminate/Foundation/Http/Kernel->handle(Object(Illuminate/Http/Request))
#82 C:/Users/DELL/growza/growza/vendor/laravel/framework/src/Illuminate/Foundation/Testing/Concerns/MakesHttpRequests.php(397): Illuminate/Foundation/Testing/TestCase->call('POST', 'http://localhos...', Array, Array, Array, Array)
#83 [internal function]: Illuminate/Foundation/Testing/TestCase->post('http://localhos...', Array)
#84 C:/Users/DELL/growza/growza/vendor/pestphp/pest/src/Support/Reflection.php(38): ReflectionMethod->invoke(Object(P/Tests/Feature/AuthenticationTest), 'http://localhos...', Array)
#85 C:/Users/DELL/growza/growza/vendor/pestphp/pest/src/Support/HigherOrderMessage.php(59): Pest/Support/Reflection::call(Object(P/Tests/Feature/AuthenticationTest), 'post', Array)
#86 C:/Users/DELL/growza/growza/vendor/pestphp/pest/src/Support/HigherOrderTapProxy.php(66): Pest/Support/HigherOrderMessage->call(Object(P/Tests/Feature/AuthenticationTest))
#87 C:/Users/DELL/growza/growza/vendor/pestphp/pest-plugin-laravel/src/Http.php(209): Pest/Support/HigherOrderTapProxy->__call('post', Array)
#88 C:/Users/DELL/growza/growza/tests/Feature/AuthenticationTest.php(49): Pest/Laravel/post('http://localhos...', Array)
#89 C:/Users/DELL/growza/growza/vendor/pestphp/pest/src/Factories/TestCaseMethodFactory.php(110): P/Tests/Feature/AuthenticationTest->{closure:C:/Users/DELL/growza/growza/tests/Feature/AuthenticationTest.php:48}()
#90 [internal function]: P/Tests/Feature/AuthenticationTest->{closure:Pest/Factories/TestCaseMethodFactory::getClosure():102}()
#91 C:/Users/DELL/growza/growza/vendor/pestphp/pest/src/Concerns/Testable.php(339): call_user_func_array(Object(Closure), Array)
#92 C:/Users/DELL/growza/growza/vendor/pestphp/pest/src/Support/ExceptionTrace.php(26): P/Tests/Feature/AuthenticationTest->{closure:Pest/Concerns/Testable::__callClosure():339}()
#93 C:/Users/DELL/growza/growza/vendor/pestphp/pest/src/Concerns/Testable.php(339): Pest/Support/ExceptionTrace::ensure(Object(Closure))
#94 C:/Users/DELL/growza/growza/vendor/pestphp/pest/src/Concerns/Testable.php(256): P/Tests/Feature/AuthenticationTest->__callClosure(Object(Closure), Array)
#95 C:/Users/DELL/growza/growza/vendor/pestphp/pest/src/Factories/TestCaseFactory.php(197) : eval()'d code(56): P/Tests/Feature/AuthenticationTest->__runTest(Object(Closure))
#96 C:/Users/DELL/growza/growza/vendor/phpunit/phpunit/src/Framework/TestCase.php(1548): P/Tests/Feature/AuthenticationTest->__pest_evaluable_it_records_a_referral_code_at_registration_without_resolving_it()
#97 C:/Users/DELL/growza/growza/vendor/phpunit/phpunit/src/Framework/TestCase.php(686): PHPUnit/Framework/TestCase->runTest()
#98 C:/Users/DELL/growza/growza/vendor/phpunit/phpunit/src/Framework/TestRunner.php(106): PHPUnit/Framework/TestCase->runBare()
#99 C:/Users/DELL/growza/growza/vendor/phpunit/phpunit/src/Framework/TestCase.php(516): PHPUnit/Framework/TestRunner->run(Object(P/Tests/Feature/AuthenticationTest))
#100 C:/Users/DELL/growza/growza/vendor/phpunit/phpunit/src/Framework/TestSuite.php(374): PHPUnit/Framework/TestCase->run()
#101 C:/Users/DELL/growza/growza/vendor/phpunit/phpunit/src/Framework/TestSuite.php(374): PHPUnit/Framework/TestSuite->run()
#102 C:/Users/DELL/growza/growza/vendor/phpunit/phpunit/src/Framework/TestSuite.php(374): PHPUnit/Framework/TestSuite->run()
#103 C:/Users/DELL/growza/growza/vendor/phpunit/phpunit/src/TextUI/TestRunner.php(64): PHPUnit/Framework/TestSuite->run()
#104 C:/Users/DELL/growza/growza/vendor/phpunit/phpunit/src/TextUI/Application.php(204): PHPUnit/TextUI/TestRunner->run(Object(PHPUnit/TextUI/Configuration/Configuration), Object(PHPUnit/Runner/ResultCache/DefaultResultCache), Object(PHPUnit/Framework/TestSuite))
#105 C:/Users/DELL/growza/growza/vendor/pestphp/pest/src/Kernel.php(103): PHPUnit/TextUI/Application->run(Array)
#106 C:/Users/DELL/growza/growza/vendor/pestphp/pest/bin/pest(91): Pest/Kernel->handle(Array, Array)
#107 C:/Users/DELL/growza/growza/vendor/pestphp/pest/bin/pest(99): {closure:C:/Users/DELL/growza/growza/vendor/pestphp/pest/bin/pest:12}()
#108 {main}
"} 
[2026-09-22 20:37:30] testing.ERROR: cURL error 28: Connection timed out after 10000 milliseconds (see https://curl.se/libcurl/c/libcurl-errors.html) for https://api.pwnedpasswords.com/range/E8E64 {"exception":"[object] (Illuminate\\Http\\Client\\ConnectionException(code: 0): cURL error 28: Connection timed out after 10000 milliseconds (see https://curl.se/libcurl/c/libcurl-errors.html) for https://api.pwnedpasswords.com/range/E8E64 at C:/Users/DELL/growza/growza/vendor/laravel/framework/src/Illuminate/Http/Client/PendingRequest.php:941)
[stacktrace]
#0 C:/Users/DELL/growza/growza/vendor/laravel/framework/src/Illuminate/Support/helpers.php(338): Illuminate/Http/Client/PendingRequest->{closure:Illuminate/Http/Client/PendingRequest::send():905}(1)
#1 C:/Users/DELL/growza/growza/vendor/laravel/framework/src/Illuminate/Http/Client/PendingRequest.php(905): retry(0, Object(Closure), 100, Object(Closure))
#2 C:/Users/DELL/growza/growza/vendor/laravel/framework/src/Illuminate/Http/Client/PendingRequest.php(772): Illuminate/Http/Client/PendingRequest->send('GET', 'https://api.pwn...', Array)
#3 C:/Users/DELL/growza/growza/vendor/laravel/framework/src/Illuminate/Validation/NotPwnedVerifier.php(89): Illuminate/Http/Client/PendingRequest->get('https://api.pwn...')
#4 C:/Users/DELL/growza/growza/vendor/laravel/framework/src/Illuminate/Validation/NotPwnedVerifier.php(55): Illuminate/Validation/NotPwnedVerifier->search('E8E64')
#5 C:/Users/DELL/growza/growza/vendor/laravel/framework/src/Illuminate/Validation/Rules/Password.php(349): Illuminate/Validation/NotPwnedVerifier->verify(Array)
#6 C:/Users/DELL/growza/growza/vendor/laravel/framework/src/Illuminate/Validation/Validator.php(902): Illuminate/Validation/Rules/Password->passes('password', 'correct-horse-9...')
#7 C:/Users/DELL/growza/growza/vendor/laravel/framework/src/Illuminate/Validation/Validator.php(678): Illuminate/Validation/Validator->validateUsingCustomRule('password', 'correct-horse-9...', Object(Illuminate/Validation/Rules/Password))
#8 C:/Users/DELL/growza/growza/vendor/laravel/framework/src/Illuminate/Validation/Validator.php(481): Illuminate/Validation/Validator->validateAttribute('password', Object(Illuminate/Validation/Rules/Password))
#9 C:/Users/DELL/growza/growza/vendor/laravel/framework/src/Illuminate/Validation/Validator.php(516): Illuminate/Validation/Validator->passes()
#10 C:/Users/DELL/growza/growza/vendor/laravel/framework/src/Illuminate/Validation/Validator.php(558): Illuminate/Validation/Validator->fails()
#11 C:/Users/DELL/growza/growza/app/Domain/Auth/Actions/CreateNewUser.php(53): Illuminate/Validation/Validator->validate()
#12 C:/Users/DELL/growza/growza/vendor/laravel/fortify/src/Http/Controllers/RegisteredUserController.php(62): App/Domain/Auth/Actions/CreateNewUser->create(Array)
#13 C:/Users/DELL/growza/growza/vendor/laravel/framework/src/Illuminate/Routing/Controller.php(54): Laravel/Fortify/Http/Controllers/RegisteredUserController->store(Object(Illuminate/Http/Request), Object(App/Domain/Auth/Actions/CreateNewUser))
#14 C:/Users/DELL/growza/growza/vendor/laravel/framework/src/Illuminate/Routing/ControllerDispatcher.php(44): Illuminate/Routing/Controller->callAction('store', Array)
#15 C:/Users/DELL/growza/growza/vendor/laravel/framework/src/Illuminate/Routing/Route.php(266): Illuminate/Routing/ControllerDispatcher->dispatch(Object(Illuminate/Routing/Route), Object(Laravel/Fortify/Http/Controllers/RegisteredUserController), 'store')
#16 C:/Users/DELL/growza/growza/vendor/laravel/framework/src/Illuminate/Routing/Route.php(212): Illuminate/Routing/Route->runController()
#17 C:/Users/DELL/growza/growza/vendor/laravel/framework/src/Illuminate/Routing/Router.php(808): Illuminate/Routing/Route->run()
#18 C:/Users/DELL/growza/growza/vendor/laravel/framework/src/Illuminate/Pipeline/Pipeline.php(170): Illuminate/Routing/Router->{closure:Illuminate/Routing/Router::runRouteWithinStack():807}(Object(Illuminate/Http/Request))
#19 C:/Users/DELL/growza/growza/vendor/laravel/framework/src/Illuminate/Auth/Middleware/RedirectIfAuthenticated.php(35): Illuminate/Pipeline/Pipeline->{closure:Illuminate/Pipeline/Pipeline::prepareDestination():168}(Object(Illuminate/Http/Request))
#20 C:/Users/DELL/growza/growza/vendor/laravel/framework/src/Illuminate/Pipeline/Pipeline.php(209): Illuminate/Auth/Middleware/RedirectIfAuthenticated->handle(Object(Illuminate/Http/Request), Object(Closure), 'web')
#21 C:/Users/DELL/growza/growza/vendor/laravel/framework/src/Illuminate/Routing/Middleware/SubstituteBindings.php(51): Illuminate/Pipeline/Pipeline->{closure:{closure:Illuminate/Pipeline/Pipeline::carry():184}:185}(Object(Illuminate/Http/Request))
#22 C:/Users/DELL/growza/growza/vendor/laravel/framework/src/Illuminate/Pipeline/Pipeline.php(209): Illuminate/Routing/Middleware/SubstituteBindings->handle(Object(Illuminate/Http/Request), Object(Closure))
#23 C:/Users/DELL/growza/growza/vendor/laravel/framework/src/Illuminate/Foundation/Http/Middleware/VerifyCsrfToken.php(88): Illuminate/Pipeline/Pipeline->{closure:{closure:Illuminate/Pipeline/Pipeline::carry():184}:185}(Object(Illuminate/Http/Request))
#24 C:/Users/DELL/growza/growza/vendor/laravel/framework/src/Illuminate/Pipeline/Pipeline.php(209): Illuminate/Foundation/Http/Middleware/VerifyCsrfToken->handle(Object(Illuminate/Http/Request), Object(Closure))
#25 C:/Users/DELL/growza/growza/vendor/laravel/framework/src/Illuminate/View/Middleware/ShareErrorsFromSession.php(49): Illuminate/Pipeline/Pipeline->{closure:{closure:Illuminate/Pipeline/Pipeline::carry():184}:185}(Object(Illuminate/Http/Request))
#26 C:/Users/DELL/growza/growza/vendor/laravel/framework/src/Illuminate/Pipeline/Pipeline.php(209): Illuminate/View/Middleware/ShareErrorsFromSession->handle(Object(Illuminate/Http/Request), Object(Closure))
#27 C:/Users/DELL/growza/growza/vendor/laravel/framework/src/Illuminate/Session/Middleware/StartSession.php(121): Illuminate/Pipeline/Pipeline->{closure:{closure:Illuminate/Pipeline/Pipeline::carry():184}:185}(Object(Illuminate/Http/Request))
#28 C:/Users/DELL/growza/growza/vendor/laravel/framework/src/Illuminate/Session/Middleware/StartSession.php(64): Illuminate/Session/Middleware/StartSession->handleStatefulRequest(Object(Illuminate/Http/Request), Object(Illuminate/Session/Store), Object(Closure))
#29 C:/Users/DELL/growza/growza/vendor/laravel/framework/src/Illuminate/Pipeline/Pipeline.php(209): Illuminate/Session/Middleware/StartSession->handle(Object(Illuminate/Http/Request), Object(Closure))
#30 C:/Users/DELL/growza/growza/vendor/laravel/framework/src/Illuminate/Cookie/Middleware/AddQueuedCookiesToResponse.php(37): Illuminate/Pipeline/Pipeline->{closure:{closure:Illuminate/Pipeline/Pipeline::carry():184}:185}(Object(Illuminate/Http/Request))
#31 C:/Users/DELL/growza/growza/vendor/laravel/framework/src/Illuminate/Pipeline/Pipeline.php(209): Illuminate/Cookie/Middleware/AddQueuedCookiesToResponse->handle(Object(Illuminate/Http/Request), Object(Closure))
#32 C:/Users/DELL/growza/growza/vendor/laravel/framework/src/Illuminate/Cookie/Middleware/EncryptCookies.php(75): Illuminate/Pipeline/Pipeline->{closure:{closure:Illuminate/Pipeline/Pipeline::carry():184}:185}(Object(Illuminate/Http/Request))
#33 C:/Users/DELL/growza/growza/vendor/laravel/framework/src/Illuminate/Pipeline/Pipeline.php(209): Illuminate/Cookie/Middleware/EncryptCookies->handle(Object(Illuminate/Http/Request), Object(Closure))
#34 C:/Users/DELL/growza/growza/vendor/laravel/framework/src/Illuminate/Pipeline/Pipeline.php(127): Illuminate/Pipeline/Pipeline->{closure:{closure:Illuminate/Pipeline/Pipeline::carry():184}:185}(Object(Illuminate/Http/Request))
#35 C:/Users/DELL/growza/growza/vendor/laravel/framework/src/Illuminate/Routing/Router.php(807): Illuminate/Pipeline/Pipeline->then(Object(Closure))
#36 C:/Users/DELL/growza/growza/vendor/laravel/framework/src/Illuminate/Routing/Router.php(786): Illuminate/Routing/Router->runRouteWithinStack(Object(Illuminate/Routing/Route), Object(Illuminate/Http/Request))
#37 C:/Users/DELL/growza/growza/vendor/laravel/framework/src/Illuminate/Routing/Router.php(750): Illuminate/Routing/Router->runRoute(Object(Illuminate/Http/Request), Object(Illuminate/Routing/Route))
#38 C:/Users/DELL/growza/growza/vendor/laravel/framework/src/Illuminate/Routing/Router.php(739): Illuminate/Routing/Router->dispatchToRoute(Object(Illuminate/Http/Request))
#39 C:/Users/DELL/growza/growza/vendor/laravel/framework/src/Illuminate/Foundation/Http/Kernel.php(201): Illuminate/Routing/Router->dispatch(Object(Illuminate/Http/Request))
#40 C:/Users/DELL/growza/growza/vendor/laravel/framework/src/Illuminate/Pipeline/Pipeline.php(170): Illuminate/Foundation/Http/Kernel->{closure:Illuminate/Foundation/Http/Kernel::dispatchToRouter():198}(Object(Illuminate/Http/Request))
#41 C:/Users/DELL/growza/growza/vendor/livewire/livewire/src/Features/SupportDisablingBackButtonCache/DisableBackButtonCacheMiddleware.php(19): Illuminate/Pipeline/Pipeline->{closure:Illuminate/Pipeline/Pipeline::prepareDestination():168}(Object(Illuminate/Http/Request))
#42 C:/Users/DELL/growza/growza/vendor/laravel/framework/src/Illuminate/Pipeline/Pipeline.php(209): Livewire/Features/SupportDisablingBackButtonCache/DisableBackButtonCacheMiddleware->handle(Object(Illuminate/Http/Request), Object(Closure))
#43 C:/Users/DELL/growza/growza/vendor/laravel/framework/src/Illuminate/Foundation/Http/Middleware/TransformsRequest.php(21): Illuminate/Pipeline/Pipeline->{closure:{closure:Illuminate/Pipeline/Pipeline::carry():184}:185}(Object(Illuminate/Http/Request))
#44 C:/Users/DELL/growza/growza/vendor/laravel/framework/src/Illuminate/Foundation/Http/Middleware/ConvertEmptyStringsToNull.php(31): Illuminate/Foundation/Http/Middleware/TransformsRequest->handle(Object(Illuminate/Http/Request), Object(Closure))
#45 C:/Users/DELL/growza/growza/vendor/laravel/framework/src/Illuminate/Pipeline/Pipeline.php(209): Illuminate/Foundation/Http/Middleware/ConvertEmptyStringsToNull->handle(Object(Illuminate/Http/Request), Object(Closure))
#46 C:/Users/DELL/growza/growza/vendor/laravel/framework/src/Illuminate/Foundation/Http/Middleware/TransformsRequest.php(21): Illuminate/Pipeline/Pipeline->{closure:{closure:Illuminate/Pipeline/Pipeline::carry():184}:185}(Object(Illuminate/Http/Request))
#47 C:/Users/DELL/growza/growza/vendor/laravel/framework/src/Illuminate/Foundation/Http/Middleware/TrimStrings.php(51): Illuminate/Foundation/Http/Middleware/TransformsRequest->handle(Object(Illuminate/Http/Request), Object(Closure))
#48 C:/Users/DELL/growza/growza/vendor/laravel/framework/src/Illuminate/Pipeline/Pipeline.php(209): Illuminate/Foundation/Http/Middleware/TrimStrings->handle(Object(Illuminate/Http/Request), Object(Closure))
#49 C:/Users/DELL/growza/growza/vendor/laravel/framework/src/Illuminate/Http/Middleware/ValidatePostSize.php(27): Illuminate/Pipeline/Pipeline->{closure:{closure:Illuminate/Pipeline/Pipeline::carry():184}:185}(Object(Illuminate/Http/Request))
#50 C:/Users/DELL/growza/growza/vendor/laravel/framework/src/Illuminate/Pipeline/Pipeline.php(209): Illuminate/Http/Middleware/ValidatePostSize->handle(Object(Illuminate/Http/Request), Object(Closure))
#51 C:/Users/DELL/growza/growza/vendor/laravel/framework/src/Illuminate/Foundation/Http/Middleware/PreventRequestsDuringMaintenance.php(110): Illuminate/Pipeline/Pipeline->{closure:{closure:Illuminate/Pipeline/Pipeline::carry():184}:185}(Object(Illuminate/Http/Request))
#52 C:/Users/DELL/growza/growza/vendor/laravel/framework/src/Illuminate/Pipeline/Pipeline.php(209): Illuminate/Foundation/Http/Middleware/PreventRequestsDuringMaintenance->handle(Object(Illuminate/Http/Request), Object(Closure))
#53 C:/Users/DELL/growza/growza/vendor/laravel/framework/src/Illuminate/Http/Middleware/HandleCors.php(49): Illuminate/Pipeline/Pipeline->{closure:{closure:Illuminate/Pipeline/Pipeline::carry():184}:185}(Object(Illuminate/Http/Request))
#54 C:/Users/DELL/growza/growza/vendor/laravel/framework/src/Illuminate/Pipeline/Pipeline.php(209): Illuminate/Http/Middleware/HandleCors->handle(Object(Illuminate/Http/Request), Object(Closure))
#55 C:/Users/DELL/growza/growza/vendor/laravel/framework/src/Illuminate/Http/Middleware/TrustProxies.php(58): Illuminate/Pipeline/Pipeline->{closure:{closure:Illuminate/Pipeline/Pipeline::carry():184}:185}(Object(Illuminate/Http/Request))
#56 C:/Users/DELL/growza/growza/vendor/laravel/framework/src/Illuminate/Pipeline/Pipeline.php(209): Illuminate/Http/Middleware/TrustProxies->handle(Object(Illuminate/Http/Request), Object(Closure))
#57 C:/Users/DELL/growza/growza/vendor/laravel/framework/src/Illuminate/Foundation/Http/Middleware/InvokeDeferredCallbacks.php(22): Illuminate/Pipeline/Pipeline->{closure:{closure:Illuminate/Pipeline/Pipeline::carry():184}:185}(Object(Illuminate/Http/Request))
#58 C:/Users/DELL/growza/growza/vendor/laravel/framework/src/Illuminate/Pipeline/Pipeline.php(209): Illuminate/Foundation/Http/Middleware/InvokeDeferredCallbacks->handle(Object(Illuminate/Http/Request), Object(Closure))
#59 C:/Users/DELL/growza/growza/vendor/laravel/framework/src/Illuminate/Pipeline/Pipeline.php(127): Illuminate/Pipeline/Pipeline->{closure:{closure:Illuminate/Pipeline/Pipeline::carry():184}:185}(Object(Illuminate/Http/Request))
#60 C:/Users/DELL/growza/growza/vendor/laravel/framework/src/Illuminate/Foundation/Http/Kernel.php(176): Illuminate/Pipeline/Pipeline->then(Object(Closure))
#61 C:/Users/DELL/growza/growza/vendor/laravel/framework/src/Illuminate/Foundation/Http/Kernel.php(145): Illuminate/Foundation/Http/Kernel->sendRequestThroughRouter(Object(Illuminate/Http/Request))
#62 C:/Users/DELL/growza/growza/vendor/laravel/framework/src/Illuminate/Foundation/Testing/Concerns/MakesHttpRequests.php(607): Illuminate/Foundation/Http/Kernel->handle(Object(Illuminate/Http/Request))
#63 C:/Users/DELL/growza/growza/vendor/laravel/framework/src/Illuminate/Foundation/Testing/Concerns/MakesHttpRequests.php(397): Illuminate/Foundation/Testing/TestCase->call('POST', 'http://localhos...', Array, Array, Array, Array)
#64 [internal function]: Illuminate/Foundation/Testing/TestCase->post('http://localhos...', Array)
#65 C:/Users/DELL/growza/growza/vendor/pestphp/pest/src/Support/Reflection.php(38): ReflectionMethod->invoke(Object(P/Tests/Feature/AuthenticationTest), 'http://localhos...', Array)
#66 C:/Users/DELL/growza/growza/vendor/pestphp/pest/src/Support/HigherOrderMessage.php(59): Pest/Support/Reflection::call(Object(P/Tests/Feature/AuthenticationTest), 'post', Array)
#67 C:/Users/DELL/growza/growza/vendor/pestphp/pest/src/Support/HigherOrderTapProxy.php(66): Pest/Support/HigherOrderMessage->call(Object(P/Tests/Feature/AuthenticationTest))
#68 C:/Users/DELL/growza/growza/vendor/pestphp/pest-plugin-laravel/src/Http.php(209): Pest/Support/HigherOrderTapProxy->__call('post', Array)
#69 C:/Users/DELL/growza/growza/tests/Feature/AuthenticationTest.php(64): Pest/Laravel/post('http://localhos...', Array)
#70 C:/Users/DELL/growza/growza/vendor/pestphp/pest/src/Factories/TestCaseMethodFactory.php(110): P/Tests/Feature/AuthenticationTest->{closure:C:/Users/DELL/growza/growza/tests/Feature/AuthenticationTest.php:63}()
#71 [internal function]: P/Tests/Feature/AuthenticationTest->{closure:Pest/Factories/TestCaseMethodFactory::getClosure():102}()
#72 C:/Users/DELL/growza/growza/vendor/pestphp/pest/src/Concerns/Testable.php(339): call_user_func_array(Object(Closure), Array)
#73 C:/Users/DELL/growza/growza/vendor/pestphp/pest/src/Support/ExceptionTrace.php(26): P/Tests/Feature/AuthenticationTest->{closure:Pest/Concerns/Testable::__callClosure():339}()
#74 C:/Users/DELL/growza/growza/vendor/pestphp/pest/src/Concerns/Testable.php(339): Pest/Support/ExceptionTrace::ensure(Object(Closure))
#75 C:/Users/DELL/growza/growza/vendor/pestphp/pest/src/Concerns/Testable.php(256): P/Tests/Feature/AuthenticationTest->__callClosure(Object(Closure), Array)
#76 C:/Users/DELL/growza/growza/vendor/pestphp/pest/src/Factories/TestCaseFactory.php(197) : eval()'d code(71): P/Tests/Feature/AuthenticationTest->__runTest(Object(Closure))
#77 C:/Users/DELL/growza/growza/vendor/phpunit/phpunit/src/Framework/TestCase.php(1548): P/Tests/Feature/AuthenticationTest->__pest_evaluable_it_refuses_registration_without_accepting_the_terms()
#78 C:/Users/DELL/growza/growza/vendor/phpunit/phpunit/src/Framework/TestCase.php(686): PHPUnit/Framework/TestCase->runTest()
#79 C:/Users/DELL/growza/growza/vendor/phpunit/phpunit/src/Framework/TestRunner.php(106): PHPUnit/Framework/TestCase->runBare()
#80 C:/Users/DELL/growza/growza/vendor/phpunit/phpunit/src/Framework/TestCase.php(516): PHPUnit/Framework/TestRunner->run(Object(P/Tests/Feature/AuthenticationTest))
#81 C:/Users/DELL/growza/growza/vendor/phpunit/phpunit/src/Framework/TestSuite.php(374): PHPUnit/Framework/TestCase->run()
#82 C:/Users/DELL/growza/growza/vendor/phpunit/phpunit/src/Framework/TestSuite.php(374): PHPUnit/Framework/TestSuite->run()
#83 C:/Users/DELL/growza/growza/vendor/phpunit/phpunit/src/Framework/TestSuite.php(374): PHPUnit/Framework/TestSuite->run()
#84 C:/Users/DELL/growza/growza/vendor/phpunit/phpunit/src/TextUI/TestRunner.php(64): PHPUnit/Framework/TestSuite->run()
#85 C:/Users/DELL/growza/growza/vendor/phpunit/phpunit/src/TextUI/Application.php(204): PHPUnit/TextUI/TestRunner->run(Object(PHPUnit/TextUI/Configuration/Configuration), Object(PHPUnit/Runner/ResultCache/DefaultResultCache), Object(PHPUnit/Framework/TestSuite))
#86 C:/Users/DELL/growza/growza/vendor/pestphp/pest/src/Kernel.php(103): PHPUnit/TextUI/Application->run(Array)
#87 C:/Users/DELL/growza/growza/vendor/pestphp/pest/bin/pest(91): Pest/Kernel->handle(Array, Array)
#88 C:/Users/DELL/growza/growza/vendor/pestphp/pest/bin/pest(99): {closure:C:/Users/DELL/growza/growza/vendor/pestphp/pest/bin/pest:12}()
#89 {main}

[previous exception] [object] (GuzzleHttp\\Exception\\ConnectException(code: 0): cURL error 28: Connection timed out after 10000 milliseconds (see https://curl.se/libcurl/c/libcurl-errors.html) for https://api.pwnedpasswords.com/range/E8E64 at C:/Users/DELL/growza/growza/vendor/guzzlehttp/guzzle/src/Handler/CurlFactory.php:1140)
[stacktrace]
#0 C:/Users/DELL/growza/growza/vendor/guzzlehttp/guzzle/src/Handler/CurlFactory.php(1077): GuzzleHttp/Handler/CurlFactory::createRejection(Object(GuzzleHttp/Handler/EasyHandle), Array)
#1 C:/Users/DELL/growza/growza/vendor/guzzlehttp/guzzle/src/Handler/CurlFactory.php(1014): GuzzleHttp/Handler/CurlFactory::finishError(Object(GuzzleHttp/Handler/CurlHandler), Object(GuzzleHttp/Handler/EasyHandle), Object(GuzzleHttp/Handler/CurlFactory))
#2 C:/Users/DELL/growza/growza/vendor/guzzlehttp/guzzle/src/Handler/CurlHandler.php(88): GuzzleHttp/Handler/CurlFactory::finish(Object(GuzzleHttp/Handler/CurlHandler), Object(GuzzleHttp/Handler/EasyHandle), Object(GuzzleHttp/Handler/CurlFactory))
#3 C:/Users/DELL/growza/growza/vendor/guzzlehttp/guzzle/src/Handler/Proxy.php(28): GuzzleHttp/Handler/CurlHandler->__invoke(Object(GuzzleHttp/Psr7/Request), Array)
#4 C:/Users/DELL/growza/growza/vendor/guzzlehttp/guzzle/src/Handler/Proxy.php(68): GuzzleHttp/Handler/Proxy::{closure:GuzzleHttp/Handler/Proxy::wrapSync():27}(Object(GuzzleHttp/Psr7/Request), Array)
#5 C:/Users/DELL/growza/growza/vendor/guzzlehttp/guzzle/src/Handler/Proxy.php(48): GuzzleHttp/Handler/Proxy::{closure:GuzzleHttp/Handler/Proxy::wrapTlsFallback():63}(Object(GuzzleHttp/Psr7/Request), Array)
#6 C:/Users/DELL/growza/growza/vendor/laravel/framework/src/Illuminate/Http/Client/PendingRequest.php(1340): GuzzleHttp/Handler/Proxy::{closure:GuzzleHttp/Handler/Proxy::wrapStreaming():47}(Object(GuzzleHttp/Psr7/Request), Array)
#7 C:/Users/DELL/growza/growza/vendor/laravel/framework/src/Illuminate/Http/Client/PendingRequest.php(1306): Illuminate/Http/Client/PendingRequest->{closure:{closure:Illuminate/Http/Client/PendingRequest::buildStubHandler():1327}:1328}(Object(GuzzleHttp/Psr7/Request), Array)
#8 C:/Users/DELL/growza/growza/vendor/laravel/framework/src/Illuminate/Http/Client/PendingRequest.php(1292): Illuminate/Http/Client/PendingRequest->{closure:{closure:Illuminate/Http/Client/PendingRequest::buildRecorderHandler():1304}:1305}(Object(GuzzleHttp/Psr7/Request), Array)
#9 C:/Users/DELL/growza/growza/vendor/guzzlehttp/guzzle/src/PrepareBodyMiddleware.php(35): Illuminate/Http/Client/PendingRequest->{closure:{closure:Illuminate/Http/Client/PendingRequest::buildBeforeSendingHandler():1290}:1291}(Object(GuzzleHttp/Psr7/Request), Array)
#10 C:/Users/DELL/growza/growza/vendor/guzzlehttp/guzzle/src/Middleware.php(38): GuzzleHttp/PrepareBodyMiddleware->__invoke(Object(GuzzleHttp/Psr7/Request), Array)
#11 C:/Users/DELL/growza/growza/vendor/guzzlehttp/guzzle/src/RedirectMiddleware.php(72): GuzzleHttp/Middleware::{closure:{closure:GuzzleHttp/Middleware::cookies():28}:29}(Object(GuzzleHttp/Psr7/Request), Array)
#12 C:/Users/DELL/growza/growza/vendor/guzzlehttp/guzzle/src/Middleware.php(63): GuzzleHttp/RedirectMiddleware->__invoke(Object(GuzzleHttp/Psr7/Request), Array)
#13 C:/Users/DELL/growza/growza/vendor/guzzlehttp/guzzle/src/HandlerStack.php(75): GuzzleHttp/Middleware::{closure:{closure:GuzzleHttp/Middleware::httpErrors():60}:61}(Object(GuzzleHttp/Psr7/Request), Array)
#14 C:/Users/DELL/growza/growza/vendor/guzzlehttp/guzzle/src/Client.php(1109): GuzzleHttp/HandlerStack->__invoke(Object(GuzzleHttp/Psr7/Request), Array)
#15 C:/Users/DELL/growza/growza/vendor/guzzlehttp/guzzle/src/Client.php(243): GuzzleHttp/Client->transfer(Object(GuzzleHttp/Psr7/Request), Array)
#16 C:/Users/DELL/growza/growza/vendor/guzzlehttp/guzzle/src/Client.php(273): GuzzleHttp/Client->requestAsync('GET', Object(GuzzleHttp/Psr7/Uri), Array)
#17 C:/Users/DELL/growza/growza/vendor/laravel/framework/src/Illuminate/Http/Client/PendingRequest.php(1138): GuzzleHttp/Client->request('GET', 'https://api.pwn...', Array)
#18 C:/Users/DELL/growza/growza/vendor/laravel/framework/src/Illuminate/Http/Client/PendingRequest.php(907): Illuminate/Http/Client/PendingRequest->sendRequest('GET', 'https://api.pwn...', Array)
#19 C:/Users/DELL/growza/growza/vendor/laravel/framework/src/Illuminate/Support/helpers.php(338): Illuminate/Http/Client/PendingRequest->{closure:Illuminate/Http/Client/PendingRequest::send():905}(1)
#20 C:/Users/DELL/growza/growza/vendor/laravel/framework/src/Illuminate/Http/Client/PendingRequest.php(905): retry(0, Object(Closure), 100, Object(Closure))
#21 C:/Users/DELL/growza/growza/vendor/laravel/framework/src/Illuminate/Http/Client/PendingRequest.php(772): Illuminate/Http/Client/PendingRequest->send('GET', 'https://api.pwn...', Array)
#22 C:/Users/DELL/growza/growza/vendor/laravel/framework/src/Illuminate/Validation/NotPwnedVerifier.php(89): Illuminate/Http/Client/PendingRequest->get('https://api.pwn...')
#23 C:/Users/DELL/growza/growza/vendor/laravel/framework/src/Illuminate/Validation/NotPwnedVerifier.php(55): Illuminate/Validation/NotPwnedVerifier->search('E8E64')
#24 C:/Users/DELL/growza/growza/vendor/laravel/framework/src/Illuminate/Validation/Rules/Password.php(349): Illuminate/Validation/NotPwnedVerifier->verify(Array)
#25 C:/Users/DELL/growza/growza/vendor/laravel/framework/src/Illuminate/Validation/Validator.php(902): Illuminate/Validation/Rules/Password->passes('password', 'correct-horse-9...')
#26 C:/Users/DELL/growza/growza/vendor/laravel/framework/src/Illuminate/Validation/Validator.php(678): Illuminate/Validation/Validator->validateUsingCustomRule('password', 'correct-horse-9...', Object(Illuminate/Validation/Rules/Password))
#27 C:/Users/DELL/growza/growza/vendor/laravel/framework/src/Illuminate/Validation/Validator.php(481): Illuminate/Validation/Validator->validateAttribute('password', Object(Illuminate/Validation/Rules/Password))
#28 C:/Users/DELL/growza/growza/vendor/laravel/framework/src/Illuminate/Validation/Validator.php(516): Illuminate/Validation/Validator->passes()
#29 C:/Users/DELL/growza/growza/vendor/laravel/framework/src/Illuminate/Validation/Validator.php(558): Illuminate/Validation/Validator->fails()
#30 C:/Users/DELL/growza/growza/app/Domain/Auth/Actions/CreateNewUser.php(53): Illuminate/Validation/Validator->validate()
#31 C:/Users/DELL/growza/growza/vendor/laravel/fortify/src/Http/Controllers/RegisteredUserController.php(62): App/Domain/Auth/Actions/CreateNewUser->create(Array)
#32 C:/Users/DELL/growza/growza/vendor/laravel/framework/src/Illuminate/Routing/Controller.php(54): Laravel/Fortify/Http/Controllers/RegisteredUserController->store(Object(Illuminate/Http/Request), Object(App/Domain/Auth/Actions/CreateNewUser))
#33 C:/Users/DELL/growza/growza/vendor/laravel/framework/src/Illuminate/Routing/ControllerDispatcher.php(44): Illuminate/Routing/Controller->callAction('store', Array)
#34 C:/Users/DELL/growza/growza/vendor/laravel/framework/src/Illuminate/Routing/Route.php(266): Illuminate/Routing/ControllerDispatcher->dispatch(Object(Illuminate/Routing/Route), Object(Laravel/Fortify/Http/Controllers/RegisteredUserController), 'store')
#35 C:/Users/DELL/growza/growza/vendor/laravel/framework/src/Illuminate/Routing/Route.php(212): Illuminate/Routing/Route->runController()
#36 C:/Users/DELL/growza/growza/vendor/laravel/framework/src/Illuminate/Routing/Router.php(808): Illuminate/Routing/Route->run()
#37 C:/Users/DELL/growza/growza/vendor/laravel/framework/src/Illuminate/Pipeline/Pipeline.php(170): Illuminate/Routing/Router->{closure:Illuminate/Routing/Router::runRouteWithinStack():807}(Object(Illuminate/Http/Request))
#38 C:/Users/DELL/growza/growza/vendor/laravel/framework/src/Illuminate/Auth/Middleware/RedirectIfAuthenticated.php(35): Illuminate/Pipeline/Pipeline->{closure:Illuminate/Pipeline/Pipeline::prepareDestination():168}(Object(Illuminate/Http/Request))
#39 C:/Users/DELL/growza/growza/vendor/laravel/framework/src/Illuminate/Pipeline/Pipeline.php(209): Illuminate/Auth/Middleware/RedirectIfAuthenticated->handle(Object(Illuminate/Http/Request), Object(Closure), 'web')
#40 C:/Users/DELL/growza/growza/vendor/laravel/framework/src/Illuminate/Routing/Middleware/SubstituteBindings.php(51): Illuminate/Pipeline/Pipeline->{closure:{closure:Illuminate/Pipeline/Pipeline::carry():184}:185}(Object(Illuminate/Http/Request))
#41 C:/Users/DELL/growza/growza/vendor/laravel/framework/src/Illuminate/Pipeline/Pipeline.php(209): Illuminate/Routing/Middleware/SubstituteBindings->handle(Object(Illuminate/Http/Request), Object(Closure))
#42 C:/Users/DELL/growza/growza/vendor/laravel/framework/src/Illuminate/Foundation/Http/Middleware/VerifyCsrfToken.php(88): Illuminate/Pipeline/Pipeline->{closure:{closure:Illuminate/Pipeline/Pipeline::carry():184}:185}(Object(Illuminate/Http/Request))
#43 C:/Users/DELL/growza/growza/vendor/laravel/framework/src/Illuminate/Pipeline/Pipeline.php(209): Illuminate/Foundation/Http/Middleware/VerifyCsrfToken->handle(Object(Illuminate/Http/Request), Object(Closure))
#44 C:/Users/DELL/growza/growza/vendor/laravel/framework/src/Illuminate/View/Middleware/ShareErrorsFromSession.php(49): Illuminate/Pipeline/Pipeline->{closure:{closure:Illuminate/Pipeline/Pipeline::carry():184}:185}(Object(Illuminate/Http/Request))
#45 C:/Users/DELL/growza/growza/vendor/laravel/framework/src/Illuminate/Pipeline/Pipeline.php(209): Illuminate/View/Middleware/ShareErrorsFromSession->handle(Object(Illuminate/Http/Request), Object(Closure))
#46 C:/Users/DELL/growza/growza/vendor/laravel/framework/src/Illuminate/Session/Middleware/StartSession.php(121): Illuminate/Pipeline/Pipeline->{closure:{closure:Illuminate/Pipeline/Pipeline::carry():184}:185}(Object(Illuminate/Http/Request))
#47 C:/Users/DELL/growza/growza/vendor/laravel/framework/src/Illuminate/Session/Middleware/StartSession.php(64): Illuminate/Session/Middleware/StartSession->handleStatefulRequest(Object(Illuminate/Http/Request), Object(Illuminate/Session/Store), Object(Closure))
#48 C:/Users/DELL/growza/growza/vendor/laravel/framework/src/Illuminate/Pipeline/Pipeline.php(209): Illuminate/Session/Middleware/StartSession->handle(Object(Illuminate/Http/Request), Object(Closure))
#49 C:/Users/DELL/growza/growza/vendor/laravel/framework/src/Illuminate/Cookie/Middleware/AddQueuedCookiesToResponse.php(37): Illuminate/Pipeline/Pipeline->{closure:{closure:Illuminate/Pipeline/Pipeline::carry():184}:185}(Object(Illuminate/Http/Request))
#50 C:/Users/DELL/growza/growza/vendor/laravel/framework/src/Illuminate/Pipeline/Pipeline.php(209): Illuminate/Cookie/Middleware/AddQueuedCookiesToResponse->handle(Object(Illuminate/Http/Request), Object(Closure))
#51 C:/Users/DELL/growza/growza/vendor/laravel/framework/src/Illuminate/Cookie/Middleware/EncryptCookies.php(75): Illuminate/Pipeline/Pipeline->{closure:{closure:Illuminate/Pipeline/Pipeline::carry():184}:185}(Object(Illuminate/Http/Request))
#52 C:/Users/DELL/growza/growza/vendor/laravel/framework/src/Illuminate/Pipeline/Pipeline.php(209): Illuminate/Cookie/Middleware/EncryptCookies->handle(Object(Illuminate/Http/Request), Object(Closure))
#53 C:/Users/DELL/growza/growza/vendor/laravel/framework/src/Illuminate/Pipeline/Pipeline.php(127): Illuminate/Pipeline/Pipeline->{closure:{closure:Illuminate/Pipeline/Pipeline::carry():184}:185}(Object(Illuminate/Http/Request))
#54 C:/Users/DELL/growza/growza/vendor/laravel/framework/src/Illuminate/Routing/Router.php(807): Illuminate/Pipeline/Pipeline->then(Object(Closure))
#55 C:/Users/DELL/growza/growza/vendor/laravel/framework/src/Illuminate/Routing/Router.php(786): Illuminate/Routing/Router->runRouteWithinStack(Object(Illuminate/Routing/Route), Object(Illuminate/Http/Request))
#56 C:/Users/DELL/growza/growza/vendor/laravel/framework/src/Illuminate/Routing/Router.php(750): Illuminate/Routing/Router->runRoute(Object(Illuminate/Http/Request), Object(Illuminate/Routing/Route))
#57 C:/Users/DELL/growza/growza/vendor/laravel/framework/src/Illuminate/Routing/Router.php(739): Illuminate/Routing/Router->dispatchToRoute(Object(Illuminate/Http/Request))
#58 C:/Users/DELL/growza/growza/vendor/laravel/framework/src/Illuminate/Foundation/Http/Kernel.php(201): Illuminate/Routing/Router->dispatch(Object(Illuminate/Http/Request))
#59 C:/Users/DELL/growza/growza/vendor/laravel/framework/src/Illuminate/Pipeline/Pipeline.php(170): Illuminate/Foundation/Http/Kernel->{closure:Illuminate/Foundation/Http/Kernel::dispatchToRouter():198}(Object(Illuminate/Http/Request))
#60 C:/Users/DELL/growza/growza/vendor/livewire/livewire/src/Features/SupportDisablingBackButtonCache/DisableBackButtonCacheMiddleware.php(19): Illuminate/Pipeline/Pipeline->{closure:Illuminate/Pipeline/Pipeline::prepareDestination():168}(Object(Illuminate/Http/Request))
#61 C:/Users/DELL/growza/growza/vendor/laravel/framework/src/Illuminate/Pipeline/Pipeline.php(209): Livewire/Features/SupportDisablingBackButtonCache/DisableBackButtonCacheMiddleware->handle(Object(Illuminate/Http/Request), Object(Closure))
#62 C:/Users/DELL/growza/growza/vendor/laravel/framework/src/Illuminate/Foundation/Http/Middleware/TransformsRequest.php(21): Illuminate/Pipeline/Pipeline->{closure:{closure:Illuminate/Pipeline/Pipeline::carry():184}:185}(Object(Illuminate/Http/Request))
#63 C:/Users/DELL/growza/growza/vendor/laravel/framework/src/Illuminate/Foundation/Http/Middleware/ConvertEmptyStringsToNull.php(31): Illuminate/Foundation/Http/Middleware/TransformsRequest->handle(Object(Illuminate/Http/Request), Object(Closure))
#64 C:/Users/DELL/growza/growza/vendor/laravel/framework/src/Illuminate/Pipeline/Pipeline.php(209): Illuminate/Foundation/Http/Middleware/ConvertEmptyStringsToNull->handle(Object(Illuminate/Http/Request), Object(Closure))
#65 C:/Users/DELL/growza/growza/vendor/laravel/framework/src/Illuminate/Foundation/Http/Middleware/TransformsRequest.php(21): Illuminate/Pipeline/Pipeline->{closure:{closure:Illuminate/Pipeline/Pipeline::carry():184}:185}(Object(Illuminate/Http/Request))
#66 C:/Users/DELL/growza/growza/vendor/laravel/framework/src/Illuminate/Foundation/Http/Middleware/TrimStrings.php(51): Illuminate/Foundation/Http/Middleware/TransformsRequest->handle(Object(Illuminate/Http/Request), Object(Closure))
#67 C:/Users/DELL/growza/growza/vendor/laravel/framework/src/Illuminate/Pipeline/Pipeline.php(209): Illuminate/Foundation/Http/Middleware/TrimStrings->handle(Object(Illuminate/Http/Request), Object(Closure))
#68 C:/Users/DELL/growza/growza/vendor/laravel/framework/src/Illuminate/Http/Middleware/ValidatePostSize.php(27): Illuminate/Pipeline/Pipeline->{closure:{closure:Illuminate/Pipeline/Pipeline::carry():184}:185}(Object(Illuminate/Http/Request))
#69 C:/Users/DELL/growza/growza/vendor/laravel/framework/src/Illuminate/Pipeline/Pipeline.php(209): Illuminate/Http/Middleware/ValidatePostSize->handle(Object(Illuminate/Http/Request), Object(Closure))
#70 C:/Users/DELL/growza/growza/vendor/laravel/framework/src/Illuminate/Foundation/Http/Middleware/PreventRequestsDuringMaintenance.php(110): Illuminate/Pipeline/Pipeline->{closure:{closure:Illuminate/Pipeline/Pipeline::carry():184}:185}(Object(Illuminate/Http/Request))
#71 C:/Users/DELL/growza/growza/vendor/laravel/framework/src/Illuminate/Pipeline/Pipeline.php(209): Illuminate/Foundation/Http/Middleware/PreventRequestsDuringMaintenance->handle(Object(Illuminate/Http/Request), Object(Closure))
#72 C:/Users/DELL/growza/growza/vendor/laravel/framework/src/Illuminate/Http/Middleware/HandleCors.php(49): Illuminate/Pipeline/Pipeline->{closure:{closure:Illuminate/Pipeline/Pipeline::carry():184}:185}(Object(Illuminate/Http/Request))
#73 C:/Users/DELL/growza/growza/vendor/laravel/framework/src/Illuminate/Pipeline/Pipeline.php(209): Illuminate/Http/Middleware/HandleCors->handle(Object(Illuminate/Http/Request), Object(Closure))
#74 C:/Users/DELL/growza/growza/vendor/laravel/framework/src/Illuminate/Http/Middleware/TrustProxies.php(58): Illuminate/Pipeline/Pipeline->{closure:{closure:Illuminate/Pipeline/Pipeline::carry():184}:185}(Object(Illuminate/Http/Request))
#75 C:/Users/DELL/growza/growza/vendor/laravel/framework/src/Illuminate/Pipeline/Pipeline.php(209): Illuminate/Http/Middleware/TrustProxies->handle(Object(Illuminate/Http/Request), Object(Closure))
#76 C:/Users/DELL/growza/growza/vendor/laravel/framework/src/Illuminate/Foundation/Http/Middleware/InvokeDeferredCallbacks.php(22): Illuminate/Pipeline/Pipeline->{closure:{closure:Illuminate/Pipeline/Pipeline::carry():184}:185}(Object(Illuminate/Http/Request))
#77 C:/Users/DELL/growza/growza/vendor/laravel/framework/src/Illuminate/Pipeline/Pipeline.php(209): Illuminate/Foundation/Http/Middleware/InvokeDeferredCallbacks->handle(Object(Illuminate/Http/Request), Object(Closure))
#78 C:/Users/DELL/growza/growza/vendor/laravel/framework/src/Illuminate/Pipeline/Pipeline.php(127): Illuminate/Pipeline/Pipeline->{closure:{closure:Illuminate/Pipeline/Pipeline::carry():184}:185}(Object(Illuminate/Http/Request))
#79 C:/Users/DELL/growza/growza/vendor/laravel/framework/src/Illuminate/Foundation/Http/Kernel.php(176): Illuminate/Pipeline/Pipeline->then(Object(Closure))
#80 C:/Users/DELL/growza/growza/vendor/laravel/framework/src/Illuminate/Foundation/Http/Kernel.php(145): Illuminate/Foundation/Http/Kernel->sendRequestThroughRouter(Object(Illuminate/Http/Request))
#81 C:/Users/DELL/growza/growza/vendor/laravel/framework/src/Illuminate/Foundation/Testing/Concerns/MakesHttpRequests.php(607): Illuminate/Foundation/Http/Kernel->handle(Object(Illuminate/Http/Request))
#82 C:/Users/DELL/growza/growza/vendor/laravel/framework/src/Illuminate/Foundation/Testing/Concerns/MakesHttpRequests.php(397): Illuminate/Foundation/Testing/TestCase->call('POST', 'http://localhos...', Array, Array, Array, Array)
#83 [internal function]: Illuminate/Foundation/Testing/TestCase->post('http://localhos...', Array)
#84 C:/Users/DELL/growza/growza/vendor/pestphp/pest/src/Support/Reflection.php(38): ReflectionMethod->invoke(Object(P/Tests/Feature/AuthenticationTest), 'http://localhos...', Array)
#85 C:/Users/DELL/growza/growza/vendor/pestphp/pest/src/Support/HigherOrderMessage.php(59): Pest/Support/Reflection::call(Object(P/Tests/Feature/AuthenticationTest), 'post', Array)
#86 C:/Users/DELL/growza/growza/vendor/pestphp/pest/src/Support/HigherOrderTapProxy.php(66): Pest/Support/HigherOrderMessage->call(Object(P/Tests/Feature/AuthenticationTest))
#87 C:/Users/DELL/growza/growza/vendor/pestphp/pest-plugin-laravel/src/Http.php(209): Pest/Support/HigherOrderTapProxy->__call('post', Array)
#88 C:/Users/DELL/growza/growza/tests/Feature/AuthenticationTest.php(64): Pest/Laravel/post('http://localhos...', Array)
#89 C:/Users/DELL/growza/growza/vendor/pestphp/pest/src/Factories/TestCaseMethodFactory.php(110): P/Tests/Feature/AuthenticationTest->{closure:C:/Users/DELL/growza/growza/tests/Feature/AuthenticationTest.php:63}()
#90 [internal function]: P/Tests/Feature/AuthenticationTest->{closure:Pest/Factories/TestCaseMethodFactory::getClosure():102}()
#91 C:/Users/DELL/growza/growza/vendor/pestphp/pest/src/Concerns/Testable.php(339): call_user_func_array(Object(Closure), Array)
#92 C:/Users/DELL/growza/growza/vendor/pestphp/pest/src/Support/ExceptionTrace.php(26): P/Tests/Feature/AuthenticationTest->{closure:Pest/Concerns/Testable::__callClosure():339}()
#93 C:/Users/DELL/growza/growza/vendor/pestphp/pest/src/Concerns/Testable.php(339): Pest/Support/ExceptionTrace::ensure(Object(Closure))
#94 C:/Users/DELL/growza/growza/vendor/pestphp/pest/src/Concerns/Testable.php(256): P/Tests/Feature/AuthenticationTest->__callClosure(Object(Closure), Array)
#95 C:/Users/DELL/growza/growza/vendor/pestphp/pest/src/Factories/TestCaseFactory.php(197) : eval()'d code(71): P/Tests/Feature/AuthenticationTest->__runTest(Object(Closure))
#96 C:/Users/DELL/growza/growza/vendor/phpunit/phpunit/src/Framework/TestCase.php(1548): P/Tests/Feature/AuthenticationTest->__pest_evaluable_it_refuses_registration_without_accepting_the_terms()
#97 C:/Users/DELL/growza/growza/vendor/phpunit/phpunit/src/Framework/TestCase.php(686): PHPUnit/Framework/TestCase->runTest()
#98 C:/Users/DELL/growza/growza/vendor/phpunit/phpunit/src/Framework/TestRunner.php(106): PHPUnit/Framework/TestCase->runBare()
#99 C:/Users/DELL/growza/growza/vendor/phpunit/phpunit/src/Framework/TestCase.php(516): PHPUnit/Framework/TestRunner->run(Object(P/Tests/Feature/AuthenticationTest))
#100 C:/Users/DELL/growza/growza/vendor/phpunit/phpunit/src/Framework/TestSuite.php(374): PHPUnit/Framework/TestCase->run()
#101 C:/Users/DELL/growza/growza/vendor/phpunit/phpunit/src/Framework/TestSuite.php(374): PHPUnit/Framework/TestSuite->run()
#102 C:/Users/DELL/growza/growza/vendor/phpunit/phpunit/src/Framework/TestSuite.php(374): PHPUnit/Framework/TestSuite->run()
#103 C:/Users/DELL/growza/growza/vendor/phpunit/phpunit/src/TextUI/TestRunner.php(64): PHPUnit/Framework/TestSuite->run()
#104 C:/Users/DELL/growza/growza/vendor/phpunit/phpunit/src/TextUI/Application.php(204): PHPUnit/TextUI/TestRunner->run(Object(PHPUnit/TextUI/Configuration/Configuration), Object(PHPUnit/Runner/ResultCache/DefaultResultCache), Object(PHPUnit/Framework/TestSuite))
#105 C:/Users/DELL/growza/growza/vendor/pestphp/pest/src/Kernel.php(103): PHPUnit/TextUI/Application->run(Array)
#106 C:/Users/DELL/growza/growza/vendor/pestphp/pest/bin/pest(91): Pest/Kernel->handle(Array, Array)
#107 C:/Users/DELL/growza/growza/vendor/pestphp/pest/bin/pest(99): {closure:C:/Users/DELL/growza/growza/vendor/pestphp/pest/bin/pest:12}()
#108 {main}
"} 
[2026-09-22 21:36:13] testing.INFO: Contact enquiry received {"contact_message_id":1,"subject":"campaign"} 
[2026-09-22 21:36:14] testing.INFO: Contact enquiry received {"contact_message_id":1,"subject":"campaign"} 
[2026-09-22 21:36:14] testing.INFO: Contact enquiry received {"contact_message_id":1,"subject":"campaign"} 
[2026-09-22 21:36:15] testing.INFO: Contact enquiry received {"contact_message_id":1,"subject":"campaign"} 
[2026-09-22 21:36:15] testing.INFO: Contact enquiry received {"contact_message_id":2,"subject":"campaign"} 
[2026-09-22 21:36:15] testing.INFO: Contact enquiry received {"contact_message_id":3,"subject":"campaign"} 
[2026-09-22 21:36:15] testing.INFO: Contact enquiry received {"contact_message_id":4,"subject":"campaign"} 
[2026-09-22 21:36:15] testing.INFO: Contact enquiry received {"contact_message_id":5,"subject":"campaign"} 
