[2026-09-21 06:23:11] testing.ERROR: cURL error 28: Connection timed out after 10007 milliseconds (see https://curl.se/libcurl/c/libcurl-errors.html) for https://api.pwnedpasswords.com/range/D8A94 {"userId":1,"exception":"[object] (Illuminate\\Http\\Client\\ConnectionException(code: 0): cURL error 28: Connection timed out after 10007 milliseconds (see https://curl.se/libcurl/c/libcurl-errors.html) for https://api.pwnedpasswords.com/range/D8A94 at C:/Users/DELL/growza/growza/vendor/laravel/framework/src/Illuminate/Http/Client/PendingRequest.php:941)
[stacktrace]
#0 C:/Users/DELL/growza/growza/vendor/laravel/framework/src/Illuminate/Support/helpers.php(338): Illuminate/Http/Client/PendingRequest->{closure:Illuminate/Http/Client/PendingRequest::send():905}(1)
#1 C:/Users/DELL/growza/growza/vendor/laravel/framework/src/Illuminate/Http/Client/PendingRequest.php(905): retry(0, Object(Closure), 100, Object(Closure))
#2 C:/Users/DELL/growza/growza/vendor/laravel/framework/src/Illuminate/Http/Client/PendingRequest.php(772): Illuminate/Http/Client/PendingRequest->send('GET', 'https://api.pwn...', Array)
#3 C:/Users/DELL/growza/growza/vendor/laravel/framework/src/Illuminate/Validation/NotPwnedVerifier.php(89): Illuminate/Http/Client/PendingRequest->get('https://api.pwn...')
#4 C:/Users/DELL/growza/growza/vendor/laravel/framework/src/Illuminate/Validation/NotPwnedVerifier.php(55): Illuminate/Validation/NotPwnedVerifier->search('D8A94')
#5 C:/Users/DELL/growza/growza/vendor/laravel/framework/src/Illuminate/Validation/Rules/Password.php(349): Illuminate/Validation/NotPwnedVerifier->verify(Array)
#6 C:/Users/DELL/growza/growza/vendor/laravel/framework/src/Illuminate/Validation/Validator.php(902): Illuminate/Validation/Rules/Password->passes('password', 'brand-new-secre...')
#7 C:/Users/DELL/growza/growza/vendor/laravel/framework/src/Illuminate/Validation/Validator.php(678): Illuminate/Validation/Validator->validateUsingCustomRule('password', 'brand-new-secre...', Object(Illuminate/Validation/Rules/Password))
#8 C:/Users/DELL/growza/growza/vendor/laravel/framework/src/Illuminate/Validation/Validator.php(481): Illuminate/Validation/Validator->validateAttribute('password', Object(Illuminate/Validation/Rules/Password))
#9 C:/Users/DELL/growza/growza/vendor/laravel/framework/src/Illuminate/Validation/Validator.php(516): Illuminate/Validation/Validator->passes()
#10 C:/Users/DELL/growza/growza/vendor/laravel/framework/src/Illuminate/Validation/Validator.php(558): Illuminate/Validation/Validator->fails()
#11 C:/Users/DELL/growza/growza/vendor/laravel/framework/src/Illuminate/Validation/Validator.php(574): Illuminate/Validation/Validator->validate()
#12 C:/Users/DELL/growza/growza/app/Domain/Auth/Actions/UpdateUserPassword.php(34): Illuminate/Validation/Validator->validateWithBag('updatePassword')
#13 C:/Users/DELL/growza/growza/vendor/laravel/fortify/src/Http/Controllers/PasswordController.php(24): App/Domain/Auth/Actions/UpdateUserPassword->update(Object(App/Domain/Identity/Models/User), Array)
#14 C:/Users/DELL/growza/growza/vendor/laravel/framework/src/Illuminate/Routing/Controller.php(54): Laravel/Fortify/Http/Controllers/PasswordController->update(Object(Illuminate/Http/Request), Object(App/Domain/Auth/Actions/UpdateUserPassword))
#15 C:/Users/DELL/growza/growza/vendor/laravel/framework/src/Illuminate/Routing/ControllerDispatcher.php(44): Illuminate/Routing/Controller->callAction('update', Array)
#16 C:/Users/DELL/growza/growza/vendor/laravel/framework/src/Illuminate/Routing/Route.php(266): Illuminate/Routing/ControllerDispatcher->dispatch(Object(Illuminate/Routing/Route), Object(Laravel/Fortify/Http/Controllers/PasswordController), 'update')
#17 C:/Users/DELL/growza/growza/vendor/laravel/framework/src/Illuminate/Routing/Route.php(212): Illuminate/Routing/Route->runController()
#18 C:/Users/DELL/growza/growza/vendor/laravel/framework/src/Illuminate/Routing/Router.php(808): Illuminate/Routing/Route->run()
#19 C:/Users/DELL/growza/growza/vendor/laravel/framework/src/Illuminate/Pipeline/Pipeline.php(170): Illuminate/Routing/Router->{closure:Illuminate/Routing/Router::runRouteWithinStack():807}(Object(Illuminate/Http/Request))
#20 C:/Users/DELL/growza/growza/vendor/laravel/framework/src/Illuminate/Routing/Middleware/SubstituteBindings.php(51): Illuminate/Pipeline/Pipeline->{closure:Illuminate/Pipeline/Pipeline::prepareDestination():168}(Object(Illuminate/Http/Request))
#21 C:/Users/DELL/growza/growza/vendor/laravel/framework/src/Illuminate/Pipeline/Pipeline.php(209): Illuminate/Routing/Middleware/SubstituteBindings->handle(Object(Illuminate/Http/Request), Object(Closure))
#22 C:/Users/DELL/growza/growza/vendor/laravel/framework/src/Illuminate/Auth/Middleware/Authenticate.php(64): Illuminate/Pipeline/Pipeline->{closure:{closure:Illuminate/Pipeline/Pipeline::carry():184}:185}(Object(Illuminate/Http/Request))
#23 C:/Users/DELL/growza/growza/vendor/laravel/framework/src/Illuminate/Pipeline/Pipeline.php(209): Illuminate/Auth/Middleware/Authenticate->handle(Object(Illuminate/Http/Request), Object(Closure), 'web')
#24 C:/Users/DELL/growza/growza/vendor/laravel/framework/src/Illuminate/Foundation/Http/Middleware/VerifyCsrfToken.php(88): Illuminate/Pipeline/Pipeline->{closure:{closure:Illuminate/Pipeline/Pipeline::carry():184}:185}(Object(Illuminate/Http/Request))
#25 C:/Users/DELL/growza/growza/vendor/laravel/framework/src/Illuminate/Pipeline/Pipeline.php(209): Illuminate/Foundation/Http/Middleware/VerifyCsrfToken->handle(Object(Illuminate/Http/Request), Object(Closure))
#26 C:/Users/DELL/growza/growza/vendor/laravel/framework/src/Illuminate/View/Middleware/ShareErrorsFromSession.php(49): Illuminate/Pipeline/Pipeline->{closure:{closure:Illuminate/Pipeline/Pipeline::carry():184}:185}(Object(Illuminate/Http/Request))
#27 C:/Users/DELL/growza/growza/vendor/laravel/framework/src/Illuminate/Pipeline/Pipeline.php(209): Illuminate/View/Middleware/ShareErrorsFromSession->handle(Object(Illuminate/Http/Request), Object(Closure))
#28 C:/Users/DELL/growza/growza/vendor/laravel/framework/src/Illuminate/Session/Middleware/StartSession.php(121): Illuminate/Pipeline/Pipeline->{closure:{closure:Illuminate/Pipeline/Pipeline::carry():184}:185}(Object(Illuminate/Http/Request))
#29 C:/Users/DELL/growza/growza/vendor/laravel/framework/src/Illuminate/Session/Middleware/StartSession.php(64): Illuminate/Session/Middleware/StartSession->handleStatefulRequest(Object(Illuminate/Http/Request), Object(Illuminate/Session/Store), Object(Closure))
#30 C:/Users/DELL/growza/growza/vendor/laravel/framework/src/Illuminate/Pipeline/Pipeline.php(209): Illuminate/Session/Middleware/StartSession->handle(Object(Illuminate/Http/Request), Object(Closure))
#31 C:/Users/DELL/growza/growza/vendor/laravel/framework/src/Illuminate/Cookie/Middleware/AddQueuedCookiesToResponse.php(37): Illuminate/Pipeline/Pipeline->{closure:{closure:Illuminate/Pipeline/Pipeline::carry():184}:185}(Object(Illuminate/Http/Request))
#32 C:/Users/DELL/growza/growza/vendor/laravel/framework/src/Illuminate/Pipeline/Pipeline.php(209): Illuminate/Cookie/Middleware/AddQueuedCookiesToResponse->handle(Object(Illuminate/Http/Request), Object(Closure))
#33 C:/Users/DELL/growza/growza/vendor/laravel/framework/src/Illuminate/Cookie/Middleware/EncryptCookies.php(75): Illuminate/Pipeline/Pipeline->{closure:{closure:Illuminate/Pipeline/Pipeline::carry():184}:185}(Object(Illuminate/Http/Request))
#34 C:/Users/DELL/growza/growza/vendor/laravel/framework/src/Illuminate/Pipeline/Pipeline.php(209): Illuminate/Cookie/Middleware/EncryptCookies->handle(Object(Illuminate/Http/Request), Object(Closure))
#35 C:/Users/DELL/growza/growza/vendor/laravel/framework/src/Illuminate/Pipeline/Pipeline.php(127): Illuminate/Pipeline/Pipeline->{closure:{closure:Illuminate/Pipeline/Pipeline::carry():184}:185}(Object(Illuminate/Http/Request))
#36 C:/Users/DELL/growza/growza/vendor/laravel/framework/src/Illuminate/Routing/Router.php(807): Illuminate/Pipeline/Pipeline->then(Object(Closure))
#37 C:/Users/DELL/growza/growza/vendor/laravel/framework/src/Illuminate/Routing/Router.php(786): Illuminate/Routing/Router->runRouteWithinStack(Object(Illuminate/Routing/Route), Object(Illuminate/Http/Request))
#38 C:/Users/DELL/growza/growza/vendor/laravel/framework/src/Illuminate/Routing/Router.php(750): Illuminate/Routing/Router->runRoute(Object(Illuminate/Http/Request), Object(Illuminate/Routing/Route))
#39 C:/Users/DELL/growza/growza/vendor/laravel/framework/src/Illuminate/Routing/Router.php(739): Illuminate/Routing/Router->dispatchToRoute(Object(Illuminate/Http/Request))
#40 C:/Users/DELL/growza/growza/vendor/laravel/framework/src/Illuminate/Foundation/Http/Kernel.php(201): Illuminate/Routing/Router->dispatch(Object(Illuminate/Http/Request))
#41 C:/Users/DELL/growza/growza/vendor/laravel/framework/src/Illuminate/Pipeline/Pipeline.php(170): Illuminate/Foundation/Http/Kernel->{closure:Illuminate/Foundation/Http/Kernel::dispatchToRouter():198}(Object(Illuminate/Http/Request))
#42 C:/Users/DELL/growza/growza/vendor/livewire/livewire/src/Features/SupportDisablingBackButtonCache/DisableBackButtonCacheMiddleware.php(19): Illuminate/Pipeline/Pipeline->{closure:Illuminate/Pipeline/Pipeline::prepareDestination():168}(Object(Illuminate/Http/Request))
#43 C:/Users/DELL/growza/growza/vendor/laravel/framework/src/Illuminate/Pipeline/Pipeline.php(209): Livewire/Features/SupportDisablingBackButtonCache/DisableBackButtonCacheMiddleware->handle(Object(Illuminate/Http/Request), Object(Closure))
#44 C:/Users/DELL/growza/growza/vendor/laravel/framework/src/Illuminate/Foundation/Http/Middleware/TransformsRequest.php(21): Illuminate/Pipeline/Pipeline->{closure:{closure:Illuminate/Pipeline/Pipeline::carry():184}:185}(Object(Illuminate/Http/Request))
#45 C:/Users/DELL/growza/growza/vendor/laravel/framework/src/Illuminate/Foundation/Http/Middleware/ConvertEmptyStringsToNull.php(31): Illuminate/Foundation/Http/Middleware/TransformsRequest->handle(Object(Illuminate/Http/Request), Object(Closure))
#46 C:/Users/DELL/growza/growza/vendor/laravel/framework/src/Illuminate/Pipeline/Pipeline.php(209): Illuminate/Foundation/Http/Middleware/ConvertEmptyStringsToNull->handle(Object(Illuminate/Http/Request), Object(Closure))
#47 C:/Users/DELL/growza/growza/vendor/laravel/framework/src/Illuminate/Foundation/Http/Middleware/TransformsRequest.php(21): Illuminate/Pipeline/Pipeline->{closure:{closure:Illuminate/Pipeline/Pipeline::carry():184}:185}(Object(Illuminate/Http/Request))
#48 C:/Users/DELL/growza/growza/vendor/laravel/framework/src/Illuminate/Foundation/Http/Middleware/TrimStrings.php(51): Illuminate/Foundation/Http/Middleware/TransformsRequest->handle(Object(Illuminate/Http/Request), Object(Closure))
#49 C:/Users/DELL/growza/growza/vendor/laravel/framework/src/Illuminate/Pipeline/Pipeline.php(209): Illuminate/Foundation/Http/Middleware/TrimStrings->handle(Object(Illuminate/Http/Request), Object(Closure))
#50 C:/Users/DELL/growza/growza/vendor/laravel/framework/src/Illuminate/Http/Middleware/ValidatePostSize.php(27): Illuminate/Pipeline/Pipeline->{closure:{closure:Illuminate/Pipeline/Pipeline::carry():184}:185}(Object(Illuminate/Http/Request))
#51 C:/Users/DELL/growza/growza/vendor/laravel/framework/src/Illuminate/Pipeline/Pipeline.php(209): Illuminate/Http/Middleware/ValidatePostSize->handle(Object(Illuminate/Http/Request), Object(Closure))
#52 C:/Users/DELL/growza/growza/vendor/laravel/framework/src/Illuminate/Foundation/Http/Middleware/PreventRequestsDuringMaintenance.php(110): Illuminate/Pipeline/Pipeline->{closure:{closure:Illuminate/Pipeline/Pipeline::carry():184}:185}(Object(Illuminate/Http/Request))
#53 C:/Users/DELL/growza/growza/vendor/laravel/framework/src/Illuminate/Pipeline/Pipeline.php(209): Illuminate/Foundation/Http/Middleware/PreventRequestsDuringMaintenance->handle(Object(Illuminate/Http/Request), Object(Closure))
#54 C:/Users/DELL/growza/growza/vendor/laravel/framework/src/Illuminate/Http/Middleware/HandleCors.php(49): Illuminate/Pipeline/Pipeline->{closure:{closure:Illuminate/Pipeline/Pipeline::carry():184}:185}(Object(Illuminate/Http/Request))
#55 C:/Users/DELL/growza/growza/vendor/laravel/framework/src/Illuminate/Pipeline/Pipeline.php(209): Illuminate/Http/Middleware/HandleCors->handle(Object(Illuminate/Http/Request), Object(Closure))
#56 C:/Users/DELL/growza/growza/vendor/laravel/framework/src/Illuminate/Http/Middleware/TrustProxies.php(58): Illuminate/Pipeline/Pipeline->{closure:{closure:Illuminate/Pipeline/Pipeline::carry():184}:185}(Object(Illuminate/Http/Request))
#57 C:/Users/DELL/growza/growza/vendor/laravel/framework/src/Illuminate/Pipeline/Pipeline.php(209): Illuminate/Http/Middleware/TrustProxies->handle(Object(Illuminate/Http/Request), Object(Closure))
#58 C:/Users/DELL/growza/growza/vendor/laravel/framework/src/Illuminate/Foundation/Http/Middleware/InvokeDeferredCallbacks.php(22): Illuminate/Pipeline/Pipeline->{closure:{closure:Illuminate/Pipeline/Pipeline::carry():184}:185}(Object(Illuminate/Http/Request))
#59 C:/Users/DELL/growza/growza/vendor/laravel/framework/src/Illuminate/Pipeline/Pipeline.php(209): Illuminate/Foundation/Http/Middleware/InvokeDeferredCallbacks->handle(Object(Illuminate/Http/Request), Object(Closure))
#60 C:/Users/DELL/growza/growza/vendor/laravel/framework/src/Illuminate/Pipeline/Pipeline.php(127): Illuminate/Pipeline/Pipeline->{closure:{closure:Illuminate/Pipeline/Pipeline::carry():184}:185}(Object(Illuminate/Http/Request))
#61 C:/Users/DELL/growza/growza/vendor/laravel/framework/src/Illuminate/Foundation/Http/Kernel.php(176): Illuminate/Pipeline/Pipeline->then(Object(Closure))
#62 C:/Users/DELL/growza/growza/vendor/laravel/framework/src/Illuminate/Foundation/Http/Kernel.php(145): Illuminate/Foundation/Http/Kernel->sendRequestThroughRouter(Object(Illuminate/Http/Request))
#63 C:/Users/DELL/growza/growza/vendor/laravel/framework/src/Illuminate/Foundation/Testing/Concerns/MakesHttpRequests.php(607): Illuminate/Foundation/Http/Kernel->handle(Object(Illuminate/Http/Request))
#64 C:/Users/DELL/growza/growza/vendor/laravel/framework/src/Illuminate/Foundation/Testing/Concerns/MakesHttpRequests.php(427): Illuminate/Foundation/Testing/TestCase->call('PUT', 'http://localhos...', Array, Array, Array, Array)
#65 C:/Users/DELL/growza/growza/tests/Feature/AccountSecurityTest.php(32): Illuminate/Foundation/Testing/TestCase->put('http://localhos...', Array)
#66 C:/Users/DELL/growza/growza/vendor/pestphp/pest/src/Factories/TestCaseMethodFactory.php(110): P/Tests/Feature/AccountSecurityTest->{closure:C:/Users/DELL/growza/growza/tests/Feature/AccountSecurityTest.php:28}()
#67 [internal function]: P/Tests/Feature/AccountSecurityTest->{closure:Pest/Factories/TestCaseMethodFactory::getClosure():102}()
#68 C:/Users/DELL/growza/growza/vendor/pestphp/pest/src/Concerns/Testable.php(339): call_user_func_array(Object(Closure), Array)
#69 C:/Users/DELL/growza/growza/vendor/pestphp/pest/src/Support/ExceptionTrace.php(26): P/Tests/Feature/AccountSecurityTest->{closure:Pest/Concerns/Testable::__callClosure():339}()
#70 C:/Users/DELL/growza/growza/vendor/pestphp/pest/src/Concerns/Testable.php(339): Pest/Support/ExceptionTrace::ensure(Object(Closure))
#71 C:/Users/DELL/growza/growza/vendor/pestphp/pest/src/Concerns/Testable.php(256): P/Tests/Feature/AccountSecurityTest->__callClosure(Object(Closure), Array)
#72 C:/Users/DELL/growza/growza/vendor/pestphp/pest/src/Factories/TestCaseFactory.php(197) : eval()'d code(26): P/Tests/Feature/AccountSecurityTest->__runTest(Object(Closure))
#73 C:/Users/DELL/growza/growza/vendor/phpunit/phpunit/src/Framework/TestCase.php(1548): P/Tests/Feature/AccountSecurityTest->__pest_evaluable_it_updates_a_password_and_notifies_the_account_owner()
#74 C:/Users/DELL/growza/growza/vendor/phpunit/phpunit/src/Framework/TestCase.php(686): PHPUnit/Framework/TestCase->runTest()
#75 C:/Users/DELL/growza/growza/vendor/phpunit/phpunit/src/Framework/TestRunner.php(106): PHPUnit/Framework/TestCase->runBare()
#76 C:/Users/DELL/growza/growza/vendor/phpunit/phpunit/src/Framework/TestCase.php(516): PHPUnit/Framework/TestRunner->run(Object(P/Tests/Feature/AccountSecurityTest))
#77 C:/Users/DELL/growza/growza/vendor/phpunit/phpunit/src/Framework/TestSuite.php(374): PHPUnit/Framework/TestCase->run()
#78 C:/Users/DELL/growza/growza/vendor/phpunit/phpunit/src/Framework/TestSuite.php(374): PHPUnit/Framework/TestSuite->run()
#79 C:/Users/DELL/growza/growza/vendor/phpunit/phpunit/src/Framework/TestSuite.php(374): PHPUnit/Framework/TestSuite->run()
#80 C:/Users/DELL/growza/growza/vendor/phpunit/phpunit/src/TextUI/TestRunner.php(64): PHPUnit/Framework/TestSuite->run()
#81 C:/Users/DELL/growza/growza/vendor/phpunit/phpunit/src/TextUI/Application.php(204): PHPUnit/TextUI/TestRunner->run(Object(PHPUnit/TextUI/Configuration/Configuration), Object(PHPUnit/Runner/ResultCache/DefaultResultCache), Object(PHPUnit/Framework/TestSuite))
#82 C:/Users/DELL/growza/growza/vendor/pestphp/pest/src/Kernel.php(103): PHPUnit/TextUI/Application->run(Array)
#83 C:/Users/DELL/growza/growza/vendor/pestphp/pest/bin/pest(91): Pest/Kernel->handle(Array, Array)
#84 C:/Users/DELL/growza/growza/vendor/pestphp/pest/bin/pest(99): {closure:C:/Users/DELL/growza/growza/vendor/pestphp/pest/bin/pest:12}()
#85 {main}

[previous exception] [object] (GuzzleHttp\\Exception\\ConnectException(code: 0): cURL error 28: Connection timed out after 10007 milliseconds (see https://curl.se/libcurl/c/libcurl-errors.html) for https://api.pwnedpasswords.com/range/D8A94 at C:/Users/DELL/growza/growza/vendor/guzzlehttp/guzzle/src/Handler/CurlFactory.php:1140)
[stacktrace]
#0 C:/Users/DELL/growza/growza/vendor/guzzlehttp/guzzle/src/Handler/CurlFactory.php(1077): GuzzleHttp/Handler/CurlFactory::createRejection(Object(GuzzleHttp/Handler/EasyHandle), Array)
#1 C:/Users/DELL/growza/growza/vendor/guzzlehttp/guzzle/src/Handler/CurlFactory.php(1014): GuzzleHttp/Handler/CurlFactory::finishError(Object(GuzzleHttp/Handler/CurlHandler), Object(GuzzleHttp/Handler/EasyHandle), Object(GuzzleHttp/Handler/CurlFactory))
#2 C:/Users/DELL/growza/growza/vendor/guzzlehttp/guzzle/src/Handler/CurlHandler.php(88): GuzzleHttp/Handler/CurlFactory::finish(Object(GuzzleHttp/Handler/CurlHandler), Object(GuzzleHttp/Handler/EasyHandle), Object(GuzzleHttp/Handler/CurlFactory))
#3 C:/Users/DELL/growza/growza/vendor/guzzlehttp/guzzle/src/Handler/Proxy.php(28): GuzzleHttp/Handler/CurlHandler->__invoke(Object(GuzzleHttp/Psr7/Request), Array)
#4 C:/Users/DELL/growza/growza/vendor/guzzlehttp/guzzle/src/Handler/Proxy.php(68): GuzzleHttp/Handler/Proxy::{closure:GuzzleHttp/Handler/Proxy::wrapSync():27}(Object(GuzzleHttp/Psr7/Request), Array)
#5 C:/Users/DELL/growza/growza/vendor/guzzlehttp/guzzle/src/Handler/Proxy.php(48): GuzzleHttp/Handler/Proxy::{closure:GuzzleHttp/Handler/Proxy::wrapTlsFallback():63}(Object(GuzzleHttp/Psr7/Request), Array)
#6 C:/Users/DELL/growza/growza/vendor/laravel/framework/src/Illuminate/Http/Client/PendingRequest.php(1340): GuzzleHttp/Handler/Proxy::{closure:GuzzleHttp/Handler/Proxy::wrapStreaming():47}(Object(GuzzleHttp/Psr7/Request), Array)
#7 C:/Users/DELL/growza/growza/vendor/laravel/framework/src/Illuminate/Http/Client/PendingRequest.php(1306): Illuminate/Http/Client/PendingRequest->{closure:{closure:Illuminate/Http/Client/PendingRequest::buildStubHandler():1327}:1328}(Object(GuzzleHttp/Psr7/Request), Array)
#8 C:/Users/DELL/growza/growza/vendor/laravel/framework/src/Illuminate/Http/Client/PendingRequest.php(1292): Illuminate/Http/Client/PendingRequest->{closure:{closure:Illuminate/Http/Client/PendingRequest::buildRecorderHandler():1304}:1305}(Object(GuzzleHttp/Psr7/Request), Array)
#9 C:/Users/DELL/growza/growza/vendor/guzzlehttp/guzzle/src/PrepareBodyMiddleware.php(35): Illuminate/Http/Client/PendingRequest->{closure:{closure:Illuminate/Http/Client/PendingRequest::buildBeforeSendingHandler():1290}:1291}(Object(GuzzleHttp/Psr7/Request), Array)
#10 C:/Users/DELL/growza/growza/vendor/guzzlehttp/guzzle/src/Middleware.php(38): GuzzleHttp/PrepareBodyMiddleware->__invoke(Object(GuzzleHttp/Psr7/Request), Array)
#11 C:/Users/DELL/growza/growza/vendor/guzzlehttp/guzzle/src/RedirectMiddleware.php(72): GuzzleHttp/Middleware::{closure:{closure:GuzzleHttp/Middleware::cookies():28}:29}(Object(GuzzleHttp/Psr7/Request), Array)
#12 C:/Users/DELL/growza/growza/vendor/guzzlehttp/guzzle/src/Middleware.php(63): GuzzleHttp/RedirectMiddleware->__invoke(Object(GuzzleHttp/Psr7/Request), Array)
#13 C:/Users/DELL/growza/growza/vendor/guzzlehttp/guzzle/src/HandlerStack.php(75): GuzzleHttp/Middleware::{closure:{closure:GuzzleHttp/Middleware::httpErrors():60}:61}(Object(GuzzleHttp/Psr7/Request), Array)
#14 C:/Users/DELL/growza/growza/vendor/guzzlehttp/guzzle/src/Client.php(1109): GuzzleHttp/HandlerStack->__invoke(Object(GuzzleHttp/Psr7/Request), Array)
#15 C:/Users/DELL/growza/growza/vendor/guzzlehttp/guzzle/src/Client.php(243): GuzzleHttp/Client->transfer(Object(GuzzleHttp/Psr7/Request), Array)
#16 C:/Users/DELL/growza/growza/vendor/guzzlehttp/guzzle/src/Client.php(273): GuzzleHttp/Client->requestAsync('GET', Object(GuzzleHttp/Psr7/Uri), Array)
#17 C:/Users/DELL/growza/growza/vendor/laravel/framework/src/Illuminate/Http/Client/PendingRequest.php(1138): GuzzleHttp/Client->request('GET', 'https://api.pwn...', Array)
#18 C:/Users/DELL/growza/growza/vendor/laravel/framework/src/Illuminate/Http/Client/PendingRequest.php(907): Illuminate/Http/Client/PendingRequest->sendRequest('GET', 'https://api.pwn...', Array)
#19 C:/Users/DELL/growza/growza/vendor/laravel/framework/src/Illuminate/Support/helpers.php(338): Illuminate/Http/Client/PendingRequest->{closure:Illuminate/Http/Client/PendingRequest::send():905}(1)
#20 C:/Users/DELL/growza/growza/vendor/laravel/framework/src/Illuminate/Http/Client/PendingRequest.php(905): retry(0, Object(Closure), 100, Object(Closure))
#21 C:/Users/DELL/growza/growza/vendor/laravel/framework/src/Illuminate/Http/Client/PendingRequest.php(772): Illuminate/Http/Client/PendingRequest->send('GET', 'https://api.pwn...', Array)
#22 C:/Users/DELL/growza/growza/vendor/laravel/framework/src/Illuminate/Validation/NotPwnedVerifier.php(89): Illuminate/Http/Client/PendingRequest->get('https://api.pwn...')
#23 C:/Users/DELL/growza/growza/vendor/laravel/framework/src/Illuminate/Validation/NotPwnedVerifier.php(55): Illuminate/Validation/NotPwnedVerifier->search('D8A94')
#24 C:/Users/DELL/growza/growza/vendor/laravel/framework/src/Illuminate/Validation/Rules/Password.php(349): Illuminate/Validation/NotPwnedVerifier->verify(Array)
#25 C:/Users/DELL/growza/growza/vendor/laravel/framework/src/Illuminate/Validation/Validator.php(902): Illuminate/Validation/Rules/Password->passes('password', 'brand-new-secre...')
#26 C:/Users/DELL/growza/growza/vendor/laravel/framework/src/Illuminate/Validation/Validator.php(678): Illuminate/Validation/Validator->validateUsingCustomRule('password', 'brand-new-secre...', Object(Illuminate/Validation/Rules/Password))
#27 C:/Users/DELL/growza/growza/vendor/laravel/framework/src/Illuminate/Validation/Validator.php(481): Illuminate/Validation/Validator->validateAttribute('password', Object(Illuminate/Validation/Rules/Password))
#28 C:/Users/DELL/growza/growza/vendor/laravel/framework/src/Illuminate/Validation/Validator.php(516): Illuminate/Validation/Validator->passes()
#29 C:/Users/DELL/growza/growza/vendor/laravel/framework/src/Illuminate/Validation/Validator.php(558): Illuminate/Validation/Validator->fails()
#30 C:/Users/DELL/growza/growza/vendor/laravel/framework/src/Illuminate/Validation/Validator.php(574): Illuminate/Validation/Validator->validate()
#31 C:/Users/DELL/growza/growza/app/Domain/Auth/Actions/UpdateUserPassword.php(34): Illuminate/Validation/Validator->validateWithBag('updatePassword')
#32 C:/Users/DELL/growza/growza/vendor/laravel/fortify/src/Http/Controllers/PasswordController.php(24): App/Domain/Auth/Actions/UpdateUserPassword->update(Object(App/Domain/Identity/Models/User), Array)
#33 C:/Users/DELL/growza/growza/vendor/laravel/framework/src/Illuminate/Routing/Controller.php(54): Laravel/Fortify/Http/Controllers/PasswordController->update(Object(Illuminate/Http/Request), Object(App/Domain/Auth/Actions/UpdateUserPassword))
#34 C:/Users/DELL/growza/growza/vendor/laravel/framework/src/Illuminate/Routing/ControllerDispatcher.php(44): Illuminate/Routing/Controller->callAction('update', Array)
#35 C:/Users/DELL/growza/growza/vendor/laravel/framework/src/Illuminate/Routing/Route.php(266): Illuminate/Routing/ControllerDispatcher->dispatch(Object(Illuminate/Routing/Route), Object(Laravel/Fortify/Http/Controllers/PasswordController), 'update')
#36 C:/Users/DELL/growza/growza/vendor/laravel/framework/src/Illuminate/Routing/Route.php(212): Illuminate/Routing/Route->runController()
#37 C:/Users/DELL/growza/growza/vendor/laravel/framework/src/Illuminate/Routing/Router.php(808): Illuminate/Routing/Route->run()
#38 C:/Users/DELL/growza/growza/vendor/laravel/framework/src/Illuminate/Pipeline/Pipeline.php(170): Illuminate/Routing/Router->{closure:Illuminate/Routing/Router::runRouteWithinStack():807}(Object(Illuminate/Http/Request))
#39 C:/Users/DELL/growza/growza/vendor/laravel/framework/src/Illuminate/Routing/Middleware/SubstituteBindings.php(51): Illuminate/Pipeline/Pipeline->{closure:Illuminate/Pipeline/Pipeline::prepareDestination():168}(Object(Illuminate/Http/Request))
#40 C:/Users/DELL/growza/growza/vendor/laravel/framework/src/Illuminate/Pipeline/Pipeline.php(209): Illuminate/Routing/Middleware/SubstituteBindings->handle(Object(Illuminate/Http/Request), Object(Closure))
#41 C:/Users/DELL/growza/growza/vendor/laravel/framework/src/Illuminate/Auth/Middleware/Authenticate.php(64): Illuminate/Pipeline/Pipeline->{closure:{closure:Illuminate/Pipeline/Pipeline::carry():184}:185}(Object(Illuminate/Http/Request))
#42 C:/Users/DELL/growza/growza/vendor/laravel/framework/src/Illuminate/Pipeline/Pipeline.php(209): Illuminate/Auth/Middleware/Authenticate->handle(Object(Illuminate/Http/Request), Object(Closure), 'web')
#43 C:/Users/DELL/growza/growza/vendor/laravel/framework/src/Illuminate/Foundation/Http/Middleware/VerifyCsrfToken.php(88): Illuminate/Pipeline/Pipeline->{closure:{closure:Illuminate/Pipeline/Pipeline::carry():184}:185}(Object(Illuminate/Http/Request))
#44 C:/Users/DELL/growza/growza/vendor/laravel/framework/src/Illuminate/Pipeline/Pipeline.php(209): Illuminate/Foundation/Http/Middleware/VerifyCsrfToken->handle(Object(Illuminate/Http/Request), Object(Closure))
#45 C:/Users/DELL/growza/growza/vendor/laravel/framework/src/Illuminate/View/Middleware/ShareErrorsFromSession.php(49): Illuminate/Pipeline/Pipeline->{closure:{closure:Illuminate/Pipeline/Pipeline::carry():184}:185}(Object(Illuminate/Http/Request))
#46 C:/Users/DELL/growza/growza/vendor/laravel/framework/src/Illuminate/Pipeline/Pipeline.php(209): Illuminate/View/Middleware/ShareErrorsFromSession->handle(Object(Illuminate/Http/Request), Object(Closure))
#47 C:/Users/DELL/growza/growza/vendor/laravel/framework/src/Illuminate/Session/Middleware/StartSession.php(121): Illuminate/Pipeline/Pipeline->{closure:{closure:Illuminate/Pipeline/Pipeline::carry():184}:185}(Object(Illuminate/Http/Request))
#48 C:/Users/DELL/growza/growza/vendor/laravel/framework/src/Illuminate/Session/Middleware/StartSession.php(64): Illuminate/Session/Middleware/StartSession->handleStatefulRequest(Object(Illuminate/Http/Request), Object(Illuminate/Session/Store), Object(Closure))
#49 C:/Users/DELL/growza/growza/vendor/laravel/framework/src/Illuminate/Pipeline/Pipeline.php(209): Illuminate/Session/Middleware/StartSession->handle(Object(Illuminate/Http/Request), Object(Closure))
#50 C:/Users/DELL/growza/growza/vendor/laravel/framework/src/Illuminate/Cookie/Middleware/AddQueuedCookiesToResponse.php(37): Illuminate/Pipeline/Pipeline->{closure:{closure:Illuminate/Pipeline/Pipeline::carry():184}:185}(Object(Illuminate/Http/Request))
#51 C:/Users/DELL/growza/growza/vendor/laravel/framework/src/Illuminate/Pipeline/Pipeline.php(209): Illuminate/Cookie/Middleware/AddQueuedCookiesToResponse->handle(Object(Illuminate/Http/Request), Object(Closure))
#52 C:/Users/DELL/growza/growza/vendor/laravel/framework/src/Illuminate/Cookie/Middleware/EncryptCookies.php(75): Illuminate/Pipeline/Pipeline->{closure:{closure:Illuminate/Pipeline/Pipeline::carry():184}:185}(Object(Illuminate/Http/Request))
#53 C:/Users/DELL/growza/growza/vendor/laravel/framework/src/Illuminate/Pipeline/Pipeline.php(209): Illuminate/Cookie/Middleware/EncryptCookies->handle(Object(Illuminate/Http/Request), Object(Closure))
#54 C:/Users/DELL/growza/growza/vendor/laravel/framework/src/Illuminate/Pipeline/Pipeline.php(127): Illuminate/Pipeline/Pipeline->{closure:{closure:Illuminate/Pipeline/Pipeline::carry():184}:185}(Object(Illuminate/Http/Request))
#55 C:/Users/DELL/growza/growza/vendor/laravel/framework/src/Illuminate/Routing/Router.php(807): Illuminate/Pipeline/Pipeline->then(Object(Closure))
#56 C:/Users/DELL/growza/growza/vendor/laravel/framework/src/Illuminate/Routing/Router.php(786): Illuminate/Routing/Router->runRouteWithinStack(Object(Illuminate/Routing/Route), Object(Illuminate/Http/Request))
#57 C:/Users/DELL/growza/growza/vendor/laravel/framework/src/Illuminate/Routing/Router.php(750): Illuminate/Routing/Router->runRoute(Object(Illuminate/Http/Request), Object(Illuminate/Routing/Route))
#58 C:/Users/DELL/growza/growza/vendor/laravel/framework/src/Illuminate/Routing/Router.php(739): Illuminate/Routing/Router->dispatchToRoute(Object(Illuminate/Http/Request))
#59 C:/Users/DELL/growza/growza/vendor/laravel/framework/src/Illuminate/Foundation/Http/Kernel.php(201): Illuminate/Routing/Router->dispatch(Object(Illuminate/Http/Request))
#60 C:/Users/DELL/growza/growza/vendor/laravel/framework/src/Illuminate/Pipeline/Pipeline.php(170): Illuminate/Foundation/Http/Kernel->{closure:Illuminate/Foundation/Http/Kernel::dispatchToRouter():198}(Object(Illuminate/Http/Request))
#61 C:/Users/DELL/growza/growza/vendor/livewire/livewire/src/Features/SupportDisablingBackButtonCache/DisableBackButtonCacheMiddleware.php(19): Illuminate/Pipeline/Pipeline->{closure:Illuminate/Pipeline/Pipeline::prepareDestination():168}(Object(Illuminate/Http/Request))
#62 C:/Users/DELL/growza/growza/vendor/laravel/framework/src/Illuminate/Pipeline/Pipeline.php(209): Livewire/Features/SupportDisablingBackButtonCache/DisableBackButtonCacheMiddleware->handle(Object(Illuminate/Http/Request), Object(Closure))
#63 C:/Users/DELL/growza/growza/vendor/laravel/framework/src/Illuminate/Foundation/Http/Middleware/TransformsRequest.php(21): Illuminate/Pipeline/Pipeline->{closure:{closure:Illuminate/Pipeline/Pipeline::carry():184}:185}(Object(Illuminate/Http/Request))
#64 C:/Users/DELL/growza/growza/vendor/laravel/framework/src/Illuminate/Foundation/Http/Middleware/ConvertEmptyStringsToNull.php(31): Illuminate/Foundation/Http/Middleware/TransformsRequest->handle(Object(Illuminate/Http/Request), Object(Closure))
#65 C:/Users/DELL/growza/growza/vendor/laravel/framework/src/Illuminate/Pipeline/Pipeline.php(209): Illuminate/Foundation/Http/Middleware/ConvertEmptyStringsToNull->handle(Object(Illuminate/Http/Request), Object(Closure))
#66 C:/Users/DELL/growza/growza/vendor/laravel/framework/src/Illuminate/Foundation/Http/Middleware/TransformsRequest.php(21): Illuminate/Pipeline/Pipeline->{closure:{closure:Illuminate/Pipeline/Pipeline::carry():184}:185}(Object(Illuminate/Http/Request))
#67 C:/Users/DELL/growza/growza/vendor/laravel/framework/src/Illuminate/Foundation/Http/Middleware/TrimStrings.php(51): Illuminate/Foundation/Http/Middleware/TransformsRequest->handle(Object(Illuminate/Http/Request), Object(Closure))
#68 C:/Users/DELL/growza/growza/vendor/laravel/framework/src/Illuminate/Pipeline/Pipeline.php(209): Illuminate/Foundation/Http/Middleware/TrimStrings->handle(Object(Illuminate/Http/Request), Object(Closure))
#69 C:/Users/DELL/growza/growza/vendor/laravel/framework/src/Illuminate/Http/Middleware/ValidatePostSize.php(27): Illuminate/Pipeline/Pipeline->{closure:{closure:Illuminate/Pipeline/Pipeline::carry():184}:185}(Object(Illuminate/Http/Request))
#70 C:/Users/DELL/growza/growza/vendor/laravel/framework/src/Illuminate/Pipeline/Pipeline.php(209): Illuminate/Http/Middleware/ValidatePostSize->handle(Object(Illuminate/Http/Request), Object(Closure))
#71 C:/Users/DELL/growza/growza/vendor/laravel/framework/src/Illuminate/Foundation/Http/Middleware/PreventRequestsDuringMaintenance.php(110): Illuminate/Pipeline/Pipeline->{closure:{closure:Illuminate/Pipeline/Pipeline::carry():184}:185}(Object(Illuminate/Http/Request))
#72 C:/Users/DELL/growza/growza/vendor/laravel/framework/src/Illuminate/Pipeline/Pipeline.php(209): Illuminate/Foundation/Http/Middleware/PreventRequestsDuringMaintenance->handle(Object(Illuminate/Http/Request), Object(Closure))
#73 C:/Users/DELL/growza/growza/vendor/laravel/framework/src/Illuminate/Http/Middleware/HandleCors.php(49): Illuminate/Pipeline/Pipeline->{closure:{closure:Illuminate/Pipeline/Pipeline::carry():184}:185}(Object(Illuminate/Http/Request))
#74 C:/Users/DELL/growza/growza/vendor/laravel/framework/src/Illuminate/Pipeline/Pipeline.php(209): Illuminate/Http/Middleware/HandleCors->handle(Object(Illuminate/Http/Request), Object(Closure))
#75 C:/Users/DELL/growza/growza/vendor/laravel/framework/src/Illuminate/Http/Middleware/TrustProxies.php(58): Illuminate/Pipeline/Pipeline->{closure:{closure:Illuminate/Pipeline/Pipeline::carry():184}:185}(Object(Illuminate/Http/Request))
#76 C:/Users/DELL/growza/growza/vendor/laravel/framework/src/Illuminate/Pipeline/Pipeline.php(209): Illuminate/Http/Middleware/TrustProxies->handle(Object(Illuminate/Http/Request), Object(Closure))
#77 C:/Users/DELL/growza/growza/vendor/laravel/framework/src/Illuminate/Foundation/Http/Middleware/InvokeDeferredCallbacks.php(22): Illuminate/Pipeline/Pipeline->{closure:{closure:Illuminate/Pipeline/Pipeline::carry():184}:185}(Object(Illuminate/Http/Request))
#78 C:/Users/DELL/growza/growza/vendor/laravel/framework/src/Illuminate/Pipeline/Pipeline.php(209): Illuminate/Foundation/Http/Middleware/InvokeDeferredCallbacks->handle(Object(Illuminate/Http/Request), Object(Closure))
#79 C:/Users/DELL/growza/growza/vendor/laravel/framework/src/Illuminate/Pipeline/Pipeline.php(127): Illuminate/Pipeline/Pipeline->{closure:{closure:Illuminate/Pipeline/Pipeline::carry():184}:185}(Object(Illuminate/Http/Request))
#80 C:/Users/DELL/growza/growza/vendor/laravel/framework/src/Illuminate/Foundation/Http/Kernel.php(176): Illuminate/Pipeline/Pipeline->then(Object(Closure))
#81 C:/Users/DELL/growza/growza/vendor/laravel/framework/src/Illuminate/Foundation/Http/Kernel.php(145): Illuminate/Foundation/Http/Kernel->sendRequestThroughRouter(Object(Illuminate/Http/Request))
#82 C:/Users/DELL/growza/growza/vendor/laravel/framework/src/Illuminate/Foundation/Testing/Concerns/MakesHttpRequests.php(607): Illuminate/Foundation/Http/Kernel->handle(Object(Illuminate/Http/Request))
#83 C:/Users/DELL/growza/growza/vendor/laravel/framework/src/Illuminate/Foundation/Testing/Concerns/MakesHttpRequests.php(427): Illuminate/Foundation/Testing/TestCase->call('PUT', 'http://localhos...', Array, Array, Array, Array)
#84 C:/Users/DELL/growza/growza/tests/Feature/AccountSecurityTest.php(32): Illuminate/Foundation/Testing/TestCase->put('http://localhos...', Array)
#85 C:/Users/DELL/growza/growza/vendor/pestphp/pest/src/Factories/TestCaseMethodFactory.php(110): P/Tests/Feature/AccountSecurityTest->{closure:C:/Users/DELL/growza/growza/tests/Feature/AccountSecurityTest.php:28}()
#86 [internal function]: P/Tests/Feature/AccountSecurityTest->{closure:Pest/Factories/TestCaseMethodFactory::getClosure():102}()
#87 C:/Users/DELL/growza/growza/vendor/pestphp/pest/src/Concerns/Testable.php(339): call_user_func_array(Object(Closure), Array)
#88 C:/Users/DELL/growza/growza/vendor/pestphp/pest/src/Support/ExceptionTrace.php(26): P/Tests/Feature/AccountSecurityTest->{closure:Pest/Concerns/Testable::__callClosure():339}()
#89 C:/Users/DELL/growza/growza/vendor/pestphp/pest/src/Concerns/Testable.php(339): Pest/Support/ExceptionTrace::ensure(Object(Closure))
#90 C:/Users/DELL/growza/growza/vendor/pestphp/pest/src/Concerns/Testable.php(256): P/Tests/Feature/AccountSecurityTest->__callClosure(Object(Closure), Array)
#91 C:/Users/DELL/growza/growza/vendor/pestphp/pest/src/Factories/TestCaseFactory.php(197) : eval()'d code(26): P/Tests/Feature/AccountSecurityTest->__runTest(Object(Closure))
#92 C:/Users/DELL/growza/growza/vendor/phpunit/phpunit/src/Framework/TestCase.php(1548): P/Tests/Feature/AccountSecurityTest->__pest_evaluable_it_updates_a_password_and_notifies_the_account_owner()
#93 C:/Users/DELL/growza/growza/vendor/phpunit/phpunit/src/Framework/TestCase.php(686): PHPUnit/Framework/TestCase->runTest()
#94 C:/Users/DELL/growza/growza/vendor/phpunit/phpunit/src/Framework/TestRunner.php(106): PHPUnit/Framework/TestCase->runBare()
#95 C:/Users/DELL/growza/growza/vendor/phpunit/phpunit/src/Framework/TestCase.php(516): PHPUnit/Framework/TestRunner->run(Object(P/Tests/Feature/AccountSecurityTest))
#96 C:/Users/DELL/growza/growza/vendor/phpunit/phpunit/src/Framework/TestSuite.php(374): PHPUnit/Framework/TestCase->run()
#97 C:/Users/DELL/growza/growza/vendor/phpunit/phpunit/src/Framework/TestSuite.php(374): PHPUnit/Framework/TestSuite->run()
#98 C:/Users/DELL/growza/growza/vendor/phpunit/phpunit/src/Framework/TestSuite.php(374): PHPUnit/Framework/TestSuite->run()
#99 C:/Users/DELL/growza/growza/vendor/phpunit/phpunit/src/TextUI/TestRunner.php(64): PHPUnit/Framework/TestSuite->run()
#100 C:/Users/DELL/growza/growza/vendor/phpunit/phpunit/src/TextUI/Application.php(204): PHPUnit/TextUI/TestRunner->run(Object(PHPUnit/TextUI/Configuration/Configuration), Object(PHPUnit/Runner/ResultCache/DefaultResultCache), Object(PHPUnit/Framework/TestSuite))
#101 C:/Users/DELL/growza/growza/vendor/pestphp/pest/src/Kernel.php(103): PHPUnit/TextUI/Application->run(Array)
#102 C:/Users/DELL/growza/growza/vendor/pestphp/pest/bin/pest(91): Pest/Kernel->handle(Array, Array)
#103 C:/Users/DELL/growza/growza/vendor/pestphp/pest/bin/pest(99): {closure:C:/Users/DELL/growza/growza/vendor/pestphp/pest/bin/pest:12}()
#104 {main}
"} 
[2026-09-21 06:23:14] testing.ERROR: cURL error 60: SSL certificate problem: unable to get local issuer certificate (see https://curl.se/libcurl/c/libcurl-errors.html) for https://api.pwnedpasswords.com/range/D8A94 {"userId":1,"exception":"[object] (GuzzleHttp\\Exception\\RequestException(code: 0): cURL error 60: SSL certificate problem: unable to get local issuer certificate (see https://curl.se/libcurl/c/libcurl-errors.html) for https://api.pwnedpasswords.com/range/D8A94 at C:/Users/DELL/growza/growza/vendor/guzzlehttp/guzzle/src/Handler/CurlFactory.php:1141)
[stacktrace]
#0 C:/Users/DELL/growza/growza/vendor/guzzlehttp/guzzle/src/Handler/CurlFactory.php(1077): GuzzleHttp/Handler/CurlFactory::createRejection(Object(GuzzleHttp/Handler/EasyHandle), Array)
#1 C:/Users/DELL/growza/growza/vendor/guzzlehttp/guzzle/src/Handler/CurlFactory.php(1014): GuzzleHttp/Handler/CurlFactory::finishError(Object(GuzzleHttp/Handler/CurlHandler), Object(GuzzleHttp/Handler/EasyHandle), Object(GuzzleHttp/Handler/CurlFactory))
#2 C:/Users/DELL/growza/growza/vendor/guzzlehttp/guzzle/src/Handler/CurlHandler.php(88): GuzzleHttp/Handler/CurlFactory::finish(Object(GuzzleHttp/Handler/CurlHandler), Object(GuzzleHttp/Handler/EasyHandle), Object(GuzzleHttp/Handler/CurlFactory))
#3 C:/Users/DELL/growza/growza/vendor/guzzlehttp/guzzle/src/Handler/Proxy.php(28): GuzzleHttp/Handler/CurlHandler->__invoke(Object(GuzzleHttp/Psr7/Request), Array)
#4 C:/Users/DELL/growza/growza/vendor/guzzlehttp/guzzle/src/Handler/Proxy.php(68): GuzzleHttp/Handler/Proxy::{closure:GuzzleHttp/Handler/Proxy::wrapSync():27}(Object(GuzzleHttp/Psr7/Request), Array)
#5 C:/Users/DELL/growza/growza/vendor/guzzlehttp/guzzle/src/Handler/Proxy.php(48): GuzzleHttp/Handler/Proxy::{closure:GuzzleHttp/Handler/Proxy::wrapTlsFallback():63}(Object(GuzzleHttp/Psr7/Request), Array)
#6 C:/Users/DELL/growza/growza/vendor/laravel/framework/src/Illuminate/Http/Client/PendingRequest.php(1340): GuzzleHttp/Handler/Proxy::{closure:GuzzleHttp/Handler/Proxy::wrapStreaming():47}(Object(GuzzleHttp/Psr7/Request), Array)
#7 C:/Users/DELL/growza/growza/vendor/laravel/framework/src/Illuminate/Http/Client/PendingRequest.php(1306): Illuminate/Http/Client/PendingRequest->{closure:{closure:Illuminate/Http/Client/PendingRequest::buildStubHandler():1327}:1328}(Object(GuzzleHttp/Psr7/Request), Array)
#8 C:/Users/DELL/growza/growza/vendor/laravel/framework/src/Illuminate/Http/Client/PendingRequest.php(1292): Illuminate/Http/Client/PendingRequest->{closure:{closure:Illuminate/Http/Client/PendingRequest::buildRecorderHandler():1304}:1305}(Object(GuzzleHttp/Psr7/Request), Array)
#9 C:/Users/DELL/growza/growza/vendor/guzzlehttp/guzzle/src/PrepareBodyMiddleware.php(35): Illuminate/Http/Client/PendingRequest->{closure:{closure:Illuminate/Http/Client/PendingRequest::buildBeforeSendingHandler():1290}:1291}(Object(GuzzleHttp/Psr7/Request), Array)
#10 C:/Users/DELL/growza/growza/vendor/guzzlehttp/guzzle/src/Middleware.php(38): GuzzleHttp/PrepareBodyMiddleware->__invoke(Object(GuzzleHttp/Psr7/Request), Array)
#11 C:/Users/DELL/growza/growza/vendor/guzzlehttp/guzzle/src/RedirectMiddleware.php(72): GuzzleHttp/Middleware::{closure:{closure:GuzzleHttp/Middleware::cookies():28}:29}(Object(GuzzleHttp/Psr7/Request), Array)
#12 C:/Users/DELL/growza/growza/vendor/guzzlehttp/guzzle/src/Middleware.php(63): GuzzleHttp/RedirectMiddleware->__invoke(Object(GuzzleHttp/Psr7/Request), Array)
#13 C:/Users/DELL/growza/growza/vendor/guzzlehttp/guzzle/src/HandlerStack.php(75): GuzzleHttp/Middleware::{closure:{closure:GuzzleHttp/Middleware::httpErrors():60}:61}(Object(GuzzleHttp/Psr7/Request), Array)
#14 C:/Users/DELL/growza/growza/vendor/guzzlehttp/guzzle/src/Client.php(1109): GuzzleHttp/HandlerStack->__invoke(Object(GuzzleHttp/Psr7/Request), Array)
#15 C:/Users/DELL/growza/growza/vendor/guzzlehttp/guzzle/src/Client.php(243): GuzzleHttp/Client->transfer(Object(GuzzleHttp/Psr7/Request), Array)
#16 C:/Users/DELL/growza/growza/vendor/guzzlehttp/guzzle/src/Client.php(273): GuzzleHttp/Client->requestAsync('GET', Object(GuzzleHttp/Psr7/Uri), Array)
#17 C:/Users/DELL/growza/growza/vendor/laravel/framework/src/Illuminate/Http/Client/PendingRequest.php(1138): GuzzleHttp/Client->request('GET', 'https://api.pwn...', Array)
#18 C:/Users/DELL/growza/growza/vendor/laravel/framework/src/Illuminate/Http/Client/PendingRequest.php(907): Illuminate/Http/Client/PendingRequest->sendRequest('GET', 'https://api.pwn...', Array)
#19 C:/Users/DELL/growza/growza/vendor/laravel/framework/src/Illuminate/Support/helpers.php(338): Illuminate/Http/Client/PendingRequest->{closure:Illuminate/Http/Client/PendingRequest::send():905}(1)
#20 C:/Users/DELL/growza/growza/vendor/laravel/framework/src/Illuminate/Http/Client/PendingRequest.php(905): retry(0, Object(Closure), 100, Object(Closure))
#21 C:/Users/DELL/growza/growza/vendor/laravel/framework/src/Illuminate/Http/Client/PendingRequest.php(772): Illuminate/Http/Client/PendingRequest->send('GET', 'https://api.pwn...', Array)
#22 C:/Users/DELL/growza/growza/vendor/laravel/framework/src/Illuminate/Validation/NotPwnedVerifier.php(89): Illuminate/Http/Client/PendingRequest->get('https://api.pwn...')
#23 C:/Users/DELL/growza/growza/vendor/laravel/framework/src/Illuminate/Validation/NotPwnedVerifier.php(55): Illuminate/Validation/NotPwnedVerifier->search('D8A94')
#24 C:/Users/DELL/growza/growza/vendor/laravel/framework/src/Illuminate/Validation/Rules/Password.php(349): Illuminate/Validation/NotPwnedVerifier->verify(Array)
#25 C:/Users/DELL/growza/growza/vendor/laravel/framework/src/Illuminate/Validation/Validator.php(902): Illuminate/Validation/Rules/Password->passes('password', 'brand-new-secre...')
#26 C:/Users/DELL/growza/growza/vendor/laravel/framework/src/Illuminate/Validation/Validator.php(678): Illuminate/Validation/Validator->validateUsingCustomRule('password', 'brand-new-secre...', Object(Illuminate/Validation/Rules/Password))
#27 C:/Users/DELL/growza/growza/vendor/laravel/framework/src/Illuminate/Validation/Validator.php(481): Illuminate/Validation/Validator->validateAttribute('password', Object(Illuminate/Validation/Rules/Password))
#28 C:/Users/DELL/growza/growza/vendor/laravel/framework/src/Illuminate/Validation/Validator.php(516): Illuminate/Validation/Validator->passes()
#29 C:/Users/DELL/growza/growza/vendor/laravel/framework/src/Illuminate/Validation/Validator.php(558): Illuminate/Validation/Validator->fails()
#30 C:/Users/DELL/growza/growza/vendor/laravel/framework/src/Illuminate/Validation/Validator.php(574): Illuminate/Validation/Validator->validate()
#31 C:/Users/DELL/growza/growza/app/Domain/Auth/Actions/UpdateUserPassword.php(34): Illuminate/Validation/Validator->validateWithBag('updatePassword')
#32 C:/Users/DELL/growza/growza/vendor/laravel/fortify/src/Http/Controllers/PasswordController.php(24): App/Domain/Auth/Actions/UpdateUserPassword->update(Object(App/Domain/Identity/Models/User), Array)
#33 C:/Users/DELL/growza/growza/vendor/laravel/framework/src/Illuminate/Routing/Controller.php(54): Laravel/Fortify/Http/Controllers/PasswordController->update(Object(Illuminate/Http/Request), Object(App/Domain/Auth/Actions/UpdateUserPassword))
#34 C:/Users/DELL/growza/growza/vendor/laravel/framework/src/Illuminate/Routing/ControllerDispatcher.php(44): Illuminate/Routing/Controller->callAction('update', Array)
#35 C:/Users/DELL/growza/growza/vendor/laravel/framework/src/Illuminate/Routing/Route.php(266): Illuminate/Routing/ControllerDispatcher->dispatch(Object(Illuminate/Routing/Route), Object(Laravel/Fortify/Http/Controllers/PasswordController), 'update')
#36 C:/Users/DELL/growza/growza/vendor/laravel/framework/src/Illuminate/Routing/Route.php(212): Illuminate/Routing/Route->runController()
#37 C:/Users/DELL/growza/growza/vendor/laravel/framework/src/Illuminate/Routing/Router.php(808): Illuminate/Routing/Route->run()
#38 C:/Users/DELL/growza/growza/vendor/laravel/framework/src/Illuminate/Pipeline/Pipeline.php(170): Illuminate/Routing/Router->{closure:Illuminate/Routing/Router::runRouteWithinStack():807}(Object(Illuminate/Http/Request))
#39 C:/Users/DELL/growza/growza/vendor/laravel/framework/src/Illuminate/Routing/Middleware/SubstituteBindings.php(51): Illuminate/Pipeline/Pipeline->{closure:Illuminate/Pipeline/Pipeline::prepareDestination():168}(Object(Illuminate/Http/Request))
#40 C:/Users/DELL/growza/growza/vendor/laravel/framework/src/Illuminate/Pipeline/Pipeline.php(209): Illuminate/Routing/Middleware/SubstituteBindings->handle(Object(Illuminate/Http/Request), Object(Closure))
#41 C:/Users/DELL/growza/growza/vendor/laravel/framework/src/Illuminate/Auth/Middleware/Authenticate.php(64): Illuminate/Pipeline/Pipeline->{closure:{closure:Illuminate/Pipeline/Pipeline::carry():184}:185}(Object(Illuminate/Http/Request))
#42 C:/Users/DELL/growza/growza/vendor/laravel/framework/src/Illuminate/Pipeline/Pipeline.php(209): Illuminate/Auth/Middleware/Authenticate->handle(Object(Illuminate/Http/Request), Object(Closure), 'web')
#43 C:/Users/DELL/growza/growza/vendor/laravel/framework/src/Illuminate/Foundation/Http/Middleware/VerifyCsrfToken.php(88): Illuminate/Pipeline/Pipeline->{closure:{closure:Illuminate/Pipeline/Pipeline::carry():184}:185}(Object(Illuminate/Http/Request))
#44 C:/Users/DELL/growza/growza/vendor/laravel/framework/src/Illuminate/Pipeline/Pipeline.php(209): Illuminate/Foundation/Http/Middleware/VerifyCsrfToken->handle(Object(Illuminate/Http/Request), Object(Closure))
#45 C:/Users/DELL/growza/growza/vendor/laravel/framework/src/Illuminate/View/Middleware/ShareErrorsFromSession.php(49): Illuminate/Pipeline/Pipeline->{closure:{closure:Illuminate/Pipeline/Pipeline::carry():184}:185}(Object(Illuminate/Http/Request))
#46 C:/Users/DELL/growza/growza/vendor/laravel/framework/src/Illuminate/Pipeline/Pipeline.php(209): Illuminate/View/Middleware/ShareErrorsFromSession->handle(Object(Illuminate/Http/Request), Object(Closure))
#47 C:/Users/DELL/growza/growza/vendor/laravel/framework/src/Illuminate/Session/Middleware/StartSession.php(121): Illuminate/Pipeline/Pipeline->{closure:{closure:Illuminate/Pipeline/Pipeline::carry():184}:185}(Object(Illuminate/Http/Request))
#48 C:/Users/DELL/growza/growza/vendor/laravel/framework/src/Illuminate/Session/Middleware/StartSession.php(64): Illuminate/Session/Middleware/StartSession->handleStatefulRequest(Object(Illuminate/Http/Request), Object(Illuminate/Session/Store), Object(Closure))
#49 C:/Users/DELL/growza/growza/vendor/laravel/framework/src/Illuminate/Pipeline/Pipeline.php(209): Illuminate/Session/Middleware/StartSession->handle(Object(Illuminate/Http/Request), Object(Closure))
#50 C:/Users/DELL/growza/growza/vendor/laravel/framework/src/Illuminate/Cookie/Middleware/AddQueuedCookiesToResponse.php(37): Illuminate/Pipeline/Pipeline->{closure:{closure:Illuminate/Pipeline/Pipeline::carry():184}:185}(Object(Illuminate/Http/Request))
#51 C:/Users/DELL/growza/growza/vendor/laravel/framework/src/Illuminate/Pipeline/Pipeline.php(209): Illuminate/Cookie/Middleware/AddQueuedCookiesToResponse->handle(Object(Illuminate/Http/Request), Object(Closure))
#52 C:/Users/DELL/growza/growza/vendor/laravel/framework/src/Illuminate/Cookie/Middleware/EncryptCookies.php(75): Illuminate/Pipeline/Pipeline->{closure:{closure:Illuminate/Pipeline/Pipeline::carry():184}:185}(Object(Illuminate/Http/Request))
#53 C:/Users/DELL/growza/growza/vendor/laravel/framework/src/Illuminate/Pipeline/Pipeline.php(209): Illuminate/Cookie/Middleware/EncryptCookies->handle(Object(Illuminate/Http/Request), Object(Closure))
#54 C:/Users/DELL/growza/growza/vendor/laravel/framework/src/Illuminate/Pipeline/Pipeline.php(127): Illuminate/Pipeline/Pipeline->{closure:{closure:Illuminate/Pipeline/Pipeline::carry():184}:185}(Object(Illuminate/Http/Request))
#55 C:/Users/DELL/growza/growza/vendor/laravel/framework/src/Illuminate/Routing/Router.php(807): Illuminate/Pipeline/Pipeline->then(Object(Closure))
#56 C:/Users/DELL/growza/growza/vendor/laravel/framework/src/Illuminate/Routing/Router.php(786): Illuminate/Routing/Router->runRouteWithinStack(Object(Illuminate/Routing/Route), Object(Illuminate/Http/Request))
#57 C:/Users/DELL/growza/growza/vendor/laravel/framework/src/Illuminate/Routing/Router.php(750): Illuminate/Routing/Router->runRoute(Object(Illuminate/Http/Request), Object(Illuminate/Routing/Route))
#58 C:/Users/DELL/growza/growza/vendor/laravel/framework/src/Illuminate/Routing/Router.php(739): Illuminate/Routing/Router->dispatchToRoute(Object(Illuminate/Http/Request))
#59 C:/Users/DELL/growza/growza/vendor/laravel/framework/src/Illuminate/Foundation/Http/Kernel.php(201): Illuminate/Routing/Router->dispatch(Object(Illuminate/Http/Request))
#60 C:/Users/DELL/growza/growza/vendor/laravel/framework/src/Illuminate/Pipeline/Pipeline.php(170): Illuminate/Foundation/Http/Kernel->{closure:Illuminate/Foundation/Http/Kernel::dispatchToRouter():198}(Object(Illuminate/Http/Request))
#61 C:/Users/DELL/growza/growza/vendor/livewire/livewire/src/Features/SupportDisablingBackButtonCache/DisableBackButtonCacheMiddleware.php(19): Illuminate/Pipeline/Pipeline->{closure:Illuminate/Pipeline/Pipeline::prepareDestination():168}(Object(Illuminate/Http/Request))
#62 C:/Users/DELL/growza/growza/vendor/laravel/framework/src/Illuminate/Pipeline/Pipeline.php(209): Livewire/Features/SupportDisablingBackButtonCache/DisableBackButtonCacheMiddleware->handle(Object(Illuminate/Http/Request), Object(Closure))
#63 C:/Users/DELL/growza/growza/vendor/laravel/framework/src/Illuminate/Foundation/Http/Middleware/TransformsRequest.php(21): Illuminate/Pipeline/Pipeline->{closure:{closure:Illuminate/Pipeline/Pipeline::carry():184}:185}(Object(Illuminate/Http/Request))
#64 C:/Users/DELL/growza/growza/vendor/laravel/framework/src/Illuminate/Foundation/Http/Middleware/ConvertEmptyStringsToNull.php(31): Illuminate/Foundation/Http/Middleware/TransformsRequest->handle(Object(Illuminate/Http/Request), Object(Closure))
#65 C:/Users/DELL/growza/growza/vendor/laravel/framework/src/Illuminate/Pipeline/Pipeline.php(209): Illuminate/Foundation/Http/Middleware/ConvertEmptyStringsToNull->handle(Object(Illuminate/Http/Request), Object(Closure))
#66 C:/Users/DELL/growza/growza/vendor/laravel/framework/src/Illuminate/Foundation/Http/Middleware/TransformsRequest.php(21): Illuminate/Pipeline/Pipeline->{closure:{closure:Illuminate/Pipeline/Pipeline::carry():184}:185}(Object(Illuminate/Http/Request))
#67 C:/Users/DELL/growza/growza/vendor/laravel/framework/src/Illuminate/Foundation/Http/Middleware/TrimStrings.php(51): Illuminate/Foundation/Http/Middleware/TransformsRequest->handle(Object(Illuminate/Http/Request), Object(Closure))
#68 C:/Users/DELL/growza/growza/vendor/laravel/framework/src/Illuminate/Pipeline/Pipeline.php(209): Illuminate/Foundation/Http/Middleware/TrimStrings->handle(Object(Illuminate/Http/Request), Object(Closure))
#69 C:/Users/DELL/growza/growza/vendor/laravel/framework/src/Illuminate/Http/Middleware/ValidatePostSize.php(27): Illuminate/Pipeline/Pipeline->{closure:{closure:Illuminate/Pipeline/Pipeline::carry():184}:185}(Object(Illuminate/Http/Request))
#70 C:/Users/DELL/growza/growza/vendor/laravel/framework/src/Illuminate/Pipeline/Pipeline.php(209): Illuminate/Http/Middleware/ValidatePostSize->handle(Object(Illuminate/Http/Request), Object(Closure))
#71 C:/Users/DELL/growza/growza/vendor/laravel/framework/src/Illuminate/Foundation/Http/Middleware/PreventRequestsDuringMaintenance.php(110): Illuminate/Pipeline/Pipeline->{closure:{closure:Illuminate/Pipeline/Pipeline::carry():184}:185}(Object(Illuminate/Http/Request))
#72 C:/Users/DELL/growza/growza/vendor/laravel/framework/src/Illuminate/Pipeline/Pipeline.php(209): Illuminate/Foundation/Http/Middleware/PreventRequestsDuringMaintenance->handle(Object(Illuminate/Http/Request), Object(Closure))
#73 C:/Users/DELL/growza/growza/vendor/laravel/framework/src/Illuminate/Http/Middleware/HandleCors.php(49): Illuminate/Pipeline/Pipeline->{closure:{closure:Illuminate/Pipeline/Pipeline::carry():184}:185}(Object(Illuminate/Http/Request))
#74 C:/Users/DELL/growza/growza/vendor/laravel/framework/src/Illuminate/Pipeline/Pipeline.php(209): Illuminate/Http/Middleware/HandleCors->handle(Object(Illuminate/Http/Request), Object(Closure))
#75 C:/Users/DELL/growza/growza/vendor/laravel/framework/src/Illuminate/Http/Middleware/TrustProxies.php(58): Illuminate/Pipeline/Pipeline->{closure:{closure:Illuminate/Pipeline/Pipeline::carry():184}:185}(Object(Illuminate/Http/Request))
#76 C:/Users/DELL/growza/growza/vendor/laravel/framework/src/Illuminate/Pipeline/Pipeline.php(209): Illuminate/Http/Middleware/TrustProxies->handle(Object(Illuminate/Http/Request), Object(Closure))
#77 C:/Users/DELL/growza/growza/vendor/laravel/framework/src/Illuminate/Foundation/Http/Middleware/InvokeDeferredCallbacks.php(22): Illuminate/Pipeline/Pipeline->{closure:{closure:Illuminate/Pipeline/Pipeline::carry():184}:185}(Object(Illuminate/Http/Request))
#78 C:/Users/DELL/growza/growza/vendor/laravel/framework/src/Illuminate/Pipeline/Pipeline.php(209): Illuminate/Foundation/Http/Middleware/InvokeDeferredCallbacks->handle(Object(Illuminate/Http/Request), Object(Closure))
#79 C:/Users/DELL/growza/growza/vendor/laravel/framework/src/Illuminate/Pipeline/Pipeline.php(127): Illuminate/Pipeline/Pipeline->{closure:{closure:Illuminate/Pipeline/Pipeline::carry():184}:185}(Object(Illuminate/Http/Request))
#80 C:/Users/DELL/growza/growza/vendor/laravel/framework/src/Illuminate/Foundation/Http/Kernel.php(176): Illuminate/Pipeline/Pipeline->then(Object(Closure))
#81 C:/Users/DELL/growza/growza/vendor/laravel/framework/src/Illuminate/Foundation/Http/Kernel.php(145): Illuminate/Foundation/Http/Kernel->sendRequestThroughRouter(Object(Illuminate/Http/Request))
#82 C:/Users/DELL/growza/growza/vendor/laravel/framework/src/Illuminate/Foundation/Testing/Concerns/MakesHttpRequests.php(607): Illuminate/Foundation/Http/Kernel->handle(Object(Illuminate/Http/Request))
#83 C:/Users/DELL/growza/growza/vendor/laravel/framework/src/Illuminate/Foundation/Testing/Concerns/MakesHttpRequests.php(427): Illuminate/Foundation/Testing/TestCase->call('PUT', 'http://localhos...', Array, Array, Array, Array)
#84 C:/Users/DELL/growza/growza/tests/Feature/AccountSecurityTest.php(46): Illuminate/Foundation/Testing/TestCase->put('http://localhos...', Array)
#85 C:/Users/DELL/growza/growza/vendor/pestphp/pest/src/Factories/TestCaseMethodFactory.php(110): P/Tests/Feature/AccountSecurityTest->{closure:C:/Users/DELL/growza/growza/tests/Feature/AccountSecurityTest.php:43}()
#86 [internal function]: P/Tests/Feature/AccountSecurityTest->{closure:Pest/Factories/TestCaseMethodFactory::getClosure():102}()
#87 C:/Users/DELL/growza/growza/vendor/pestphp/pest/src/Concerns/Testable.php(339): call_user_func_array(Object(Closure), Array)
#88 C:/Users/DELL/growza/growza/vendor/pestphp/pest/src/Support/ExceptionTrace.php(26): P/Tests/Feature/AccountSecurityTest->{closure:Pest/Concerns/Testable::__callClosure():339}()
#89 C:/Users/DELL/growza/growza/vendor/pestphp/pest/src/Concerns/Testable.php(339): Pest/Support/ExceptionTrace::ensure(Object(Closure))
#90 C:/Users/DELL/growza/growza/vendor/pestphp/pest/src/Concerns/Testable.php(256): P/Tests/Feature/AccountSecurityTest->__callClosure(Object(Closure), Array)
#91 C:/Users/DELL/growza/growza/vendor/pestphp/pest/src/Factories/TestCaseFactory.php(197) : eval()'d code(41): P/Tests/Feature/AccountSecurityTest->__runTest(Object(Closure))
#92 C:/Users/DELL/growza/growza/vendor/phpunit/phpunit/src/Framework/TestCase.php(1548): P/Tests/Feature/AccountSecurityTest->__pest_evaluable_it_rejects_a_password_change_without_the_correct_current_password()
#93 C:/Users/DELL/growza/growza/vendor/phpunit/phpunit/src/Framework/TestCase.php(686): PHPUnit/Framework/TestCase->runTest()
#94 C:/Users/DELL/growza/growza/vendor/phpunit/phpunit/src/Framework/TestRunner.php(106): PHPUnit/Framework/TestCase->runBare()
#95 C:/Users/DELL/growza/growza/vendor/phpunit/phpunit/src/Framework/TestCase.php(516): PHPUnit/Framework/TestRunner->run(Object(P/Tests/Feature/AccountSecurityTest))
#96 C:/Users/DELL/growza/growza/vendor/phpunit/phpunit/src/Framework/TestSuite.php(374): PHPUnit/Framework/TestCase->run()
#97 C:/Users/DELL/growza/growza/vendor/phpunit/phpunit/src/Framework/TestSuite.php(374): PHPUnit/Framework/TestSuite->run()
#98 C:/Users/DELL/growza/growza/vendor/phpunit/phpunit/src/Framework/TestSuite.php(374): PHPUnit/Framework/TestSuite->run()
#99 C:/Users/DELL/growza/growza/vendor/phpunit/phpunit/src/TextUI/TestRunner.php(64): PHPUnit/Framework/TestSuite->run()
#100 C:/Users/DELL/growza/growza/vendor/phpunit/phpunit/src/TextUI/Application.php(204): PHPUnit/TextUI/TestRunner->run(Object(PHPUnit/TextUI/Configuration/Configuration), Object(PHPUnit/Runner/ResultCache/DefaultResultCache), Object(PHPUnit/Framework/TestSuite))
#101 C:/Users/DELL/growza/growza/vendor/pestphp/pest/src/Kernel.php(103): PHPUnit/TextUI/Application->run(Array)
#102 C:/Users/DELL/growza/growza/vendor/pestphp/pest/bin/pest(91): Pest/Kernel->handle(Array, Array)
#103 C:/Users/DELL/growza/growza/vendor/pestphp/pest/bin/pest(99): {closure:C:/Users/DELL/growza/growza/vendor/pestphp/pest/bin/pest:12}()
#104 {main}
"} 
[2026-09-21 06:23:17] testing.ERROR: cURL error 60: SSL certificate problem: unable to get local issuer certificate (see https://curl.se/libcurl/c/libcurl-errors.html) for https://api.pwnedpasswords.com/range/D8A94 {"userId":1,"exception":"[object] (GuzzleHttp\\Exception\\RequestException(code: 0): cURL error 60: SSL certificate problem: unable to get local issuer certificate (see https://curl.se/libcurl/c/libcurl-errors.html) for https://api.pwnedpasswords.com/range/D8A94 at C:/Users/DELL/growza/growza/vendor/guzzlehttp/guzzle/src/Handler/CurlFactory.php:1141)
[stacktrace]
#0 C:/Users/DELL/growza/growza/vendor/guzzlehttp/guzzle/src/Handler/CurlFactory.php(1077): GuzzleHttp/Handler/CurlFactory::createRejection(Object(GuzzleHttp/Handler/EasyHandle), Array)
#1 C:/Users/DELL/growza/growza/vendor/guzzlehttp/guzzle/src/Handler/CurlFactory.php(1014): GuzzleHttp/Handler/CurlFactory::finishError(Object(GuzzleHttp/Handler/CurlHandler), Object(GuzzleHttp/Handler/EasyHandle), Object(GuzzleHttp/Handler/CurlFactory))
#2 C:/Users/DELL/growza/growza/vendor/guzzlehttp/guzzle/src/Handler/CurlHandler.php(88): GuzzleHttp/Handler/CurlFactory::finish(Object(GuzzleHttp/Handler/CurlHandler), Object(GuzzleHttp/Handler/EasyHandle), Object(GuzzleHttp/Handler/CurlFactory))
#3 C:/Users/DELL/growza/growza/vendor/guzzlehttp/guzzle/src/Handler/Proxy.php(28): GuzzleHttp/Handler/CurlHandler->__invoke(Object(GuzzleHttp/Psr7/Request), Array)
#4 C:/Users/DELL/growza/growza/vendor/guzzlehttp/guzzle/src/Handler/Proxy.php(68): GuzzleHttp/Handler/Proxy::{closure:GuzzleHttp/Handler/Proxy::wrapSync():27}(Object(GuzzleHttp/Psr7/Request), Array)
#5 C:/Users/DELL/growza/growza/vendor/guzzlehttp/guzzle/src/Handler/Proxy.php(48): GuzzleHttp/Handler/Proxy::{closure:GuzzleHttp/Handler/Proxy::wrapTlsFallback():63}(Object(GuzzleHttp/Psr7/Request), Array)
#6 C:/Users/DELL/growza/growza/vendor/laravel/framework/src/Illuminate/Http/Client/PendingRequest.php(1340): GuzzleHttp/Handler/Proxy::{closure:GuzzleHttp/Handler/Proxy::wrapStreaming():47}(Object(GuzzleHttp/Psr7/Request), Array)
#7 C:/Users/DELL/growza/growza/vendor/laravel/framework/src/Illuminate/Http/Client/PendingRequest.php(1306): Illuminate/Http/Client/PendingRequest->{closure:{closure:Illuminate/Http/Client/PendingRequest::buildStubHandler():1327}:1328}(Object(GuzzleHttp/Psr7/Request), Array)
#8 C:/Users/DELL/growza/growza/vendor/laravel/framework/src/Illuminate/Http/Client/PendingRequest.php(1292): Illuminate/Http/Client/PendingRequest->{closure:{closure:Illuminate/Http/Client/PendingRequest::buildRecorderHandler():1304}:1305}(Object(GuzzleHttp/Psr7/Request), Array)
#9 C:/Users/DELL/growza/growza/vendor/guzzlehttp/guzzle/src/PrepareBodyMiddleware.php(35): Illuminate/Http/Client/PendingRequest->{closure:{closure:Illuminate/Http/Client/PendingRequest::buildBeforeSendingHandler():1290}:1291}(Object(GuzzleHttp/Psr7/Request), Array)
#10 C:/Users/DELL/growza/growza/vendor/guzzlehttp/guzzle/src/Middleware.php(38): GuzzleHttp/PrepareBodyMiddleware->__invoke(Object(GuzzleHttp/Psr7/Request), Array)
#11 C:/Users/DELL/growza/growza/vendor/guzzlehttp/guzzle/src/RedirectMiddleware.php(72): GuzzleHttp/Middleware::{closure:{closure:GuzzleHttp/Middleware::cookies():28}:29}(Object(GuzzleHttp/Psr7/Request), Array)
#12 C:/Users/DELL/growza/growza/vendor/guzzlehttp/guzzle/src/Middleware.php(63): GuzzleHttp/RedirectMiddleware->__invoke(Object(GuzzleHttp/Psr7/Request), Array)
#13 C:/Users/DELL/growza/growza/vendor/guzzlehttp/guzzle/src/HandlerStack.php(75): GuzzleHttp/Middleware::{closure:{closure:GuzzleHttp/Middleware::httpErrors():60}:61}(Object(GuzzleHttp/Psr7/Request), Array)
#14 C:/Users/DELL/growza/growza/vendor/guzzlehttp/guzzle/src/Client.php(1109): GuzzleHttp/HandlerStack->__invoke(Object(GuzzleHttp/Psr7/Request), Array)
#15 C:/Users/DELL/growza/growza/vendor/guzzlehttp/guzzle/src/Client.php(243): GuzzleHttp/Client->transfer(Object(GuzzleHttp/Psr7/Request), Array)
#16 C:/Users/DELL/growza/growza/vendor/guzzlehttp/guzzle/src/Client.php(273): GuzzleHttp/Client->requestAsync('GET', Object(GuzzleHttp/Psr7/Uri), Array)
#17 C:/Users/DELL/growza/growza/vendor/laravel/framework/src/Illuminate/Http/Client/PendingRequest.php(1138): GuzzleHttp/Client->request('GET', 'https://api.pwn...', Array)
#18 C:/Users/DELL/growza/growza/vendor/laravel/framework/src/Illuminate/Http/Client/PendingRequest.php(907): Illuminate/Http/Client/PendingRequest->sendRequest('GET', 'https://api.pwn...', Array)
#19 C:/Users/DELL/growza/growza/vendor/laravel/framework/src/Illuminate/Support/helpers.php(338): Illuminate/Http/Client/PendingRequest->{closure:Illuminate/Http/Client/PendingRequest::send():905}(1)
#20 C:/Users/DELL/growza/growza/vendor/laravel/framework/src/Illuminate/Http/Client/PendingRequest.php(905): retry(0, Object(Closure), 100, Object(Closure))
#21 C:/Users/DELL/growza/growza/vendor/laravel/framework/src/Illuminate/Http/Client/PendingRequest.php(772): Illuminate/Http/Client/PendingRequest->send('GET', 'https://api.pwn...', Array)
#22 C:/Users/DELL/growza/growza/vendor/laravel/framework/src/Illuminate/Validation/NotPwnedVerifier.php(89): Illuminate/Http/Client/PendingRequest->get('https://api.pwn...')
#23 C:/Users/DELL/growza/growza/vendor/laravel/framework/src/Illuminate/Validation/NotPwnedVerifier.php(55): Illuminate/Validation/NotPwnedVerifier->search('D8A94')
#24 C:/Users/DELL/growza/growza/vendor/laravel/framework/src/Illuminate/Validation/Rules/Password.php(349): Illuminate/Validation/NotPwnedVerifier->verify(Array)
#25 C:/Users/DELL/growza/growza/vendor/laravel/framework/src/Illuminate/Validation/Validator.php(902): Illuminate/Validation/Rules/Password->passes('password', 'brand-new-secre...')
#26 C:/Users/DELL/growza/growza/vendor/laravel/framework/src/Illuminate/Validation/Validator.php(678): Illuminate/Validation/Validator->validateUsingCustomRule('password', 'brand-new-secre...', Object(Illuminate/Validation/Rules/Password))
#27 C:/Users/DELL/growza/growza/vendor/laravel/framework/src/Illuminate/Validation/Validator.php(481): Illuminate/Validation/Validator->validateAttribute('password', Object(Illuminate/Validation/Rules/Password))
#28 C:/Users/DELL/growza/growza/vendor/laravel/framework/src/Illuminate/Validation/Validator.php(516): Illuminate/Validation/Validator->passes()
#29 C:/Users/DELL/growza/growza/vendor/laravel/framework/src/Illuminate/Validation/Validator.php(558): Illuminate/Validation/Validator->fails()
#30 C:/Users/DELL/growza/growza/vendor/laravel/framework/src/Illuminate/Validation/Validator.php(574): Illuminate/Validation/Validator->validate()
#31 C:/Users/DELL/growza/growza/app/Domain/Auth/Actions/UpdateUserPassword.php(34): Illuminate/Validation/Validator->validateWithBag('updatePassword')
#32 C:/Users/DELL/growza/growza/vendor/laravel/fortify/src/Http/Controllers/PasswordController.php(24): App/Domain/Auth/Actions/UpdateUserPassword->update(Object(App/Domain/Identity/Models/User), Array)
#33 C:/Users/DELL/growza/growza/vendor/laravel/framework/src/Illuminate/Routing/Controller.php(54): Laravel/Fortify/Http/Controllers/PasswordController->update(Object(Illuminate/Http/Request), Object(App/Domain/Auth/Actions/UpdateUserPassword))
#34 C:/Users/DELL/growza/growza/vendor/laravel/framework/src/Illuminate/Routing/ControllerDispatcher.php(44): Illuminate/Routing/Controller->callAction('update', Array)
#35 C:/Users/DELL/growza/growza/vendor/laravel/framework/src/Illuminate/Routing/Route.php(266): Illuminate/Routing/ControllerDispatcher->dispatch(Object(Illuminate/Routing/Route), Object(Laravel/Fortify/Http/Controllers/PasswordController), 'update')
#36 C:/Users/DELL/growza/growza/vendor/laravel/framework/src/Illuminate/Routing/Route.php(212): Illuminate/Routing/Route->runController()
#37 C:/Users/DELL/growza/growza/vendor/laravel/framework/src/Illuminate/Routing/Router.php(808): Illuminate/Routing/Route->run()
#38 C:/Users/DELL/growza/growza/vendor/laravel/framework/src/Illuminate/Pipeline/Pipeline.php(170): Illuminate/Routing/Router->{closure:Illuminate/Routing/Router::runRouteWithinStack():807}(Object(Illuminate/Http/Request))
#39 C:/Users/DELL/growza/growza/vendor/laravel/framework/src/Illuminate/Routing/Middleware/SubstituteBindings.php(51): Illuminate/Pipeline/Pipeline->{closure:Illuminate/Pipeline/Pipeline::prepareDestination():168}(Object(Illuminate/Http/Request))
#40 C:/Users/DELL/growza/growza/vendor/laravel/framework/src/Illuminate/Pipeline/Pipeline.php(209): Illuminate/Routing/Middleware/SubstituteBindings->handle(Object(Illuminate/Http/Request), Object(Closure))
#41 C:/Users/DELL/growza/growza/vendor/laravel/framework/src/Illuminate/Auth/Middleware/Authenticate.php(64): Illuminate/Pipeline/Pipeline->{closure:{closure:Illuminate/Pipeline/Pipeline::carry():184}:185}(Object(Illuminate/Http/Request))
#42 C:/Users/DELL/growza/growza/vendor/laravel/framework/src/Illuminate/Pipeline/Pipeline.php(209): Illuminate/Auth/Middleware/Authenticate->handle(Object(Illuminate/Http/Request), Object(Closure), 'web')
#43 C:/Users/DELL/growza/growza/vendor/laravel/framework/src/Illuminate/Foundation/Http/Middleware/VerifyCsrfToken.php(88): Illuminate/Pipeline/Pipeline->{closure:{closure:Illuminate/Pipeline/Pipeline::carry():184}:185}(Object(Illuminate/Http/Request))
#44 C:/Users/DELL/growza/growza/vendor/laravel/framework/src/Illuminate/Pipeline/Pipeline.php(209): Illuminate/Foundation/Http/Middleware/VerifyCsrfToken->handle(Object(Illuminate/Http/Request), Object(Closure))
#45 C:/Users/DELL/growza/growza/vendor/laravel/framework/src/Illuminate/View/Middleware/ShareErrorsFromSession.php(49): Illuminate/Pipeline/Pipeline->{closure:{closure:Illuminate/Pipeline/Pipeline::carry():184}:185}(Object(Illuminate/Http/Request))
#46 C:/Users/DELL/growza/growza/vendor/laravel/framework/src/Illuminate/Pipeline/Pipeline.php(209): Illuminate/View/Middleware/ShareErrorsFromSession->handle(Object(Illuminate/Http/Request), Object(Closure))
#47 C:/Users/DELL/growza/growza/vendor/laravel/framework/src/Illuminate/Session/Middleware/StartSession.php(121): Illuminate/Pipeline/Pipeline->{closure:{closure:Illuminate/Pipeline/Pipeline::carry():184}:185}(Object(Illuminate/Http/Request))
#48 C:/Users/DELL/growza/growza/vendor/laravel/framework/src/Illuminate/Session/Middleware/StartSession.php(64): Illuminate/Session/Middleware/StartSession->handleStatefulRequest(Object(Illuminate/Http/Request), Object(Illuminate/Session/Store), Object(Closure))
#49 C:/Users/DELL/growza/growza/vendor/laravel/framework/src/Illuminate/Pipeline/Pipeline.php(209): Illuminate/Session/Middleware/StartSession->handle(Object(Illuminate/Http/Request), Object(Closure))
#50 C:/Users/DELL/growza/growza/vendor/laravel/framework/src/Illuminate/Cookie/Middleware/AddQueuedCookiesToResponse.php(37): Illuminate/Pipeline/Pipeline->{closure:{closure:Illuminate/Pipeline/Pipeline::carry():184}:185}(Object(Illuminate/Http/Request))
#51 C:/Users/DELL/growza/growza/vendor/laravel/framework/src/Illuminate/Pipeline/Pipeline.php(209): Illuminate/Cookie/Middleware/AddQueuedCookiesToResponse->handle(Object(Illuminate/Http/Request), Object(Closure))
#52 C:/Users/DELL/growza/growza/vendor/laravel/framework/src/Illuminate/Cookie/Middleware/EncryptCookies.php(75): Illuminate/Pipeline/Pipeline->{closure:{closure:Illuminate/Pipeline/Pipeline::carry():184}:185}(Object(Illuminate/Http/Request))
#53 C:/Users/DELL/growza/growza/vendor/laravel/framework/src/Illuminate/Pipeline/Pipeline.php(209): Illuminate/Cookie/Middleware/EncryptCookies->handle(Object(Illuminate/Http/Request), Object(Closure))
#54 C:/Users/DELL/growza/growza/vendor/laravel/framework/src/Illuminate/Pipeline/Pipeline.php(127): Illuminate/Pipeline/Pipeline->{closure:{closure:Illuminate/Pipeline/Pipeline::carry():184}:185}(Object(Illuminate/Http/Request))
#55 C:/Users/DELL/growza/growza/vendor/laravel/framework/src/Illuminate/Routing/Router.php(807): Illuminate/Pipeline/Pipeline->then(Object(Closure))
#56 C:/Users/DELL/growza/growza/vendor/laravel/framework/src/Illuminate/Routing/Router.php(786): Illuminate/Routing/Router->runRouteWithinStack(Object(Illuminate/Routing/Route), Object(Illuminate/Http/Request))
#57 C:/Users/DELL/growza/growza/vendor/laravel/framework/src/Illuminate/Routing/Router.php(750): Illuminate/Routing/Router->runRoute(Object(Illuminate/Http/Request), Object(Illuminate/Routing/Route))
#58 C:/Users/DELL/growza/growza/vendor/laravel/framework/src/Illuminate/Routing/Router.php(739): Illuminate/Routing/Router->dispatchToRoute(Object(Illuminate/Http/Request))
#59 C:/Users/DELL/growza/growza/vendor/laravel/framework/src/Illuminate/Foundation/Http/Kernel.php(201): Illuminate/Routing/Router->dispatch(Object(Illuminate/Http/Request))
#60 C:/Users/DELL/growza/growza/vendor/laravel/framework/src/Illuminate/Pipeline/Pipeline.php(170): Illuminate/Foundation/Http/Kernel->{closure:Illuminate/Foundation/Http/Kernel::dispatchToRouter():198}(Object(Illuminate/Http/Request))
#61 C:/Users/DELL/growza/growza/vendor/livewire/livewire/src/Features/SupportDisablingBackButtonCache/DisableBackButtonCacheMiddleware.php(19): Illuminate/Pipeline/Pipeline->{closure:Illuminate/Pipeline/Pipeline::prepareDestination():168}(Object(Illuminate/Http/Request))
#62 C:/Users/DELL/growza/growza/vendor/laravel/framework/src/Illuminate/Pipeline/Pipeline.php(209): Livewire/Features/SupportDisablingBackButtonCache/DisableBackButtonCacheMiddleware->handle(Object(Illuminate/Http/Request), Object(Closure))
#63 C:/Users/DELL/growza/growza/vendor/laravel/framework/src/Illuminate/Foundation/Http/Middleware/TransformsRequest.php(21): Illuminate/Pipeline/Pipeline->{closure:{closure:Illuminate/Pipeline/Pipeline::carry():184}:185}(Object(Illuminate/Http/Request))
#64 C:/Users/DELL/growza/growza/vendor/laravel/framework/src/Illuminate/Foundation/Http/Middleware/ConvertEmptyStringsToNull.php(31): Illuminate/Foundation/Http/Middleware/TransformsRequest->handle(Object(Illuminate/Http/Request), Object(Closure))
#65 C:/Users/DELL/growza/growza/vendor/laravel/framework/src/Illuminate/Pipeline/Pipeline.php(209): Illuminate/Foundation/Http/Middleware/ConvertEmptyStringsToNull->handle(Object(Illuminate/Http/Request), Object(Closure))
#66 C:/Users/DELL/growza/growza/vendor/laravel/framework/src/Illuminate/Foundation/Http/Middleware/TransformsRequest.php(21): Illuminate/Pipeline/Pipeline->{closure:{closure:Illuminate/Pipeline/Pipeline::carry():184}:185}(Object(Illuminate/Http/Request))
#67 C:/Users/DELL/growza/growza/vendor/laravel/framework/src/Illuminate/Foundation/Http/Middleware/TrimStrings.php(51): Illuminate/Foundation/Http/Middleware/TransformsRequest->handle(Object(Illuminate/Http/Request), Object(Closure))
#68 C:/Users/DELL/growza/growza/vendor/laravel/framework/src/Illuminate/Pipeline/Pipeline.php(209): Illuminate/Foundation/Http/Middleware/TrimStrings->handle(Object(Illuminate/Http/Request), Object(Closure))
#69 C:/Users/DELL/growza/growza/vendor/laravel/framework/src/Illuminate/Http/Middleware/ValidatePostSize.php(27): Illuminate/Pipeline/Pipeline->{closure:{closure:Illuminate/Pipeline/Pipeline::carry():184}:185}(Object(Illuminate/Http/Request))
#70 C:/Users/DELL/growza/growza/vendor/laravel/framework/src/Illuminate/Pipeline/Pipeline.php(209): Illuminate/Http/Middleware/ValidatePostSize->handle(Object(Illuminate/Http/Request), Object(Closure))
#71 C:/Users/DELL/growza/growza/vendor/laravel/framework/src/Illuminate/Foundation/Http/Middleware/PreventRequestsDuringMaintenance.php(110): Illuminate/Pipeline/Pipeline->{closure:{closure:Illuminate/Pipeline/Pipeline::carry():184}:185}(Object(Illuminate/Http/Request))
#72 C:/Users/DELL/growza/growza/vendor/laravel/framework/src/Illuminate/Pipeline/Pipeline.php(209): Illuminate/Foundation/Http/Middleware/PreventRequestsDuringMaintenance->handle(Object(Illuminate/Http/Request), Object(Closure))
#73 C:/Users/DELL/growza/growza/vendor/laravel/framework/src/Illuminate/Http/Middleware/HandleCors.php(49): Illuminate/Pipeline/Pipeline->{closure:{closure:Illuminate/Pipeline/Pipeline::carry():184}:185}(Object(Illuminate/Http/Request))
#74 C:/Users/DELL/growza/growza/vendor/laravel/framework/src/Illuminate/Pipeline/Pipeline.php(209): Illuminate/Http/Middleware/HandleCors->handle(Object(Illuminate/Http/Request), Object(Closure))
#75 C:/Users/DELL/growza/growza/vendor/laravel/framework/src/Illuminate/Http/Middleware/TrustProxies.php(58): Illuminate/Pipeline/Pipeline->{closure:{closure:Illuminate/Pipeline/Pipeline::carry():184}:185}(Object(Illuminate/Http/Request))
#76 C:/Users/DELL/growza/growza/vendor/laravel/framework/src/Illuminate/Pipeline/Pipeline.php(209): Illuminate/Http/Middleware/TrustProxies->handle(Object(Illuminate/Http/Request), Object(Closure))
#77 C:/Users/DELL/growza/growza/vendor/laravel/framework/src/Illuminate/Foundation/Http/Middleware/InvokeDeferredCallbacks.php(22): Illuminate/Pipeline/Pipeline->{closure:{closure:Illuminate/Pipeline/Pipeline::carry():184}:185}(Object(Illuminate/Http/Request))
#78 C:/Users/DELL/growza/growza/vendor/laravel/framework/src/Illuminate/Pipeline/Pipeline.php(209): Illuminate/Foundation/Http/Middleware/InvokeDeferredCallbacks->handle(Object(Illuminate/Http/Request), Object(Closure))
#79 C:/Users/DELL/growza/growza/vendor/laravel/framework/src/Illuminate/Pipeline/Pipeline.php(127): Illuminate/Pipeline/Pipeline->{closure:{closure:Illuminate/Pipeline/Pipeline::carry():184}:185}(Object(Illuminate/Http/Request))
#80 C:/Users/DELL/growza/growza/vendor/laravel/framework/src/Illuminate/Foundation/Http/Kernel.php(176): Illuminate/Pipeline/Pipeline->then(Object(Closure))
#81 C:/Users/DELL/growza/growza/vendor/laravel/framework/src/Illuminate/Foundation/Http/Kernel.php(145): Illuminate/Foundation/Http/Kernel->sendRequestThroughRouter(Object(Illuminate/Http/Request))
#82 C:/Users/DELL/growza/growza/vendor/laravel/framework/src/Illuminate/Foundation/Testing/Concerns/MakesHttpRequests.php(607): Illuminate/Foundation/Http/Kernel->handle(Object(Illuminate/Http/Request))
#83 C:/Users/DELL/growza/growza/vendor/laravel/framework/src/Illuminate/Foundation/Testing/Concerns/MakesHttpRequests.php(427): Illuminate/Foundation/Testing/TestCase->call('PUT', 'http://localhos...', Array, Array, Array, Array)
#84 C:/Users/DELL/growza/growza/tests/Feature/AccountSecurityTest.php(58): Illuminate/Foundation/Testing/TestCase->put('http://localhos...', Array)
#85 C:/Users/DELL/growza/growza/vendor/pestphp/pest/src/Factories/TestCaseMethodFactory.php(110): P/Tests/Feature/AccountSecurityTest->{closure:C:/Users/DELL/growza/growza/tests/Feature/AccountSecurityTest.php:55}()
#86 [internal function]: P/Tests/Feature/AccountSecurityTest->{closure:Pest/Factories/TestCaseMethodFactory::getClosure():102}()
#87 C:/Users/DELL/growza/growza/vendor/pestphp/pest/src/Concerns/Testable.php(339): call_user_func_array(Object(Closure), Array)
#88 C:/Users/DELL/growza/growza/vendor/pestphp/pest/src/Support/ExceptionTrace.php(26): P/Tests/Feature/AccountSecurityTest->{closure:Pest/Concerns/Testable::__callClosure():339}()
#89 C:/Users/DELL/growza/growza/vendor/pestphp/pest/src/Concerns/Testable.php(339): Pest/Support/ExceptionTrace::ensure(Object(Closure))
#90 C:/Users/DELL/growza/growza/vendor/pestphp/pest/src/Concerns/Testable.php(256): P/Tests/Feature/AccountSecurityTest->__callClosure(Object(Closure), Array)
#91 C:/Users/DELL/growza/growza/vendor/pestphp/pest/src/Factories/TestCaseFactory.php(197) : eval()'d code(56): P/Tests/Feature/AccountSecurityTest->__runTest(Object(Closure))
#92 C:/Users/DELL/growza/growza/vendor/phpunit/phpunit/src/Framework/TestCase.php(1548): P/Tests/Feature/AccountSecurityTest->__pest_evaluable_it_audits_a_password_change_without_recording_the_password()
#93 C:/Users/DELL/growza/growza/vendor/phpunit/phpunit/src/Framework/TestCase.php(686): PHPUnit/Framework/TestCase->runTest()
#94 C:/Users/DELL/growza/growza/vendor/phpunit/phpunit/src/Framework/TestRunner.php(106): PHPUnit/Framework/TestCase->runBare()
#95 C:/Users/DELL/growza/growza/vendor/phpunit/phpunit/src/Framework/TestCase.php(516): PHPUnit/Framework/TestRunner->run(Object(P/Tests/Feature/AccountSecurityTest))
#96 C:/Users/DELL/growza/growza/vendor/phpunit/phpunit/src/Framework/TestSuite.php(374): PHPUnit/Framework/TestCase->run()
#97 C:/Users/DELL/growza/growza/vendor/phpunit/phpunit/src/Framework/TestSuite.php(374): PHPUnit/Framework/TestSuite->run()
#98 C:/Users/DELL/growza/growza/vendor/phpunit/phpunit/src/Framework/TestSuite.php(374): PHPUnit/Framework/TestSuite->run()
#99 C:/Users/DELL/growza/growza/vendor/phpunit/phpunit/src/TextUI/TestRunner.php(64): PHPUnit/Framework/TestSuite->run()
#100 C:/Users/DELL/growza/growza/vendor/phpunit/phpunit/src/TextUI/Application.php(204): PHPUnit/TextUI/TestRunner->run(Object(PHPUnit/TextUI/Configuration/Configuration), Object(PHPUnit/Runner/ResultCache/DefaultResultCache), Object(PHPUnit/Framework/TestSuite))
#101 C:/Users/DELL/growza/growza/vendor/pestphp/pest/src/Kernel.php(103): PHPUnit/TextUI/Application->run(Array)
#102 C:/Users/DELL/growza/growza/vendor/pestphp/pest/bin/pest(91): Pest/Kernel->handle(Array, Array)
#103 C:/Users/DELL/growza/growza/vendor/pestphp/pest/bin/pest(99): {closure:C:/Users/DELL/growza/growza/vendor/pestphp/pest/bin/pest:12}()
#104 {main}
"} 
[2026-09-21 06:23:22] testing.ERROR: cURL error 60: SSL certificate problem: unable to get local issuer certificate (see https://curl.se/libcurl/c/libcurl-errors.html) for https://api.pwnedpasswords.com/range/E8E64 {"exception":"[object] (GuzzleHttp\\Exception\\RequestException(code: 0): cURL error 60: SSL certificate problem: unable to get local issuer certificate (see https://curl.se/libcurl/c/libcurl-errors.html) for https://api.pwnedpasswords.com/range/E8E64 at C:/Users/DELL/growza/growza/vendor/guzzlehttp/guzzle/src/Handler/CurlFactory.php:1141)
[stacktrace]
#0 C:/Users/DELL/growza/growza/vendor/guzzlehttp/guzzle/src/Handler/CurlFactory.php(1077): GuzzleHttp/Handler/CurlFactory::createRejection(Object(GuzzleHttp/Handler/EasyHandle), Array)
#1 C:/Users/DELL/growza/growza/vendor/guzzlehttp/guzzle/src/Handler/CurlFactory.php(1014): GuzzleHttp/Handler/CurlFactory::finishError(Object(GuzzleHttp/Handler/CurlHandler), Object(GuzzleHttp/Handler/EasyHandle), Object(GuzzleHttp/Handler/CurlFactory))
#2 C:/Users/DELL/growza/growza/vendor/guzzlehttp/guzzle/src/Handler/CurlHandler.php(88): GuzzleHttp/Handler/CurlFactory::finish(Object(GuzzleHttp/Handler/CurlHandler), Object(GuzzleHttp/Handler/EasyHandle), Object(GuzzleHttp/Handler/CurlFactory))
#3 C:/Users/DELL/growza/growza/vendor/guzzlehttp/guzzle/src/Handler/Proxy.php(28): GuzzleHttp/Handler/CurlHandler->__invoke(Object(GuzzleHttp/Psr7/Request), Array)
#4 C:/Users/DELL/growza/growza/vendor/guzzlehttp/guzzle/src/Handler/Proxy.php(68): GuzzleHttp/Handler/Proxy::{closure:GuzzleHttp/Handler/Proxy::wrapSync():27}(Object(GuzzleHttp/Psr7/Request), Array)
#5 C:/Users/DELL/growza/growza/vendor/guzzlehttp/guzzle/src/Handler/Proxy.php(48): GuzzleHttp/Handler/Proxy::{closure:GuzzleHttp/Handler/Proxy::wrapTlsFallback():63}(Object(GuzzleHttp/Psr7/Request), Array)
#6 C:/Users/DELL/growza/growza/vendor/laravel/framework/src/Illuminate/Http/Client/PendingRequest.php(1340): GuzzleHttp/Handler/Proxy::{closure:GuzzleHttp/Handler/Proxy::wrapStreaming():47}(Object(GuzzleHttp/Psr7/Request), Array)
#7 C:/Users/DELL/growza/growza/vendor/laravel/framework/src/Illuminate/Http/Client/PendingRequest.php(1306): Illuminate/Http/Client/PendingRequest->{closure:{closure:Illuminate/Http/Client/PendingRequest::buildStubHandler():1327}:1328}(Object(GuzzleHttp/Psr7/Request), Array)
#8 C:/Users/DELL/growza/growza/vendor/laravel/framework/src/Illuminate/Http/Client/PendingRequest.php(1292): Illuminate/Http/Client/PendingRequest->{closure:{closure:Illuminate/Http/Client/PendingRequest::buildRecorderHandler():1304}:1305}(Object(GuzzleHttp/Psr7/Request), Array)
#9 C:/Users/DELL/growza/growza/vendor/guzzlehttp/guzzle/src/PrepareBodyMiddleware.php(35): Illuminate/Http/Client/PendingRequest->{closure:{closure:Illuminate/Http/Client/PendingRequest::buildBeforeSendingHandler():1290}:1291}(Object(GuzzleHttp/Psr7/Request), Array)
#10 C:/Users/DELL/growza/growza/vendor/guzzlehttp/guzzle/src/Middleware.php(38): GuzzleHttp/PrepareBodyMiddleware->__invoke(Object(GuzzleHttp/Psr7/Request), Array)
#11 C:/Users/DELL/growza/growza/vendor/guzzlehttp/guzzle/src/RedirectMiddleware.php(72): GuzzleHttp/Middleware::{closure:{closure:GuzzleHttp/Middleware::cookies():28}:29}(Object(GuzzleHttp/Psr7/Request), Array)
#12 C:/Users/DELL/growza/growza/vendor/guzzlehttp/guzzle/src/Middleware.php(63): GuzzleHttp/RedirectMiddleware->__invoke(Object(GuzzleHttp/Psr7/Request), Array)
#13 C:/Users/DELL/growza/growza/vendor/guzzlehttp/guzzle/src/HandlerStack.php(75): GuzzleHttp/Middleware::{closure:{closure:GuzzleHttp/Middleware::httpErrors():60}:61}(Object(GuzzleHttp/Psr7/Request), Array)
#14 C:/Users/DELL/growza/growza/vendor/guzzlehttp/guzzle/src/Client.php(1109): GuzzleHttp/HandlerStack->__invoke(Object(GuzzleHttp/Psr7/Request), Array)
#15 C:/Users/DELL/growza/growza/vendor/guzzlehttp/guzzle/src/Client.php(243): GuzzleHttp/Client->transfer(Object(GuzzleHttp/Psr7/Request), Array)
#16 C:/Users/DELL/growza/growza/vendor/guzzlehttp/guzzle/src/Client.php(273): GuzzleHttp/Client->requestAsync('GET', Object(GuzzleHttp/Psr7/Uri), Array)
#17 C:/Users/DELL/growza/growza/vendor/laravel/framework/src/Illuminate/Http/Client/PendingRequest.php(1138): GuzzleHttp/Client->request('GET', 'https://api.pwn...', Array)
#18 C:/Users/DELL/growza/growza/vendor/laravel/framework/src/Illuminate/Http/Client/PendingRequest.php(907): Illuminate/Http/Client/PendingRequest->sendRequest('GET', 'https://api.pwn...', Array)
#19 C:/Users/DELL/growza/growza/vendor/laravel/framework/src/Illuminate/Support/helpers.php(338): Illuminate/Http/Client/PendingRequest->{closure:Illuminate/Http/Client/PendingRequest::send():905}(1)
#20 C:/Users/DELL/growza/growza/vendor/laravel/framework/src/Illuminate/Http/Client/PendingRequest.php(905): retry(0, Object(Closure), 100, Object(Closure))
#21 C:/Users/DELL/growza/growza/vendor/laravel/framework/src/Illuminate/Http/Client/PendingRequest.php(772): Illuminate/Http/Client/PendingRequest->send('GET', 'https://api.pwn...', Array)
#22 C:/Users/DELL/growza/growza/vendor/laravel/framework/src/Illuminate/Validation/NotPwnedVerifier.php(89): Illuminate/Http/Client/PendingRequest->get('https://api.pwn...')
#23 C:/Users/DELL/growza/growza/vendor/laravel/framework/src/Illuminate/Validation/NotPwnedVerifier.php(55): Illuminate/Validation/NotPwnedVerifier->search('E8E64')
#24 C:/Users/DELL/growza/growza/vendor/laravel/framework/src/Illuminate/Validation/Rules/Password.php(349): Illuminate/Validation/NotPwnedVerifier->verify(Array)
#25 C:/Users/DELL/growza/growza/vendor/laravel/framework/src/Illuminate/Validation/Validator.php(902): Illuminate/Validation/Rules/Password->passes('password', 'correct-horse-9...')
#26 C:/Users/DELL/growza/growza/vendor/laravel/framework/src/Illuminate/Validation/Validator.php(678): Illuminate/Validation/Validator->validateUsingCustomRule('password', 'correct-horse-9...', Object(Illuminate/Validation/Rules/Password))
#27 C:/Users/DELL/growza/growza/vendor/laravel/framework/src/Illuminate/Validation/Validator.php(481): Illuminate/Validation/Validator->validateAttribute('password', Object(Illuminate/Validation/Rules/Password))
#28 C:/Users/DELL/growza/growza/vendor/laravel/framework/src/Illuminate/Validation/Validator.php(516): Illuminate/Validation/Validator->passes()
#29 C:/Users/DELL/growza/growza/vendor/laravel/framework/src/Illuminate/Validation/Validator.php(558): Illuminate/Validation/Validator->fails()
#30 C:/Users/DELL/growza/growza/app/Domain/Auth/Actions/CreateNewUser.php(53): Illuminate/Validation/Validator->validate()
#31 C:/Users/DELL/growza/growza/vendor/laravel/fortify/src/Http/Controllers/RegisteredUserController.php(62): App/Domain/Auth/Actions/CreateNewUser->create(Array)
#32 C:/Users/DELL/growza/growza/vendor/laravel/framework/src/Illuminate/Routing/Controller.php(54): Laravel/Fortify/Http/Controllers/RegisteredUserController->store(Object(Illuminate/Http/Request), Object(App/Domain/Auth/Actions/CreateNewUser))
#33 C:/Users/DELL/growza/growza/vendor/laravel/framework/src/Illuminate/Routing/ControllerDispatcher.php(44): Illuminate/Routing/Controller->callAction('store', Array)
#34 C:/Users/DELL/growza/growza/vendor/laravel/framework/src/Illuminate/Routing/Route.php(266): Illuminate/Routing/ControllerDispatcher->dispatch(Object(Illuminate/Routing/Route), Object(Laravel/Fortify/Http/Controllers/RegisteredUserController), 'store')
#35 C:/Users/DELL/growza/growza/vendor/laravel/framework/src/Illuminate/Routing/Route.php(212): Illuminate/Routing/Route->runController()
#36 C:/Users/DELL/growza/growza/vendor/laravel/framework/src/Illuminate/Routing/Router.php(808): Illuminate/Routing/Route->run()
#37 C:/Users/DELL/growza/growza/vendor/laravel/framework/src/Illuminate/Pipeline/Pipeline.php(170): Illuminate/Routing/Router->{closure:Illuminate/Routing/Router::runRouteWithinStack():807}(Object(Illuminate/Http/Request))
#38 C:/Users/DELL/growza/growza/vendor/laravel/framework/src/Illuminate/Auth/Middleware/RedirectIfAuthenticated.php(35): Illuminate/Pipeline/Pipeline->{closure:Illuminate/Pipeline/Pipeline::prepareDestination():168}(Object(Illuminate/Http/Request))
#39 C:/Users/DELL/growza/growza/vendor/laravel/framework/src/Illuminate/Pipeline/Pipeline.php(209): Illuminate/Auth/Middleware/RedirectIfAuthenticated->handle(Object(Illuminate/Http/Request), Object(Closure), 'web')
#40 C:/Users/DELL/growza/growza/vendor/laravel/framework/src/Illuminate/Routing/Middleware/SubstituteBindings.php(51): Illuminate/Pipeline/Pipeline->{closure:{closure:Illuminate/Pipeline/Pipeline::carry():184}:185}(Object(Illuminate/Http/Request))
#41 C:/Users/DELL/growza/growza/vendor/laravel/framework/src/Illuminate/Pipeline/Pipeline.php(209): Illuminate/Routing/Middleware/SubstituteBindings->handle(Object(Illuminate/Http/Request), Object(Closure))
#42 C:/Users/DELL/growza/growza/vendor/laravel/framework/src/Illuminate/Foundation/Http/Middleware/VerifyCsrfToken.php(88): Illuminate/Pipeline/Pipeline->{closure:{closure:Illuminate/Pipeline/Pipeline::carry():184}:185}(Object(Illuminate/Http/Request))
#43 C:/Users/DELL/growza/growza/vendor/laravel/framework/src/Illuminate/Pipeline/Pipeline.php(209): Illuminate/Foundation/Http/Middleware/VerifyCsrfToken->handle(Object(Illuminate/Http/Request), Object(Closure))
#44 C:/Users/DELL/growza/growza/vendor/laravel/framework/src/Illuminate/View/Middleware/ShareErrorsFromSession.php(49): Illuminate/Pipeline/Pipeline->{closure:{closure:Illuminate/Pipeline/Pipeline::carry():184}:185}(Object(Illuminate/Http/Request))
#45 C:/Users/DELL/growza/growza/vendor/laravel/framework/src/Illuminate/Pipeline/Pipeline.php(209): Illuminate/View/Middleware/ShareErrorsFromSession->handle(Object(Illuminate/Http/Request), Object(Closure))
#46 C:/Users/DELL/growza/growza/vendor/laravel/framework/src/Illuminate/Session/Middleware/StartSession.php(121): Illuminate/Pipeline/Pipeline->{closure:{closure:Illuminate/Pipeline/Pipeline::carry():184}:185}(Object(Illuminate/Http/Request))
#47 C:/Users/DELL/growza/growza/vendor/laravel/framework/src/Illuminate/Session/Middleware/StartSession.php(64): Illuminate/Session/Middleware/StartSession->handleStatefulRequest(Object(Illuminate/Http/Request), Object(Illuminate/Session/Store), Object(Closure))
#48 C:/Users/DELL/growza/growza/vendor/laravel/framework/src/Illuminate/Pipeline/Pipeline.php(209): Illuminate/Session/Middleware/StartSession->handle(Object(Illuminate/Http/Request), Object(Closure))
#49 C:/Users/DELL/growza/growza/vendor/laravel/framework/src/Illuminate/Cookie/Middleware/AddQueuedCookiesToResponse.php(37): Illuminate/Pipeline/Pipeline->{closure:{closure:Illuminate/Pipeline/Pipeline::carry():184}:185}(Object(Illuminate/Http/Request))
#50 C:/Users/DELL/growza/growza/vendor/laravel/framework/src/Illuminate/Pipeline/Pipeline.php(209): Illuminate/Cookie/Middleware/AddQueuedCookiesToResponse->handle(Object(Illuminate/Http/Request), Object(Closure))
#51 C:/Users/DELL/growza/growza/vendor/laravel/framework/src/Illuminate/Cookie/Middleware/EncryptCookies.php(75): Illuminate/Pipeline/Pipeline->{closure:{closure:Illuminate/Pipeline/Pipeline::carry():184}:185}(Object(Illuminate/Http/Request))
#52 C:/Users/DELL/growza/growza/vendor/laravel/framework/src/Illuminate/Pipeline/Pipeline.php(209): Illuminate/Cookie/Middleware/EncryptCookies->handle(Object(Illuminate/Http/Request), Object(Closure))
#53 C:/Users/DELL/growza/growza/vendor/laravel/framework/src/Illuminate/Pipeline/Pipeline.php(127): Illuminate/Pipeline/Pipeline->{closure:{closure:Illuminate/Pipeline/Pipeline::carry():184}:185}(Object(Illuminate/Http/Request))
#54 C:/Users/DELL/growza/growza/vendor/laravel/framework/src/Illuminate/Routing/Router.php(807): Illuminate/Pipeline/Pipeline->then(Object(Closure))
#55 C:/Users/DELL/growza/growza/vendor/laravel/framework/src/Illuminate/Routing/Router.php(786): Illuminate/Routing/Router->runRouteWithinStack(Object(Illuminate/Routing/Route), Object(Illuminate/Http/Request))
#56 C:/Users/DELL/growza/growza/vendor/laravel/framework/src/Illuminate/Routing/Router.php(750): Illuminate/Routing/Router->runRoute(Object(Illuminate/Http/Request), Object(Illuminate/Routing/Route))
#57 C:/Users/DELL/growza/growza/vendor/laravel/framework/src/Illuminate/Routing/Router.php(739): Illuminate/Routing/Router->dispatchToRoute(Object(Illuminate/Http/Request))
#58 C:/Users/DELL/growza/growza/vendor/laravel/framework/src/Illuminate/Foundation/Http/Kernel.php(201): Illuminate/Routing/Router->dispatch(Object(Illuminate/Http/Request))
#59 C:/Users/DELL/growza/growza/vendor/laravel/framework/src/Illuminate/Pipeline/Pipeline.php(170): Illuminate/Foundation/Http/Kernel->{closure:Illuminate/Foundation/Http/Kernel::dispatchToRouter():198}(Object(Illuminate/Http/Request))
#60 C:/Users/DELL/growza/growza/vendor/livewire/livewire/src/Features/SupportDisablingBackButtonCache/DisableBackButtonCacheMiddleware.php(19): Illuminate/Pipeline/Pipeline->{closure:Illuminate/Pipeline/Pipeline::prepareDestination():168}(Object(Illuminate/Http/Request))
#61 C:/Users/DELL/growza/growza/vendor/laravel/framework/src/Illuminate/Pipeline/Pipeline.php(209): Livewire/Features/SupportDisablingBackButtonCache/DisableBackButtonCacheMiddleware->handle(Object(Illuminate/Http/Request), Object(Closure))
#62 C:/Users/DELL/growza/growza/vendor/laravel/framework/src/Illuminate/Foundation/Http/Middleware/TransformsRequest.php(21): Illuminate/Pipeline/Pipeline->{closure:{closure:Illuminate/Pipeline/Pipeline::carry():184}:185}(Object(Illuminate/Http/Request))
#63 C:/Users/DELL/growza/growza/vendor/laravel/framework/src/Illuminate/Foundation/Http/Middleware/ConvertEmptyStringsToNull.php(31): Illuminate/Foundation/Http/Middleware/TransformsRequest->handle(Object(Illuminate/Http/Request), Object(Closure))
#64 C:/Users/DELL/growza/growza/vendor/laravel/framework/src/Illuminate/Pipeline/Pipeline.php(209): Illuminate/Foundation/Http/Middleware/ConvertEmptyStringsToNull->handle(Object(Illuminate/Http/Request), Object(Closure))
#65 C:/Users/DELL/growza/growza/vendor/laravel/framework/src/Illuminate/Foundation/Http/Middleware/TransformsRequest.php(21): Illuminate/Pipeline/Pipeline->{closure:{closure:Illuminate/Pipeline/Pipeline::carry():184}:185}(Object(Illuminate/Http/Request))
#66 C:/Users/DELL/growza/growza/vendor/laravel/framework/src/Illuminate/Foundation/Http/Middleware/TrimStrings.php(51): Illuminate/Foundation/Http/Middleware/TransformsRequest->handle(Object(Illuminate/Http/Request), Object(Closure))
#67 C:/Users/DELL/growza/growza/vendor/laravel/framework/src/Illuminate/Pipeline/Pipeline.php(209): Illuminate/Foundation/Http/Middleware/TrimStrings->handle(Object(Illuminate/Http/Request), Object(Closure))
#68 C:/Users/DELL/growza/growza/vendor/laravel/framework/src/Illuminate/Http/Middleware/ValidatePostSize.php(27): Illuminate/Pipeline/Pipeline->{closure:{closure:Illuminate/Pipeline/Pipeline::carry():184}:185}(Object(Illuminate/Http/Request))
#69 C:/Users/DELL/growza/growza/vendor/laravel/framework/src/Illuminate/Pipeline/Pipeline.php(209): Illuminate/Http/Middleware/ValidatePostSize->handle(Object(Illuminate/Http/Request), Object(Closure))
#70 C:/Users/DELL/growza/growza/vendor/laravel/framework/src/Illuminate/Foundation/Http/Middleware/PreventRequestsDuringMaintenance.php(110): Illuminate/Pipeline/Pipeline->{closure:{closure:Illuminate/Pipeline/Pipeline::carry():184}:185}(Object(Illuminate/Http/Request))
#71 C:/Users/DELL/growza/growza/vendor/laravel/framework/src/Illuminate/Pipeline/Pipeline.php(209): Illuminate/Foundation/Http/Middleware/PreventRequestsDuringMaintenance->handle(Object(Illuminate/Http/Request), Object(Closure))
#72 C:/Users/DELL/growza/growza/vendor/laravel/framework/src/Illuminate/Http/Middleware/HandleCors.php(49): Illuminate/Pipeline/Pipeline->{closure:{closure:Illuminate/Pipeline/Pipeline::carry():184}:185}(Object(Illuminate/Http/Request))
#73 C:/Users/DELL/growza/growza/vendor/laravel/framework/src/Illuminate/Pipeline/Pipeline.php(209): Illuminate/Http/Middleware/HandleCors->handle(Object(Illuminate/Http/Request), Object(Closure))
#74 C:/Users/DELL/growza/growza/vendor/laravel/framework/src/Illuminate/Http/Middleware/TrustProxies.php(58): Illuminate/Pipeline/Pipeline->{closure:{closure:Illuminate/Pipeline/Pipeline::carry():184}:185}(Object(Illuminate/Http/Request))
#75 C:/Users/DELL/growza/growza/vendor/laravel/framework/src/Illuminate/Pipeline/Pipeline.php(209): Illuminate/Http/Middleware/TrustProxies->handle(Object(Illuminate/Http/Request), Object(Closure))
#76 C:/Users/DELL/growza/growza/vendor/laravel/framework/src/Illuminate/Foundation/Http/Middleware/InvokeDeferredCallbacks.php(22): Illuminate/Pipeline/Pipeline->{closure:{closure:Illuminate/Pipeline/Pipeline::carry():184}:185}(Object(Illuminate/Http/Request))
#77 C:/Users/DELL/growza/growza/vendor/laravel/framework/src/Illuminate/Pipeline/Pipeline.php(209): Illuminate/Foundation/Http/Middleware/InvokeDeferredCallbacks->handle(Object(Illuminate/Http/Request), Object(Closure))
#78 C:/Users/DELL/growza/growza/vendor/laravel/framework/src/Illuminate/Pipeline/Pipeline.php(127): Illuminate/Pipeline/Pipeline->{closure:{closure:Illuminate/Pipeline/Pipeline::carry():184}:185}(Object(Illuminate/Http/Request))
#79 C:/Users/DELL/growza/growza/vendor/laravel/framework/src/Illuminate/Foundation/Http/Kernel.php(176): Illuminate/Pipeline/Pipeline->then(Object(Closure))
#80 C:/Users/DELL/growza/growza/vendor/laravel/framework/src/Illuminate/Foundation/Http/Kernel.php(145): Illuminate/Foundation/Http/Kernel->sendRequestThroughRouter(Object(Illuminate/Http/Request))
#81 C:/Users/DELL/growza/growza/vendor/laravel/framework/src/Illuminate/Foundation/Testing/Concerns/MakesHttpRequests.php(607): Illuminate/Foundation/Http/Kernel->handle(Object(Illuminate/Http/Request))
#82 C:/Users/DELL/growza/growza/vendor/laravel/framework/src/Illuminate/Foundation/Testing/Concerns/MakesHttpRequests.php(397): Illuminate/Foundation/Testing/TestCase->call('POST', 'http://localhos...', Array, Array, Array, Array)
#83 [internal function]: Illuminate/Foundation/Testing/TestCase->post('http://localhos...', Array)
#84 C:/Users/DELL/growza/growza/vendor/pestphp/pest/src/Support/Reflection.php(38): ReflectionMethod->invoke(Object(P/Tests/Feature/AuthenticationTest), 'http://localhos...', Array)
#85 C:/Users/DELL/growza/growza/vendor/pestphp/pest/src/Support/HigherOrderMessage.php(59): Pest/Support/Reflection::call(Object(P/Tests/Feature/AuthenticationTest), 'post', Array)
#86 C:/Users/DELL/growza/growza/vendor/pestphp/pest/src/Support/HigherOrderTapProxy.php(66): Pest/Support/HigherOrderMessage->call(Object(P/Tests/Feature/AuthenticationTest))
#87 C:/Users/DELL/growza/growza/vendor/pestphp/pest-plugin-laravel/src/Http.php(209): Pest/Support/HigherOrderTapProxy->__call('post', Array)
#88 C:/Users/DELL/growza/growza/tests/Feature/AuthenticationTest.php(32): Pest/Laravel/post('http://localhos...', Array)
#89 C:/Users/DELL/growza/growza/vendor/pestphp/pest/src/Factories/TestCaseMethodFactory.php(110): P/Tests/Feature/AuthenticationTest->{closure:C:/Users/DELL/growza/growza/tests/Feature/AuthenticationTest.php:31}()
#90 [internal function]: P/Tests/Feature/AuthenticationTest->{closure:Pest/Factories/TestCaseMethodFactory::getClosure():102}()
#91 C:/Users/DELL/growza/growza/vendor/pestphp/pest/src/Concerns/Testable.php(339): call_user_func_array(Object(Closure), Array)
#92 C:/Users/DELL/growza/growza/vendor/pestphp/pest/src/Support/ExceptionTrace.php(26): P/Tests/Feature/AuthenticationTest->{closure:Pest/Concerns/Testable::__callClosure():339}()
#93 C:/Users/DELL/growza/growza/vendor/pestphp/pest/src/Concerns/Testable.php(339): Pest/Support/ExceptionTrace::ensure(Object(Closure))
#94 C:/Users/DELL/growza/growza/vendor/pestphp/pest/src/Concerns/Testable.php(256): P/Tests/Feature/AuthenticationTest->__callClosure(Object(Closure), Array)
#95 C:/Users/DELL/growza/growza/vendor/pestphp/pest/src/Factories/TestCaseFactory.php(197) : eval()'d code(41): P/Tests/Feature/AuthenticationTest->__runTest(Object(Closure))
#96 C:/Users/DELL/growza/growza/vendor/phpunit/phpunit/src/Framework/TestCase.php(1548): P/Tests/Feature/AuthenticationTest->__pest_evaluable_it_registers_a_user_with_the_required_fields()
#97 C:/Users/DELL/growza/growza/vendor/phpunit/phpunit/src/Framework/TestCase.php(686): PHPUnit/Framework/TestCase->runTest()
#98 C:/Users/DELL/growza/growza/vendor/phpunit/phpunit/src/Framework/TestRunner.php(106): PHPUnit/Framework/TestCase->runBare()
#99 C:/Users/DELL/growza/growza/vendor/phpunit/phpunit/src/Framework/TestCase.php(516): PHPUnit/Framework/TestRunner->run(Object(P/Tests/Feature/AuthenticationTest))
#100 C:/Users/DELL/growza/growza/vendor/phpunit/phpunit/src/Framework/TestSuite.php(374): PHPUnit/Framework/TestCase->run()
#101 C:/Users/DELL/growza/growza/vendor/phpunit/phpunit/src/Framework/TestSuite.php(374): PHPUnit/Framework/TestSuite->run()
#102 C:/Users/DELL/growza/growza/vendor/phpunit/phpunit/src/Framework/TestSuite.php(374): PHPUnit/Framework/TestSuite->run()
#103 C:/Users/DELL/growza/growza/vendor/phpunit/phpunit/src/TextUI/TestRunner.php(64): PHPUnit/Framework/TestSuite->run()
#104 C:/Users/DELL/growza/growza/vendor/phpunit/phpunit/src/TextUI/Application.php(204): PHPUnit/TextUI/TestRunner->run(Object(PHPUnit/TextUI/Configuration/Configuration), Object(PHPUnit/Runner/ResultCache/DefaultResultCache), Object(PHPUnit/Framework/TestSuite))
#105 C:/Users/DELL/growza/growza/vendor/pestphp/pest/src/Kernel.php(103): PHPUnit/TextUI/Application->run(Array)
#106 C:/Users/DELL/growza/growza/vendor/pestphp/pest/bin/pest(91): Pest/Kernel->handle(Array, Array)
#107 C:/Users/DELL/growza/growza/vendor/pestphp/pest/bin/pest(99): {closure:C:/Users/DELL/growza/growza/vendor/pestphp/pest/bin/pest:12}()
#108 {main}
"} 
[2026-09-21 06:23:22] testing.ERROR: SQLSTATE[23000]: Integrity constraint violation: 19 NOT NULL constraint failed: model_has_roles.team_id (Connection: sqlite, SQL: insert into "model_has_roles" ("model_id", "model_type", "role_id", "team_id") values (1, App\Domain\Identity\Models\User, 9, ?)) {"exception":"[object] (Illuminate\\Database\\QueryException(code: 23000): SQLSTATE[23000]: Integrity constraint violation: 19 NOT NULL constraint failed: model_has_roles.team_id (Connection: sqlite, SQL: insert into \"model_has_roles\" (\"model_id\", \"model_type\", \"role_id\", \"team_id\") values (1, App\\Domain\\Identity\\Models\\User, 9, ?)) at C:/Users/DELL/growza/growza/vendor/laravel/framework/src/Illuminate/Database/Connection.php:825)
[stacktrace]
#0 C:/Users/DELL/growza/growza/vendor/laravel/framework/src/Illuminate/Database/Connection.php(779): Illuminate/Database/Connection->runQueryCallback('insert into \"mo...', Array, Object(Closure))
#1 C:/Users/DELL/growza/growza/vendor/laravel/framework/src/Illuminate/Database/Connection.php(560): Illuminate/Database/Connection->run('insert into \"mo...', Array, Object(Closure))
#2 C:/Users/DELL/growza/growza/vendor/laravel/framework/src/Illuminate/Database/Connection.php(524): Illuminate/Database/Connection->statement('insert into \"mo...', Array)
#3 C:/Users/DELL/growza/growza/vendor/laravel/framework/src/Illuminate/Database/Query/Builder.php(3717): Illuminate/Database/Connection->insert('insert into \"mo...', Array)
#4 C:/Users/DELL/growza/growza/vendor/laravel/framework/src/Illuminate/Database/Eloquent/Relations/Concerns/InteractsWithPivotTable.php(276): Illuminate/Database/Query/Builder->insert(Array)
#5 C:/Users/DELL/growza/growza/vendor/spatie/laravel-permission/src/Traits/HasRoles.php(164): Illuminate/Database/Eloquent/Relations/BelongsToMany->attach(Array, Array)
#6 C:/Users/DELL/growza/growza/app/Domain/Auth/Actions/CreateNewUser.php(75): App/Domain/Identity/Models/User->assignRole('Customer')
#7 C:/Users/DELL/growza/growza/vendor/laravel/framework/src/Illuminate/Database/Concerns/ManagesTransactions.php(32): App/Domain/Auth/Actions/CreateNewUser->{closure:App/Domain/Auth/Actions/CreateNewUser::create():58}(Object(Illuminate/Database/SQLiteConnection))
#8 C:/Users/DELL/growza/growza/vendor/laravel/framework/src/Illuminate/Database/DatabaseManager.php(495): Illuminate/Database/Connection->transaction(Object(Closure))
#9 C:/Users/DELL/growza/growza/vendor/laravel/framework/src/Illuminate/Support/Facades/Facade.php(361): Illuminate/Database/DatabaseManager->__call('transaction', Array)
#10 C:/Users/DELL/growza/growza/app/Domain/Auth/Actions/CreateNewUser.php(58): Illuminate/Support/Facades/Facade::__callStatic('transaction', Array)
#11 C:/Users/DELL/growza/growza/vendor/laravel/fortify/src/Http/Controllers/RegisteredUserController.php(62): App/Domain/Auth/Actions/CreateNewUser->create(Array)
#12 C:/Users/DELL/growza/growza/vendor/laravel/framework/src/Illuminate/Routing/Controller.php(54): Laravel/Fortify/Http/Controllers/RegisteredUserController->store(Object(Illuminate/Http/Request), Object(App/Domain/Auth/Actions/CreateNewUser))
#13 C:/Users/DELL/growza/growza/vendor/laravel/framework/src/Illuminate/Routing/ControllerDispatcher.php(44): Illuminate/Routing/Controller->callAction('store', Array)
#14 C:/Users/DELL/growza/growza/vendor/laravel/framework/src/Illuminate/Routing/Route.php(266): Illuminate/Routing/ControllerDispatcher->dispatch(Object(Illuminate/Routing/Route), Object(Laravel/Fortify/Http/Controllers/RegisteredUserController), 'store')
#15 C:/Users/DELL/growza/growza/vendor/laravel/framework/src/Illuminate/Routing/Route.php(212): Illuminate/Routing/Route->runController()
#16 C:/Users/DELL/growza/growza/vendor/laravel/framework/src/Illuminate/Routing/Router.php(808): Illuminate/Routing/Route->run()
#17 C:/Users/DELL/growza/growza/vendor/laravel/framework/src/Illuminate/Pipeline/Pipeline.php(170): Illuminate/Routing/Router->{closure:Illuminate/Routing/Router::runRouteWithinStack():807}(Object(Illuminate/Http/Request))
#18 C:/Users/DELL/growza/growza/vendor/laravel/framework/src/Illuminate/Auth/Middleware/RedirectIfAuthenticated.php(35): Illuminate/Pipeline/Pipeline->{closure:Illuminate/Pipeline/Pipeline::prepareDestination():168}(Object(Illuminate/Http/Request))
#19 C:/Users/DELL/growza/growza/vendor/laravel/framework/src/Illuminate/Pipeline/Pipeline.php(209): Illuminate/Auth/Middleware/RedirectIfAuthenticated->handle(Object(Illuminate/Http/Request), Object(Closure), 'web')
#20 C:/Users/DELL/growza/growza/vendor/laravel/framework/src/Illuminate/Routing/Middleware/SubstituteBindings.php(51): Illuminate/Pipeline/Pipeline->{closure:{closure:Illuminate/Pipeline/Pipeline::carry():184}:185}(Object(Illuminate/Http/Request))
#21 C:/Users/DELL/growza/growza/vendor/laravel/framework/src/Illuminate/Pipeline/Pipeline.php(209): Illuminate/Routing/Middleware/SubstituteBindings->handle(Object(Illuminate/Http/Request), Object(Closure))
#22 C:/Users/DELL/growza/growza/vendor/laravel/framework/src/Illuminate/Foundation/Http/Middleware/VerifyCsrfToken.php(88): Illuminate/Pipeline/Pipeline->{closure:{closure:Illuminate/Pipeline/Pipeline::carry():184}:185}(Object(Illuminate/Http/Request))
#23 C:/Users/DELL/growza/growza/vendor/laravel/framework/src/Illuminate/Pipeline/Pipeline.php(209): Illuminate/Foundation/Http/Middleware/VerifyCsrfToken->handle(Object(Illuminate/Http/Request), Object(Closure))
#24 C:/Users/DELL/growza/growza/vendor/laravel/framework/src/Illuminate/View/Middleware/ShareErrorsFromSession.php(49): Illuminate/Pipeline/Pipeline->{closure:{closure:Illuminate/Pipeline/Pipeline::carry():184}:185}(Object(Illuminate/Http/Request))
#25 C:/Users/DELL/growza/growza/vendor/laravel/framework/src/Illuminate/Pipeline/Pipeline.php(209): Illuminate/View/Middleware/ShareErrorsFromSession->handle(Object(Illuminate/Http/Request), Object(Closure))
#26 C:/Users/DELL/growza/growza/vendor/laravel/framework/src/Illuminate/Session/Middleware/StartSession.php(121): Illuminate/Pipeline/Pipeline->{closure:{closure:Illuminate/Pipeline/Pipeline::carry():184}:185}(Object(Illuminate/Http/Request))
#27 C:/Users/DELL/growza/growza/vendor/laravel/framework/src/Illuminate/Session/Middleware/StartSession.php(64): Illuminate/Session/Middleware/StartSession->handleStatefulRequest(Object(Illuminate/Http/Request), Object(Illuminate/Session/Store), Object(Closure))
#28 C:/Users/DELL/growza/growza/vendor/laravel/framework/src/Illuminate/Pipeline/Pipeline.php(209): Illuminate/Session/Middleware/StartSession->handle(Object(Illuminate/Http/Request), Object(Closure))
#29 C:/Users/DELL/growza/growza/vendor/laravel/framework/src/Illuminate/Cookie/Middleware/AddQueuedCookiesToResponse.php(37): Illuminate/Pipeline/Pipeline->{closure:{closure:Illuminate/Pipeline/Pipeline::carry():184}:185}(Object(Illuminate/Http/Request))
#30 C:/Users/DELL/growza/growza/vendor/laravel/framework/src/Illuminate/Pipeline/Pipeline.php(209): Illuminate/Cookie/Middleware/AddQueuedCookiesToResponse->handle(Object(Illuminate/Http/Request), Object(Closure))
#31 C:/Users/DELL/growza/growza/vendor/laravel/framework/src/Illuminate/Cookie/Middleware/EncryptCookies.php(75): Illuminate/Pipeline/Pipeline->{closure:{closure:Illuminate/Pipeline/Pipeline::carry():184}:185}(Object(Illuminate/Http/Request))
#32 C:/Users/DELL/growza/growza/vendor/laravel/framework/src/Illuminate/Pipeline/Pipeline.php(209): Illuminate/Cookie/Middleware/EncryptCookies->handle(Object(Illuminate/Http/Request), Object(Closure))
#33 C:/Users/DELL/growza/growza/vendor/laravel/framework/src/Illuminate/Pipeline/Pipeline.php(127): Illuminate/Pipeline/Pipeline->{closure:{closure:Illuminate/Pipeline/Pipeline::carry():184}:185}(Object(Illuminate/Http/Request))
#34 C:/Users/DELL/growza/growza/vendor/laravel/framework/src/Illuminate/Routing/Router.php(807): Illuminate/Pipeline/Pipeline->then(Object(Closure))
#35 C:/Users/DELL/growza/growza/vendor/laravel/framework/src/Illuminate/Routing/Router.php(786): Illuminate/Routing/Router->runRouteWithinStack(Object(Illuminate/Routing/Route), Object(Illuminate/Http/Request))
#36 C:/Users/DELL/growza/growza/vendor/laravel/framework/src/Illuminate/Routing/Router.php(750): Illuminate/Routing/Router->runRoute(Object(Illuminate/Http/Request), Object(Illuminate/Routing/Route))
#37 C:/Users/DELL/growza/growza/vendor/laravel/framework/src/Illuminate/Routing/Router.php(739): Illuminate/Routing/Router->dispatchToRoute(Object(Illuminate/Http/Request))
#38 C:/Users/DELL/growza/growza/vendor/laravel/framework/src/Illuminate/Foundation/Http/Kernel.php(201): Illuminate/Routing/Router->dispatch(Object(Illuminate/Http/Request))
#39 C:/Users/DELL/growza/growza/vendor/laravel/framework/src/Illuminate/Pipeline/Pipeline.php(170): Illuminate/Foundation/Http/Kernel->{closure:Illuminate/Foundation/Http/Kernel::dispatchToRouter():198}(Object(Illuminate/Http/Request))
#40 C:/Users/DELL/growza/growza/vendor/livewire/livewire/src/Features/SupportDisablingBackButtonCache/DisableBackButtonCacheMiddleware.php(19): Illuminate/Pipeline/Pipeline->{closure:Illuminate/Pipeline/Pipeline::prepareDestination():168}(Object(Illuminate/Http/Request))
#41 C:/Users/DELL/growza/growza/vendor/laravel/framework/src/Illuminate/Pipeline/Pipeline.php(209): Livewire/Features/SupportDisablingBackButtonCache/DisableBackButtonCacheMiddleware->handle(Object(Illuminate/Http/Request), Object(Closure))
#42 C:/Users/DELL/growza/growza/vendor/laravel/framework/src/Illuminate/Foundation/Http/Middleware/TransformsRequest.php(21): Illuminate/Pipeline/Pipeline->{closure:{closure:Illuminate/Pipeline/Pipeline::carry():184}:185}(Object(Illuminate/Http/Request))
#43 C:/Users/DELL/growza/growza/vendor/laravel/framework/src/Illuminate/Foundation/Http/Middleware/ConvertEmptyStringsToNull.php(31): Illuminate/Foundation/Http/Middleware/TransformsRequest->handle(Object(Illuminate/Http/Request), Object(Closure))
#44 C:/Users/DELL/growza/growza/vendor/laravel/framework/src/Illuminate/Pipeline/Pipeline.php(209): Illuminate/Foundation/Http/Middleware/ConvertEmptyStringsToNull->handle(Object(Illuminate/Http/Request), Object(Closure))
#45 C:/Users/DELL/growza/growza/vendor/laravel/framework/src/Illuminate/Foundation/Http/Middleware/TransformsRequest.php(21): Illuminate/Pipeline/Pipeline->{closure:{closure:Illuminate/Pipeline/Pipeline::carry():184}:185}(Object(Illuminate/Http/Request))
#46 C:/Users/DELL/growza/growza/vendor/laravel/framework/src/Illuminate/Foundation/Http/Middleware/TrimStrings.php(51): Illuminate/Foundation/Http/Middleware/TransformsRequest->handle(Object(Illuminate/Http/Request), Object(Closure))
#47 C:/Users/DELL/growza/growza/vendor/laravel/framework/src/Illuminate/Pipeline/Pipeline.php(209): Illuminate/Foundation/Http/Middleware/TrimStrings->handle(Object(Illuminate/Http/Request), Object(Closure))
#48 C:/Users/DELL/growza/growza/vendor/laravel/framework/src/Illuminate/Http/Middleware/ValidatePostSize.php(27): Illuminate/Pipeline/Pipeline->{closure:{closure:Illuminate/Pipeline/Pipeline::carry():184}:185}(Object(Illuminate/Http/Request))
#49 C:/Users/DELL/growza/growza/vendor/laravel/framework/src/Illuminate/Pipeline/Pipeline.php(209): Illuminate/Http/Middleware/ValidatePostSize->handle(Object(Illuminate/Http/Request), Object(Closure))
#50 C:/Users/DELL/growza/growza/vendor/laravel/framework/src/Illuminate/Foundation/Http/Middleware/PreventRequestsDuringMaintenance.php(110): Illuminate/Pipeline/Pipeline->{closure:{closure:Illuminate/Pipeline/Pipeline::carry():184}:185}(Object(Illuminate/Http/Request))
#51 C:/Users/DELL/growza/growza/vendor/laravel/framework/src/Illuminate/Pipeline/Pipeline.php(209): Illuminate/Foundation/Http/Middleware/PreventRequestsDuringMaintenance->handle(Object(Illuminate/Http/Request), Object(Closure))
#52 C:/Users/DELL/growza/growza/vendor/laravel/framework/src/Illuminate/Http/Middleware/HandleCors.php(49): Illuminate/Pipeline/Pipeline->{closure:{closure:Illuminate/Pipeline/Pipeline::carry():184}:185}(Object(Illuminate/Http/Request))
#53 C:/Users/DELL/growza/growza/vendor/laravel/framework/src/Illuminate/Pipeline/Pipeline.php(209): Illuminate/Http/Middleware/HandleCors->handle(Object(Illuminate/Http/Request), Object(Closure))
#54 C:/Users/DELL/growza/growza/vendor/laravel/framework/src/Illuminate/Http/Middleware/TrustProxies.php(58): Illuminate/Pipeline/Pipeline->{closure:{closure:Illuminate/Pipeline/Pipeline::carry():184}:185}(Object(Illuminate/Http/Request))
#55 C:/Users/DELL/growza/growza/vendor/laravel/framework/src/Illuminate/Pipeline/Pipeline.php(209): Illuminate/Http/Middleware/TrustProxies->handle(Object(Illuminate/Http/Request), Object(Closure))
#56 C:/Users/DELL/growza/growza/vendor/laravel/framework/src/Illuminate/Foundation/Http/Middleware/InvokeDeferredCallbacks.php(22): Illuminate/Pipeline/Pipeline->{closure:{closure:Illuminate/Pipeline/Pipeline::carry():184}:185}(Object(Illuminate/Http/Request))
#57 C:/Users/DELL/growza/growza/vendor/laravel/framework/src/Illuminate/Pipeline/Pipeline.php(209): Illuminate/Foundation/Http/Middleware/InvokeDeferredCallbacks->handle(Object(Illuminate/Http/Request), Object(Closure))
#58 C:/Users/DELL/growza/growza/vendor/laravel/framework/src/Illuminate/Pipeline/Pipeline.php(127): Illuminate/Pipeline/Pipeline->{closure:{closure:Illuminate/Pipeline/Pipeline::carry():184}:185}(Object(Illuminate/Http/Request))
#59 C:/Users/DELL/growza/growza/vendor/laravel/framework/src/Illuminate/Foundation/Http/Kernel.php(176): Illuminate/Pipeline/Pipeline->then(Object(Closure))
#60 C:/Users/DELL/growza/growza/vendor/laravel/framework/src/Illuminate/Foundation/Http/Kernel.php(145): Illuminate/Foundation/Http/Kernel->sendRequestThroughRouter(Object(Illuminate/Http/Request))
#61 C:/Users/DELL/growza/growza/vendor/laravel/framework/src/Illuminate/Foundation/Testing/Concerns/MakesHttpRequests.php(607): Illuminate/Foundation/Http/Kernel->handle(Object(Illuminate/Http/Request))
#62 C:/Users/DELL/growza/growza/vendor/laravel/framework/src/Illuminate/Foundation/Testing/Concerns/MakesHttpRequests.php(397): Illuminate/Foundation/Testing/TestCase->call('POST', 'http://localhos...', Array, Array, Array, Array)
#63 [internal function]: Illuminate/Foundation/Testing/TestCase->post('http://localhos...', Array)
#64 C:/Users/DELL/growza/growza/vendor/pestphp/pest/src/Support/Reflection.php(38): ReflectionMethod->invoke(Object(P/Tests/Feature/AuthenticationTest), 'http://localhos...', Array)
#65 C:/Users/DELL/growza/growza/vendor/pestphp/pest/src/Support/HigherOrderMessage.php(59): Pest/Support/Reflection::call(Object(P/Tests/Feature/AuthenticationTest), 'post', Array)
#66 C:/Users/DELL/growza/growza/vendor/pestphp/pest/src/Support/HigherOrderTapProxy.php(66): Pest/Support/HigherOrderMessage->call(Object(P/Tests/Feature/AuthenticationTest))
#67 C:/Users/DELL/growza/growza/vendor/pestphp/pest-plugin-laravel/src/Http.php(209): Pest/Support/HigherOrderTapProxy->__call('post', Array)
#68 C:/Users/DELL/growza/growza/tests/Feature/AuthenticationTest.php(32): Pest/Laravel/post('http://localhos...', Array)
#69 C:/Users/DELL/growza/growza/vendor/pestphp/pest/src/Factories/TestCaseMethodFactory.php(110): P/Tests/Feature/AuthenticationTest->{closure:C:/Users/DELL/growza/growza/tests/Feature/AuthenticationTest.php:31}()
#70 [internal function]: P/Tests/Feature/AuthenticationTest->{closure:Pest/Factories/TestCaseMethodFactory::getClosure():102}()
#71 C:/Users/DELL/growza/growza/vendor/pestphp/pest/src/Concerns/Testable.php(339): call_user_func_array(Object(Closure), Array)
#72 C:/Users/DELL/growza/growza/vendor/pestphp/pest/src/Support/ExceptionTrace.php(26): P/Tests/Feature/AuthenticationTest->{closure:Pest/Concerns/Testable::__callClosure():339}()
#73 C:/Users/DELL/growza/growza/vendor/pestphp/pest/src/Concerns/Testable.php(339): Pest/Support/ExceptionTrace::ensure(Object(Closure))
#74 C:/Users/DELL/growza/growza/vendor/pestphp/pest/src/Concerns/Testable.php(256): P/Tests/Feature/AuthenticationTest->__callClosure(Object(Closure), Array)
#75 C:/Users/DELL/growza/growza/vendor/pestphp/pest/src/Factories/TestCaseFactory.php(197) : eval()'d code(41): P/Tests/Feature/AuthenticationTest->__runTest(Object(Closure))
#76 C:/Users/DELL/growza/growza/vendor/phpunit/phpunit/src/Framework/TestCase.php(1548): P/Tests/Feature/AuthenticationTest->__pest_evaluable_it_registers_a_user_with_the_required_fields()
#77 C:/Users/DELL/growza/growza/vendor/phpunit/phpunit/src/Framework/TestCase.php(686): PHPUnit/Framework/TestCase->runTest()
#78 C:/Users/DELL/growza/growza/vendor/phpunit/phpunit/src/Framework/TestRunner.php(106): PHPUnit/Framework/TestCase->runBare()
#79 C:/Users/DELL/growza/growza/vendor/phpunit/phpunit/src/Framework/TestCase.php(516): PHPUnit/Framework/TestRunner->run(Object(P/Tests/Feature/AuthenticationTest))
#80 C:/Users/DELL/growza/growza/vendor/phpunit/phpunit/src/Framework/TestSuite.php(374): PHPUnit/Framework/TestCase->run()
#81 C:/Users/DELL/growza/growza/vendor/phpunit/phpunit/src/Framework/TestSuite.php(374): PHPUnit/Framework/TestSuite->run()
#82 C:/Users/DELL/growza/growza/vendor/phpunit/phpunit/src/Framework/TestSuite.php(374): PHPUnit/Framework/TestSuite->run()
#83 C:/Users/DELL/growza/growza/vendor/phpunit/phpunit/src/TextUI/TestRunner.php(64): PHPUnit/Framework/TestSuite->run()
#84 C:/Users/DELL/growza/growza/vendor/phpunit/phpunit/src/TextUI/Application.php(204): PHPUnit/TextUI/TestRunner->run(Object(PHPUnit/TextUI/Configuration/Configuration), Object(PHPUnit/Runner/ResultCache/DefaultResultCache), Object(PHPUnit/Framework/TestSuite))
#85 C:/Users/DELL/growza/growza/vendor/pestphp/pest/src/Kernel.php(103): PHPUnit/TextUI/Application->run(Array)
#86 C:/Users/DELL/growza/growza/vendor/pestphp/pest/bin/pest(91): Pest/Kernel->handle(Array, Array)
#87 C:/Users/DELL/growza/growza/vendor/pestphp/pest/bin/pest(99): {closure:C:/Users/DELL/growza/growza/vendor/pestphp/pest/bin/pest:12}()
#88 {main}

[previous exception] [object] (PDOException(code: 23000): SQLSTATE[23000]: Integrity constraint violation: 19 NOT NULL constraint failed: model_has_roles.team_id at C:/Users/DELL/growza/growza/vendor/laravel/framework/src/Illuminate/Database/Connection.php:571)
[stacktrace]
#0 C:/Users/DELL/growza/growza/vendor/laravel/framework/src/Illuminate/Database/Connection.php(571): PDOStatement->execute()
#1 C:/Users/DELL/growza/growza/vendor/laravel/framework/src/Illuminate/Database/Connection.php(812): Illuminate/Database/Connection->{closure:Illuminate/Database/Connection::statement():560}('insert into \"mo...', Array)
#2 C:/Users/DELL/growza/growza/vendor/laravel/framework/src/Illuminate/Database/Connection.php(779): Illuminate/Database/Connection->runQueryCallback('insert into \"mo...', Array, Object(Closure))
#3 C:/Users/DELL/growza/growza/vendor/laravel/framework/src/Illuminate/Database/Connection.php(560): Illuminate/Database/Connection->run('insert into \"mo...', Array, Object(Closure))
#4 C:/Users/DELL/growza/growza/vendor/laravel/framework/src/Illuminate/Database/Connection.php(524): Illuminate/Database/Connection->statement('insert into \"mo...', Array)
#5 C:/Users/DELL/growza/growza/vendor/laravel/framework/src/Illuminate/Database/Query/Builder.php(3717): Illuminate/Database/Connection->insert('insert into \"mo...', Array)
#6 C:/Users/DELL/growza/growza/vendor/laravel/framework/src/Illuminate/Database/Eloquent/Relations/Concerns/InteractsWithPivotTable.php(276): Illuminate/Database/Query/Builder->insert(Array)
#7 C:/Users/DELL/growza/growza/vendor/spatie/laravel-permission/src/Traits/HasRoles.php(164): Illuminate/Database/Eloquent/Relations/BelongsToMany->attach(Array, Array)
#8 C:/Users/DELL/growza/growza/app/Domain/Auth/Actions/CreateNewUser.php(75): App/Domain/Identity/Models/User->assignRole('Customer')
#9 C:/Users/DELL/growza/growza/vendor/laravel/framework/src/Illuminate/Database/Concerns/ManagesTransactions.php(32): App/Domain/Auth/Actions/CreateNewUser->{closure:App/Domain/Auth/Actions/CreateNewUser::create():58}(Object(Illuminate/Database/SQLiteConnection))
#10 C:/Users/DELL/growza/growza/vendor/laravel/framework/src/Illuminate/Database/DatabaseManager.php(495): Illuminate/Database/Connection->transaction(Object(Closure))
#11 C:/Users/DELL/growza/growza/vendor/laravel/framework/src/Illuminate/Support/Facades/Facade.php(361): Illuminate/Database/DatabaseManager->__call('transaction', Array)
#12 C:/Users/DELL/growza/growza/app/Domain/Auth/Actions/CreateNewUser.php(58): Illuminate/Support/Facades/Facade::__callStatic('transaction', Array)
#13 C:/Users/DELL/growza/growza/vendor/laravel/fortify/src/Http/Controllers/RegisteredUserController.php(62): App/Domain/Auth/Actions/CreateNewUser->create(Array)
#14 C:/Users/DELL/growza/growza/vendor/laravel/framework/src/Illuminate/Routing/Controller.php(54): Laravel/Fortify/Http/Controllers/RegisteredUserController->store(Object(Illuminate/Http/Request), Object(App/Domain/Auth/Actions/CreateNewUser))
#15 C:/Users/DELL/growza/growza/vendor/laravel/framework/src/Illuminate/Routing/ControllerDispatcher.php(44): Illuminate/Routing/Controller->callAction('store', Array)
#16 C:/Users/DELL/growza/growza/vendor/laravel/framework/src/Illuminate/Routing/Route.php(266): Illuminate/Routing/ControllerDispatcher->dispatch(Object(Illuminate/Routing/Route), Object(Laravel/Fortify/Http/Controllers/RegisteredUserController), 'store')
#17 C:/Users/DELL/growza/growza/vendor/laravel/framework/src/Illuminate/Routing/Route.php(212): Illuminate/Routing/Route->runController()
#18 C:/Users/DELL/growza/growza/vendor/laravel/framework/src/Illuminate/Routing/Router.php(808): Illuminate/Routing/Route->run()
#19 C:/Users/DELL/growza/growza/vendor/laravel/framework/src/Illuminate/Pipeline/Pipeline.php(170): Illuminate/Routing/Router->{closure:Illuminate/Routing/Router::runRouteWithinStack():807}(Object(Illuminate/Http/Request))
#20 C:/Users/DELL/growza/growza/vendor/laravel/framework/src/Illuminate/Auth/Middleware/RedirectIfAuthenticated.php(35): Illuminate/Pipeline/Pipeline->{closure:Illuminate/Pipeline/Pipeline::prepareDestination():168}(Object(Illuminate/Http/Request))
#21 C:/Users/DELL/growza/growza/vendor/laravel/framework/src/Illuminate/Pipeline/Pipeline.php(209): Illuminate/Auth/Middleware/RedirectIfAuthenticated->handle(Object(Illuminate/Http/Request), Object(Closure), 'web')
#22 C:/Users/DELL/growza/growza/vendor/laravel/framework/src/Illuminate/Routing/Middleware/SubstituteBindings.php(51): Illuminate/Pipeline/Pipeline->{closure:{closure:Illuminate/Pipeline/Pipeline::carry():184}:185}(Object(Illuminate/Http/Request))
#23 C:/Users/DELL/growza/growza/vendor/laravel/framework/src/Illuminate/Pipeline/Pipeline.php(209): Illuminate/Routing/Middleware/SubstituteBindings->handle(Object(Illuminate/Http/Request), Object(Closure))
#24 C:/Users/DELL/growza/growza/vendor/laravel/framework/src/Illuminate/Foundation/Http/Middleware/VerifyCsrfToken.php(88): Illuminate/Pipeline/Pipeline->{closure:{closure:Illuminate/Pipeline/Pipeline::carry():184}:185}(Object(Illuminate/Http/Request))
#25 C:/Users/DELL/growza/growza/vendor/laravel/framework/src/Illuminate/Pipeline/Pipeline.php(209): Illuminate/Foundation/Http/Middleware/VerifyCsrfToken->handle(Object(Illuminate/Http/Request), Object(Closure))
#26 C:/Users/DELL/growza/growza/vendor/laravel/framework/src/Illuminate/View/Middleware/ShareErrorsFromSession.php(49): Illuminate/Pipeline/Pipeline->{closure:{closure:Illuminate/Pipeline/Pipeline::carry():184}:185}(Object(Illuminate/Http/Request))
#27 C:/Users/DELL/growza/growza/vendor/laravel/framework/src/Illuminate/Pipeline/Pipeline.php(209): Illuminate/View/Middleware/ShareErrorsFromSession->handle(Object(Illuminate/Http/Request), Object(Closure))
#28 C:/Users/DELL/growza/growza/vendor/laravel/framework/src/Illuminate/Session/Middleware/StartSession.php(121): Illuminate/Pipeline/Pipeline->{closure:{closure:Illuminate/Pipeline/Pipeline::carry():184}:185}(Object(Illuminate/Http/Request))
#29 C:/Users/DELL/growza/growza/vendor/laravel/framework/src/Illuminate/Session/Middleware/StartSession.php(64): Illuminate/Session/Middleware/StartSession->handleStatefulRequest(Object(Illuminate/Http/Request), Object(Illuminate/Session/Store), Object(Closure))
#30 C:/Users/DELL/growza/growza/vendor/laravel/framework/src/Illuminate/Pipeline/Pipeline.php(209): Illuminate/Session/Middleware/StartSession->handle(Object(Illuminate/Http/Request), Object(Closure))
#31 C:/Users/DELL/growza/growza/vendor/laravel/framework/src/Illuminate/Cookie/Middleware/AddQueuedCookiesToResponse.php(37): Illuminate/Pipeline/Pipeline->{closure:{closure:Illuminate/Pipeline/Pipeline::carry():184}:185}(Object(Illuminate/Http/Request))
#32 C:/Users/DELL/growza/growza/vendor/laravel/framework/src/Illuminate/Pipeline/Pipeline.php(209): Illuminate/Cookie/Middleware/AddQueuedCookiesToResponse->handle(Object(Illuminate/Http/Request), Object(Closure))
#33 C:/Users/DELL/growza/growza/vendor/laravel/framework/src/Illuminate/Cookie/Middleware/EncryptCookies.php(75): Illuminate/Pipeline/Pipeline->{closure:{closure:Illuminate/Pipeline/Pipeline::carry():184}:185}(Object(Illuminate/Http/Request))
#34 C:/Users/DELL/growza/growza/vendor/laravel/framework/src/Illuminate/Pipeline/Pipeline.php(209): Illuminate/Cookie/Middleware/EncryptCookies->handle(Object(Illuminate/Http/Request), Object(Closure))
#35 C:/Users/DELL/growza/growza/vendor/laravel/framework/src/Illuminate/Pipeline/Pipeline.php(127): Illuminate/Pipeline/Pipeline->{closure:{closure:Illuminate/Pipeline/Pipeline::carry():184}:185}(Object(Illuminate/Http/Request))
#36 C:/Users/DELL/growza/growza/vendor/laravel/framework/src/Illuminate/Routing/Router.php(807): Illuminate/Pipeline/Pipeline->then(Object(Closure))
#37 C:/Users/DELL/growza/growza/vendor/laravel/framework/src/Illuminate/Routing/Router.php(786): Illuminate/Routing/Router->runRouteWithinStack(Object(Illuminate/Routing/Route), Object(Illuminate/Http/Request))
#38 C:/Users/DELL/growza/growza/vendor/laravel/framework/src/Illuminate/Routing/Router.php(750): Illuminate/Routing/Router->runRoute(Object(Illuminate/Http/Request), Object(Illuminate/Routing/Route))
#39 C:/Users/DELL/growza/growza/vendor/laravel/framework/src/Illuminate/Routing/Router.php(739): Illuminate/Routing/Router->dispatchToRoute(Object(Illuminate/Http/Request))
#40 C:/Users/DELL/growza/growza/vendor/laravel/framework/src/Illuminate/Foundation/Http/Kernel.php(201): Illuminate/Routing/Router->dispatch(Object(Illuminate/Http/Request))
#41 C:/Users/DELL/growza/growza/vendor/laravel/framework/src/Illuminate/Pipeline/Pipeline.php(170): Illuminate/Foundation/Http/Kernel->{closure:Illuminate/Foundation/Http/Kernel::dispatchToRouter():198}(Object(Illuminate/Http/Request))
#42 C:/Users/DELL/growza/growza/vendor/livewire/livewire/src/Features/SupportDisablingBackButtonCache/DisableBackButtonCacheMiddleware.php(19): Illuminate/Pipeline/Pipeline->{closure:Illuminate/Pipeline/Pipeline::prepareDestination():168}(Object(Illuminate/Http/Request))
#43 C:/Users/DELL/growza/growza/vendor/laravel/framework/src/Illuminate/Pipeline/Pipeline.php(209): Livewire/Features/SupportDisablingBackButtonCache/DisableBackButtonCacheMiddleware->handle(Object(Illuminate/Http/Request), Object(Closure))
#44 C:/Users/DELL/growza/growza/vendor/laravel/framework/src/Illuminate/Foundation/Http/Middleware/TransformsRequest.php(21): Illuminate/Pipeline/Pipeline->{closure:{closure:Illuminate/Pipeline/Pipeline::carry():184}:185}(Object(Illuminate/Http/Request))
#45 C:/Users/DELL/growza/growza/vendor/laravel/framework/src/Illuminate/Foundation/Http/Middleware/ConvertEmptyStringsToNull.php(31): Illuminate/Foundation/Http/Middleware/TransformsRequest->handle(Object(Illuminate/Http/Request), Object(Closure))
#46 C:/Users/DELL/growza/growza/vendor/laravel/framework/src/Illuminate/Pipeline/Pipeline.php(209): Illuminate/Foundation/Http/Middleware/ConvertEmptyStringsToNull->handle(Object(Illuminate/Http/Request), Object(Closure))
#47 C:/Users/DELL/growza/growza/vendor/laravel/framework/src/Illuminate/Foundation/Http/Middleware/TransformsRequest.php(21): Illuminate/Pipeline/Pipeline->{closure:{closure:Illuminate/Pipeline/Pipeline::carry():184}:185}(Object(Illuminate/Http/Request))
#48 C:/Users/DELL/growza/growza/vendor/laravel/framework/src/Illuminate/Foundation/Http/Middleware/TrimStrings.php(51): Illuminate/Foundation/Http/Middleware/TransformsRequest->handle(Object(Illuminate/Http/Request), Object(Closure))
#49 C:/Users/DELL/growza/growza/vendor/laravel/framework/src/Illuminate/Pipeline/Pipeline.php(209): Illuminate/Foundation/Http/Middleware/TrimStrings->handle(Object(Illuminate/Http/Request), Object(Closure))
#50 C:/Users/DELL/growza/growza/vendor/laravel/framework/src/Illuminate/Http/Middleware/ValidatePostSize.php(27): Illuminate/Pipeline/Pipeline->{closure:{closure:Illuminate/Pipeline/Pipeline::carry():184}:185}(Object(Illuminate/Http/Request))
#51 C:/Users/DELL/growza/growza/vendor/laravel/framework/src/Illuminate/Pipeline/Pipeline.php(209): Illuminate/Http/Middleware/ValidatePostSize->handle(Object(Illuminate/Http/Request), Object(Closure))
#52 C:/Users/DELL/growza/growza/vendor/laravel/framework/src/Illuminate/Foundation/Http/Middleware/PreventRequestsDuringMaintenance.php(110): Illuminate/Pipeline/Pipeline->{closure:{closure:Illuminate/Pipeline/Pipeline::carry():184}:185}(Object(Illuminate/Http/Request))
#53 C:/Users/DELL/growza/growza/vendor/laravel/framework/src/Illuminate/Pipeline/Pipeline.php(209): Illuminate/Foundation/Http/Middleware/PreventRequestsDuringMaintenance->handle(Object(Illuminate/Http/Request), Object(Closure))
#54 C:/Users/DELL/growza/growza/vendor/laravel/framework/src/Illuminate/Http/Middleware/HandleCors.php(49): Illuminate/Pipeline/Pipeline->{closure:{closure:Illuminate/Pipeline/Pipeline::carry():184}:185}(Object(Illuminate/Http/Request))
#55 C:/Users/DELL/growza/growza/vendor/laravel/framework/src/Illuminate/Pipeline/Pipeline.php(209): Illuminate/Http/Middleware/HandleCors->handle(Object(Illuminate/Http/Request), Object(Closure))
#56 C:/Users/DELL/growza/growza/vendor/laravel/framework/src/Illuminate/Http/Middleware/TrustProxies.php(58): Illuminate/Pipeline/Pipeline->{closure:{closure:Illuminate/Pipeline/Pipeline::carry():184}:185}(Object(Illuminate/Http/Request))
#57 C:/Users/DELL/growza/growza/vendor/laravel/framework/src/Illuminate/Pipeline/Pipeline.php(209): Illuminate/Http/Middleware/TrustProxies->handle(Object(Illuminate/Http/Request), Object(Closure))
#58 C:/Users/DELL/growza/growza/vendor/laravel/framework/src/Illuminate/Foundation/Http/Middleware/InvokeDeferredCallbacks.php(22): Illuminate/Pipeline/Pipeline->{closure:{closure:Illuminate/Pipeline/Pipeline::carry():184}:185}(Object(Illuminate/Http/Request))
#59 C:/Users/DELL/growza/growza/vendor/laravel/framework/src/Illuminate/Pipeline/Pipeline.php(209): Illuminate/Foundation/Http/Middleware/InvokeDeferredCallbacks->handle(Object(Illuminate/Http/Request), Object(Closure))
#60 C:/Users/DELL/growza/growza/vendor/laravel/framework/src/Illuminate/Pipeline/Pipeline.php(127): Illuminate/Pipeline/Pipeline->{closure:{closure:Illuminate/Pipeline/Pipeline::carry():184}:185}(Object(Illuminate/Http/Request))
#61 C:/Users/DELL/growza/growza/vendor/laravel/framework/src/Illuminate/Foundation/Http/Kernel.php(176): Illuminate/Pipeline/Pipeline->then(Object(Closure))
#62 C:/Users/DELL/growza/growza/vendor/laravel/framework/src/Illuminate/Foundation/Http/Kernel.php(145): Illuminate/Foundation/Http/Kernel->sendRequestThroughRouter(Object(Illuminate/Http/Request))
#63 C:/Users/DELL/growza/growza/vendor/laravel/framework/src/Illuminate/Foundation/Testing/Concerns/MakesHttpRequests.php(607): Illuminate/Foundation/Http/Kernel->handle(Object(Illuminate/Http/Request))
#64 C:/Users/DELL/growza/growza/vendor/laravel/framework/src/Illuminate/Foundation/Testing/Concerns/MakesHttpRequests.php(397): Illuminate/Foundation/Testing/TestCase->call('POST', 'http://localhos...', Array, Array, Array, Array)
#65 [internal function]: Illuminate/Foundation/Testing/TestCase->post('http://localhos...', Array)
#66 C:/Users/DELL/growza/growza/vendor/pestphp/pest/src/Support/Reflection.php(38): ReflectionMethod->invoke(Object(P/Tests/Feature/AuthenticationTest), 'http://localhos...', Array)
#67 C:/Users/DELL/growza/growza/vendor/pestphp/pest/src/Support/HigherOrderMessage.php(59): Pest/Support/Reflection::call(Object(P/Tests/Feature/AuthenticationTest), 'post', Array)
#68 C:/Users/DELL/growza/growza/vendor/pestphp/pest/src/Support/HigherOrderTapProxy.php(66): Pest/Support/HigherOrderMessage->call(Object(P/Tests/Feature/AuthenticationTest))
#69 C:/Users/DELL/growza/growza/vendor/pestphp/pest-plugin-laravel/src/Http.php(209): Pest/Support/HigherOrderTapProxy->__call('post', Array)
#70 C:/Users/DELL/growza/growza/tests/Feature/AuthenticationTest.php(32): Pest/Laravel/post('http://localhos...', Array)
#71 C:/Users/DELL/growza/growza/vendor/pestphp/pest/src/Factories/TestCaseMethodFactory.php(110): P/Tests/Feature/AuthenticationTest->{closure:C:/Users/DELL/growza/growza/tests/Feature/AuthenticationTest.php:31}()
#72 [internal function]: P/Tests/Feature/AuthenticationTest->{closure:Pest/Factories/TestCaseMethodFactory::getClosure():102}()
#73 C:/Users/DELL/growza/growza/vendor/pestphp/pest/src/Concerns/Testable.php(339): call_user_func_array(Object(Closure), Array)
#74 C:/Users/DELL/growza/growza/vendor/pestphp/pest/src/Support/ExceptionTrace.php(26): P/Tests/Feature/AuthenticationTest->{closure:Pest/Concerns/Testable::__callClosure():339}()
#75 C:/Users/DELL/growza/growza/vendor/pestphp/pest/src/Concerns/Testable.php(339): Pest/Support/ExceptionTrace::ensure(Object(Closure))
#76 C:/Users/DELL/growza/growza/vendor/pestphp/pest/src/Concerns/Testable.php(256): P/Tests/Feature/AuthenticationTest->__callClosure(Object(Closure), Array)
#77 C:/Users/DELL/growza/growza/vendor/pestphp/pest/src/Factories/TestCaseFactory.php(197) : eval()'d code(41): P/Tests/Feature/AuthenticationTest->__runTest(Object(Closure))
#78 C:/Users/DELL/growza/growza/vendor/phpunit/phpunit/src/Framework/TestCase.php(1548): P/Tests/Feature/AuthenticationTest->__pest_evaluable_it_registers_a_user_with_the_required_fields()
#79 C:/Users/DELL/growza/growza/vendor/phpunit/phpunit/src/Framework/TestCase.php(686): PHPUnit/Framework/TestCase->runTest()
#80 C:/Users/DELL/growza/growza/vendor/phpunit/phpunit/src/Framework/TestRunner.php(106): PHPUnit/Framework/TestCase->runBare()
#81 C:/Users/DELL/growza/growza/vendor/phpunit/phpunit/src/Framework/TestCase.php(516): PHPUnit/Framework/TestRunner->run(Object(P/Tests/Feature/AuthenticationTest))
#82 C:/Users/DELL/growza/growza/vendor/phpunit/phpunit/src/Framework/TestSuite.php(374): PHPUnit/Framework/TestCase->run()
#83 C:/Users/DELL/growza/growza/vendor/phpunit/phpunit/src/Framework/TestSuite.php(374): PHPUnit/Framework/TestSuite->run()
#84 C:/Users/DELL/growza/growza/vendor/phpunit/phpunit/src/Framework/TestSuite.php(374): PHPUnit/Framework/TestSuite->run()
#85 C:/Users/DELL/growza/growza/vendor/phpunit/phpunit/src/TextUI/TestRunner.php(64): PHPUnit/Framework/TestSuite->run()
#86 C:/Users/DELL/growza/growza/vendor/phpunit/phpunit/src/TextUI/Application.php(204): PHPUnit/TextUI/TestRunner->run(Object(PHPUnit/TextUI/Configuration/Configuration), Object(PHPUnit/Runner/ResultCache/DefaultResultCache), Object(PHPUnit/Framework/TestSuite))
#87 C:/Users/DELL/growza/growza/vendor/pestphp/pest/src/Kernel.php(103): PHPUnit/TextUI/Application->run(Array)
#88 C:/Users/DELL/growza/growza/vendor/pestphp/pest/bin/pest(91): Pest/Kernel->handle(Array, Array)
#89 C:/Users/DELL/growza/growza/vendor/pestphp/pest/bin/pest(99): {closure:C:/Users/DELL/growza/growza/vendor/pestphp/pest/bin/pest:12}()
#90 {main}
"} 
[2026-09-21 06:23:27] testing.ERROR: cURL error 60: SSL certificate problem: unable to get local issuer certificate (see https://curl.se/libcurl/c/libcurl-errors.html) for https://api.pwnedpasswords.com/range/E8E64 {"exception":"[object] (GuzzleHttp\\Exception\\RequestException(code: 0): cURL error 60: SSL certificate problem: unable to get local issuer certificate (see https://curl.se/libcurl/c/libcurl-errors.html) for https://api.pwnedpasswords.com/range/E8E64 at C:/Users/DELL/growza/growza/vendor/guzzlehttp/guzzle/src/Handler/CurlFactory.php:1141)
[stacktrace]
#0 C:/Users/DELL/growza/growza/vendor/guzzlehttp/guzzle/src/Handler/CurlFactory.php(1077): GuzzleHttp/Handler/CurlFactory::createRejection(Object(GuzzleHttp/Handler/EasyHandle), Array)
#1 C:/Users/DELL/growza/growza/vendor/guzzlehttp/guzzle/src/Handler/CurlFactory.php(1014): GuzzleHttp/Handler/CurlFactory::finishError(Object(GuzzleHttp/Handler/CurlHandler), Object(GuzzleHttp/Handler/EasyHandle), Object(GuzzleHttp/Handler/CurlFactory))
#2 C:/Users/DELL/growza/growza/vendor/guzzlehttp/guzzle/src/Handler/CurlHandler.php(88): GuzzleHttp/Handler/CurlFactory::finish(Object(GuzzleHttp/Handler/CurlHandler), Object(GuzzleHttp/Handler/EasyHandle), Object(GuzzleHttp/Handler/CurlFactory))
#3 C:/Users/DELL/growza/growza/vendor/guzzlehttp/guzzle/src/Handler/Proxy.php(28): GuzzleHttp/Handler/CurlHandler->__invoke(Object(GuzzleHttp/Psr7/Request), Array)
#4 C:/Users/DELL/growza/growza/vendor/guzzlehttp/guzzle/src/Handler/Proxy.php(68): GuzzleHttp/Handler/Proxy::{closure:GuzzleHttp/Handler/Proxy::wrapSync():27}(Object(GuzzleHttp/Psr7/Request), Array)
#5 C:/Users/DELL/growza/growza/vendor/guzzlehttp/guzzle/src/Handler/Proxy.php(48): GuzzleHttp/Handler/Proxy::{closure:GuzzleHttp/Handler/Proxy::wrapTlsFallback():63}(Object(GuzzleHttp/Psr7/Request), Array)
#6 C:/Users/DELL/growza/growza/vendor/laravel/framework/src/Illuminate/Http/Client/PendingRequest.php(1340): GuzzleHttp/Handler/Proxy::{closure:GuzzleHttp/Handler/Proxy::wrapStreaming():47}(Object(GuzzleHttp/Psr7/Request), Array)
#7 C:/Users/DELL/growza/growza/vendor/laravel/framework/src/Illuminate/Http/Client/PendingRequest.php(1306): Illuminate/Http/Client/PendingRequest->{closure:{closure:Illuminate/Http/Client/PendingRequest::buildStubHandler():1327}:1328}(Object(GuzzleHttp/Psr7/Request), Array)
#8 C:/Users/DELL/growza/growza/vendor/laravel/framework/src/Illuminate/Http/Client/PendingRequest.php(1292): Illuminate/Http/Client/PendingRequest->{closure:{closure:Illuminate/Http/Client/PendingRequest::buildRecorderHandler():1304}:1305}(Object(GuzzleHttp/Psr7/Request), Array)
#9 C:/Users/DELL/growza/growza/vendor/guzzlehttp/guzzle/src/PrepareBodyMiddleware.php(35): Illuminate/Http/Client/PendingRequest->{closure:{closure:Illuminate/Http/Client/PendingRequest::buildBeforeSendingHandler():1290}:1291}(Object(GuzzleHttp/Psr7/Request), Array)
#10 C:/Users/DELL/growza/growza/vendor/guzzlehttp/guzzle/src/Middleware.php(38): GuzzleHttp/PrepareBodyMiddleware->__invoke(Object(GuzzleHttp/Psr7/Request), Array)
#11 C:/Users/DELL/growza/growza/vendor/guzzlehttp/guzzle/src/RedirectMiddleware.php(72): GuzzleHttp/Middleware::{closure:{closure:GuzzleHttp/Middleware::cookies():28}:29}(Object(GuzzleHttp/Psr7/Request), Array)
#12 C:/Users/DELL/growza/growza/vendor/guzzlehttp/guzzle/src/Middleware.php(63): GuzzleHttp/RedirectMiddleware->__invoke(Object(GuzzleHttp/Psr7/Request), Array)
#13 C:/Users/DELL/growza/growza/vendor/guzzlehttp/guzzle/src/HandlerStack.php(75): GuzzleHttp/Middleware::{closure:{closure:GuzzleHttp/Middleware::httpErrors():60}:61}(Object(GuzzleHttp/Psr7/Request), Array)
#14 C:/Users/DELL/growza/growza/vendor/guzzlehttp/guzzle/src/Client.php(1109): GuzzleHttp/HandlerStack->__invoke(Object(GuzzleHttp/Psr7/Request), Array)
#15 C:/Users/DELL/growza/growza/vendor/guzzlehttp/guzzle/src/Client.php(243): GuzzleHttp/Client->transfer(Object(GuzzleHttp/Psr7/Request), Array)
#16 C:/Users/DELL/growza/growza/vendor/guzzlehttp/guzzle/src/Client.php(273): GuzzleHttp/Client->requestAsync('GET', Object(GuzzleHttp/Psr7/Uri), Array)
#17 C:/Users/DELL/growza/growza/vendor/laravel/framework/src/Illuminate/Http/Client/PendingRequest.php(1138): GuzzleHttp/Client->request('GET', 'https://api.pwn...', Array)
#18 C:/Users/DELL/growza/growza/vendor/laravel/framework/src/Illuminate/Http/Client/PendingRequest.php(907): Illuminate/Http/Client/PendingRequest->sendRequest('GET', 'https://api.pwn...', Array)
#19 C:/Users/DELL/growza/growza/vendor/laravel/framework/src/Illuminate/Support/helpers.php(338): Illuminate/Http/Client/PendingRequest->{closure:Illuminate/Http/Client/PendingRequest::send():905}(1)
#20 C:/Users/DELL/growza/growza/vendor/laravel/framework/src/Illuminate/Http/Client/PendingRequest.php(905): retry(0, Object(Closure), 100, Object(Closure))
#21 C:/Users/DELL/growza/growza/vendor/laravel/framework/src/Illuminate/Http/Client/PendingRequest.php(772): Illuminate/Http/Client/PendingRequest->send('GET', 'https://api.pwn...', Array)
#22 C:/Users/DELL/growza/growza/vendor/laravel/framework/src/Illuminate/Validation/NotPwnedVerifier.php(89): Illuminate/Http/Client/PendingRequest->get('https://api.pwn...')
#23 C:/Users/DELL/growza/growza/vendor/laravel/framework/src/Illuminate/Validation/NotPwnedVerifier.php(55): Illuminate/Validation/NotPwnedVerifier->search('E8E64')
#24 C:/Users/DELL/growza/growza/vendor/laravel/framework/src/Illuminate/Validation/Rules/Password.php(349): Illuminate/Validation/NotPwnedVerifier->verify(Array)
#25 C:/Users/DELL/growza/growza/vendor/laravel/framework/src/Illuminate/Validation/Validator.php(902): Illuminate/Validation/Rules/Password->passes('password', 'correct-horse-9...')
#26 C:/Users/DELL/growza/growza/vendor/laravel/framework/src/Illuminate/Validation/Validator.php(678): Illuminate/Validation/Validator->validateUsingCustomRule('password', 'correct-horse-9...', Object(Illuminate/Validation/Rules/Password))
#27 C:/Users/DELL/growza/growza/vendor/laravel/framework/src/Illuminate/Validation/Validator.php(481): Illuminate/Validation/Validator->validateAttribute('password', Object(Illuminate/Validation/Rules/Password))
#28 C:/Users/DELL/growza/growza/vendor/laravel/framework/src/Illuminate/Validation/Validator.php(516): Illuminate/Validation/Validator->passes()
#29 C:/Users/DELL/growza/growza/vendor/laravel/framework/src/Illuminate/Validation/Validator.php(558): Illuminate/Validation/Validator->fails()
#30 C:/Users/DELL/growza/growza/app/Domain/Auth/Actions/CreateNewUser.php(53): Illuminate/Validation/Validator->validate()
#31 C:/Users/DELL/growza/growza/vendor/laravel/fortify/src/Http/Controllers/RegisteredUserController.php(62): App/Domain/Auth/Actions/CreateNewUser->create(Array)
#32 C:/Users/DELL/growza/growza/vendor/laravel/framework/src/Illuminate/Routing/Controller.php(54): Laravel/Fortify/Http/Controllers/RegisteredUserController->store(Object(Illuminate/Http/Request), Object(App/Domain/Auth/Actions/CreateNewUser))
#33 C:/Users/DELL/growza/growza/vendor/laravel/framework/src/Illuminate/Routing/ControllerDispatcher.php(44): Illuminate/Routing/Controller->callAction('store', Array)
#34 C:/Users/DELL/growza/growza/vendor/laravel/framework/src/Illuminate/Routing/Route.php(266): Illuminate/Routing/ControllerDispatcher->dispatch(Object(Illuminate/Routing/Route), Object(Laravel/Fortify/Http/Controllers/RegisteredUserController), 'store')
#35 C:/Users/DELL/growza/growza/vendor/laravel/framework/src/Illuminate/Routing/Route.php(212): Illuminate/Routing/Route->runController()
#36 C:/Users/DELL/growza/growza/vendor/laravel/framework/src/Illuminate/Routing/Router.php(808): Illuminate/Routing/Route->run()
#37 C:/Users/DELL/growza/growza/vendor/laravel/framework/src/Illuminate/Pipeline/Pipeline.php(170): Illuminate/Routing/Router->{closure:Illuminate/Routing/Router::runRouteWithinStack():807}(Object(Illuminate/Http/Request))
#38 C:/Users/DELL/growza/growza/vendor/laravel/framework/src/Illuminate/Auth/Middleware/RedirectIfAuthenticated.php(35): Illuminate/Pipeline/Pipeline->{closure:Illuminate/Pipeline/Pipeline::prepareDestination():168}(Object(Illuminate/Http/Request))
#39 C:/Users/DELL/growza/growza/vendor/laravel/framework/src/Illuminate/Pipeline/Pipeline.php(209): Illuminate/Auth/Middleware/RedirectIfAuthenticated->handle(Object(Illuminate/Http/Request), Object(Closure), 'web')
#40 C:/Users/DELL/growza/growza/vendor/laravel/framework/src/Illuminate/Routing/Middleware/SubstituteBindings.php(51): Illuminate/Pipeline/Pipeline->{closure:{closure:Illuminate/Pipeline/Pipeline::carry():184}:185}(Object(Illuminate/Http/Request))
#41 C:/Users/DELL/growza/growza/vendor/laravel/framework/src/Illuminate/Pipeline/Pipeline.php(209): Illuminate/Routing/Middleware/SubstituteBindings->handle(Object(Illuminate/Http/Request), Object(Closure))
#42 C:/Users/DELL/growza/growza/vendor/laravel/framework/src/Illuminate/Foundation/Http/Middleware/VerifyCsrfToken.php(88): Illuminate/Pipeline/Pipeline->{closure:{closure:Illuminate/Pipeline/Pipeline::carry():184}:185}(Object(Illuminate/Http/Request))
#43 C:/Users/DELL/growza/growza/vendor/laravel/framework/src/Illuminate/Pipeline/Pipeline.php(209): Illuminate/Foundation/Http/Middleware/VerifyCsrfToken->handle(Object(Illuminate/Http/Request), Object(Closure))
#44 C:/Users/DELL/growza/growza/vendor/laravel/framework/src/Illuminate/View/Middleware/ShareErrorsFromSession.php(49): Illuminate/Pipeline/Pipeline->{closure:{closure:Illuminate/Pipeline/Pipeline::carry():184}:185}(Object(Illuminate/Http/Request))
#45 C:/Users/DELL/growza/growza/vendor/laravel/framework/src/Illuminate/Pipeline/Pipeline.php(209): Illuminate/View/Middleware/ShareErrorsFromSession->handle(Object(Illuminate/Http/Request), Object(Closure))
#46 C:/Users/DELL/growza/growza/vendor/laravel/framework/src/Illuminate/Session/Middleware/StartSession.php(121): Illuminate/Pipeline/Pipeline->{closure:{closure:Illuminate/Pipeline/Pipeline::carry():184}:185}(Object(Illuminate/Http/Request))
#47 C:/Users/DELL/growza/growza/vendor/laravel/framework/src/Illuminate/Session/Middleware/StartSession.php(64): Illuminate/Session/Middleware/StartSession->handleStatefulRequest(Object(Illuminate/Http/Request), Object(Illuminate/Session/Store), Object(Closure))
#48 C:/Users/DELL/growza/growza/vendor/laravel/framework/src/Illuminate/Pipeline/Pipeline.php(209): Illuminate/Session/Middleware/StartSession->handle(Object(Illuminate/Http/Request), Object(Closure))
#49 C:/Users/DELL/growza/growza/vendor/laravel/framework/src/Illuminate/Cookie/Middleware/AddQueuedCookiesToResponse.php(37): Illuminate/Pipeline/Pipeline->{closure:{closure:Illuminate/Pipeline/Pipeline::carry():184}:185}(Object(Illuminate/Http/Request))
#50 C:/Users/DELL/growza/growza/vendor/laravel/framework/src/Illuminate/Pipeline/Pipeline.php(209): Illuminate/Cookie/Middleware/AddQueuedCookiesToResponse->handle(Object(Illuminate/Http/Request), Object(Closure))
#51 C:/Users/DELL/growza/growza/vendor/laravel/framework/src/Illuminate/Cookie/Middleware/EncryptCookies.php(75): Illuminate/Pipeline/Pipeline->{closure:{closure:Illuminate/Pipeline/Pipeline::carry():184}:185}(Object(Illuminate/Http/Request))
#52 C:/Users/DELL/growza/growza/vendor/laravel/framework/src/Illuminate/Pipeline/Pipeline.php(209): Illuminate/Cookie/Middleware/EncryptCookies->handle(Object(Illuminate/Http/Request), Object(Closure))
#53 C:/Users/DELL/growza/growza/vendor/laravel/framework/src/Illuminate/Pipeline/Pipeline.php(127): Illuminate/Pipeline/Pipeline->{closure:{closure:Illuminate/Pipeline/Pipeline::carry():184}:185}(Object(Illuminate/Http/Request))
#54 C:/Users/DELL/growza/growza/vendor/laravel/framework/src/Illuminate/Routing/Router.php(807): Illuminate/Pipeline/Pipeline->then(Object(Closure))
#55 C:/Users/DELL/growza/growza/vendor/laravel/framework/src/Illuminate/Routing/Router.php(786): Illuminate/Routing/Router->runRouteWithinStack(Object(Illuminate/Routing/Route), Object(Illuminate/Http/Request))
#56 C:/Users/DELL/growza/growza/vendor/laravel/framework/src/Illuminate/Routing/Router.php(750): Illuminate/Routing/Router->runRoute(Object(Illuminate/Http/Request), Object(Illuminate/Routing/Route))
#57 C:/Users/DELL/growza/growza/vendor/laravel/framework/src/Illuminate/Routing/Router.php(739): Illuminate/Routing/Router->dispatchToRoute(Object(Illuminate/Http/Request))
#58 C:/Users/DELL/growza/growza/vendor/laravel/framework/src/Illuminate/Foundation/Http/Kernel.php(201): Illuminate/Routing/Router->dispatch(Object(Illuminate/Http/Request))
#59 C:/Users/DELL/growza/growza/vendor/laravel/framework/src/Illuminate/Pipeline/Pipeline.php(170): Illuminate/Foundation/Http/Kernel->{closure:Illuminate/Foundation/Http/Kernel::dispatchToRouter():198}(Object(Illuminate/Http/Request))
#60 C:/Users/DELL/growza/growza/vendor/livewire/livewire/src/Features/SupportDisablingBackButtonCache/DisableBackButtonCacheMiddleware.php(19): Illuminate/Pipeline/Pipeline->{closure:Illuminate/Pipeline/Pipeline::prepareDestination():168}(Object(Illuminate/Http/Request))
#61 C:/Users/DELL/growza/growza/vendor/laravel/framework/src/Illuminate/Pipeline/Pipeline.php(209): Livewire/Features/SupportDisablingBackButtonCache/DisableBackButtonCacheMiddleware->handle(Object(Illuminate/Http/Request), Object(Closure))
#62 C:/Users/DELL/growza/growza/vendor/laravel/framework/src/Illuminate/Foundation/Http/Middleware/TransformsRequest.php(21): Illuminate/Pipeline/Pipeline->{closure:{closure:Illuminate/Pipeline/Pipeline::carry():184}:185}(Object(Illuminate/Http/Request))
#63 C:/Users/DELL/growza/growza/vendor/laravel/framework/src/Illuminate/Foundation/Http/Middleware/ConvertEmptyStringsToNull.php(31): Illuminate/Foundation/Http/Middleware/TransformsRequest->handle(Object(Illuminate/Http/Request), Object(Closure))
#64 C:/Users/DELL/growza/growza/vendor/laravel/framework/src/Illuminate/Pipeline/Pipeline.php(209): Illuminate/Foundation/Http/Middleware/ConvertEmptyStringsToNull->handle(Object(Illuminate/Http/Request), Object(Closure))
#65 C:/Users/DELL/growza/growza/vendor/laravel/framework/src/Illuminate/Foundation/Http/Middleware/TransformsRequest.php(21): Illuminate/Pipeline/Pipeline->{closure:{closure:Illuminate/Pipeline/Pipeline::carry():184}:185}(Object(Illuminate/Http/Request))
#66 C:/Users/DELL/growza/growza/vendor/laravel/framework/src/Illuminate/Foundation/Http/Middleware/TrimStrings.php(51): Illuminate/Foundation/Http/Middleware/TransformsRequest->handle(Object(Illuminate/Http/Request), Object(Closure))
#67 C:/Users/DELL/growza/growza/vendor/laravel/framework/src/Illuminate/Pipeline/Pipeline.php(209): Illuminate/Foundation/Http/Middleware/TrimStrings->handle(Object(Illuminate/Http/Request), Object(Closure))
#68 C:/Users/DELL/growza/growza/vendor/laravel/framework/src/Illuminate/Http/Middleware/ValidatePostSize.php(27): Illuminate/Pipeline/Pipeline->{closure:{closure:Illuminate/Pipeline/Pipeline::carry():184}:185}(Object(Illuminate/Http/Request))
#69 C:/Users/DELL/growza/growza/vendor/laravel/framework/src/Illuminate/Pipeline/Pipeline.php(209): Illuminate/Http/Middleware/ValidatePostSize->handle(Object(Illuminate/Http/Request), Object(Closure))
#70 C:/Users/DELL/growza/growza/vendor/laravel/framework/src/Illuminate/Foundation/Http/Middleware/PreventRequestsDuringMaintenance.php(110): Illuminate/Pipeline/Pipeline->{closure:{closure:Illuminate/Pipeline/Pipeline::carry():184}:185}(Object(Illuminate/Http/Request))
#71 C:/Users/DELL/growza/growza/vendor/laravel/framework/src/Illuminate/Pipeline/Pipeline.php(209): Illuminate/Foundation/Http/Middleware/PreventRequestsDuringMaintenance->handle(Object(Illuminate/Http/Request), Object(Closure))
#72 C:/Users/DELL/growza/growza/vendor/laravel/framework/src/Illuminate/Http/Middleware/HandleCors.php(49): Illuminate/Pipeline/Pipeline->{closure:{closure:Illuminate/Pipeline/Pipeline::carry():184}:185}(Object(Illuminate/Http/Request))
#73 C:/Users/DELL/growza/growza/vendor/laravel/framework/src/Illuminate/Pipeline/Pipeline.php(209): Illuminate/Http/Middleware/HandleCors->handle(Object(Illuminate/Http/Request), Object(Closure))
#74 C:/Users/DELL/growza/growza/vendor/laravel/framework/src/Illuminate/Http/Middleware/TrustProxies.php(58): Illuminate/Pipeline/Pipeline->{closure:{closure:Illuminate/Pipeline/Pipeline::carry():184}:185}(Object(Illuminate/Http/Request))
#75 C:/Users/DELL/growza/growza/vendor/laravel/framework/src/Illuminate/Pipeline/Pipeline.php(209): Illuminate/Http/Middleware/TrustProxies->handle(Object(Illuminate/Http/Request), Object(Closure))
#76 C:/Users/DELL/growza/growza/vendor/laravel/framework/src/Illuminate/Foundation/Http/Middleware/InvokeDeferredCallbacks.php(22): Illuminate/Pipeline/Pipeline->{closure:{closure:Illuminate/Pipeline/Pipeline::carry():184}:185}(Object(Illuminate/Http/Request))
#77 C:/Users/DELL/growza/growza/vendor/laravel/framework/src/Illuminate/Pipeline/Pipeline.php(209): Illuminate/Foundation/Http/Middleware/InvokeDeferredCallbacks->handle(Object(Illuminate/Http/Request), Object(Closure))
#78 C:/Users/DELL/growza/growza/vendor/laravel/framework/src/Illuminate/Pipeline/Pipeline.php(127): Illuminate/Pipeline/Pipeline->{closure:{closure:Illuminate/Pipeline/Pipeline::carry():184}:185}(Object(Illuminate/Http/Request))
#79 C:/Users/DELL/growza/growza/vendor/laravel/framework/src/Illuminate/Foundation/Http/Kernel.php(176): Illuminate/Pipeline/Pipeline->then(Object(Closure))
#80 C:/Users/DELL/growza/growza/vendor/laravel/framework/src/Illuminate/Foundation/Http/Kernel.php(145): Illuminate/Foundation/Http/Kernel->sendRequestThroughRouter(Object(Illuminate/Http/Request))
#81 C:/Users/DELL/growza/growza/vendor/laravel/framework/src/Illuminate/Foundation/Testing/Concerns/MakesHttpRequests.php(607): Illuminate/Foundation/Http/Kernel->handle(Object(Illuminate/Http/Request))
#82 C:/Users/DELL/growza/growza/vendor/laravel/framework/src/Illuminate/Foundation/Testing/Concerns/MakesHttpRequests.php(397): Illuminate/Foundation/Testing/TestCase->call('POST', 'http://localhos...', Array, Array, Array, Array)
#83 [internal function]: Illuminate/Foundation/Testing/TestCase->post('http://localhos...', Array)
#84 C:/Users/DELL/growza/growza/vendor/pestphp/pest/src/Support/Reflection.php(38): ReflectionMethod->invoke(Object(P/Tests/Feature/AuthenticationTest), 'http://localhos...', Array)
#85 C:/Users/DELL/growza/growza/vendor/pestphp/pest/src/Support/HigherOrderMessage.php(59): Pest/Support/Reflection::call(Object(P/Tests/Feature/AuthenticationTest), 'post', Array)
#86 C:/Users/DELL/growza/growza/vendor/pestphp/pest/src/Support/HigherOrderTapProxy.php(66): Pest/Support/HigherOrderMessage->call(Object(P/Tests/Feature/AuthenticationTest))
#87 C:/Users/DELL/growza/growza/vendor/pestphp/pest-plugin-laravel/src/Http.php(209): Pest/Support/HigherOrderTapProxy->__call('post', Array)
#88 C:/Users/DELL/growza/growza/tests/Feature/AuthenticationTest.php(49): Pest/Laravel/post('http://localhos...', Array)
#89 C:/Users/DELL/growza/growza/vendor/pestphp/pest/src/Factories/TestCaseMethodFactory.php(110): P/Tests/Feature/AuthenticationTest->{closure:C:/Users/DELL/growza/growza/tests/Feature/AuthenticationTest.php:48}()
#90 [internal function]: P/Tests/Feature/AuthenticationTest->{closure:Pest/Factories/TestCaseMethodFactory::getClosure():102}()
#91 C:/Users/DELL/growza/growza/vendor/pestphp/pest/src/Concerns/Testable.php(339): call_user_func_array(Object(Closure), Array)
#92 C:/Users/DELL/growza/growza/vendor/pestphp/pest/src/Support/ExceptionTrace.php(26): P/Tests/Feature/AuthenticationTest->{closure:Pest/Concerns/Testable::__callClosure():339}()
#93 C:/Users/DELL/growza/growza/vendor/pestphp/pest/src/Concerns/Testable.php(339): Pest/Support/ExceptionTrace::ensure(Object(Closure))
#94 C:/Users/DELL/growza/growza/vendor/pestphp/pest/src/Concerns/Testable.php(256): P/Tests/Feature/AuthenticationTest->__callClosure(Object(Closure), Array)
#95 C:/Users/DELL/growza/growza/vendor/pestphp/pest/src/Factories/TestCaseFactory.php(197) : eval()'d code(56): P/Tests/Feature/AuthenticationTest->__runTest(Object(Closure))
#96 C:/Users/DELL/growza/growza/vendor/phpunit/phpunit/src/Framework/TestCase.php(1548): P/Tests/Feature/AuthenticationTest->__pest_evaluable_it_records_a_referral_code_at_registration_without_resolving_it()
#97 C:/Users/DELL/growza/growza/vendor/phpunit/phpunit/src/Framework/TestCase.php(686): PHPUnit/Framework/TestCase->runTest()
#98 C:/Users/DELL/growza/growza/vendor/phpunit/phpunit/src/Framework/TestRunner.php(106): PHPUnit/Framework/TestCase->runBare()
#99 C:/Users/DELL/growza/growza/vendor/phpunit/phpunit/src/Framework/TestCase.php(516): PHPUnit/Framework/TestRunner->run(Object(P/Tests/Feature/AuthenticationTest))
#100 C:/Users/DELL/growza/growza/vendor/phpunit/phpunit/src/Framework/TestSuite.php(374): PHPUnit/Framework/TestCase->run()
#101 C:/Users/DELL/growza/growza/vendor/phpunit/phpunit/src/Framework/TestSuite.php(374): PHPUnit/Framework/TestSuite->run()
#102 C:/Users/DELL/growza/growza/vendor/phpunit/phpunit/src/Framework/TestSuite.php(374): PHPUnit/Framework/TestSuite->run()
#103 C:/Users/DELL/growza/growza/vendor/phpunit/phpunit/src/TextUI/TestRunner.php(64): PHPUnit/Framework/TestSuite->run()
#104 C:/Users/DELL/growza/growza/vendor/phpunit/phpunit/src/TextUI/Application.php(204): PHPUnit/TextUI/TestRunner->run(Object(PHPUnit/TextUI/Configuration/Configuration), Object(PHPUnit/Runner/ResultCache/DefaultResultCache), Object(PHPUnit/Framework/TestSuite))
#105 C:/Users/DELL/growza/growza/vendor/pestphp/pest/src/Kernel.php(103): PHPUnit/TextUI/Application->run(Array)
#106 C:/Users/DELL/growza/growza/vendor/pestphp/pest/bin/pest(91): Pest/Kernel->handle(Array, Array)
#107 C:/Users/DELL/growza/growza/vendor/pestphp/pest/bin/pest(99): {closure:C:/Users/DELL/growza/growza/vendor/pestphp/pest/bin/pest:12}()
#108 {main}
"} 
[2026-09-21 06:23:27] testing.ERROR: SQLSTATE[23000]: Integrity constraint violation: 19 NOT NULL constraint failed: model_has_roles.team_id (Connection: sqlite, SQL: insert into "model_has_roles" ("model_id", "model_type", "role_id", "team_id") values (1, App\Domain\Identity\Models\User, 9, ?)) {"exception":"[object] (Illuminate\\Database\\QueryException(code: 23000): SQLSTATE[23000]: Integrity constraint violation: 19 NOT NULL constraint failed: model_has_roles.team_id (Connection: sqlite, SQL: insert into \"model_has_roles\" (\"model_id\", \"model_type\", \"role_id\", \"team_id\") values (1, App\\Domain\\Identity\\Models\\User, 9, ?)) at C:/Users/DELL/growza/growza/vendor/laravel/framework/src/Illuminate/Database/Connection.php:825)
[stacktrace]
#0 C:/Users/DELL/growza/growza/vendor/laravel/framework/src/Illuminate/Database/Connection.php(779): Illuminate/Database/Connection->runQueryCallback('insert into \"mo...', Array, Object(Closure))
#1 C:/Users/DELL/growza/growza/vendor/laravel/framework/src/Illuminate/Database/Connection.php(560): Illuminate/Database/Connection->run('insert into \"mo...', Array, Object(Closure))
#2 C:/Users/DELL/growza/growza/vendor/laravel/framework/src/Illuminate/Database/Connection.php(524): Illuminate/Database/Connection->statement('insert into \"mo...', Array)
#3 C:/Users/DELL/growza/growza/vendor/laravel/framework/src/Illuminate/Database/Query/Builder.php(3717): Illuminate/Database/Connection->insert('insert into \"mo...', Array)
#4 C:/Users/DELL/growza/growza/vendor/laravel/framework/src/Illuminate/Database/Eloquent/Relations/Concerns/InteractsWithPivotTable.php(276): Illuminate/Database/Query/Builder->insert(Array)
#5 C:/Users/DELL/growza/growza/vendor/spatie/laravel-permission/src/Traits/HasRoles.php(164): Illuminate/Database/Eloquent/Relations/BelongsToMany->attach(Array, Array)
#6 C:/Users/DELL/growza/growza/app/Domain/Auth/Actions/CreateNewUser.php(75): App/Domain/Identity/Models/User->assignRole('Customer')
#7 C:/Users/DELL/growza/growza/vendor/laravel/framework/src/Illuminate/Database/Concerns/ManagesTransactions.php(32): App/Domain/Auth/Actions/CreateNewUser->{closure:App/Domain/Auth/Actions/CreateNewUser::create():58}(Object(Illuminate/Database/SQLiteConnection))
#8 C:/Users/DELL/growza/growza/vendor/laravel/framework/src/Illuminate/Database/DatabaseManager.php(495): Illuminate/Database/Connection->transaction(Object(Closure))
#9 C:/Users/DELL/growza/growza/vendor/laravel/framework/src/Illuminate/Support/Facades/Facade.php(361): Illuminate/Database/DatabaseManager->__call('transaction', Array)
#10 C:/Users/DELL/growza/growza/app/Domain/Auth/Actions/CreateNewUser.php(58): Illuminate/Support/Facades/Facade::__callStatic('transaction', Array)
#11 C:/Users/DELL/growza/growza/vendor/laravel/fortify/src/Http/Controllers/RegisteredUserController.php(62): App/Domain/Auth/Actions/CreateNewUser->create(Array)
#12 C:/Users/DELL/growza/growza/vendor/laravel/framework/src/Illuminate/Routing/Controller.php(54): Laravel/Fortify/Http/Controllers/RegisteredUserController->store(Object(Illuminate/Http/Request), Object(App/Domain/Auth/Actions/CreateNewUser))
#13 C:/Users/DELL/growza/growza/vendor/laravel/framework/src/Illuminate/Routing/ControllerDispatcher.php(44): Illuminate/Routing/Controller->callAction('store', Array)
#14 C:/Users/DELL/growza/growza/vendor/laravel/framework/src/Illuminate/Routing/Route.php(266): Illuminate/Routing/ControllerDispatcher->dispatch(Object(Illuminate/Routing/Route), Object(Laravel/Fortify/Http/Controllers/RegisteredUserController), 'store')
#15 C:/Users/DELL/growza/growza/vendor/laravel/framework/src/Illuminate/Routing/Route.php(212): Illuminate/Routing/Route->runController()
#16 C:/Users/DELL/growza/growza/vendor/laravel/framework/src/Illuminate/Routing/Router.php(808): Illuminate/Routing/Route->run()
#17 C:/Users/DELL/growza/growza/vendor/laravel/framework/src/Illuminate/Pipeline/Pipeline.php(170): Illuminate/Routing/Router->{closure:Illuminate/Routing/Router::runRouteWithinStack():807}(Object(Illuminate/Http/Request))
#18 C:/Users/DELL/growza/growza/vendor/laravel/framework/src/Illuminate/Auth/Middleware/RedirectIfAuthenticated.php(35): Illuminate/Pipeline/Pipeline->{closure:Illuminate/Pipeline/Pipeline::prepareDestination():168}(Object(Illuminate/Http/Request))
#19 C:/Users/DELL/growza/growza/vendor/laravel/framework/src/Illuminate/Pipeline/Pipeline.php(209): Illuminate/Auth/Middleware/RedirectIfAuthenticated->handle(Object(Illuminate/Http/Request), Object(Closure), 'web')
#20 C:/Users/DELL/growza/growza/vendor/laravel/framework/src/Illuminate/Routing/Middleware/SubstituteBindings.php(51): Illuminate/Pipeline/Pipeline->{closure:{closure:Illuminate/Pipeline/Pipeline::carry():184}:185}(Object(Illuminate/Http/Request))
#21 C:/Users/DELL/growza/growza/vendor/laravel/framework/src/Illuminate/Pipeline/Pipeline.php(209): Illuminate/Routing/Middleware/SubstituteBindings->handle(Object(Illuminate/Http/Request), Object(Closure))
#22 C:/Users/DELL/growza/growza/vendor/laravel/framework/src/Illuminate/Foundation/Http/Middleware/VerifyCsrfToken.php(88): Illuminate/Pipeline/Pipeline->{closure:{closure:Illuminate/Pipeline/Pipeline::carry():184}:185}(Object(Illuminate/Http/Request))
#23 C:/Users/DELL/growza/growza/vendor/laravel/framework/src/Illuminate/Pipeline/Pipeline.php(209): Illuminate/Foundation/Http/Middleware/VerifyCsrfToken->handle(Object(Illuminate/Http/Request), Object(Closure))
#24 C:/Users/DELL/growza/growza/vendor/laravel/framework/src/Illuminate/View/Middleware/ShareErrorsFromSession.php(49): Illuminate/Pipeline/Pipeline->{closure:{closure:Illuminate/Pipeline/Pipeline::carry():184}:185}(Object(Illuminate/Http/Request))
#25 C:/Users/DELL/growza/growza/vendor/laravel/framework/src/Illuminate/Pipeline/Pipeline.php(209): Illuminate/View/Middleware/ShareErrorsFromSession->handle(Object(Illuminate/Http/Request), Object(Closure))
#26 C:/Users/DELL/growza/growza/vendor/laravel/framework/src/Illuminate/Session/Middleware/StartSession.php(121): Illuminate/Pipeline/Pipeline->{closure:{closure:Illuminate/Pipeline/Pipeline::carry():184}:185}(Object(Illuminate/Http/Request))
#27 C:/Users/DELL/growza/growza/vendor/laravel/framework/src/Illuminate/Session/Middleware/StartSession.php(64): Illuminate/Session/Middleware/StartSession->handleStatefulRequest(Object(Illuminate/Http/Request), Object(Illuminate/Session/Store), Object(Closure))
#28 C:/Users/DELL/growza/growza/vendor/laravel/framework/src/Illuminate/Pipeline/Pipeline.php(209): Illuminate/Session/Middleware/StartSession->handle(Object(Illuminate/Http/Request), Object(Closure))
#29 C:/Users/DELL/growza/growza/vendor/laravel/framework/src/Illuminate/Cookie/Middleware/AddQueuedCookiesToResponse.php(37): Illuminate/Pipeline/Pipeline->{closure:{closure:Illuminate/Pipeline/Pipeline::carry():184}:185}(Object(Illuminate/Http/Request))
#30 C:/Users/DELL/growza/growza/vendor/laravel/framework/src/Illuminate/Pipeline/Pipeline.php(209): Illuminate/Cookie/Middleware/AddQueuedCookiesToResponse->handle(Object(Illuminate/Http/Request), Object(Closure))
#31 C:/Users/DELL/growza/growza/vendor/laravel/framework/src/Illuminate/Cookie/Middleware/EncryptCookies.php(75): Illuminate/Pipeline/Pipeline->{closure:{closure:Illuminate/Pipeline/Pipeline::carry():184}:185}(Object(Illuminate/Http/Request))
#32 C:/Users/DELL/growza/growza/vendor/laravel/framework/src/Illuminate/Pipeline/Pipeline.php(209): Illuminate/Cookie/Middleware/EncryptCookies->handle(Object(Illuminate/Http/Request), Object(Closure))
#33 C:/Users/DELL/growza/growza/vendor/laravel/framework/src/Illuminate/Pipeline/Pipeline.php(127): Illuminate/Pipeline/Pipeline->{closure:{closure:Illuminate/Pipeline/Pipeline::carry():184}:185}(Object(Illuminate/Http/Request))
#34 C:/Users/DELL/growza/growza/vendor/laravel/framework/src/Illuminate/Routing/Router.php(807): Illuminate/Pipeline/Pipeline->then(Object(Closure))
#35 C:/Users/DELL/growza/growza/vendor/laravel/framework/src/Illuminate/Routing/Router.php(786): Illuminate/Routing/Router->runRouteWithinStack(Object(Illuminate/Routing/Route), Object(Illuminate/Http/Request))
#36 C:/Users/DELL/growza/growza/vendor/laravel/framework/src/Illuminate/Routing/Router.php(750): Illuminate/Routing/Router->runRoute(Object(Illuminate/Http/Request), Object(Illuminate/Routing/Route))
#37 C:/Users/DELL/growza/growza/vendor/laravel/framework/src/Illuminate/Routing/Router.php(739): Illuminate/Routing/Router->dispatchToRoute(Object(Illuminate/Http/Request))
#38 C:/Users/DELL/growza/growza/vendor/laravel/framework/src/Illuminate/Foundation/Http/Kernel.php(201): Illuminate/Routing/Router->dispatch(Object(Illuminate/Http/Request))
#39 C:/Users/DELL/growza/growza/vendor/laravel/framework/src/Illuminate/Pipeline/Pipeline.php(170): Illuminate/Foundation/Http/Kernel->{closure:Illuminate/Foundation/Http/Kernel::dispatchToRouter():198}(Object(Illuminate/Http/Request))
#40 C:/Users/DELL/growza/growza/vendor/livewire/livewire/src/Features/SupportDisablingBackButtonCache/DisableBackButtonCacheMiddleware.php(19): Illuminate/Pipeline/Pipeline->{closure:Illuminate/Pipeline/Pipeline::prepareDestination():168}(Object(Illuminate/Http/Request))
#41 C:/Users/DELL/growza/growza/vendor/laravel/framework/src/Illuminate/Pipeline/Pipeline.php(209): Livewire/Features/SupportDisablingBackButtonCache/DisableBackButtonCacheMiddleware->handle(Object(Illuminate/Http/Request), Object(Closure))
#42 C:/Users/DELL/growza/growza/vendor/laravel/framework/src/Illuminate/Foundation/Http/Middleware/TransformsRequest.php(21): Illuminate/Pipeline/Pipeline->{closure:{closure:Illuminate/Pipeline/Pipeline::carry():184}:185}(Object(Illuminate/Http/Request))
#43 C:/Users/DELL/growza/growza/vendor/laravel/framework/src/Illuminate/Foundation/Http/Middleware/ConvertEmptyStringsToNull.php(31): Illuminate/Foundation/Http/Middleware/TransformsRequest->handle(Object(Illuminate/Http/Request), Object(Closure))
#44 C:/Users/DELL/growza/growza/vendor/laravel/framework/src/Illuminate/Pipeline/Pipeline.php(209): Illuminate/Foundation/Http/Middleware/ConvertEmptyStringsToNull->handle(Object(Illuminate/Http/Request), Object(Closure))
#45 C:/Users/DELL/growza/growza/vendor/laravel/framework/src/Illuminate/Foundation/Http/Middleware/TransformsRequest.php(21): Illuminate/Pipeline/Pipeline->{closure:{closure:Illuminate/Pipeline/Pipeline::carry():184}:185}(Object(Illuminate/Http/Request))
#46 C:/Users/DELL/growza/growza/vendor/laravel/framework/src/Illuminate/Foundation/Http/Middleware/TrimStrings.php(51): Illuminate/Foundation/Http/Middleware/TransformsRequest->handle(Object(Illuminate/Http/Request), Object(Closure))
#47 C:/Users/DELL/growza/growza/vendor/laravel/framework/src/Illuminate/Pipeline/Pipeline.php(209): Illuminate/Foundation/Http/Middleware/TrimStrings->handle(Object(Illuminate/Http/Request), Object(Closure))
#48 C:/Users/DELL/growza/growza/vendor/laravel/framework/src/Illuminate/Http/Middleware/ValidatePostSize.php(27): Illuminate/Pipeline/Pipeline->{closure:{closure:Illuminate/Pipeline/Pipeline::carry():184}:185}(Object(Illuminate/Http/Request))
#49 C:/Users/DELL/growza/growza/vendor/laravel/framework/src/Illuminate/Pipeline/Pipeline.php(209): Illuminate/Http/Middleware/ValidatePostSize->handle(Object(Illuminate/Http/Request), Object(Closure))
#50 C:/Users/DELL/growza/growza/vendor/laravel/framework/src/Illuminate/Foundation/Http/Middleware/PreventRequestsDuringMaintenance.php(110): Illuminate/Pipeline/Pipeline->{closure:{closure:Illuminate/Pipeline/Pipeline::carry():184}:185}(Object(Illuminate/Http/Request))
#51 C:/Users/DELL/growza/growza/vendor/laravel/framework/src/Illuminate/Pipeline/Pipeline.php(209): Illuminate/Foundation/Http/Middleware/PreventRequestsDuringMaintenance->handle(Object(Illuminate/Http/Request), Object(Closure))
#52 C:/Users/DELL/growza/growza/vendor/laravel/framework/src/Illuminate/Http/Middleware/HandleCors.php(49): Illuminate/Pipeline/Pipeline->{closure:{closure:Illuminate/Pipeline/Pipeline::carry():184}:185}(Object(Illuminate/Http/Request))
#53 C:/Users/DELL/growza/growza/vendor/laravel/framework/src/Illuminate/Pipeline/Pipeline.php(209): Illuminate/Http/Middleware/HandleCors->handle(Object(Illuminate/Http/Request), Object(Closure))
#54 C:/Users/DELL/growza/growza/vendor/laravel/framework/src/Illuminate/Http/Middleware/TrustProxies.php(58): Illuminate/Pipeline/Pipeline->{closure:{closure:Illuminate/Pipeline/Pipeline::carry():184}:185}(Object(Illuminate/Http/Request))
#55 C:/Users/DELL/growza/growza/vendor/laravel/framework/src/Illuminate/Pipeline/Pipeline.php(209): Illuminate/Http/Middleware/TrustProxies->handle(Object(Illuminate/Http/Request), Object(Closure))
#56 C:/Users/DELL/growza/growza/vendor/laravel/framework/src/Illuminate/Foundation/Http/Middleware/InvokeDeferredCallbacks.php(22): Illuminate/Pipeline/Pipeline->{closure:{closure:Illuminate/Pipeline/Pipeline::carry():184}:185}(Object(Illuminate/Http/Request))
#57 C:/Users/DELL/growza/growza/vendor/laravel/framework/src/Illuminate/Pipeline/Pipeline.php(209): Illuminate/Foundation/Http/Middleware/InvokeDeferredCallbacks->handle(Object(Illuminate/Http/Request), Object(Closure))
#58 C:/Users/DELL/growza/growza/vendor/laravel/framework/src/Illuminate/Pipeline/Pipeline.php(127): Illuminate/Pipeline/Pipeline->{closure:{closure:Illuminate/Pipeline/Pipeline::carry():184}:185}(Object(Illuminate/Http/Request))
#59 C:/Users/DELL/growza/growza/vendor/laravel/framework/src/Illuminate/Foundation/Http/Kernel.php(176): Illuminate/Pipeline/Pipeline->then(Object(Closure))
#60 C:/Users/DELL/growza/growza/vendor/laravel/framework/src/Illuminate/Foundation/Http/Kernel.php(145): Illuminate/Foundation/Http/Kernel->sendRequestThroughRouter(Object(Illuminate/Http/Request))
#61 C:/Users/DELL/growza/growza/vendor/laravel/framework/src/Illuminate/Foundation/Testing/Concerns/MakesHttpRequests.php(607): Illuminate/Foundation/Http/Kernel->handle(Object(Illuminate/Http/Request))
#62 C:/Users/DELL/growza/growza/vendor/laravel/framework/src/Illuminate/Foundation/Testing/Concerns/MakesHttpRequests.php(397): Illuminate/Foundation/Testing/TestCase->call('POST', 'http://localhos...', Array, Array, Array, Array)
#63 [internal function]: Illuminate/Foundation/Testing/TestCase->post('http://localhos...', Array)
#64 C:/Users/DELL/growza/growza/vendor/pestphp/pest/src/Support/Reflection.php(38): ReflectionMethod->invoke(Object(P/Tests/Feature/AuthenticationTest), 'http://localhos...', Array)
#65 C:/Users/DELL/growza/growza/vendor/pestphp/pest/src/Support/HigherOrderMessage.php(59): Pest/Support/Reflection::call(Object(P/Tests/Feature/AuthenticationTest), 'post', Array)
#66 C:/Users/DELL/growza/growza/vendor/pestphp/pest/src/Support/HigherOrderTapProxy.php(66): Pest/Support/HigherOrderMessage->call(Object(P/Tests/Feature/AuthenticationTest))
#67 C:/Users/DELL/growza/growza/vendor/pestphp/pest-plugin-laravel/src/Http.php(209): Pest/Support/HigherOrderTapProxy->__call('post', Array)
#68 C:/Users/DELL/growza/growza/tests/Feature/AuthenticationTest.php(49): Pest/Laravel/post('http://localhos...', Array)
#69 C:/Users/DELL/growza/growza/vendor/pestphp/pest/src/Factories/TestCaseMethodFactory.php(110): P/Tests/Feature/AuthenticationTest->{closure:C:/Users/DELL/growza/growza/tests/Feature/AuthenticationTest.php:48}()
#70 [internal function]: P/Tests/Feature/AuthenticationTest->{closure:Pest/Factories/TestCaseMethodFactory::getClosure():102}()
#71 C:/Users/DELL/growza/growza/vendor/pestphp/pest/src/Concerns/Testable.php(339): call_user_func_array(Object(Closure), Array)
#72 C:/Users/DELL/growza/growza/vendor/pestphp/pest/src/Support/ExceptionTrace.php(26): P/Tests/Feature/AuthenticationTest->{closure:Pest/Concerns/Testable::__callClosure():339}()
#73 C:/Users/DELL/growza/growza/vendor/pestphp/pest/src/Concerns/Testable.php(339): Pest/Support/ExceptionTrace::ensure(Object(Closure))
#74 C:/Users/DELL/growza/growza/vendor/pestphp/pest/src/Concerns/Testable.php(256): P/Tests/Feature/AuthenticationTest->__callClosure(Object(Closure), Array)
#75 C:/Users/DELL/growza/growza/vendor/pestphp/pest/src/Factories/TestCaseFactory.php(197) : eval()'d code(56): P/Tests/Feature/AuthenticationTest->__runTest(Object(Closure))
#76 C:/Users/DELL/growza/growza/vendor/phpunit/phpunit/src/Framework/TestCase.php(1548): P/Tests/Feature/AuthenticationTest->__pest_evaluable_it_records_a_referral_code_at_registration_without_resolving_it()
#77 C:/Users/DELL/growza/growza/vendor/phpunit/phpunit/src/Framework/TestCase.php(686): PHPUnit/Framework/TestCase->runTest()
#78 C:/Users/DELL/growza/growza/vendor/phpunit/phpunit/src/Framework/TestRunner.php(106): PHPUnit/Framework/TestCase->runBare()
#79 C:/Users/DELL/growza/growza/vendor/phpunit/phpunit/src/Framework/TestCase.php(516): PHPUnit/Framework/TestRunner->run(Object(P/Tests/Feature/AuthenticationTest))
#80 C:/Users/DELL/growza/growza/vendor/phpunit/phpunit/src/Framework/TestSuite.php(374): PHPUnit/Framework/TestCase->run()
#81 C:/Users/DELL/growza/growza/vendor/phpunit/phpunit/src/Framework/TestSuite.php(374): PHPUnit/Framework/TestSuite->run()
#82 C:/Users/DELL/growza/growza/vendor/phpunit/phpunit/src/Framework/TestSuite.php(374): PHPUnit/Framework/TestSuite->run()
#83 C:/Users/DELL/growza/growza/vendor/phpunit/phpunit/src/TextUI/TestRunner.php(64): PHPUnit/Framework/TestSuite->run()
#84 C:/Users/DELL/growza/growza/vendor/phpunit/phpunit/src/TextUI/Application.php(204): PHPUnit/TextUI/TestRunner->run(Object(PHPUnit/TextUI/Configuration/Configuration), Object(PHPUnit/Runner/ResultCache/DefaultResultCache), Object(PHPUnit/Framework/TestSuite))
#85 C:/Users/DELL/growza/growza/vendor/pestphp/pest/src/Kernel.php(103): PHPUnit/TextUI/Application->run(Array)
#86 C:/Users/DELL/growza/growza/vendor/pestphp/pest/bin/pest(91): Pest/Kernel->handle(Array, Array)
#87 C:/Users/DELL/growza/growza/vendor/pestphp/pest/bin/pest(99): {closure:C:/Users/DELL/growza/growza/vendor/pestphp/pest/bin/pest:12}()
#88 {main}

[previous exception] [object] (PDOException(code: 23000): SQLSTATE[23000]: Integrity constraint violation: 19 NOT NULL constraint failed: model_has_roles.team_id at C:/Users/DELL/growza/growza/vendor/laravel/framework/src/Illuminate/Database/Connection.php:571)
[stacktrace]
#0 C:/Users/DELL/growza/growza/vendor/laravel/framework/src/Illuminate/Database/Connection.php(571): PDOStatement->execute()
#1 C:/Users/DELL/growza/growza/vendor/laravel/framework/src/Illuminate/Database/Connection.php(812): Illuminate/Database/Connection->{closure:Illuminate/Database/Connection::statement():560}('insert into \"mo...', Array)
#2 C:/Users/DELL/growza/growza/vendor/laravel/framework/src/Illuminate/Database/Connection.php(779): Illuminate/Database/Connection->runQueryCallback('insert into \"mo...', Array, Object(Closure))
#3 C:/Users/DELL/growza/growza/vendor/laravel/framework/src/Illuminate/Database/Connection.php(560): Illuminate/Database/Connection->run('insert into \"mo...', Array, Object(Closure))
#4 C:/Users/DELL/growza/growza/vendor/laravel/framework/src/Illuminate/Database/Connection.php(524): Illuminate/Database/Connection->statement('insert into \"mo...', Array)
#5 C:/Users/DELL/growza/growza/vendor/laravel/framework/src/Illuminate/Database/Query/Builder.php(3717): Illuminate/Database/Connection->insert('insert into \"mo...', Array)
#6 C:/Users/DELL/growza/growza/vendor/laravel/framework/src/Illuminate/Database/Eloquent/Relations/Concerns/InteractsWithPivotTable.php(276): Illuminate/Database/Query/Builder->insert(Array)
#7 C:/Users/DELL/growza/growza/vendor/spatie/laravel-permission/src/Traits/HasRoles.php(164): Illuminate/Database/Eloquent/Relations/BelongsToMany->attach(Array, Array)
#8 C:/Users/DELL/growza/growza/app/Domain/Auth/Actions/CreateNewUser.php(75): App/Domain/Identity/Models/User->assignRole('Customer')
#9 C:/Users/DELL/growza/growza/vendor/laravel/framework/src/Illuminate/Database/Concerns/ManagesTransactions.php(32): App/Domain/Auth/Actions/CreateNewUser->{closure:App/Domain/Auth/Actions/CreateNewUser::create():58}(Object(Illuminate/Database/SQLiteConnection))
#10 C:/Users/DELL/growza/growza/vendor/laravel/framework/src/Illuminate/Database/DatabaseManager.php(495): Illuminate/Database/Connection->transaction(Object(Closure))
#11 C:/Users/DELL/growza/growza/vendor/laravel/framework/src/Illuminate/Support/Facades/Facade.php(361): Illuminate/Database/DatabaseManager->__call('transaction', Array)
#12 C:/Users/DELL/growza/growza/app/Domain/Auth/Actions/CreateNewUser.php(58): Illuminate/Support/Facades/Facade::__callStatic('transaction', Array)
#13 C:/Users/DELL/growza/growza/vendor/laravel/fortify/src/Http/Controllers/RegisteredUserController.php(62): App/Domain/Auth/Actions/CreateNewUser->create(Array)
#14 C:/Users/DELL/growza/growza/vendor/laravel/framework/src/Illuminate/Routing/Controller.php(54): Laravel/Fortify/Http/Controllers/RegisteredUserController->store(Object(Illuminate/Http/Request), Object(App/Domain/Auth/Actions/CreateNewUser))
#15 C:/Users/DELL/growza/growza/vendor/laravel/framework/src/Illuminate/Routing/ControllerDispatcher.php(44): Illuminate/Routing/Controller->callAction('store', Array)
#16 C:/Users/DELL/growza/growza/vendor/laravel/framework/src/Illuminate/Routing/Route.php(266): Illuminate/Routing/ControllerDispatcher->dispatch(Object(Illuminate/Routing/Route), Object(Laravel/Fortify/Http/Controllers/RegisteredUserController), 'store')
#17 C:/Users/DELL/growza/growza/vendor/laravel/framework/src/Illuminate/Routing/Route.php(212): Illuminate/Routing/Route->runController()
#18 C:/Users/DELL/growza/growza/vendor/laravel/framework/src/Illuminate/Routing/Router.php(808): Illuminate/Routing/Route->run()
#19 C:/Users/DELL/growza/growza/vendor/laravel/framework/src/Illuminate/Pipeline/Pipeline.php(170): Illuminate/Routing/Router->{closure:Illuminate/Routing/Router::runRouteWithinStack():807}(Object(Illuminate/Http/Request))
#20 C:/Users/DELL/growza/growza/vendor/laravel/framework/src/Illuminate/Auth/Middleware/RedirectIfAuthenticated.php(35): Illuminate/Pipeline/Pipeline->{closure:Illuminate/Pipeline/Pipeline::prepareDestination():168}(Object(Illuminate/Http/Request))
#21 C:/Users/DELL/growza/growza/vendor/laravel/framework/src/Illuminate/Pipeline/Pipeline.php(209): Illuminate/Auth/Middleware/RedirectIfAuthenticated->handle(Object(Illuminate/Http/Request), Object(Closure), 'web')
#22 C:/Users/DELL/growza/growza/vendor/laravel/framework/src/Illuminate/Routing/Middleware/SubstituteBindings.php(51): Illuminate/Pipeline/Pipeline->{closure:{closure:Illuminate/Pipeline/Pipeline::carry():184}:185}(Object(Illuminate/Http/Request))
#23 C:/Users/DELL/growza/growza/vendor/laravel/framework/src/Illuminate/Pipeline/Pipeline.php(209): Illuminate/Routing/Middleware/SubstituteBindings->handle(Object(Illuminate/Http/Request), Object(Closure))
#24 C:/Users/DELL/growza/growza/vendor/laravel/framework/src/Illuminate/Foundation/Http/Middleware/VerifyCsrfToken.php(88): Illuminate/Pipeline/Pipeline->{closure:{closure:Illuminate/Pipeline/Pipeline::carry():184}:185}(Object(Illuminate/Http/Request))
#25 C:/Users/DELL/growza/growza/vendor/laravel/framework/src/Illuminate/Pipeline/Pipeline.php(209): Illuminate/Foundation/Http/Middleware/VerifyCsrfToken->handle(Object(Illuminate/Http/Request), Object(Closure))
#26 C:/Users/DELL/growza/growza/vendor/laravel/framework/src/Illuminate/View/Middleware/ShareErrorsFromSession.php(49): Illuminate/Pipeline/Pipeline->{closure:{closure:Illuminate/Pipeline/Pipeline::carry():184}:185}(Object(Illuminate/Http/Request))
#27 C:/Users/DELL/growza/growza/vendor/laravel/framework/src/Illuminate/Pipeline/Pipeline.php(209): Illuminate/View/Middleware/ShareErrorsFromSession->handle(Object(Illuminate/Http/Request), Object(Closure))
#28 C:/Users/DELL/growza/growza/vendor/laravel/framework/src/Illuminate/Session/Middleware/StartSession.php(121): Illuminate/Pipeline/Pipeline->{closure:{closure:Illuminate/Pipeline/Pipeline::carry():184}:185}(Object(Illuminate/Http/Request))
#29 C:/Users/DELL/growza/growza/vendor/laravel/framework/src/Illuminate/Session/Middleware/StartSession.php(64): Illuminate/Session/Middleware/StartSession->handleStatefulRequest(Object(Illuminate/Http/Request), Object(Illuminate/Session/Store), Object(Closure))
#30 C:/Users/DELL/growza/growza/vendor/laravel/framework/src/Illuminate/Pipeline/Pipeline.php(209): Illuminate/Session/Middleware/StartSession->handle(Object(Illuminate/Http/Request), Object(Closure))
#31 C:/Users/DELL/growza/growza/vendor/laravel/framework/src/Illuminate/Cookie/Middleware/AddQueuedCookiesToResponse.php(37): Illuminate/Pipeline/Pipeline->{closure:{closure:Illuminate/Pipeline/Pipeline::carry():184}:185}(Object(Illuminate/Http/Request))
#32 C:/Users/DELL/growza/growza/vendor/laravel/framework/src/Illuminate/Pipeline/Pipeline.php(209): Illuminate/Cookie/Middleware/AddQueuedCookiesToResponse->handle(Object(Illuminate/Http/Request), Object(Closure))
#33 C:/Users/DELL/growza/growza/vendor/laravel/framework/src/Illuminate/Cookie/Middleware/EncryptCookies.php(75): Illuminate/Pipeline/Pipeline->{closure:{closure:Illuminate/Pipeline/Pipeline::carry():184}:185}(Object(Illuminate/Http/Request))
#34 C:/Users/DELL/growza/growza/vendor/laravel/framework/src/Illuminate/Pipeline/Pipeline.php(209): Illuminate/Cookie/Middleware/EncryptCookies->handle(Object(Illuminate/Http/Request), Object(Closure))
#35 C:/Users/DELL/growza/growza/vendor/laravel/framework/src/Illuminate/Pipeline/Pipeline.php(127): Illuminate/Pipeline/Pipeline->{closure:{closure:Illuminate/Pipeline/Pipeline::carry():184}:185}(Object(Illuminate/Http/Request))
#36 C:/Users/DELL/growza/growza/vendor/laravel/framework/src/Illuminate/Routing/Router.php(807): Illuminate/Pipeline/Pipeline->then(Object(Closure))
#37 C:/Users/DELL/growza/growza/vendor/laravel/framework/src/Illuminate/Routing/Router.php(786): Illuminate/Routing/Router->runRouteWithinStack(Object(Illuminate/Routing/Route), Object(Illuminate/Http/Request))
#38 C:/Users/DELL/growza/growza/vendor/laravel/framework/src/Illuminate/Routing/Router.php(750): Illuminate/Routing/Router->runRoute(Object(Illuminate/Http/Request), Object(Illuminate/Routing/Route))
#39 C:/Users/DELL/growza/growza/vendor/laravel/framework/src/Illuminate/Routing/Router.php(739): Illuminate/Routing/Router->dispatchToRoute(Object(Illuminate/Http/Request))
#40 C:/Users/DELL/growza/growza/vendor/laravel/framework/src/Illuminate/Foundation/Http/Kernel.php(201): Illuminate/Routing/Router->dispatch(Object(Illuminate/Http/Request))
#41 C:/Users/DELL/growza/growza/vendor/laravel/framework/src/Illuminate/Pipeline/Pipeline.php(170): Illuminate/Foundation/Http/Kernel->{closure:Illuminate/Foundation/Http/Kernel::dispatchToRouter():198}(Object(Illuminate/Http/Request))
#42 C:/Users/DELL/growza/growza/vendor/livewire/livewire/src/Features/SupportDisablingBackButtonCache/DisableBackButtonCacheMiddleware.php(19): Illuminate/Pipeline/Pipeline->{closure:Illuminate/Pipeline/Pipeline::prepareDestination():168}(Object(Illuminate/Http/Request))
#43 C:/Users/DELL/growza/growza/vendor/laravel/framework/src/Illuminate/Pipeline/Pipeline.php(209): Livewire/Features/SupportDisablingBackButtonCache/DisableBackButtonCacheMiddleware->handle(Object(Illuminate/Http/Request), Object(Closure))
#44 C:/Users/DELL/growza/growza/vendor/laravel/framework/src/Illuminate/Foundation/Http/Middleware/TransformsRequest.php(21): Illuminate/Pipeline/Pipeline->{closure:{closure:Illuminate/Pipeline/Pipeline::carry():184}:185}(Object(Illuminate/Http/Request))
#45 C:/Users/DELL/growza/growza/vendor/laravel/framework/src/Illuminate/Foundation/Http/Middleware/ConvertEmptyStringsToNull.php(31): Illuminate/Foundation/Http/Middleware/TransformsRequest->handle(Object(Illuminate/Http/Request), Object(Closure))
#46 C:/Users/DELL/growza/growza/vendor/laravel/framework/src/Illuminate/Pipeline/Pipeline.php(209): Illuminate/Foundation/Http/Middleware/ConvertEmptyStringsToNull->handle(Object(Illuminate/Http/Request), Object(Closure))
#47 C:/Users/DELL/growza/growza/vendor/laravel/framework/src/Illuminate/Foundation/Http/Middleware/TransformsRequest.php(21): Illuminate/Pipeline/Pipeline->{closure:{closure:Illuminate/Pipeline/Pipeline::carry():184}:185}(Object(Illuminate/Http/Request))
#48 C:/Users/DELL/growza/growza/vendor/laravel/framework/src/Illuminate/Foundation/Http/Middleware/TrimStrings.php(51): Illuminate/Foundation/Http/Middleware/TransformsRequest->handle(Object(Illuminate/Http/Request), Object(Closure))
#49 C:/Users/DELL/growza/growza/vendor/laravel/framework/src/Illuminate/Pipeline/Pipeline.php(209): Illuminate/Foundation/Http/Middleware/TrimStrings->handle(Object(Illuminate/Http/Request), Object(Closure))
#50 C:/Users/DELL/growza/growza/vendor/laravel/framework/src/Illuminate/Http/Middleware/ValidatePostSize.php(27): Illuminate/Pipeline/Pipeline->{closure:{closure:Illuminate/Pipeline/Pipeline::carry():184}:185}(Object(Illuminate/Http/Request))
#51 C:/Users/DELL/growza/growza/vendor/laravel/framework/src/Illuminate/Pipeline/Pipeline.php(209): Illuminate/Http/Middleware/ValidatePostSize->handle(Object(Illuminate/Http/Request), Object(Closure))
#52 C:/Users/DELL/growza/growza/vendor/laravel/framework/src/Illuminate/Foundation/Http/Middleware/PreventRequestsDuringMaintenance.php(110): Illuminate/Pipeline/Pipeline->{closure:{closure:Illuminate/Pipeline/Pipeline::carry():184}:185}(Object(Illuminate/Http/Request))
#53 C:/Users/DELL/growza/growza/vendor/laravel/framework/src/Illuminate/Pipeline/Pipeline.php(209): Illuminate/Foundation/Http/Middleware/PreventRequestsDuringMaintenance->handle(Object(Illuminate/Http/Request), Object(Closure))
#54 C:/Users/DELL/growza/growza/vendor/laravel/framework/src/Illuminate/Http/Middleware/HandleCors.php(49): Illuminate/Pipeline/Pipeline->{closure:{closure:Illuminate/Pipeline/Pipeline::carry():184}:185}(Object(Illuminate/Http/Request))
#55 C:/Users/DELL/growza/growza/vendor/laravel/framework/src/Illuminate/Pipeline/Pipeline.php(209): Illuminate/Http/Middleware/HandleCors->handle(Object(Illuminate/Http/Request), Object(Closure))
#56 C:/Users/DELL/growza/growza/vendor/laravel/framework/src/Illuminate/Http/Middleware/TrustProxies.php(58): Illuminate/Pipeline/Pipeline->{closure:{closure:Illuminate/Pipeline/Pipeline::carry():184}:185}(Object(Illuminate/Http/Request))
#57 C:/Users/DELL/growza/growza/vendor/laravel/framework/src/Illuminate/Pipeline/Pipeline.php(209): Illuminate/Http/Middleware/TrustProxies->handle(Object(Illuminate/Http/Request), Object(Closure))
#58 C:/Users/DELL/growza/growza/vendor/laravel/framework/src/Illuminate/Foundation/Http/Middleware/InvokeDeferredCallbacks.php(22): Illuminate/Pipeline/Pipeline->{closure:{closure:Illuminate/Pipeline/Pipeline::carry():184}:185}(Object(Illuminate/Http/Request))
#59 C:/Users/DELL/growza/growza/vendor/laravel/framework/src/Illuminate/Pipeline/Pipeline.php(209): Illuminate/Foundation/Http/Middleware/InvokeDeferredCallbacks->handle(Object(Illuminate/Http/Request), Object(Closure))
#60 C:/Users/DELL/growza/growza/vendor/laravel/framework/src/Illuminate/Pipeline/Pipeline.php(127): Illuminate/Pipeline/Pipeline->{closure:{closure:Illuminate/Pipeline/Pipeline::carry():184}:185}(Object(Illuminate/Http/Request))
#61 C:/Users/DELL/growza/growza/vendor/laravel/framework/src/Illuminate/Foundation/Http/Kernel.php(176): Illuminate/Pipeline/Pipeline->then(Object(Closure))
#62 C:/Users/DELL/growza/growza/vendor/laravel/framework/src/Illuminate/Foundation/Http/Kernel.php(145): Illuminate/Foundation/Http/Kernel->sendRequestThroughRouter(Object(Illuminate/Http/Request))
#63 C:/Users/DELL/growza/growza/vendor/laravel/framework/src/Illuminate/Foundation/Testing/Concerns/MakesHttpRequests.php(607): Illuminate/Foundation/Http/Kernel->handle(Object(Illuminate/Http/Request))
#64 C:/Users/DELL/growza/growza/vendor/laravel/framework/src/Illuminate/Foundation/Testing/Concerns/MakesHttpRequests.php(397): Illuminate/Foundation/Testing/TestCase->call('POST', 'http://localhos...', Array, Array, Array, Array)
#65 [internal function]: Illuminate/Foundation/Testing/TestCase->post('http://localhos...', Array)
#66 C:/Users/DELL/growza/growza/vendor/pestphp/pest/src/Support/Reflection.php(38): ReflectionMethod->invoke(Object(P/Tests/Feature/AuthenticationTest), 'http://localhos...', Array)
#67 C:/Users/DELL/growza/growza/vendor/pestphp/pest/src/Support/HigherOrderMessage.php(59): Pest/Support/Reflection::call(Object(P/Tests/Feature/AuthenticationTest), 'post', Array)
#68 C:/Users/DELL/growza/growza/vendor/pestphp/pest/src/Support/HigherOrderTapProxy.php(66): Pest/Support/HigherOrderMessage->call(Object(P/Tests/Feature/AuthenticationTest))
#69 C:/Users/DELL/growza/growza/vendor/pestphp/pest-plugin-laravel/src/Http.php(209): Pest/Support/HigherOrderTapProxy->__call('post', Array)
#70 C:/Users/DELL/growza/growza/tests/Feature/AuthenticationTest.php(49): Pest/Laravel/post('http://localhos...', Array)
#71 C:/Users/DELL/growza/growza/vendor/pestphp/pest/src/Factories/TestCaseMethodFactory.php(110): P/Tests/Feature/AuthenticationTest->{closure:C:/Users/DELL/growza/growza/tests/Feature/AuthenticationTest.php:48}()
#72 [internal function]: P/Tests/Feature/AuthenticationTest->{closure:Pest/Factories/TestCaseMethodFactory::getClosure():102}()
#73 C:/Users/DELL/growza/growza/vendor/pestphp/pest/src/Concerns/Testable.php(339): call_user_func_array(Object(Closure), Array)
#74 C:/Users/DELL/growza/growza/vendor/pestphp/pest/src/Support/ExceptionTrace.php(26): P/Tests/Feature/AuthenticationTest->{closure:Pest/Concerns/Testable::__callClosure():339}()
#75 C:/Users/DELL/growza/growza/vendor/pestphp/pest/src/Concerns/Testable.php(339): Pest/Support/ExceptionTrace::ensure(Object(Closure))
#76 C:/Users/DELL/growza/growza/vendor/pestphp/pest/src/Concerns/Testable.php(256): P/Tests/Feature/AuthenticationTest->__callClosure(Object(Closure), Array)
#77 C:/Users/DELL/growza/growza/vendor/pestphp/pest/src/Factories/TestCaseFactory.php(197) : eval()'d code(56): P/Tests/Feature/AuthenticationTest->__runTest(Object(Closure))
#78 C:/Users/DELL/growza/growza/vendor/phpunit/phpunit/src/Framework/TestCase.php(1548): P/Tests/Feature/AuthenticationTest->__pest_evaluable_it_records_a_referral_code_at_registration_without_resolving_it()
#79 C:/Users/DELL/growza/growza/vendor/phpunit/phpunit/src/Framework/TestCase.php(686): PHPUnit/Framework/TestCase->runTest()
#80 C:/Users/DELL/growza/growza/vendor/phpunit/phpunit/src/Framework/TestRunner.php(106): PHPUnit/Framework/TestCase->runBare()
#81 C:/Users/DELL/growza/growza/vendor/phpunit/phpunit/src/Framework/TestCase.php(516): PHPUnit/Framework/TestRunner->run(Object(P/Tests/Feature/AuthenticationTest))
#82 C:/Users/DELL/growza/growza/vendor/phpunit/phpunit/src/Framework/TestSuite.php(374): PHPUnit/Framework/TestCase->run()
#83 C:/Users/DELL/growza/growza/vendor/phpunit/phpunit/src/Framework/TestSuite.php(374): PHPUnit/Framework/TestSuite->run()
#84 C:/Users/DELL/growza/growza/vendor/phpunit/phpunit/src/Framework/TestSuite.php(374): PHPUnit/Framework/TestSuite->run()
#85 C:/Users/DELL/growza/growza/vendor/phpunit/phpunit/src/TextUI/TestRunner.php(64): PHPUnit/Framework/TestSuite->run()
#86 C:/Users/DELL/growza/growza/vendor/phpunit/phpunit/src/TextUI/Application.php(204): PHPUnit/TextUI/TestRunner->run(Object(PHPUnit/TextUI/Configuration/Configuration), Object(PHPUnit/Runner/ResultCache/DefaultResultCache), Object(PHPUnit/Framework/TestSuite))
#87 C:/Users/DELL/growza/growza/vendor/pestphp/pest/src/Kernel.php(103): PHPUnit/TextUI/Application->run(Array)
#88 C:/Users/DELL/growza/growza/vendor/pestphp/pest/bin/pest(91): Pest/Kernel->handle(Array, Array)
#89 C:/Users/DELL/growza/growza/vendor/pestphp/pest/bin/pest(99): {closure:C:/Users/DELL/growza/growza/vendor/pestphp/pest/bin/pest:12}()
#90 {main}
"} 
[2026-09-21 06:23:31] testing.ERROR: cURL error 60: SSL certificate problem: unable to get local issuer certificate (see https://curl.se/libcurl/c/libcurl-errors.html) for https://api.pwnedpasswords.com/range/E8E64 {"exception":"[object] (GuzzleHttp\\Exception\\RequestException(code: 0): cURL error 60: SSL certificate problem: unable to get local issuer certificate (see https://curl.se/libcurl/c/libcurl-errors.html) for https://api.pwnedpasswords.com/range/E8E64 at C:/Users/DELL/growza/growza/vendor/guzzlehttp/guzzle/src/Handler/CurlFactory.php:1141)
[stacktrace]
#0 C:/Users/DELL/growza/growza/vendor/guzzlehttp/guzzle/src/Handler/CurlFactory.php(1077): GuzzleHttp/Handler/CurlFactory::createRejection(Object(GuzzleHttp/Handler/EasyHandle), Array)
#1 C:/Users/DELL/growza/growza/vendor/guzzlehttp/guzzle/src/Handler/CurlFactory.php(1014): GuzzleHttp/Handler/CurlFactory::finishError(Object(GuzzleHttp/Handler/CurlHandler), Object(GuzzleHttp/Handler/EasyHandle), Object(GuzzleHttp/Handler/CurlFactory))
#2 C:/Users/DELL/growza/growza/vendor/guzzlehttp/guzzle/src/Handler/CurlHandler.php(88): GuzzleHttp/Handler/CurlFactory::finish(Object(GuzzleHttp/Handler/CurlHandler), Object(GuzzleHttp/Handler/EasyHandle), Object(GuzzleHttp/Handler/CurlFactory))
#3 C:/Users/DELL/growza/growza/vendor/guzzlehttp/guzzle/src/Handler/Proxy.php(28): GuzzleHttp/Handler/CurlHandler->__invoke(Object(GuzzleHttp/Psr7/Request), Array)
#4 C:/Users/DELL/growza/growza/vendor/guzzlehttp/guzzle/src/Handler/Proxy.php(68): GuzzleHttp/Handler/Proxy::{closure:GuzzleHttp/Handler/Proxy::wrapSync():27}(Object(GuzzleHttp/Psr7/Request), Array)
#5 C:/Users/DELL/growza/growza/vendor/guzzlehttp/guzzle/src/Handler/Proxy.php(48): GuzzleHttp/Handler/Proxy::{closure:GuzzleHttp/Handler/Proxy::wrapTlsFallback():63}(Object(GuzzleHttp/Psr7/Request), Array)
#6 C:/Users/DELL/growza/growza/vendor/laravel/framework/src/Illuminate/Http/Client/PendingRequest.php(1340): GuzzleHttp/Handler/Proxy::{closure:GuzzleHttp/Handler/Proxy::wrapStreaming():47}(Object(GuzzleHttp/Psr7/Request), Array)
#7 C:/Users/DELL/growza/growza/vendor/laravel/framework/src/Illuminate/Http/Client/PendingRequest.php(1306): Illuminate/Http/Client/PendingRequest->{closure:{closure:Illuminate/Http/Client/PendingRequest::buildStubHandler():1327}:1328}(Object(GuzzleHttp/Psr7/Request), Array)
#8 C:/Users/DELL/growza/growza/vendor/laravel/framework/src/Illuminate/Http/Client/PendingRequest.php(1292): Illuminate/Http/Client/PendingRequest->{closure:{closure:Illuminate/Http/Client/PendingRequest::buildRecorderHandler():1304}:1305}(Object(GuzzleHttp/Psr7/Request), Array)
#9 C:/Users/DELL/growza/growza/vendor/guzzlehttp/guzzle/src/PrepareBodyMiddleware.php(35): Illuminate/Http/Client/PendingRequest->{closure:{closure:Illuminate/Http/Client/PendingRequest::buildBeforeSendingHandler():1290}:1291}(Object(GuzzleHttp/Psr7/Request), Array)
#10 C:/Users/DELL/growza/growza/vendor/guzzlehttp/guzzle/src/Middleware.php(38): GuzzleHttp/PrepareBodyMiddleware->__invoke(Object(GuzzleHttp/Psr7/Request), Array)
#11 C:/Users/DELL/growza/growza/vendor/guzzlehttp/guzzle/src/RedirectMiddleware.php(72): GuzzleHttp/Middleware::{closure:{closure:GuzzleHttp/Middleware::cookies():28}:29}(Object(GuzzleHttp/Psr7/Request), Array)
#12 C:/Users/DELL/growza/growza/vendor/guzzlehttp/guzzle/src/Middleware.php(63): GuzzleHttp/RedirectMiddleware->__invoke(Object(GuzzleHttp/Psr7/Request), Array)
#13 C:/Users/DELL/growza/growza/vendor/guzzlehttp/guzzle/src/HandlerStack.php(75): GuzzleHttp/Middleware::{closure:{closure:GuzzleHttp/Middleware::httpErrors():60}:61}(Object(GuzzleHttp/Psr7/Request), Array)
#14 C:/Users/DELL/growza/growza/vendor/guzzlehttp/guzzle/src/Client.php(1109): GuzzleHttp/HandlerStack->__invoke(Object(GuzzleHttp/Psr7/Request), Array)
#15 C:/Users/DELL/growza/growza/vendor/guzzlehttp/guzzle/src/Client.php(243): GuzzleHttp/Client->transfer(Object(GuzzleHttp/Psr7/Request), Array)
#16 C:/Users/DELL/growza/growza/vendor/guzzlehttp/guzzle/src/Client.php(273): GuzzleHttp/Client->requestAsync('GET', Object(GuzzleHttp/Psr7/Uri), Array)
#17 C:/Users/DELL/growza/growza/vendor/laravel/framework/src/Illuminate/Http/Client/PendingRequest.php(1138): GuzzleHttp/Client->request('GET', 'https://api.pwn...', Array)
#18 C:/Users/DELL/growza/growza/vendor/laravel/framework/src/Illuminate/Http/Client/PendingRequest.php(907): Illuminate/Http/Client/PendingRequest->sendRequest('GET', 'https://api.pwn...', Array)
#19 C:/Users/DELL/growza/growza/vendor/laravel/framework/src/Illuminate/Support/helpers.php(338): Illuminate/Http/Client/PendingRequest->{closure:Illuminate/Http/Client/PendingRequest::send():905}(1)
#20 C:/Users/DELL/growza/growza/vendor/laravel/framework/src/Illuminate/Http/Client/PendingRequest.php(905): retry(0, Object(Closure), 100, Object(Closure))
#21 C:/Users/DELL/growza/growza/vendor/laravel/framework/src/Illuminate/Http/Client/PendingRequest.php(772): Illuminate/Http/Client/PendingRequest->send('GET', 'https://api.pwn...', Array)
#22 C:/Users/DELL/growza/growza/vendor/laravel/framework/src/Illuminate/Validation/NotPwnedVerifier.php(89): Illuminate/Http/Client/PendingRequest->get('https://api.pwn...')
#23 C:/Users/DELL/growza/growza/vendor/laravel/framework/src/Illuminate/Validation/NotPwnedVerifier.php(55): Illuminate/Validation/NotPwnedVerifier->search('E8E64')
#24 C:/Users/DELL/growza/growza/vendor/laravel/framework/src/Illuminate/Validation/Rules/Password.php(349): Illuminate/Validation/NotPwnedVerifier->verify(Array)
#25 C:/Users/DELL/growza/growza/vendor/laravel/framework/src/Illuminate/Validation/Validator.php(902): Illuminate/Validation/Rules/Password->passes('password', 'correct-horse-9...')
#26 C:/Users/DELL/growza/growza/vendor/laravel/framework/src/Illuminate/Validation/Validator.php(678): Illuminate/Validation/Validator->validateUsingCustomRule('password', 'correct-horse-9...', Object(Illuminate/Validation/Rules/Password))
#27 C:/Users/DELL/growza/growza/vendor/laravel/framework/src/Illuminate/Validation/Validator.php(481): Illuminate/Validation/Validator->validateAttribute('password', Object(Illuminate/Validation/Rules/Password))
#28 C:/Users/DELL/growza/growza/vendor/laravel/framework/src/Illuminate/Validation/Validator.php(516): Illuminate/Validation/Validator->passes()
#29 C:/Users/DELL/growza/growza/vendor/laravel/framework/src/Illuminate/Validation/Validator.php(558): Illuminate/Validation/Validator->fails()
#30 C:/Users/DELL/growza/growza/app/Domain/Auth/Actions/CreateNewUser.php(53): Illuminate/Validation/Validator->validate()
#31 C:/Users/DELL/growza/growza/vendor/laravel/fortify/src/Http/Controllers/RegisteredUserController.php(62): App/Domain/Auth/Actions/CreateNewUser->create(Array)
#32 C:/Users/DELL/growza/growza/vendor/laravel/framework/src/Illuminate/Routing/Controller.php(54): Laravel/Fortify/Http/Controllers/RegisteredUserController->store(Object(Illuminate/Http/Request), Object(App/Domain/Auth/Actions/CreateNewUser))
#33 C:/Users/DELL/growza/growza/vendor/laravel/framework/src/Illuminate/Routing/ControllerDispatcher.php(44): Illuminate/Routing/Controller->callAction('store', Array)
#34 C:/Users/DELL/growza/growza/vendor/laravel/framework/src/Illuminate/Routing/Route.php(266): Illuminate/Routing/ControllerDispatcher->dispatch(Object(Illuminate/Routing/Route), Object(Laravel/Fortify/Http/Controllers/RegisteredUserController), 'store')
#35 C:/Users/DELL/growza/growza/vendor/laravel/framework/src/Illuminate/Routing/Route.php(212): Illuminate/Routing/Route->runController()
#36 C:/Users/DELL/growza/growza/vendor/laravel/framework/src/Illuminate/Routing/Router.php(808): Illuminate/Routing/Route->run()
#37 C:/Users/DELL/growza/growza/vendor/laravel/framework/src/Illuminate/Pipeline/Pipeline.php(170): Illuminate/Routing/Router->{closure:Illuminate/Routing/Router::runRouteWithinStack():807}(Object(Illuminate/Http/Request))
#38 C:/Users/DELL/growza/growza/vendor/laravel/framework/src/Illuminate/Auth/Middleware/RedirectIfAuthenticated.php(35): Illuminate/Pipeline/Pipeline->{closure:Illuminate/Pipeline/Pipeline::prepareDestination():168}(Object(Illuminate/Http/Request))
#39 C:/Users/DELL/growza/growza/vendor/laravel/framework/src/Illuminate/Pipeline/Pipeline.php(209): Illuminate/Auth/Middleware/RedirectIfAuthenticated->handle(Object(Illuminate/Http/Request), Object(Closure), 'web')
#40 C:/Users/DELL/growza/growza/vendor/laravel/framework/src/Illuminate/Routing/Middleware/SubstituteBindings.php(51): Illuminate/Pipeline/Pipeline->{closure:{closure:Illuminate/Pipeline/Pipeline::carry():184}:185}(Object(Illuminate/Http/Request))
#41 C:/Users/DELL/growza/growza/vendor/laravel/framework/src/Illuminate/Pipeline/Pipeline.php(209): Illuminate/Routing/Middleware/SubstituteBindings->handle(Object(Illuminate/Http/Request), Object(Closure))
#42 C:/Users/DELL/growza/growza/vendor/laravel/framework/src/Illuminate/Foundation/Http/Middleware/VerifyCsrfToken.php(88): Illuminate/Pipeline/Pipeline->{closure:{closure:Illuminate/Pipeline/Pipeline::carry():184}:185}(Object(Illuminate/Http/Request))
#43 C:/Users/DELL/growza/growza/vendor/laravel/framework/src/Illuminate/Pipeline/Pipeline.php(209): Illuminate/Foundation/Http/Middleware/VerifyCsrfToken->handle(Object(Illuminate/Http/Request), Object(Closure))
#44 C:/Users/DELL/growza/growza/vendor/laravel/framework/src/Illuminate/View/Middleware/ShareErrorsFromSession.php(49): Illuminate/Pipeline/Pipeline->{closure:{closure:Illuminate/Pipeline/Pipeline::carry():184}:185}(Object(Illuminate/Http/Request))
#45 C:/Users/DELL/growza/growza/vendor/laravel/framework/src/Illuminate/Pipeline/Pipeline.php(209): Illuminate/View/Middleware/ShareErrorsFromSession->handle(Object(Illuminate/Http/Request), Object(Closure))
#46 C:/Users/DELL/growza/growza/vendor/laravel/framework/src/Illuminate/Session/Middleware/StartSession.php(121): Illuminate/Pipeline/Pipeline->{closure:{closure:Illuminate/Pipeline/Pipeline::carry():184}:185}(Object(Illuminate/Http/Request))
#47 C:/Users/DELL/growza/growza/vendor/laravel/framework/src/Illuminate/Session/Middleware/StartSession.php(64): Illuminate/Session/Middleware/StartSession->handleStatefulRequest(Object(Illuminate/Http/Request), Object(Illuminate/Session/Store), Object(Closure))
#48 C:/Users/DELL/growza/growza/vendor/laravel/framework/src/Illuminate/Pipeline/Pipeline.php(209): Illuminate/Session/Middleware/StartSession->handle(Object(Illuminate/Http/Request), Object(Closure))
#49 C:/Users/DELL/growza/growza/vendor/laravel/framework/src/Illuminate/Cookie/Middleware/AddQueuedCookiesToResponse.php(37): Illuminate/Pipeline/Pipeline->{closure:{closure:Illuminate/Pipeline/Pipeline::carry():184}:185}(Object(Illuminate/Http/Request))
#50 C:/Users/DELL/growza/growza/vendor/laravel/framework/src/Illuminate/Pipeline/Pipeline.php(209): Illuminate/Cookie/Middleware/AddQueuedCookiesToResponse->handle(Object(Illuminate/Http/Request), Object(Closure))
#51 C:/Users/DELL/growza/growza/vendor/laravel/framework/src/Illuminate/Cookie/Middleware/EncryptCookies.php(75): Illuminate/Pipeline/Pipeline->{closure:{closure:Illuminate/Pipeline/Pipeline::carry():184}:185}(Object(Illuminate/Http/Request))
#52 C:/Users/DELL/growza/growza/vendor/laravel/framework/src/Illuminate/Pipeline/Pipeline.php(209): Illuminate/Cookie/Middleware/EncryptCookies->handle(Object(Illuminate/Http/Request), Object(Closure))
#53 C:/Users/DELL/growza/growza/vendor/laravel/framework/src/Illuminate/Pipeline/Pipeline.php(127): Illuminate/Pipeline/Pipeline->{closure:{closure:Illuminate/Pipeline/Pipeline::carry():184}:185}(Object(Illuminate/Http/Request))
#54 C:/Users/DELL/growza/growza/vendor/laravel/framework/src/Illuminate/Routing/Router.php(807): Illuminate/Pipeline/Pipeline->then(Object(Closure))
#55 C:/Users/DELL/growza/growza/vendor/laravel/framework/src/Illuminate/Routing/Router.php(786): Illuminate/Routing/Router->runRouteWithinStack(Object(Illuminate/Routing/Route), Object(Illuminate/Http/Request))
#56 C:/Users/DELL/growza/growza/vendor/laravel/framework/src/Illuminate/Routing/Router.php(750): Illuminate/Routing/Router->runRoute(Object(Illuminate/Http/Request), Object(Illuminate/Routing/Route))
#57 C:/Users/DELL/growza/growza/vendor/laravel/framework/src/Illuminate/Routing/Router.php(739): Illuminate/Routing/Router->dispatchToRoute(Object(Illuminate/Http/Request))
#58 C:/Users/DELL/growza/growza/vendor/laravel/framework/src/Illuminate/Foundation/Http/Kernel.php(201): Illuminate/Routing/Router->dispatch(Object(Illuminate/Http/Request))
#59 C:/Users/DELL/growza/growza/vendor/laravel/framework/src/Illuminate/Pipeline/Pipeline.php(170): Illuminate/Foundation/Http/Kernel->{closure:Illuminate/Foundation/Http/Kernel::dispatchToRouter():198}(Object(Illuminate/Http/Request))
#60 C:/Users/DELL/growza/growza/vendor/livewire/livewire/src/Features/SupportDisablingBackButtonCache/DisableBackButtonCacheMiddleware.php(19): Illuminate/Pipeline/Pipeline->{closure:Illuminate/Pipeline/Pipeline::prepareDestination():168}(Object(Illuminate/Http/Request))
#61 C:/Users/DELL/growza/growza/vendor/laravel/framework/src/Illuminate/Pipeline/Pipeline.php(209): Livewire/Features/SupportDisablingBackButtonCache/DisableBackButtonCacheMiddleware->handle(Object(Illuminate/Http/Request), Object(Closure))
#62 C:/Users/DELL/growza/growza/vendor/laravel/framework/src/Illuminate/Foundation/Http/Middleware/TransformsRequest.php(21): Illuminate/Pipeline/Pipeline->{closure:{closure:Illuminate/Pipeline/Pipeline::carry():184}:185}(Object(Illuminate/Http/Request))
#63 C:/Users/DELL/growza/growza/vendor/laravel/framework/src/Illuminate/Foundation/Http/Middleware/ConvertEmptyStringsToNull.php(31): Illuminate/Foundation/Http/Middleware/TransformsRequest->handle(Object(Illuminate/Http/Request), Object(Closure))
#64 C:/Users/DELL/growza/growza/vendor/laravel/framework/src/Illuminate/Pipeline/Pipeline.php(209): Illuminate/Foundation/Http/Middleware/ConvertEmptyStringsToNull->handle(Object(Illuminate/Http/Request), Object(Closure))
#65 C:/Users/DELL/growza/growza/vendor/laravel/framework/src/Illuminate/Foundation/Http/Middleware/TransformsRequest.php(21): Illuminate/Pipeline/Pipeline->{closure:{closure:Illuminate/Pipeline/Pipeline::carry():184}:185}(Object(Illuminate/Http/Request))
#66 C:/Users/DELL/growza/growza/vendor/laravel/framework/src/Illuminate/Foundation/Http/Middleware/TrimStrings.php(51): Illuminate/Foundation/Http/Middleware/TransformsRequest->handle(Object(Illuminate/Http/Request), Object(Closure))
#67 C:/Users/DELL/growza/growza/vendor/laravel/framework/src/Illuminate/Pipeline/Pipeline.php(209): Illuminate/Foundation/Http/Middleware/TrimStrings->handle(Object(Illuminate/Http/Request), Object(Closure))
#68 C:/Users/DELL/growza/growza/vendor/laravel/framework/src/Illuminate/Http/Middleware/ValidatePostSize.php(27): Illuminate/Pipeline/Pipeline->{closure:{closure:Illuminate/Pipeline/Pipeline::carry():184}:185}(Object(Illuminate/Http/Request))
#69 C:/Users/DELL/growza/growza/vendor/laravel/framework/src/Illuminate/Pipeline/Pipeline.php(209): Illuminate/Http/Middleware/ValidatePostSize->handle(Object(Illuminate/Http/Request), Object(Closure))
#70 C:/Users/DELL/growza/growza/vendor/laravel/framework/src/Illuminate/Foundation/Http/Middleware/PreventRequestsDuringMaintenance.php(110): Illuminate/Pipeline/Pipeline->{closure:{closure:Illuminate/Pipeline/Pipeline::carry():184}:185}(Object(Illuminate/Http/Request))
#71 C:/Users/DELL/growza/growza/vendor/laravel/framework/src/Illuminate/Pipeline/Pipeline.php(209): Illuminate/Foundation/Http/Middleware/PreventRequestsDuringMaintenance->handle(Object(Illuminate/Http/Request), Object(Closure))
#72 C:/Users/DELL/growza/growza/vendor/laravel/framework/src/Illuminate/Http/Middleware/HandleCors.php(49): Illuminate/Pipeline/Pipeline->{closure:{closure:Illuminate/Pipeline/Pipeline::carry():184}:185}(Object(Illuminate/Http/Request))
#73 C:/Users/DELL/growza/growza/vendor/laravel/framework/src/Illuminate/Pipeline/Pipeline.php(209): Illuminate/Http/Middleware/HandleCors->handle(Object(Illuminate/Http/Request), Object(Closure))
#74 C:/Users/DELL/growza/growza/vendor/laravel/framework/src/Illuminate/Http/Middleware/TrustProxies.php(58): Illuminate/Pipeline/Pipeline->{closure:{closure:Illuminate/Pipeline/Pipeline::carry():184}:185}(Object(Illuminate/Http/Request))
#75 C:/Users/DELL/growza/growza/vendor/laravel/framework/src/Illuminate/Pipeline/Pipeline.php(209): Illuminate/Http/Middleware/TrustProxies->handle(Object(Illuminate/Http/Request), Object(Closure))
#76 C:/Users/DELL/growza/growza/vendor/laravel/framework/src/Illuminate/Foundation/Http/Middleware/InvokeDeferredCallbacks.php(22): Illuminate/Pipeline/Pipeline->{closure:{closure:Illuminate/Pipeline/Pipeline::carry():184}:185}(Object(Illuminate/Http/Request))
#77 C:/Users/DELL/growza/growza/vendor/laravel/framework/src/Illuminate/Pipeline/Pipeline.php(209): Illuminate/Foundation/Http/Middleware/InvokeDeferredCallbacks->handle(Object(Illuminate/Http/Request), Object(Closure))
#78 C:/Users/DELL/growza/growza/vendor/laravel/framework/src/Illuminate/Pipeline/Pipeline.php(127): Illuminate/Pipeline/Pipeline->{closure:{closure:Illuminate/Pipeline/Pipeline::carry():184}:185}(Object(Illuminate/Http/Request))
#79 C:/Users/DELL/growza/growza/vendor/laravel/framework/src/Illuminate/Foundation/Http/Kernel.php(176): Illuminate/Pipeline/Pipeline->then(Object(Closure))
#80 C:/Users/DELL/growza/growza/vendor/laravel/framework/src/Illuminate/Foundation/Http/Kernel.php(145): Illuminate/Foundation/Http/Kernel->sendRequestThroughRouter(Object(Illuminate/Http/Request))
#81 C:/Users/DELL/growza/growza/vendor/laravel/framework/src/Illuminate/Foundation/Testing/Concerns/MakesHttpRequests.php(607): Illuminate/Foundation/Http/Kernel->handle(Object(Illuminate/Http/Request))
#82 C:/Users/DELL/growza/growza/vendor/laravel/framework/src/Illuminate/Foundation/Testing/Concerns/MakesHttpRequests.php(397): Illuminate/Foundation/Testing/TestCase->call('POST', 'http://localhos...', Array, Array, Array, Array)
#83 [internal function]: Illuminate/Foundation/Testing/TestCase->post('http://localhos...', Array)
#84 C:/Users/DELL/growza/growza/vendor/pestphp/pest/src/Support/Reflection.php(38): ReflectionMethod->invoke(Object(P/Tests/Feature/AuthenticationTest), 'http://localhos...', Array)
#85 C:/Users/DELL/growza/growza/vendor/pestphp/pest/src/Support/HigherOrderMessage.php(59): Pest/Support/Reflection::call(Object(P/Tests/Feature/AuthenticationTest), 'post', Array)
#86 C:/Users/DELL/growza/growza/vendor/pestphp/pest/src/Support/HigherOrderTapProxy.php(66): Pest/Support/HigherOrderMessage->call(Object(P/Tests/Feature/AuthenticationTest))
#87 C:/Users/DELL/growza/growza/vendor/pestphp/pest-plugin-laravel/src/Http.php(209): Pest/Support/HigherOrderTapProxy->__call('post', Array)
#88 C:/Users/DELL/growza/growza/tests/Feature/AuthenticationTest.php(64): Pest/Laravel/post('http://localhos...', Array)
#89 C:/Users/DELL/growza/growza/vendor/pestphp/pest/src/Factories/TestCaseMethodFactory.php(110): P/Tests/Feature/AuthenticationTest->{closure:C:/Users/DELL/growza/growza/tests/Feature/AuthenticationTest.php:63}()
#90 [internal function]: P/Tests/Feature/AuthenticationTest->{closure:Pest/Factories/TestCaseMethodFactory::getClosure():102}()
#91 C:/Users/DELL/growza/growza/vendor/pestphp/pest/src/Concerns/Testable.php(339): call_user_func_array(Object(Closure), Array)
#92 C:/Users/DELL/growza/growza/vendor/pestphp/pest/src/Support/ExceptionTrace.php(26): P/Tests/Feature/AuthenticationTest->{closure:Pest/Concerns/Testable::__callClosure():339}()
#93 C:/Users/DELL/growza/growza/vendor/pestphp/pest/src/Concerns/Testable.php(339): Pest/Support/ExceptionTrace::ensure(Object(Closure))
#94 C:/Users/DELL/growza/growza/vendor/pestphp/pest/src/Concerns/Testable.php(256): P/Tests/Feature/AuthenticationTest->__callClosure(Object(Closure), Array)
#95 C:/Users/DELL/growza/growza/vendor/pestphp/pest/src/Factories/TestCaseFactory.php(197) : eval()'d code(71): P/Tests/Feature/AuthenticationTest->__runTest(Object(Closure))
#96 C:/Users/DELL/growza/growza/vendor/phpunit/phpunit/src/Framework/TestCase.php(1548): P/Tests/Feature/AuthenticationTest->__pest_evaluable_it_refuses_registration_without_accepting_the_terms()
#97 C:/Users/DELL/growza/growza/vendor/phpunit/phpunit/src/Framework/TestCase.php(686): PHPUnit/Framework/TestCase->runTest()
#98 C:/Users/DELL/growza/growza/vendor/phpunit/phpunit/src/Framework/TestRunner.php(106): PHPUnit/Framework/TestCase->runBare()
#99 C:/Users/DELL/growza/growza/vendor/phpunit/phpunit/src/Framework/TestCase.php(516): PHPUnit/Framework/TestRunner->run(Object(P/Tests/Feature/AuthenticationTest))
#100 C:/Users/DELL/growza/growza/vendor/phpunit/phpunit/src/Framework/TestSuite.php(374): PHPUnit/Framework/TestCase->run()
#101 C:/Users/DELL/growza/growza/vendor/phpunit/phpunit/src/Framework/TestSuite.php(374): PHPUnit/Framework/TestSuite->run()
#102 C:/Users/DELL/growza/growza/vendor/phpunit/phpunit/src/Framework/TestSuite.php(374): PHPUnit/Framework/TestSuite->run()
#103 C:/Users/DELL/growza/growza/vendor/phpunit/phpunit/src/TextUI/TestRunner.php(64): PHPUnit/Framework/TestSuite->run()
#104 C:/Users/DELL/growza/growza/vendor/phpunit/phpunit/src/TextUI/Application.php(204): PHPUnit/TextUI/TestRunner->run(Object(PHPUnit/TextUI/Configuration/Configuration), Object(PHPUnit/Runner/ResultCache/DefaultResultCache), Object(PHPUnit/Framework/TestSuite))
#105 C:/Users/DELL/growza/growza/vendor/pestphp/pest/src/Kernel.php(103): PHPUnit/TextUI/Application->run(Array)
#106 C:/Users/DELL/growza/growza/vendor/pestphp/pest/bin/pest(91): Pest/Kernel->handle(Array, Array)
#107 C:/Users/DELL/growza/growza/vendor/pestphp/pest/bin/pest(99): {closure:C:/Users/DELL/growza/growza/vendor/pestphp/pest/bin/pest:12}()
#108 {main}
"} 
[2026-09-21 06:23:33] testing.ERROR: cURL error 60: SSL certificate problem: unable to get local issuer certificate (see https://curl.se/libcurl/c/libcurl-errors.html) for https://api.pwnedpasswords.com/range/E8E64 {"exception":"[object] (GuzzleHttp\\Exception\\RequestException(code: 0): cURL error 60: SSL certificate problem: unable to get local issuer certificate (see https://curl.se/libcurl/c/libcurl-errors.html) for https://api.pwnedpasswords.com/range/E8E64 at C:/Users/DELL/growza/growza/vendor/guzzlehttp/guzzle/src/Handler/CurlFactory.php:1141)
[stacktrace]
#0 C:/Users/DELL/growza/growza/vendor/guzzlehttp/guzzle/src/Handler/CurlFactory.php(1077): GuzzleHttp/Handler/CurlFactory::createRejection(Object(GuzzleHttp/Handler/EasyHandle), Array)
#1 C:/Users/DELL/growza/growza/vendor/guzzlehttp/guzzle/src/Handler/CurlFactory.php(1014): GuzzleHttp/Handler/CurlFactory::finishError(Object(GuzzleHttp/Handler/CurlHandler), Object(GuzzleHttp/Handler/EasyHandle), Object(GuzzleHttp/Handler/CurlFactory))
#2 C:/Users/DELL/growza/growza/vendor/guzzlehttp/guzzle/src/Handler/CurlHandler.php(88): GuzzleHttp/Handler/CurlFactory::finish(Object(GuzzleHttp/Handler/CurlHandler), Object(GuzzleHttp/Handler/EasyHandle), Object(GuzzleHttp/Handler/CurlFactory))
#3 C:/Users/DELL/growza/growza/vendor/guzzlehttp/guzzle/src/Handler/Proxy.php(28): GuzzleHttp/Handler/CurlHandler->__invoke(Object(GuzzleHttp/Psr7/Request), Array)
#4 C:/Users/DELL/growza/growza/vendor/guzzlehttp/guzzle/src/Handler/Proxy.php(68): GuzzleHttp/Handler/Proxy::{closure:GuzzleHttp/Handler/Proxy::wrapSync():27}(Object(GuzzleHttp/Psr7/Request), Array)
#5 C:/Users/DELL/growza/growza/vendor/guzzlehttp/guzzle/src/Handler/Proxy.php(48): GuzzleHttp/Handler/Proxy::{closure:GuzzleHttp/Handler/Proxy::wrapTlsFallback():63}(Object(GuzzleHttp/Psr7/Request), Array)
#6 C:/Users/DELL/growza/growza/vendor/laravel/framework/src/Illuminate/Http/Client/PendingRequest.php(1340): GuzzleHttp/Handler/Proxy::{closure:GuzzleHttp/Handler/Proxy::wrapStreaming():47}(Object(GuzzleHttp/Psr7/Request), Array)
#7 C:/Users/DELL/growza/growza/vendor/laravel/framework/src/Illuminate/Http/Client/PendingRequest.php(1306): Illuminate/Http/Client/PendingRequest->{closure:{closure:Illuminate/Http/Client/PendingRequest::buildStubHandler():1327}:1328}(Object(GuzzleHttp/Psr7/Request), Array)
#8 C:/Users/DELL/growza/growza/vendor/laravel/framework/src/Illuminate/Http/Client/PendingRequest.php(1292): Illuminate/Http/Client/PendingRequest->{closure:{closure:Illuminate/Http/Client/PendingRequest::buildRecorderHandler():1304}:1305}(Object(GuzzleHttp/Psr7/Request), Array)
#9 C:/Users/DELL/growza/growza/vendor/guzzlehttp/guzzle/src/PrepareBodyMiddleware.php(35): Illuminate/Http/Client/PendingRequest->{closure:{closure:Illuminate/Http/Client/PendingRequest::buildBeforeSendingHandler():1290}:1291}(Object(GuzzleHttp/Psr7/Request), Array)
#10 C:/Users/DELL/growza/growza/vendor/guzzlehttp/guzzle/src/Middleware.php(38): GuzzleHttp/PrepareBodyMiddleware->__invoke(Object(GuzzleHttp/Psr7/Request), Array)
#11 C:/Users/DELL/growza/growza/vendor/guzzlehttp/guzzle/src/RedirectMiddleware.php(72): GuzzleHttp/Middleware::{closure:{closure:GuzzleHttp/Middleware::cookies():28}:29}(Object(GuzzleHttp/Psr7/Request), Array)
#12 C:/Users/DELL/growza/growza/vendor/guzzlehttp/guzzle/src/Middleware.php(63): GuzzleHttp/RedirectMiddleware->__invoke(Object(GuzzleHttp/Psr7/Request), Array)
#13 C:/Users/DELL/growza/growza/vendor/guzzlehttp/guzzle/src/HandlerStack.php(75): GuzzleHttp/Middleware::{closure:{closure:GuzzleHttp/Middleware::httpErrors():60}:61}(Object(GuzzleHttp/Psr7/Request), Array)
#14 C:/Users/DELL/growza/growza/vendor/guzzlehttp/guzzle/src/Client.php(1109): GuzzleHttp/HandlerStack->__invoke(Object(GuzzleHttp/Psr7/Request), Array)
#15 C:/Users/DELL/growza/growza/vendor/guzzlehttp/guzzle/src/Client.php(243): GuzzleHttp/Client->transfer(Object(GuzzleHttp/Psr7/Request), Array)
#16 C:/Users/DELL/growza/growza/vendor/guzzlehttp/guzzle/src/Client.php(273): GuzzleHttp/Client->requestAsync('GET', Object(GuzzleHttp/Psr7/Uri), Array)
#17 C:/Users/DELL/growza/growza/vendor/laravel/framework/src/Illuminate/Http/Client/PendingRequest.php(1138): GuzzleHttp/Client->request('GET', 'https://api.pwn...', Array)
#18 C:/Users/DELL/growza/growza/vendor/laravel/framework/src/Illuminate/Http/Client/PendingRequest.php(907): Illuminate/Http/Client/PendingRequest->sendRequest('GET', 'https://api.pwn...', Array)
#19 C:/Users/DELL/growza/growza/vendor/laravel/framework/src/Illuminate/Support/helpers.php(338): Illuminate/Http/Client/PendingRequest->{closure:Illuminate/Http/Client/PendingRequest::send():905}(1)
#20 C:/Users/DELL/growza/growza/vendor/laravel/framework/src/Illuminate/Http/Client/PendingRequest.php(905): retry(0, Object(Closure), 100, Object(Closure))
#21 C:/Users/DELL/growza/growza/vendor/laravel/framework/src/Illuminate/Http/Client/PendingRequest.php(772): Illuminate/Http/Client/PendingRequest->send('GET', 'https://api.pwn...', Array)
#22 C:/Users/DELL/growza/growza/vendor/laravel/framework/src/Illuminate/Validation/NotPwnedVerifier.php(89): Illuminate/Http/Client/PendingRequest->get('https://api.pwn...')
#23 C:/Users/DELL/growza/growza/vendor/laravel/framework/src/Illuminate/Validation/NotPwnedVerifier.php(55): Illuminate/Validation/NotPwnedVerifier->search('E8E64')
#24 C:/Users/DELL/growza/growza/vendor/laravel/framework/src/Illuminate/Validation/Rules/Password.php(349): Illuminate/Validation/NotPwnedVerifier->verify(Array)
#25 C:/Users/DELL/growza/growza/vendor/laravel/framework/src/Illuminate/Validation/Validator.php(902): Illuminate/Validation/Rules/Password->passes('password', 'correct-horse-9...')
#26 C:/Users/DELL/growza/growza/vendor/laravel/framework/src/Illuminate/Validation/Validator.php(678): Illuminate/Validation/Validator->validateUsingCustomRule('password', 'correct-horse-9...', Object(Illuminate/Validation/Rules/Password))
#27 C:/Users/DELL/growza/growza/vendor/laravel/framework/src/Illuminate/Validation/Validator.php(481): Illuminate/Validation/Validator->validateAttribute('password', Object(Illuminate/Validation/Rules/Password))
#28 C:/Users/DELL/growza/growza/vendor/laravel/framework/src/Illuminate/Validation/Validator.php(516): Illuminate/Validation/Validator->passes()
#29 C:/Users/DELL/growza/growza/vendor/laravel/framework/src/Illuminate/Validation/Validator.php(558): Illuminate/Validation/Validator->fails()
#30 C:/Users/DELL/growza/growza/app/Domain/Auth/Actions/CreateNewUser.php(53): Illuminate/Validation/Validator->validate()
#31 C:/Users/DELL/growza/growza/vendor/laravel/fortify/src/Http/Controllers/RegisteredUserController.php(62): App/Domain/Auth/Actions/CreateNewUser->create(Array)
#32 C:/Users/DELL/growza/growza/vendor/laravel/framework/src/Illuminate/Routing/Controller.php(54): Laravel/Fortify/Http/Controllers/RegisteredUserController->store(Object(Illuminate/Http/Request), Object(App/Domain/Auth/Actions/CreateNewUser))
#33 C:/Users/DELL/growza/growza/vendor/laravel/framework/src/Illuminate/Routing/ControllerDispatcher.php(44): Illuminate/Routing/Controller->callAction('store', Array)
#34 C:/Users/DELL/growza/growza/vendor/laravel/framework/src/Illuminate/Routing/Route.php(266): Illuminate/Routing/ControllerDispatcher->dispatch(Object(Illuminate/Routing/Route), Object(Laravel/Fortify/Http/Controllers/RegisteredUserController), 'store')
#35 C:/Users/DELL/growza/growza/vendor/laravel/framework/src/Illuminate/Routing/Route.php(212): Illuminate/Routing/Route->runController()
#36 C:/Users/DELL/growza/growza/vendor/laravel/framework/src/Illuminate/Routing/Router.php(808): Illuminate/Routing/Route->run()
#37 C:/Users/DELL/growza/growza/vendor/laravel/framework/src/Illuminate/Pipeline/Pipeline.php(170): Illuminate/Routing/Router->{closure:Illuminate/Routing/Router::runRouteWithinStack():807}(Object(Illuminate/Http/Request))
#38 C:/Users/DELL/growza/growza/vendor/laravel/framework/src/Illuminate/Auth/Middleware/RedirectIfAuthenticated.php(35): Illuminate/Pipeline/Pipeline->{closure:Illuminate/Pipeline/Pipeline::prepareDestination():168}(Object(Illuminate/Http/Request))
#39 C:/Users/DELL/growza/growza/vendor/laravel/framework/src/Illuminate/Pipeline/Pipeline.php(209): Illuminate/Auth/Middleware/RedirectIfAuthenticated->handle(Object(Illuminate/Http/Request), Object(Closure), 'web')
#40 C:/Users/DELL/growza/growza/vendor/laravel/framework/src/Illuminate/Routing/Middleware/SubstituteBindings.php(51): Illuminate/Pipeline/Pipeline->{closure:{closure:Illuminate/Pipeline/Pipeline::carry():184}:185}(Object(Illuminate/Http/Request))
#41 C:/Users/DELL/growza/growza/vendor/laravel/framework/src/Illuminate/Pipeline/Pipeline.php(209): Illuminate/Routing/Middleware/SubstituteBindings->handle(Object(Illuminate/Http/Request), Object(Closure))
#42 C:/Users/DELL/growza/growza/vendor/laravel/framework/src/Illuminate/Foundation/Http/Middleware/VerifyCsrfToken.php(88): Illuminate/Pipeline/Pipeline->{closure:{closure:Illuminate/Pipeline/Pipeline::carry():184}:185}(Object(Illuminate/Http/Request))
#43 C:/Users/DELL/growza/growza/vendor/laravel/framework/src/Illuminate/Pipeline/Pipeline.php(209): Illuminate/Foundation/Http/Middleware/VerifyCsrfToken->handle(Object(Illuminate/Http/Request), Object(Closure))
#44 C:/Users/DELL/growza/growza/vendor/laravel/framework/src/Illuminate/View/Middleware/ShareErrorsFromSession.php(49): Illuminate/Pipeline/Pipeline->{closure:{closure:Illuminate/Pipeline/Pipeline::carry():184}:185}(Object(Illuminate/Http/Request))
#45 C:/Users/DELL/growza/growza/vendor/laravel/framework/src/Illuminate/Pipeline/Pipeline.php(209): Illuminate/View/Middleware/ShareErrorsFromSession->handle(Object(Illuminate/Http/Request), Object(Closure))
#46 C:/Users/DELL/growza/growza/vendor/laravel/framework/src/Illuminate/Session/Middleware/StartSession.php(121): Illuminate/Pipeline/Pipeline->{closure:{closure:Illuminate/Pipeline/Pipeline::carry():184}:185}(Object(Illuminate/Http/Request))
#47 C:/Users/DELL/growza/growza/vendor/laravel/framework/src/Illuminate/Session/Middleware/StartSession.php(64): Illuminate/Session/Middleware/StartSession->handleStatefulRequest(Object(Illuminate/Http/Request), Object(Illuminate/Session/Store), Object(Closure))
#48 C:/Users/DELL/growza/growza/vendor/laravel/framework/src/Illuminate/Pipeline/Pipeline.php(209): Illuminate/Session/Middleware/StartSession->handle(Object(Illuminate/Http/Request), Object(Closure))
#49 C:/Users/DELL/growza/growza/vendor/laravel/framework/src/Illuminate/Cookie/Middleware/AddQueuedCookiesToResponse.php(37): Illuminate/Pipeline/Pipeline->{closure:{closure:Illuminate/Pipeline/Pipeline::carry():184}:185}(Object(Illuminate/Http/Request))
#50 C:/Users/DELL/growza/growza/vendor/laravel/framework/src/Illuminate/Pipeline/Pipeline.php(209): Illuminate/Cookie/Middleware/AddQueuedCookiesToResponse->handle(Object(Illuminate/Http/Request), Object(Closure))
#51 C:/Users/DELL/growza/growza/vendor/laravel/framework/src/Illuminate/Cookie/Middleware/EncryptCookies.php(75): Illuminate/Pipeline/Pipeline->{closure:{closure:Illuminate/Pipeline/Pipeline::carry():184}:185}(Object(Illuminate/Http/Request))
#52 C:/Users/DELL/growza/growza/vendor/laravel/framework/src/Illuminate/Pipeline/Pipeline.php(209): Illuminate/Cookie/Middleware/EncryptCookies->handle(Object(Illuminate/Http/Request), Object(Closure))
#53 C:/Users/DELL/growza/growza/vendor/laravel/framework/src/Illuminate/Pipeline/Pipeline.php(127): Illuminate/Pipeline/Pipeline->{closure:{closure:Illuminate/Pipeline/Pipeline::carry():184}:185}(Object(Illuminate/Http/Request))
#54 C:/Users/DELL/growza/growza/vendor/laravel/framework/src/Illuminate/Routing/Router.php(807): Illuminate/Pipeline/Pipeline->then(Object(Closure))
#55 C:/Users/DELL/growza/growza/vendor/laravel/framework/src/Illuminate/Routing/Router.php(786): Illuminate/Routing/Router->runRouteWithinStack(Object(Illuminate/Routing/Route), Object(Illuminate/Http/Request))
#56 C:/Users/DELL/growza/growza/vendor/laravel/framework/src/Illuminate/Routing/Router.php(750): Illuminate/Routing/Router->runRoute(Object(Illuminate/Http/Request), Object(Illuminate/Routing/Route))
#57 C:/Users/DELL/growza/growza/vendor/laravel/framework/src/Illuminate/Routing/Router.php(739): Illuminate/Routing/Router->dispatchToRoute(Object(Illuminate/Http/Request))
#58 C:/Users/DELL/growza/growza/vendor/laravel/framework/src/Illuminate/Foundation/Http/Kernel.php(201): Illuminate/Routing/Router->dispatch(Object(Illuminate/Http/Request))
#59 C:/Users/DELL/growza/growza/vendor/laravel/framework/src/Illuminate/Pipeline/Pipeline.php(170): Illuminate/Foundation/Http/Kernel->{closure:Illuminate/Foundation/Http/Kernel::dispatchToRouter():198}(Object(Illuminate/Http/Request))
#60 C:/Users/DELL/growza/growza/vendor/livewire/livewire/src/Features/SupportDisablingBackButtonCache/DisableBackButtonCacheMiddleware.php(19): Illuminate/Pipeline/Pipeline->{closure:Illuminate/Pipeline/Pipeline::prepareDestination():168}(Object(Illuminate/Http/Request))
#61 C:/Users/DELL/growza/growza/vendor/laravel/framework/src/Illuminate/Pipeline/Pipeline.php(209): Livewire/Features/SupportDisablingBackButtonCache/DisableBackButtonCacheMiddleware->handle(Object(Illuminate/Http/Request), Object(Closure))
#62 C:/Users/DELL/growza/growza/vendor/laravel/framework/src/Illuminate/Foundation/Http/Middleware/TransformsRequest.php(21): Illuminate/Pipeline/Pipeline->{closure:{closure:Illuminate/Pipeline/Pipeline::carry():184}:185}(Object(Illuminate/Http/Request))
#63 C:/Users/DELL/growza/growza/vendor/laravel/framework/src/Illuminate/Foundation/Http/Middleware/ConvertEmptyStringsToNull.php(31): Illuminate/Foundation/Http/Middleware/TransformsRequest->handle(Object(Illuminate/Http/Request), Object(Closure))
#64 C:/Users/DELL/growza/growza/vendor/laravel/framework/src/Illuminate/Pipeline/Pipeline.php(209): Illuminate/Foundation/Http/Middleware/ConvertEmptyStringsToNull->handle(Object(Illuminate/Http/Request), Object(Closure))
#65 C:/Users/DELL/growza/growza/vendor/laravel/framework/src/Illuminate/Foundation/Http/Middleware/TransformsRequest.php(21): Illuminate/Pipeline/Pipeline->{closure:{closure:Illuminate/Pipeline/Pipeline::carry():184}:185}(Object(Illuminate/Http/Request))
#66 C:/Users/DELL/growza/growza/vendor/laravel/framework/src/Illuminate/Foundation/Http/Middleware/TrimStrings.php(51): Illuminate/Foundation/Http/Middleware/TransformsRequest->handle(Object(Illuminate/Http/Request), Object(Closure))
#67 C:/Users/DELL/growza/growza/vendor/laravel/framework/src/Illuminate/Pipeline/Pipeline.php(209): Illuminate/Foundation/Http/Middleware/TrimStrings->handle(Object(Illuminate/Http/Request), Object(Closure))
#68 C:/Users/DELL/growza/growza/vendor/laravel/framework/src/Illuminate/Http/Middleware/ValidatePostSize.php(27): Illuminate/Pipeline/Pipeline->{closure:{closure:Illuminate/Pipeline/Pipeline::carry():184}:185}(Object(Illuminate/Http/Request))
#69 C:/Users/DELL/growza/growza/vendor/laravel/framework/src/Illuminate/Pipeline/Pipeline.php(209): Illuminate/Http/Middleware/ValidatePostSize->handle(Object(Illuminate/Http/Request), Object(Closure))
#70 C:/Users/DELL/growza/growza/vendor/laravel/framework/src/Illuminate/Foundation/Http/Middleware/PreventRequestsDuringMaintenance.php(110): Illuminate/Pipeline/Pipeline->{closure:{closure:Illuminate/Pipeline/Pipeline::carry():184}:185}(Object(Illuminate/Http/Request))
#71 C:/Users/DELL/growza/growza/vendor/laravel/framework/src/Illuminate/Pipeline/Pipeline.php(209): Illuminate/Foundation/Http/Middleware/PreventRequestsDuringMaintenance->handle(Object(Illuminate/Http/Request), Object(Closure))
#72 C:/Users/DELL/growza/growza/vendor/laravel/framework/src/Illuminate/Http/Middleware/HandleCors.php(49): Illuminate/Pipeline/Pipeline->{closure:{closure:Illuminate/Pipeline/Pipeline::carry():184}:185}(Object(Illuminate/Http/Request))
#73 C:/Users/DELL/growza/growza/vendor/laravel/framework/src/Illuminate/Pipeline/Pipeline.php(209): Illuminate/Http/Middleware/HandleCors->handle(Object(Illuminate/Http/Request), Object(Closure))
#74 C:/Users/DELL/growza/growza/vendor/laravel/framework/src/Illuminate/Http/Middleware/TrustProxies.php(58): Illuminate/Pipeline/Pipeline->{closure:{closure:Illuminate/Pipeline/Pipeline::carry():184}:185}(Object(Illuminate/Http/Request))
#75 C:/Users/DELL/growza/growza/vendor/laravel/framework/src/Illuminate/Pipeline/Pipeline.php(209): Illuminate/Http/Middleware/TrustProxies->handle(Object(Illuminate/Http/Request), Object(Closure))
#76 C:/Users/DELL/growza/growza/vendor/laravel/framework/src/Illuminate/Foundation/Http/Middleware/InvokeDeferredCallbacks.php(22): Illuminate/Pipeline/Pipeline->{closure:{closure:Illuminate/Pipeline/Pipeline::carry():184}:185}(Object(Illuminate/Http/Request))
#77 C:/Users/DELL/growza/growza/vendor/laravel/framework/src/Illuminate/Pipeline/Pipeline.php(209): Illuminate/Foundation/Http/Middleware/InvokeDeferredCallbacks->handle(Object(Illuminate/Http/Request), Object(Closure))
#78 C:/Users/DELL/growza/growza/vendor/laravel/framework/src/Illuminate/Pipeline/Pipeline.php(127): Illuminate/Pipeline/Pipeline->{closure:{closure:Illuminate/Pipeline/Pipeline::carry():184}:185}(Object(Illuminate/Http/Request))
#79 C:/Users/DELL/growza/growza/vendor/laravel/framework/src/Illuminate/Foundation/Http/Kernel.php(176): Illuminate/Pipeline/Pipeline->then(Object(Closure))
#80 C:/Users/DELL/growza/growza/vendor/laravel/framework/src/Illuminate/Foundation/Http/Kernel.php(145): Illuminate/Foundation/Http/Kernel->sendRequestThroughRouter(Object(Illuminate/Http/Request))
#81 C:/Users/DELL/growza/growza/vendor/laravel/framework/src/Illuminate/Foundation/Testing/Concerns/MakesHttpRequests.php(607): Illuminate/Foundation/Http/Kernel->handle(Object(Illuminate/Http/Request))
#82 C:/Users/DELL/growza/growza/vendor/laravel/framework/src/Illuminate/Foundation/Testing/Concerns/MakesHttpRequests.php(397): Illuminate/Foundation/Testing/TestCase->call('POST', 'http://localhos...', Array, Array, Array, Array)
#83 [internal function]: Illuminate/Foundation/Testing/TestCase->post('http://localhos...', Array)
#84 C:/Users/DELL/growza/growza/vendor/pestphp/pest/src/Support/Reflection.php(38): ReflectionMethod->invoke(Object(P/Tests/Feature/AuthenticationTest), 'http://localhos...', Array)
#85 C:/Users/DELL/growza/growza/vendor/pestphp/pest/src/Support/HigherOrderMessage.php(59): Pest/Support/Reflection::call(Object(P/Tests/Feature/AuthenticationTest), 'post', Array)
#86 C:/Users/DELL/growza/growza/vendor/pestphp/pest/src/Support/HigherOrderTapProxy.php(66): Pest/Support/HigherOrderMessage->call(Object(P/Tests/Feature/AuthenticationTest))
#87 C:/Users/DELL/growza/growza/vendor/pestphp/pest-plugin-laravel/src/Http.php(209): Pest/Support/HigherOrderTapProxy->__call('post', Array)
#88 C:/Users/DELL/growza/growza/tests/Feature/AuthenticationTest.php(89): Pest/Laravel/post('http://localhos...', Array)
#89 C:/Users/DELL/growza/growza/vendor/pestphp/pest/src/Factories/TestCaseMethodFactory.php(110): P/Tests/Feature/AuthenticationTest->{closure:C:/Users/DELL/growza/growza/tests/Feature/AuthenticationTest.php:86}()
#90 [internal function]: P/Tests/Feature/AuthenticationTest->{closure:Pest/Factories/TestCaseMethodFactory::getClosure():102}()
#91 C:/Users/DELL/growza/growza/vendor/pestphp/pest/src/Concerns/Testable.php(339): call_user_func_array(Object(Closure), Array)
#92 C:/Users/DELL/growza/growza/vendor/pestphp/pest/src/Support/ExceptionTrace.php(26): P/Tests/Feature/AuthenticationTest->{closure:Pest/Concerns/Testable::__callClosure():339}()
#93 C:/Users/DELL/growza/growza/vendor/pestphp/pest/src/Concerns/Testable.php(339): Pest/Support/ExceptionTrace::ensure(Object(Closure))
#94 C:/Users/DELL/growza/growza/vendor/pestphp/pest/src/Concerns/Testable.php(256): P/Tests/Feature/AuthenticationTest->__callClosure(Object(Closure), Array)
#95 C:/Users/DELL/growza/growza/vendor/pestphp/pest/src/Factories/TestCaseFactory.php(197) : eval()'d code(101): P/Tests/Feature/AuthenticationTest->__runTest(Object(Closure))
#96 C:/Users/DELL/growza/growza/vendor/phpunit/phpunit/src/Framework/TestCase.php(1548): P/Tests/Feature/AuthenticationTest->__pest_evaluable_it_rejects_a_duplicate_email_and_a_duplicate_phone()
#97 C:/Users/DELL/growza/growza/vendor/phpunit/phpunit/src/Framework/TestCase.php(686): PHPUnit/Framework/TestCase->runTest()
#98 C:/Users/DELL/growza/growza/vendor/phpunit/phpunit/src/Framework/TestRunner.php(106): PHPUnit/Framework/TestCase->runBare()
#99 C:/Users/DELL/growza/growza/vendor/phpunit/phpunit/src/Framework/TestCase.php(516): PHPUnit/Framework/TestRunner->run(Object(P/Tests/Feature/AuthenticationTest))
#100 C:/Users/DELL/growza/growza/vendor/phpunit/phpunit/src/Framework/TestSuite.php(374): PHPUnit/Framework/TestCase->run()
#101 C:/Users/DELL/growza/growza/vendor/phpunit/phpunit/src/Framework/TestSuite.php(374): PHPUnit/Framework/TestSuite->run()
#102 C:/Users/DELL/growza/growza/vendor/phpunit/phpunit/src/Framework/TestSuite.php(374): PHPUnit/Framework/TestSuite->run()
#103 C:/Users/DELL/growza/growza/vendor/phpunit/phpunit/src/TextUI/TestRunner.php(64): PHPUnit/Framework/TestSuite->run()
#104 C:/Users/DELL/growza/growza/vendor/phpunit/phpunit/src/TextUI/Application.php(204): PHPUnit/TextUI/TestRunner->run(Object(PHPUnit/TextUI/Configuration/Configuration), Object(PHPUnit/Runner/ResultCache/DefaultResultCache), Object(PHPUnit/Framework/TestSuite))
#105 C:/Users/DELL/growza/growza/vendor/pestphp/pest/src/Kernel.php(103): PHPUnit/TextUI/Application->run(Array)
#106 C:/Users/DELL/growza/growza/vendor/pestphp/pest/bin/pest(91): Pest/Kernel->handle(Array, Array)
#107 C:/Users/DELL/growza/growza/vendor/pestphp/pest/bin/pest(99): {closure:C:/Users/DELL/growza/growza/vendor/pestphp/pest/bin/pest:12}()
#108 {main}
"} 
[2026-09-21 06:23:34] testing.ERROR: cURL error 60: SSL certificate problem: unable to get local issuer certificate (see https://curl.se/libcurl/c/libcurl-errors.html) for https://api.pwnedpasswords.com/range/E8E64 {"exception":"[object] (GuzzleHttp\\Exception\\RequestException(code: 0): cURL error 60: SSL certificate problem: unable to get local issuer certificate (see https://curl.se/libcurl/c/libcurl-errors.html) for https://api.pwnedpasswords.com/range/E8E64 at C:/Users/DELL/growza/growza/vendor/guzzlehttp/guzzle/src/Handler/CurlFactory.php:1141)
[stacktrace]
#0 C:/Users/DELL/growza/growza/vendor/guzzlehttp/guzzle/src/Handler/CurlFactory.php(1077): GuzzleHttp/Handler/CurlFactory::createRejection(Object(GuzzleHttp/Handler/EasyHandle), Array)
#1 C:/Users/DELL/growza/growza/vendor/guzzlehttp/guzzle/src/Handler/CurlFactory.php(1014): GuzzleHttp/Handler/CurlFactory::finishError(Object(GuzzleHttp/Handler/CurlHandler), Object(GuzzleHttp/Handler/EasyHandle), Object(GuzzleHttp/Handler/CurlFactory))
#2 C:/Users/DELL/growza/growza/vendor/guzzlehttp/guzzle/src/Handler/CurlHandler.php(88): GuzzleHttp/Handler/CurlFactory::finish(Object(GuzzleHttp/Handler/CurlHandler), Object(GuzzleHttp/Handler/EasyHandle), Object(GuzzleHttp/Handler/CurlFactory))
#3 C:/Users/DELL/growza/growza/vendor/guzzlehttp/guzzle/src/Handler/Proxy.php(28): GuzzleHttp/Handler/CurlHandler->__invoke(Object(GuzzleHttp/Psr7/Request), Array)
#4 C:/Users/DELL/growza/growza/vendor/guzzlehttp/guzzle/src/Handler/Proxy.php(68): GuzzleHttp/Handler/Proxy::{closure:GuzzleHttp/Handler/Proxy::wrapSync():27}(Object(GuzzleHttp/Psr7/Request), Array)
#5 C:/Users/DELL/growza/growza/vendor/guzzlehttp/guzzle/src/Handler/Proxy.php(48): GuzzleHttp/Handler/Proxy::{closure:GuzzleHttp/Handler/Proxy::wrapTlsFallback():63}(Object(GuzzleHttp/Psr7/Request), Array)
#6 C:/Users/DELL/growza/growza/vendor/laravel/framework/src/Illuminate/Http/Client/PendingRequest.php(1340): GuzzleHttp/Handler/Proxy::{closure:GuzzleHttp/Handler/Proxy::wrapStreaming():47}(Object(GuzzleHttp/Psr7/Request), Array)
#7 C:/Users/DELL/growza/growza/vendor/laravel/framework/src/Illuminate/Http/Client/PendingRequest.php(1306): Illuminate/Http/Client/PendingRequest->{closure:{closure:Illuminate/Http/Client/PendingRequest::buildStubHandler():1327}:1328}(Object(GuzzleHttp/Psr7/Request), Array)
#8 C:/Users/DELL/growza/growza/vendor/laravel/framework/src/Illuminate/Http/Client/PendingRequest.php(1292): Illuminate/Http/Client/PendingRequest->{closure:{closure:Illuminate/Http/Client/PendingRequest::buildRecorderHandler():1304}:1305}(Object(GuzzleHttp/Psr7/Request), Array)
#9 C:/Users/DELL/growza/growza/vendor/guzzlehttp/guzzle/src/PrepareBodyMiddleware.php(35): Illuminate/Http/Client/PendingRequest->{closure:{closure:Illuminate/Http/Client/PendingRequest::buildBeforeSendingHandler():1290}:1291}(Object(GuzzleHttp/Psr7/Request), Array)
#10 C:/Users/DELL/growza/growza/vendor/guzzlehttp/guzzle/src/Middleware.php(38): GuzzleHttp/PrepareBodyMiddleware->__invoke(Object(GuzzleHttp/Psr7/Request), Array)
#11 C:/Users/DELL/growza/growza/vendor/guzzlehttp/guzzle/src/RedirectMiddleware.php(72): GuzzleHttp/Middleware::{closure:{closure:GuzzleHttp/Middleware::cookies():28}:29}(Object(GuzzleHttp/Psr7/Request), Array)
#12 C:/Users/DELL/growza/growza/vendor/guzzlehttp/guzzle/src/Middleware.php(63): GuzzleHttp/RedirectMiddleware->__invoke(Object(GuzzleHttp/Psr7/Request), Array)
#13 C:/Users/DELL/growza/growza/vendor/guzzlehttp/guzzle/src/HandlerStack.php(75): GuzzleHttp/Middleware::{closure:{closure:GuzzleHttp/Middleware::httpErrors():60}:61}(Object(GuzzleHttp/Psr7/Request), Array)
#14 C:/Users/DELL/growza/growza/vendor/guzzlehttp/guzzle/src/Client.php(1109): GuzzleHttp/HandlerStack->__invoke(Object(GuzzleHttp/Psr7/Request), Array)
#15 C:/Users/DELL/growza/growza/vendor/guzzlehttp/guzzle/src/Client.php(243): GuzzleHttp/Client->transfer(Object(GuzzleHttp/Psr7/Request), Array)
#16 C:/Users/DELL/growza/growza/vendor/guzzlehttp/guzzle/src/Client.php(273): GuzzleHttp/Client->requestAsync('GET', Object(GuzzleHttp/Psr7/Uri), Array)
#17 C:/Users/DELL/growza/growza/vendor/laravel/framework/src/Illuminate/Http/Client/PendingRequest.php(1138): GuzzleHttp/Client->request('GET', 'https://api.pwn...', Array)
#18 C:/Users/DELL/growza/growza/vendor/laravel/framework/src/Illuminate/Http/Client/PendingRequest.php(907): Illuminate/Http/Client/PendingRequest->sendRequest('GET', 'https://api.pwn...', Array)
#19 C:/Users/DELL/growza/growza/vendor/laravel/framework/src/Illuminate/Support/helpers.php(338): Illuminate/Http/Client/PendingRequest->{closure:Illuminate/Http/Client/PendingRequest::send():905}(1)
#20 C:/Users/DELL/growza/growza/vendor/laravel/framework/src/Illuminate/Http/Client/PendingRequest.php(905): retry(0, Object(Closure), 100, Object(Closure))
#21 C:/Users/DELL/growza/growza/vendor/laravel/framework/src/Illuminate/Http/Client/PendingRequest.php(772): Illuminate/Http/Client/PendingRequest->send('GET', 'https://api.pwn...', Array)
#22 C:/Users/DELL/growza/growza/vendor/laravel/framework/src/Illuminate/Validation/NotPwnedVerifier.php(89): Illuminate/Http/Client/PendingRequest->get('https://api.pwn...')
#23 C:/Users/DELL/growza/growza/vendor/laravel/framework/src/Illuminate/Validation/NotPwnedVerifier.php(55): Illuminate/Validation/NotPwnedVerifier->search('E8E64')
#24 C:/Users/DELL/growza/growza/vendor/laravel/framework/src/Illuminate/Validation/Rules/Password.php(349): Illuminate/Validation/NotPwnedVerifier->verify(Array)
#25 C:/Users/DELL/growza/growza/vendor/laravel/framework/src/Illuminate/Validation/Validator.php(902): Illuminate/Validation/Rules/Password->passes('password', 'correct-horse-9...')
#26 C:/Users/DELL/growza/growza/vendor/laravel/framework/src/Illuminate/Validation/Validator.php(678): Illuminate/Validation/Validator->validateUsingCustomRule('password', 'correct-horse-9...', Object(Illuminate/Validation/Rules/Password))
#27 C:/Users/DELL/growza/growza/vendor/laravel/framework/src/Illuminate/Validation/Validator.php(481): Illuminate/Validation/Validator->validateAttribute('password', Object(Illuminate/Validation/Rules/Password))
#28 C:/Users/DELL/growza/growza/vendor/laravel/framework/src/Illuminate/Validation/Validator.php(516): Illuminate/Validation/Validator->passes()
#29 C:/Users/DELL/growza/growza/vendor/laravel/framework/src/Illuminate/Validation/Validator.php(558): Illuminate/Validation/Validator->fails()
#30 C:/Users/DELL/growza/growza/app/Domain/Auth/Actions/CreateNewUser.php(53): Illuminate/Validation/Validator->validate()
#31 C:/Users/DELL/growza/growza/vendor/laravel/fortify/src/Http/Controllers/RegisteredUserController.php(62): App/Domain/Auth/Actions/CreateNewUser->create(Array)
#32 C:/Users/DELL/growza/growza/vendor/laravel/framework/src/Illuminate/Routing/Controller.php(54): Laravel/Fortify/Http/Controllers/RegisteredUserController->store(Object(Illuminate/Http/Request), Object(App/Domain/Auth/Actions/CreateNewUser))
#33 C:/Users/DELL/growza/growza/vendor/laravel/framework/src/Illuminate/Routing/ControllerDispatcher.php(44): Illuminate/Routing/Controller->callAction('store', Array)
#34 C:/Users/DELL/growza/growza/vendor/laravel/framework/src/Illuminate/Routing/Route.php(266): Illuminate/Routing/ControllerDispatcher->dispatch(Object(Illuminate/Routing/Route), Object(Laravel/Fortify/Http/Controllers/RegisteredUserController), 'store')
#35 C:/Users/DELL/growza/growza/vendor/laravel/framework/src/Illuminate/Routing/Route.php(212): Illuminate/Routing/Route->runController()
#36 C:/Users/DELL/growza/growza/vendor/laravel/framework/src/Illuminate/Routing/Router.php(808): Illuminate/Routing/Route->run()
#37 C:/Users/DELL/growza/growza/vendor/laravel/framework/src/Illuminate/Pipeline/Pipeline.php(170): Illuminate/Routing/Router->{closure:Illuminate/Routing/Router::runRouteWithinStack():807}(Object(Illuminate/Http/Request))
#38 C:/Users/DELL/growza/growza/vendor/laravel/framework/src/Illuminate/Auth/Middleware/RedirectIfAuthenticated.php(35): Illuminate/Pipeline/Pipeline->{closure:Illuminate/Pipeline/Pipeline::prepareDestination():168}(Object(Illuminate/Http/Request))
#39 C:/Users/DELL/growza/growza/vendor/laravel/framework/src/Illuminate/Pipeline/Pipeline.php(209): Illuminate/Auth/Middleware/RedirectIfAuthenticated->handle(Object(Illuminate/Http/Request), Object(Closure), 'web')
#40 C:/Users/DELL/growza/growza/vendor/laravel/framework/src/Illuminate/Routing/Middleware/SubstituteBindings.php(51): Illuminate/Pipeline/Pipeline->{closure:{closure:Illuminate/Pipeline/Pipeline::carry():184}:185}(Object(Illuminate/Http/Request))
#41 C:/Users/DELL/growza/growza/vendor/laravel/framework/src/Illuminate/Pipeline/Pipeline.php(209): Illuminate/Routing/Middleware/SubstituteBindings->handle(Object(Illuminate/Http/Request), Object(Closure))
#42 C:/Users/DELL/growza/growza/vendor/laravel/framework/src/Illuminate/Foundation/Http/Middleware/VerifyCsrfToken.php(88): Illuminate/Pipeline/Pipeline->{closure:{closure:Illuminate/Pipeline/Pipeline::carry():184}:185}(Object(Illuminate/Http/Request))
#43 C:/Users/DELL/growza/growza/vendor/laravel/framework/src/Illuminate/Pipeline/Pipeline.php(209): Illuminate/Foundation/Http/Middleware/VerifyCsrfToken->handle(Object(Illuminate/Http/Request), Object(Closure))
#44 C:/Users/DELL/growza/growza/vendor/laravel/framework/src/Illuminate/View/Middleware/ShareErrorsFromSession.php(49): Illuminate/Pipeline/Pipeline->{closure:{closure:Illuminate/Pipeline/Pipeline::carry():184}:185}(Object(Illuminate/Http/Request))
#45 C:/Users/DELL/growza/growza/vendor/laravel/framework/src/Illuminate/Pipeline/Pipeline.php(209): Illuminate/View/Middleware/ShareErrorsFromSession->handle(Object(Illuminate/Http/Request), Object(Closure))
#46 C:/Users/DELL/growza/growza/vendor/laravel/framework/src/Illuminate/Session/Middleware/StartSession.php(121): Illuminate/Pipeline/Pipeline->{closure:{closure:Illuminate/Pipeline/Pipeline::carry():184}:185}(Object(Illuminate/Http/Request))
#47 C:/Users/DELL/growza/growza/vendor/laravel/framework/src/Illuminate/Session/Middleware/StartSession.php(64): Illuminate/Session/Middleware/StartSession->handleStatefulRequest(Object(Illuminate/Http/Request), Object(Illuminate/Session/Store), Object(Closure))
#48 C:/Users/DELL/growza/growza/vendor/laravel/framework/src/Illuminate/Pipeline/Pipeline.php(209): Illuminate/Session/Middleware/StartSession->handle(Object(Illuminate/Http/Request), Object(Closure))
#49 C:/Users/DELL/growza/growza/vendor/laravel/framework/src/Illuminate/Cookie/Middleware/AddQueuedCookiesToResponse.php(37): Illuminate/Pipeline/Pipeline->{closure:{closure:Illuminate/Pipeline/Pipeline::carry():184}:185}(Object(Illuminate/Http/Request))
#50 C:/Users/DELL/growza/growza/vendor/laravel/framework/src/Illuminate/Pipeline/Pipeline.php(209): Illuminate/Cookie/Middleware/AddQueuedCookiesToResponse->handle(Object(Illuminate/Http/Request), Object(Closure))
#51 C:/Users/DELL/growza/growza/vendor/laravel/framework/src/Illuminate/Cookie/Middleware/EncryptCookies.php(75): Illuminate/Pipeline/Pipeline->{closure:{closure:Illuminate/Pipeline/Pipeline::carry():184}:185}(Object(Illuminate/Http/Request))
#52 C:/Users/DELL/growza/growza/vendor/laravel/framework/src/Illuminate/Pipeline/Pipeline.php(209): Illuminate/Cookie/Middleware/EncryptCookies->handle(Object(Illuminate/Http/Request), Object(Closure))
#53 C:/Users/DELL/growza/growza/vendor/laravel/framework/src/Illuminate/Pipeline/Pipeline.php(127): Illuminate/Pipeline/Pipeline->{closure:{closure:Illuminate/Pipeline/Pipeline::carry():184}:185}(Object(Illuminate/Http/Request))
#54 C:/Users/DELL/growza/growza/vendor/laravel/framework/src/Illuminate/Routing/Router.php(807): Illuminate/Pipeline/Pipeline->then(Object(Closure))
#55 C:/Users/DELL/growza/growza/vendor/laravel/framework/src/Illuminate/Routing/Router.php(786): Illuminate/Routing/Router->runRouteWithinStack(Object(Illuminate/Routing/Route), Object(Illuminate/Http/Request))
#56 C:/Users/DELL/growza/growza/vendor/laravel/framework/src/Illuminate/Routing/Router.php(750): Illuminate/Routing/Router->runRoute(Object(Illuminate/Http/Request), Object(Illuminate/Routing/Route))
#57 C:/Users/DELL/growza/growza/vendor/laravel/framework/src/Illuminate/Routing/Router.php(739): Illuminate/Routing/Router->dispatchToRoute(Object(Illuminate/Http/Request))
#58 C:/Users/DELL/growza/growza/vendor/laravel/framework/src/Illuminate/Foundation/Http/Kernel.php(201): Illuminate/Routing/Router->dispatch(Object(Illuminate/Http/Request))
#59 C:/Users/DELL/growza/growza/vendor/laravel/framework/src/Illuminate/Pipeline/Pipeline.php(170): Illuminate/Foundation/Http/Kernel->{closure:Illuminate/Foundation/Http/Kernel::dispatchToRouter():198}(Object(Illuminate/Http/Request))
#60 C:/Users/DELL/growza/growza/vendor/livewire/livewire/src/Features/SupportDisablingBackButtonCache/DisableBackButtonCacheMiddleware.php(19): Illuminate/Pipeline/Pipeline->{closure:Illuminate/Pipeline/Pipeline::prepareDestination():168}(Object(Illuminate/Http/Request))
#61 C:/Users/DELL/growza/growza/vendor/laravel/framework/src/Illuminate/Pipeline/Pipeline.php(209): Livewire/Features/SupportDisablingBackButtonCache/DisableBackButtonCacheMiddleware->handle(Object(Illuminate/Http/Request), Object(Closure))
#62 C:/Users/DELL/growza/growza/vendor/laravel/framework/src/Illuminate/Foundation/Http/Middleware/TransformsRequest.php(21): Illuminate/Pipeline/Pipeline->{closure:{closure:Illuminate/Pipeline/Pipeline::carry():184}:185}(Object(Illuminate/Http/Request))
#63 C:/Users/DELL/growza/growza/vendor/laravel/framework/src/Illuminate/Foundation/Http/Middleware/ConvertEmptyStringsToNull.php(31): Illuminate/Foundation/Http/Middleware/TransformsRequest->handle(Object(Illuminate/Http/Request), Object(Closure))
#64 C:/Users/DELL/growza/growza/vendor/laravel/framework/src/Illuminate/Pipeline/Pipeline.php(209): Illuminate/Foundation/Http/Middleware/ConvertEmptyStringsToNull->handle(Object(Illuminate/Http/Request), Object(Closure))
#65 C:/Users/DELL/growza/growza/vendor/laravel/framework/src/Illuminate/Foundation/Http/Middleware/TransformsRequest.php(21): Illuminate/Pipeline/Pipeline->{closure:{closure:Illuminate/Pipeline/Pipeline::carry():184}:185}(Object(Illuminate/Http/Request))
#66 C:/Users/DELL/growza/growza/vendor/laravel/framework/src/Illuminate/Foundation/Http/Middleware/TrimStrings.php(51): Illuminate/Foundation/Http/Middleware/TransformsRequest->handle(Object(Illuminate/Http/Request), Object(Closure))
#67 C:/Users/DELL/growza/growza/vendor/laravel/framework/src/Illuminate/Pipeline/Pipeline.php(209): Illuminate/Foundation/Http/Middleware/TrimStrings->handle(Object(Illuminate/Http/Request), Object(Closure))
#68 C:/Users/DELL/growza/growza/vendor/laravel/framework/src/Illuminate/Http/Middleware/ValidatePostSize.php(27): Illuminate/Pipeline/Pipeline->{closure:{closure:Illuminate/Pipeline/Pipeline::carry():184}:185}(Object(Illuminate/Http/Request))
#69 C:/Users/DELL/growza/growza/vendor/laravel/framework/src/Illuminate/Pipeline/Pipeline.php(209): Illuminate/Http/Middleware/ValidatePostSize->handle(Object(Illuminate/Http/Request), Object(Closure))
#70 C:/Users/DELL/growza/growza/vendor/laravel/framework/src/Illuminate/Foundation/Http/Middleware/PreventRequestsDuringMaintenance.php(110): Illuminate/Pipeline/Pipeline->{closure:{closure:Illuminate/Pipeline/Pipeline::carry():184}:185}(Object(Illuminate/Http/Request))
#71 C:/Users/DELL/growza/growza/vendor/laravel/framework/src/Illuminate/Pipeline/Pipeline.php(209): Illuminate/Foundation/Http/Middleware/PreventRequestsDuringMaintenance->handle(Object(Illuminate/Http/Request), Object(Closure))
#72 C:/Users/DELL/growza/growza/vendor/laravel/framework/src/Illuminate/Http/Middleware/HandleCors.php(49): Illuminate/Pipeline/Pipeline->{closure:{closure:Illuminate/Pipeline/Pipeline::carry():184}:185}(Object(Illuminate/Http/Request))
#73 C:/Users/DELL/growza/growza/vendor/laravel/framework/src/Illuminate/Pipeline/Pipeline.php(209): Illuminate/Http/Middleware/HandleCors->handle(Object(Illuminate/Http/Request), Object(Closure))
#74 C:/Users/DELL/growza/growza/vendor/laravel/framework/src/Illuminate/Http/Middleware/TrustProxies.php(58): Illuminate/Pipeline/Pipeline->{closure:{closure:Illuminate/Pipeline/Pipeline::carry():184}:185}(Object(Illuminate/Http/Request))
#75 C:/Users/DELL/growza/growza/vendor/laravel/framework/src/Illuminate/Pipeline/Pipeline.php(209): Illuminate/Http/Middleware/TrustProxies->handle(Object(Illuminate/Http/Request), Object(Closure))
#76 C:/Users/DELL/growza/growza/vendor/laravel/framework/src/Illuminate/Foundation/Http/Middleware/InvokeDeferredCallbacks.php(22): Illuminate/Pipeline/Pipeline->{closure:{closure:Illuminate/Pipeline/Pipeline::carry():184}:185}(Object(Illuminate/Http/Request))
#77 C:/Users/DELL/growza/growza/vendor/laravel/framework/src/Illuminate/Pipeline/Pipeline.php(209): Illuminate/Foundation/Http/Middleware/InvokeDeferredCallbacks->handle(Object(Illuminate/Http/Request), Object(Closure))
#78 C:/Users/DELL/growza/growza/vendor/laravel/framework/src/Illuminate/Pipeline/Pipeline.php(127): Illuminate/Pipeline/Pipeline->{closure:{closure:Illuminate/Pipeline/Pipeline::carry():184}:185}(Object(Illuminate/Http/Request))
#79 C:/Users/DELL/growza/growza/vendor/laravel/framework/src/Illuminate/Foundation/Http/Kernel.php(176): Illuminate/Pipeline/Pipeline->then(Object(Closure))
#80 C:/Users/DELL/growza/growza/vendor/laravel/framework/src/Illuminate/Foundation/Http/Kernel.php(145): Illuminate/Foundation/Http/Kernel->sendRequestThroughRouter(Object(Illuminate/Http/Request))
#81 C:/Users/DELL/growza/growza/vendor/laravel/framework/src/Illuminate/Foundation/Testing/Concerns/MakesHttpRequests.php(607): Illuminate/Foundation/Http/Kernel->handle(Object(Illuminate/Http/Request))
#82 C:/Users/DELL/growza/growza/vendor/laravel/framework/src/Illuminate/Foundation/Testing/Concerns/MakesHttpRequests.php(397): Illuminate/Foundation/Testing/TestCase->call('POST', 'http://localhos...', Array, Array, Array, Array)
#83 [internal function]: Illuminate/Foundation/Testing/TestCase->post('http://localhos...', Array)
#84 C:/Users/DELL/growza/growza/vendor/pestphp/pest/src/Support/Reflection.php(38): ReflectionMethod->invoke(Object(P/Tests/Feature/AuthenticationTest), 'http://localhos...', Array)
#85 C:/Users/DELL/growza/growza/vendor/pestphp/pest/src/Support/HigherOrderMessage.php(59): Pest/Support/Reflection::call(Object(P/Tests/Feature/AuthenticationTest), 'post', Array)
#86 C:/Users/DELL/growza/growza/vendor/pestphp/pest/src/Support/HigherOrderTapProxy.php(66): Pest/Support/HigherOrderMessage->call(Object(P/Tests/Feature/AuthenticationTest))
#87 C:/Users/DELL/growza/growza/vendor/pestphp/pest-plugin-laravel/src/Http.php(209): Pest/Support/HigherOrderTapProxy->__call('post', Array)
#88 C:/Users/DELL/growza/growza/tests/Feature/AuthenticationTest.php(98): Pest/Laravel/post('http://localhos...', Array)
#89 C:/Users/DELL/growza/growza/vendor/pestphp/pest/src/Factories/TestCaseMethodFactory.php(110): P/Tests/Feature/AuthenticationTest->{closure:C:/Users/DELL/growza/growza/tests/Feature/AuthenticationTest.php:86}()
#90 [internal function]: P/Tests/Feature/AuthenticationTest->{closure:Pest/Factories/TestCaseMethodFactory::getClosure():102}()
#91 C:/Users/DELL/growza/growza/vendor/pestphp/pest/src/Concerns/Testable.php(339): call_user_func_array(Object(Closure), Array)
#92 C:/Users/DELL/growza/growza/vendor/pestphp/pest/src/Support/ExceptionTrace.php(26): P/Tests/Feature/AuthenticationTest->{closure:Pest/Concerns/Testable::__callClosure():339}()
#93 C:/Users/DELL/growza/growza/vendor/pestphp/pest/src/Concerns/Testable.php(339): Pest/Support/ExceptionTrace::ensure(Object(Closure))
#94 C:/Users/DELL/growza/growza/vendor/pestphp/pest/src/Concerns/Testable.php(256): P/Tests/Feature/AuthenticationTest->__callClosure(Object(Closure), Array)
#95 C:/Users/DELL/growza/growza/vendor/pestphp/pest/src/Factories/TestCaseFactory.php(197) : eval()'d code(101): P/Tests/Feature/AuthenticationTest->__runTest(Object(Closure))
#96 C:/Users/DELL/growza/growza/vendor/phpunit/phpunit/src/Framework/TestCase.php(1548): P/Tests/Feature/AuthenticationTest->__pest_evaluable_it_rejects_a_duplicate_email_and_a_duplicate_phone()
#97 C:/Users/DELL/growza/growza/vendor/phpunit/phpunit/src/Framework/TestCase.php(686): PHPUnit/Framework/TestCase->runTest()
#98 C:/Users/DELL/growza/growza/vendor/phpunit/phpunit/src/Framework/TestRunner.php(106): PHPUnit/Framework/TestCase->runBare()
#99 C:/Users/DELL/growza/growza/vendor/phpunit/phpunit/src/Framework/TestCase.php(516): PHPUnit/Framework/TestRunner->run(Object(P/Tests/Feature/AuthenticationTest))
#100 C:/Users/DELL/growza/growza/vendor/phpunit/phpunit/src/Framework/TestSuite.php(374): PHPUnit/Framework/TestCase->run()
#101 C:/Users/DELL/growza/growza/vendor/phpunit/phpunit/src/Framework/TestSuite.php(374): PHPUnit/Framework/TestSuite->run()
#102 C:/Users/DELL/growza/growza/vendor/phpunit/phpunit/src/Framework/TestSuite.php(374): PHPUnit/Framework/TestSuite->run()
#103 C:/Users/DELL/growza/growza/vendor/phpunit/phpunit/src/TextUI/TestRunner.php(64): PHPUnit/Framework/TestSuite->run()
#104 C:/Users/DELL/growza/growza/vendor/phpunit/phpunit/src/TextUI/Application.php(204): PHPUnit/TextUI/TestRunner->run(Object(PHPUnit/TextUI/Configuration/Configuration), Object(PHPUnit/Runner/ResultCache/DefaultResultCache), Object(PHPUnit/Framework/TestSuite))
#105 C:/Users/DELL/growza/growza/vendor/pestphp/pest/src/Kernel.php(103): PHPUnit/TextUI/Application->run(Array)
#106 C:/Users/DELL/growza/growza/vendor/pestphp/pest/bin/pest(91): Pest/Kernel->handle(Array, Array)
#107 C:/Users/DELL/growza/growza/vendor/pestphp/pest/bin/pest(99): {closure:C:/Users/DELL/growza/growza/vendor/pestphp/pest/bin/pest:12}()
#108 {main}
"} 
[2026-09-21 06:23:36] testing.INFO: Contact enquiry received {"contact_message_id":1,"subject":"campaign"} 
[2026-09-21 06:23:37] testing.INFO: Contact enquiry received {"contact_message_id":1,"subject":"campaign"} 
[2026-09-21 06:23:37] testing.INFO: Contact enquiry received {"contact_message_id":1,"subject":"campaign"} 
[2026-09-21 06:23:38] testing.INFO: Contact enquiry received {"contact_message_id":1,"subject":"campaign"} 
[2026-09-21 06:23:38] testing.INFO: Contact enquiry received {"contact_message_id":2,"subject":"campaign"} 
[2026-09-21 06:23:38] testing.INFO: Contact enquiry received {"contact_message_id":3,"subject":"campaign"} 
[2026-09-21 06:23:38] testing.INFO: Contact enquiry received {"contact_message_id":4,"subject":"campaign"} 
[2026-09-21 06:23:38] testing.INFO: Contact enquiry received {"contact_message_id":5,"subject":"campaign"} 
[2026-09-21 06:23:45] testing.ERROR: cURL error 60: SSL certificate problem: unable to get local issuer certificate (see https://curl.se/libcurl/c/libcurl-errors.html) for https://api.pwnedpasswords.com/range/E8E64 {"exception":"[object] (GuzzleHttp\\Exception\\RequestException(code: 0): cURL error 60: SSL certificate problem: unable to get local issuer certificate (see https://curl.se/libcurl/c/libcurl-errors.html) for https://api.pwnedpasswords.com/range/E8E64 at C:/Users/DELL/growza/growza/vendor/guzzlehttp/guzzle/src/Handler/CurlFactory.php:1141)
[stacktrace]
#0 C:/Users/DELL/growza/growza/vendor/guzzlehttp/guzzle/src/Handler/CurlFactory.php(1077): GuzzleHttp/Handler/CurlFactory::createRejection(Object(GuzzleHttp/Handler/EasyHandle), Array)
#1 C:/Users/DELL/growza/growza/vendor/guzzlehttp/guzzle/src/Handler/CurlFactory.php(1014): GuzzleHttp/Handler/CurlFactory::finishError(Object(GuzzleHttp/Handler/CurlHandler), Object(GuzzleHttp/Handler/EasyHandle), Object(GuzzleHttp/Handler/CurlFactory))
#2 C:/Users/DELL/growza/growza/vendor/guzzlehttp/guzzle/src/Handler/CurlHandler.php(88): GuzzleHttp/Handler/CurlFactory::finish(Object(GuzzleHttp/Handler/CurlHandler), Object(GuzzleHttp/Handler/EasyHandle), Object(GuzzleHttp/Handler/CurlFactory))
#3 C:/Users/DELL/growza/growza/vendor/guzzlehttp/guzzle/src/Handler/Proxy.php(28): GuzzleHttp/Handler/CurlHandler->__invoke(Object(GuzzleHttp/Psr7/Request), Array)
#4 C:/Users/DELL/growza/growza/vendor/guzzlehttp/guzzle/src/Handler/Proxy.php(68): GuzzleHttp/Handler/Proxy::{closure:GuzzleHttp/Handler/Proxy::wrapSync():27}(Object(GuzzleHttp/Psr7/Request), Array)
#5 C:/Users/DELL/growza/growza/vendor/guzzlehttp/guzzle/src/Handler/Proxy.php(48): GuzzleHttp/Handler/Proxy::{closure:GuzzleHttp/Handler/Proxy::wrapTlsFallback():63}(Object(GuzzleHttp/Psr7/Request), Array)
#6 C:/Users/DELL/growza/growza/vendor/laravel/framework/src/Illuminate/Http/Client/PendingRequest.php(1340): GuzzleHttp/Handler/Proxy::{closure:GuzzleHttp/Handler/Proxy::wrapStreaming():47}(Object(GuzzleHttp/Psr7/Request), Array)
#7 C:/Users/DELL/growza/growza/vendor/laravel/framework/src/Illuminate/Http/Client/PendingRequest.php(1306): Illuminate/Http/Client/PendingRequest->{closure:{closure:Illuminate/Http/Client/PendingRequest::buildStubHandler():1327}:1328}(Object(GuzzleHttp/Psr7/Request), Array)
#8 C:/Users/DELL/growza/growza/vendor/laravel/framework/src/Illuminate/Http/Client/PendingRequest.php(1292): Illuminate/Http/Client/PendingRequest->{closure:{closure:Illuminate/Http/Client/PendingRequest::buildRecorderHandler():1304}:1305}(Object(GuzzleHttp/Psr7/Request), Array)
#9 C:/Users/DELL/growza/growza/vendor/guzzlehttp/guzzle/src/PrepareBodyMiddleware.php(35): Illuminate/Http/Client/PendingRequest->{closure:{closure:Illuminate/Http/Client/PendingRequest::buildBeforeSendingHandler():1290}:1291}(Object(GuzzleHttp/Psr7/Request), Array)
#10 C:/Users/DELL/growza/growza/vendor/guzzlehttp/guzzle/src/Middleware.php(38): GuzzleHttp/PrepareBodyMiddleware->__invoke(Object(GuzzleHttp/Psr7/Request), Array)
#11 C:/Users/DELL/growza/growza/vendor/guzzlehttp/guzzle/src/RedirectMiddleware.php(72): GuzzleHttp/Middleware::{closure:{closure:GuzzleHttp/Middleware::cookies():28}:29}(Object(GuzzleHttp/Psr7/Request), Array)
#12 C:/Users/DELL/growza/growza/vendor/guzzlehttp/guzzle/src/Middleware.php(63): GuzzleHttp/RedirectMiddleware->__invoke(Object(GuzzleHttp/Psr7/Request), Array)
#13 C:/Users/DELL/growza/growza/vendor/guzzlehttp/guzzle/src/HandlerStack.php(75): GuzzleHttp/Middleware::{closure:{closure:GuzzleHttp/Middleware::httpErrors():60}:61}(Object(GuzzleHttp/Psr7/Request), Array)
#14 C:/Users/DELL/growza/growza/vendor/guzzlehttp/guzzle/src/Client.php(1109): GuzzleHttp/HandlerStack->__invoke(Object(GuzzleHttp/Psr7/Request), Array)
#15 C:/Users/DELL/growza/growza/vendor/guzzlehttp/guzzle/src/Client.php(243): GuzzleHttp/Client->transfer(Object(GuzzleHttp/Psr7/Request), Array)
#16 C:/Users/DELL/growza/growza/vendor/guzzlehttp/guzzle/src/Client.php(273): GuzzleHttp/Client->requestAsync('GET', Object(GuzzleHttp/Psr7/Uri), Array)
#17 C:/Users/DELL/growza/growza/vendor/laravel/framework/src/Illuminate/Http/Client/PendingRequest.php(1138): GuzzleHttp/Client->request('GET', 'https://api.pwn...', Array)
#18 C:/Users/DELL/growza/growza/vendor/laravel/framework/src/Illuminate/Http/Client/PendingRequest.php(907): Illuminate/Http/Client/PendingRequest->sendRequest('GET', 'https://api.pwn...', Array)
#19 C:/Users/DELL/growza/growza/vendor/laravel/framework/src/Illuminate/Support/helpers.php(338): Illuminate/Http/Client/PendingRequest->{closure:Illuminate/Http/Client/PendingRequest::send():905}(1)
#20 C:/Users/DELL/growza/growza/vendor/laravel/framework/src/Illuminate/Http/Client/PendingRequest.php(905): retry(0, Object(Closure), 100, Object(Closure))
#21 C:/Users/DELL/growza/growza/vendor/laravel/framework/src/Illuminate/Http/Client/PendingRequest.php(772): Illuminate/Http/Client/PendingRequest->send('GET', 'https://api.pwn...', Array)
#22 C:/Users/DELL/growza/growza/vendor/laravel/framework/src/Illuminate/Validation/NotPwnedVerifier.php(89): Illuminate/Http/Client/PendingRequest->get('https://api.pwn...')
#23 C:/Users/DELL/growza/growza/vendor/laravel/framework/src/Illuminate/Validation/NotPwnedVerifier.php(55): Illuminate/Validation/NotPwnedVerifier->search('E8E64')
#24 C:/Users/DELL/growza/growza/vendor/laravel/framework/src/Illuminate/Validation/Rules/Password.php(349): Illuminate/Validation/NotPwnedVerifier->verify(Array)
#25 C:/Users/DELL/growza/growza/vendor/laravel/framework/src/Illuminate/Validation/Validator.php(902): Illuminate/Validation/Rules/Password->passes('password', 'correct-horse-9...')
#26 C:/Users/DELL/growza/growza/vendor/laravel/framework/src/Illuminate/Validation/Validator.php(678): Illuminate/Validation/Validator->validateUsingCustomRule('password', 'correct-horse-9...', Object(Illuminate/Validation/Rules/Password))
#27 C:/Users/DELL/growza/growza/vendor/laravel/framework/src/Illuminate/Validation/Validator.php(481): Illuminate/Validation/Validator->validateAttribute('password', Object(Illuminate/Validation/Rules/Password))
#28 C:/Users/DELL/growza/growza/vendor/laravel/framework/src/Illuminate/Validation/Validator.php(516): Illuminate/Validation/Validator->passes()
#29 C:/Users/DELL/growza/growza/vendor/laravel/framework/src/Illuminate/Validation/Validator.php(558): Illuminate/Validation/Validator->fails()
#30 C:/Users/DELL/growza/growza/app/Domain/Auth/Actions/CreateNewUser.php(53): Illuminate/Validation/Validator->validate()
#31 C:/Users/DELL/growza/growza/vendor/laravel/fortify/src/Http/Controllers/RegisteredUserController.php(62): App/Domain/Auth/Actions/CreateNewUser->create(Array)
#32 C:/Users/DELL/growza/growza/vendor/laravel/framework/src/Illuminate/Routing/Controller.php(54): Laravel/Fortify/Http/Controllers/RegisteredUserController->store(Object(Illuminate/Http/Request), Object(App/Domain/Auth/Actions/CreateNewUser))
#33 C:/Users/DELL/growza/growza/vendor/laravel/framework/src/Illuminate/Routing/ControllerDispatcher.php(44): Illuminate/Routing/Controller->callAction('store', Array)
#34 C:/Users/DELL/growza/growza/vendor/laravel/framework/src/Illuminate/Routing/Route.php(266): Illuminate/Routing/ControllerDispatcher->dispatch(Object(Illuminate/Routing/Route), Object(Laravel/Fortify/Http/Controllers/RegisteredUserController), 'store')
#35 C:/Users/DELL/growza/growza/vendor/laravel/framework/src/Illuminate/Routing/Route.php(212): Illuminate/Routing/Route->runController()
#36 C:/Users/DELL/growza/growza/vendor/laravel/framework/src/Illuminate/Routing/Router.php(808): Illuminate/Routing/Route->run()
#37 C:/Users/DELL/growza/growza/vendor/laravel/framework/src/Illuminate/Pipeline/Pipeline.php(170): Illuminate/Routing/Router->{closure:Illuminate/Routing/Router::runRouteWithinStack():807}(Object(Illuminate/Http/Request))
#38 C:/Users/DELL/growza/growza/vendor/laravel/framework/src/Illuminate/Auth/Middleware/RedirectIfAuthenticated.php(35): Illuminate/Pipeline/Pipeline->{closure:Illuminate/Pipeline/Pipeline::prepareDestination():168}(Object(Illuminate/Http/Request))
#39 C:/Users/DELL/growza/growza/vendor/laravel/framework/src/Illuminate/Pipeline/Pipeline.php(209): Illuminate/Auth/Middleware/RedirectIfAuthenticated->handle(Object(Illuminate/Http/Request), Object(Closure), 'web')
#40 C:/Users/DELL/growza/growza/vendor/laravel/framework/src/Illuminate/Routing/Middleware/SubstituteBindings.php(51): Illuminate/Pipeline/Pipeline->{closure:{closure:Illuminate/Pipeline/Pipeline::carry():184}:185}(Object(Illuminate/Http/Request))
#41 C:/Users/DELL/growza/growza/vendor/laravel/framework/src/Illuminate/Pipeline/Pipeline.php(209): Illuminate/Routing/Middleware/SubstituteBindings->handle(Object(Illuminate/Http/Request), Object(Closure))
#42 C:/Users/DELL/growza/growza/vendor/laravel/framework/src/Illuminate/Foundation/Http/Middleware/VerifyCsrfToken.php(88): Illuminate/Pipeline/Pipeline->{closure:{closure:Illuminate/Pipeline/Pipeline::carry():184}:185}(Object(Illuminate/Http/Request))
#43 C:/Users/DELL/growza/growza/vendor/laravel/framework/src/Illuminate/Pipeline/Pipeline.php(209): Illuminate/Foundation/Http/Middleware/VerifyCsrfToken->handle(Object(Illuminate/Http/Request), Object(Closure))
#44 C:/Users/DELL/growza/growza/vendor/laravel/framework/src/Illuminate/View/Middleware/ShareErrorsFromSession.php(49): Illuminate/Pipeline/Pipeline->{closure:{closure:Illuminate/Pipeline/Pipeline::carry():184}:185}(Object(Illuminate/Http/Request))
#45 C:/Users/DELL/growza/growza/vendor/laravel/framework/src/Illuminate/Pipeline/Pipeline.php(209): Illuminate/View/Middleware/ShareErrorsFromSession->handle(Object(Illuminate/Http/Request), Object(Closure))
#46 C:/Users/DELL/growza/growza/vendor/laravel/framework/src/Illuminate/Session/Middleware/StartSession.php(121): Illuminate/Pipeline/Pipeline->{closure:{closure:Illuminate/Pipeline/Pipeline::carry():184}:185}(Object(Illuminate/Http/Request))
#47 C:/Users/DELL/growza/growza/vendor/laravel/framework/src/Illuminate/Session/Middleware/StartSession.php(64): Illuminate/Session/Middleware/StartSession->handleStatefulRequest(Object(Illuminate/Http/Request), Object(Illuminate/Session/Store), Object(Closure))
#48 C:/Users/DELL/growza/growza/vendor/laravel/framework/src/Illuminate/Pipeline/Pipeline.php(209): Illuminate/Session/Middleware/StartSession->handle(Object(Illuminate/Http/Request), Object(Closure))
#49 C:/Users/DELL/growza/growza/vendor/laravel/framework/src/Illuminate/Cookie/Middleware/AddQueuedCookiesToResponse.php(37): Illuminate/Pipeline/Pipeline->{closure:{closure:Illuminate/Pipeline/Pipeline::carry():184}:185}(Object(Illuminate/Http/Request))
#50 C:/Users/DELL/growza/growza/vendor/laravel/framework/src/Illuminate/Pipeline/Pipeline.php(209): Illuminate/Cookie/Middleware/AddQueuedCookiesToResponse->handle(Object(Illuminate/Http/Request), Object(Closure))
#51 C:/Users/DELL/growza/growza/vendor/laravel/framework/src/Illuminate/Cookie/Middleware/EncryptCookies.php(75): Illuminate/Pipeline/Pipeline->{closure:{closure:Illuminate/Pipeline/Pipeline::carry():184}:185}(Object(Illuminate/Http/Request))
#52 C:/Users/DELL/growza/growza/vendor/laravel/framework/src/Illuminate/Pipeline/Pipeline.php(209): Illuminate/Cookie/Middleware/EncryptCookies->handle(Object(Illuminate/Http/Request), Object(Closure))
#53 C:/Users/DELL/growza/growza/vendor/laravel/framework/src/Illuminate/Pipeline/Pipeline.php(127): Illuminate/Pipeline/Pipeline->{closure:{closure:Illuminate/Pipeline/Pipeline::carry():184}:185}(Object(Illuminate/Http/Request))
#54 C:/Users/DELL/growza/growza/vendor/laravel/framework/src/Illuminate/Routing/Router.php(807): Illuminate/Pipeline/Pipeline->then(Object(Closure))
#55 C:/Users/DELL/growza/growza/vendor/laravel/framework/src/Illuminate/Routing/Router.php(786): Illuminate/Routing/Router->runRouteWithinStack(Object(Illuminate/Routing/Route), Object(Illuminate/Http/Request))
#56 C:/Users/DELL/growza/growza/vendor/laravel/framework/src/Illuminate/Routing/Router.php(750): Illuminate/Routing/Router->runRoute(Object(Illuminate/Http/Request), Object(Illuminate/Routing/Route))
#57 C:/Users/DELL/growza/growza/vendor/laravel/framework/src/Illuminate/Routing/Router.php(739): Illuminate/Routing/Router->dispatchToRoute(Object(Illuminate/Http/Request))
#58 C:/Users/DELL/growza/growza/vendor/laravel/framework/src/Illuminate/Foundation/Http/Kernel.php(201): Illuminate/Routing/Router->dispatch(Object(Illuminate/Http/Request))
#59 C:/Users/DELL/growza/growza/vendor/laravel/framework/src/Illuminate/Pipeline/Pipeline.php(170): Illuminate/Foundation/Http/Kernel->{closure:Illuminate/Foundation/Http/Kernel::dispatchToRouter():198}(Object(Illuminate/Http/Request))
#60 C:/Users/DELL/growza/growza/vendor/livewire/livewire/src/Features/SupportDisablingBackButtonCache/DisableBackButtonCacheMiddleware.php(19): Illuminate/Pipeline/Pipeline->{closure:Illuminate/Pipeline/Pipeline::prepareDestination():168}(Object(Illuminate/Http/Request))
#61 C:/Users/DELL/growza/growza/vendor/laravel/framework/src/Illuminate/Pipeline/Pipeline.php(209): Livewire/Features/SupportDisablingBackButtonCache/DisableBackButtonCacheMiddleware->handle(Object(Illuminate/Http/Request), Object(Closure))
#62 C:/Users/DELL/growza/growza/vendor/laravel/framework/src/Illuminate/Foundation/Http/Middleware/TransformsRequest.php(21): Illuminate/Pipeline/Pipeline->{closure:{closure:Illuminate/Pipeline/Pipeline::carry():184}:185}(Object(Illuminate/Http/Request))
#63 C:/Users/DELL/growza/growza/vendor/laravel/framework/src/Illuminate/Foundation/Http/Middleware/ConvertEmptyStringsToNull.php(31): Illuminate/Foundation/Http/Middleware/TransformsRequest->handle(Object(Illuminate/Http/Request), Object(Closure))
#64 C:/Users/DELL/growza/growza/vendor/laravel/framework/src/Illuminate/Pipeline/Pipeline.php(209): Illuminate/Foundation/Http/Middleware/ConvertEmptyStringsToNull->handle(Object(Illuminate/Http/Request), Object(Closure))
#65 C:/Users/DELL/growza/growza/vendor/laravel/framework/src/Illuminate/Foundation/Http/Middleware/TransformsRequest.php(21): Illuminate/Pipeline/Pipeline->{closure:{closure:Illuminate/Pipeline/Pipeline::carry():184}:185}(Object(Illuminate/Http/Request))
#66 C:/Users/DELL/growza/growza/vendor/laravel/framework/src/Illuminate/Foundation/Http/Middleware/TrimStrings.php(51): Illuminate/Foundation/Http/Middleware/TransformsRequest->handle(Object(Illuminate/Http/Request), Object(Closure))
#67 C:/Users/DELL/growza/growza/vendor/laravel/framework/src/Illuminate/Pipeline/Pipeline.php(209): Illuminate/Foundation/Http/Middleware/TrimStrings->handle(Object(Illuminate/Http/Request), Object(Closure))
#68 C:/Users/DELL/growza/growza/vendor/laravel/framework/src/Illuminate/Http/Middleware/ValidatePostSize.php(27): Illuminate/Pipeline/Pipeline->{closure:{closure:Illuminate/Pipeline/Pipeline::carry():184}:185}(Object(Illuminate/Http/Request))
#69 C:/Users/DELL/growza/growza/vendor/laravel/framework/src/Illuminate/Pipeline/Pipeline.php(209): Illuminate/Http/Middleware/ValidatePostSize->handle(Object(Illuminate/Http/Request), Object(Closure))
#70 C:/Users/DELL/growza/growza/vendor/laravel/framework/src/Illuminate/Foundation/Http/Middleware/PreventRequestsDuringMaintenance.php(110): Illuminate/Pipeline/Pipeline->{closure:{closure:Illuminate/Pipeline/Pipeline::carry():184}:185}(Object(Illuminate/Http/Request))
#71 C:/Users/DELL/growza/growza/vendor/laravel/framework/src/Illuminate/Pipeline/Pipeline.php(209): Illuminate/Foundation/Http/Middleware/PreventRequestsDuringMaintenance->handle(Object(Illuminate/Http/Request), Object(Closure))
#72 C:/Users/DELL/growza/growza/vendor/laravel/framework/src/Illuminate/Http/Middleware/HandleCors.php(49): Illuminate/Pipeline/Pipeline->{closure:{closure:Illuminate/Pipeline/Pipeline::carry():184}:185}(Object(Illuminate/Http/Request))
#73 C:/Users/DELL/growza/growza/vendor/laravel/framework/src/Illuminate/Pipeline/Pipeline.php(209): Illuminate/Http/Middleware/HandleCors->handle(Object(Illuminate/Http/Request), Object(Closure))
#74 C:/Users/DELL/growza/growza/vendor/laravel/framework/src/Illuminate/Http/Middleware/TrustProxies.php(58): Illuminate/Pipeline/Pipeline->{closure:{closure:Illuminate/Pipeline/Pipeline::carry():184}:185}(Object(Illuminate/Http/Request))
#75 C:/Users/DELL/growza/growza/vendor/laravel/framework/src/Illuminate/Pipeline/Pipeline.php(209): Illuminate/Http/Middleware/TrustProxies->handle(Object(Illuminate/Http/Request), Object(Closure))
#76 C:/Users/DELL/growza/growza/vendor/laravel/framework/src/Illuminate/Foundation/Http/Middleware/InvokeDeferredCallbacks.php(22): Illuminate/Pipeline/Pipeline->{closure:{closure:Illuminate/Pipeline/Pipeline::carry():184}:185}(Object(Illuminate/Http/Request))
#77 C:/Users/DELL/growza/growza/vendor/laravel/framework/src/Illuminate/Pipeline/Pipeline.php(209): Illuminate/Foundation/Http/Middleware/InvokeDeferredCallbacks->handle(Object(Illuminate/Http/Request), Object(Closure))
#78 C:/Users/DELL/growza/growza/vendor/laravel/framework/src/Illuminate/Pipeline/Pipeline.php(127): Illuminate/Pipeline/Pipeline->{closure:{closure:Illuminate/Pipeline/Pipeline::carry():184}:185}(Object(Illuminate/Http/Request))
#79 C:/Users/DELL/growza/growza/vendor/laravel/framework/src/Illuminate/Foundation/Http/Kernel.php(176): Illuminate/Pipeline/Pipeline->then(Object(Closure))
#80 C:/Users/DELL/growza/growza/vendor/laravel/framework/src/Illuminate/Foundation/Http/Kernel.php(145): Illuminate/Foundation/Http/Kernel->sendRequestThroughRouter(Object(Illuminate/Http/Request))
#81 C:/Users/DELL/growza/growza/vendor/laravel/framework/src/Illuminate/Foundation/Testing/Concerns/MakesHttpRequests.php(607): Illuminate/Foundation/Http/Kernel->handle(Object(Illuminate/Http/Request))
#82 C:/Users/DELL/growza/growza/vendor/laravel/framework/src/Illuminate/Foundation/Testing/Concerns/MakesHttpRequests.php(397): Illuminate/Foundation/Testing/TestCase->call('POST', 'http://localhos...', Array, Array, Array, Array)
#83 [internal function]: Illuminate/Foundation/Testing/TestCase->post('http://localhos...', Array)
#84 C:/Users/DELL/growza/growza/vendor/pestphp/pest/src/Support/Reflection.php(38): ReflectionMethod->invoke(Object(P/Tests/Feature/RbacTest), 'http://localhos...', Array)
#85 C:/Users/DELL/growza/growza/vendor/pestphp/pest/src/Support/HigherOrderMessage.php(59): Pest/Support/Reflection::call(Object(P/Tests/Feature/RbacTest), 'post', Array)
#86 C:/Users/DELL/growza/growza/vendor/pestphp/pest/src/Support/HigherOrderTapProxy.php(66): Pest/Support/HigherOrderMessage->call(Object(P/Tests/Feature/RbacTest))
#87 C:/Users/DELL/growza/growza/vendor/pestphp/pest-plugin-laravel/src/Http.php(209): Pest/Support/HigherOrderTapProxy->__call('post', Array)
#88 C:/Users/DELL/growza/growza/tests/Feature/RbacTest.php(78): Pest/Laravel/post('http://localhos...', Array)
#89 C:/Users/DELL/growza/growza/vendor/pestphp/pest/src/Factories/TestCaseMethodFactory.php(110): P/Tests/Feature/RbacTest->{closure:C:/Users/DELL/growza/growza/tests/Feature/RbacTest.php:77}()
#90 [internal function]: P/Tests/Feature/RbacTest->{closure:Pest/Factories/TestCaseMethodFactory::getClosure():102}()
#91 C:/Users/DELL/growza/growza/vendor/pestphp/pest/src/Concerns/Testable.php(339): call_user_func_array(Object(Closure), Array)
#92 C:/Users/DELL/growza/growza/vendor/pestphp/pest/src/Support/ExceptionTrace.php(26): P/Tests/Feature/RbacTest->{closure:Pest/Concerns/Testable::__callClosure():339}()
#93 C:/Users/DELL/growza/growza/vendor/pestphp/pest/src/Concerns/Testable.php(339): Pest/Support/ExceptionTrace::ensure(Object(Closure))
#94 C:/Users/DELL/growza/growza/vendor/pestphp/pest/src/Concerns/Testable.php(256): P/Tests/Feature/RbacTest->__callClosure(Object(Closure), Array)
#95 C:/Users/DELL/growza/growza/vendor/pestphp/pest/src/Factories/TestCaseFactory.php(197) : eval()'d code(116): P/Tests/Feature/RbacTest->__runTest(Object(Closure))
#96 C:/Users/DELL/growza/growza/vendor/phpunit/phpunit/src/Framework/TestCase.php(1548): P/Tests/Feature/RbacTest->__pest_evaluable_it_assigns_the_Customer_role_automatically_at_registration()
#97 C:/Users/DELL/growza/growza/vendor/phpunit/phpunit/src/Framework/TestCase.php(686): PHPUnit/Framework/TestCase->runTest()
#98 C:/Users/DELL/growza/growza/vendor/phpunit/phpunit/src/Framework/TestRunner.php(106): PHPUnit/Framework/TestCase->runBare()
#99 C:/Users/DELL/growza/growza/vendor/phpunit/phpunit/src/Framework/TestCase.php(516): PHPUnit/Framework/TestRunner->run(Object(P/Tests/Feature/RbacTest))
#100 C:/Users/DELL/growza/growza/vendor/phpunit/phpunit/src/Framework/TestSuite.php(374): PHPUnit/Framework/TestCase->run()
#101 C:/Users/DELL/growza/growza/vendor/phpunit/phpunit/src/Framework/TestSuite.php(374): PHPUnit/Framework/TestSuite->run()
#102 C:/Users/DELL/growza/growza/vendor/phpunit/phpunit/src/Framework/TestSuite.php(374): PHPUnit/Framework/TestSuite->run()
#103 C:/Users/DELL/growza/growza/vendor/phpunit/phpunit/src/TextUI/TestRunner.php(64): PHPUnit/Framework/TestSuite->run()
#104 C:/Users/DELL/growza/growza/vendor/phpunit/phpunit/src/TextUI/Application.php(204): PHPUnit/TextUI/TestRunner->run(Object(PHPUnit/TextUI/Configuration/Configuration), Object(PHPUnit/Runner/ResultCache/DefaultResultCache), Object(PHPUnit/Framework/TestSuite))
#105 C:/Users/DELL/growza/growza/vendor/pestphp/pest/src/Kernel.php(103): PHPUnit/TextUI/Application->run(Array)
#106 C:/Users/DELL/growza/growza/vendor/pestphp/pest/bin/pest(91): Pest/Kernel->handle(Array, Array)
#107 C:/Users/DELL/growza/growza/vendor/pestphp/pest/bin/pest(99): {closure:C:/Users/DELL/growza/growza/vendor/pestphp/pest/bin/pest:12}()
#108 {main}
"} 
[2026-09-21 06:23:45] testing.ERROR: SQLSTATE[23000]: Integrity constraint violation: 19 NOT NULL constraint failed: model_has_roles.team_id (Connection: sqlite, SQL: insert into "model_has_roles" ("model_id", "model_type", "role_id", "team_id") values (1, App\Domain\Identity\Models\User, 9, ?)) {"exception":"[object] (Illuminate\\Database\\QueryException(code: 23000): SQLSTATE[23000]: Integrity constraint violation: 19 NOT NULL constraint failed: model_has_roles.team_id (Connection: sqlite, SQL: insert into \"model_has_roles\" (\"model_id\", \"model_type\", \"role_id\", \"team_id\") values (1, App\\Domain\\Identity\\Models\\User, 9, ?)) at C:/Users/DELL/growza/growza/vendor/laravel/framework/src/Illuminate/Database/Connection.php:825)
[stacktrace]
#0 C:/Users/DELL/growza/growza/vendor/laravel/framework/src/Illuminate/Database/Connection.php(779): Illuminate/Database/Connection->runQueryCallback('insert into \"mo...', Array, Object(Closure))
#1 C:/Users/DELL/growza/growza/vendor/laravel/framework/src/Illuminate/Database/Connection.php(560): Illuminate/Database/Connection->run('insert into \"mo...', Array, Object(Closure))
#2 C:/Users/DELL/growza/growza/vendor/laravel/framework/src/Illuminate/Database/Connection.php(524): Illuminate/Database/Connection->statement('insert into \"mo...', Array)
#3 C:/Users/DELL/growza/growza/vendor/laravel/framework/src/Illuminate/Database/Query/Builder.php(3717): Illuminate/Database/Connection->insert('insert into \"mo...', Array)
#4 C:/Users/DELL/growza/growza/vendor/laravel/framework/src/Illuminate/Database/Eloquent/Relations/Concerns/InteractsWithPivotTable.php(276): Illuminate/Database/Query/Builder->insert(Array)
#5 C:/Users/DELL/growza/growza/vendor/spatie/laravel-permission/src/Traits/HasRoles.php(164): Illuminate/Database/Eloquent/Relations/BelongsToMany->attach(Array, Array)
#6 C:/Users/DELL/growza/growza/app/Domain/Auth/Actions/CreateNewUser.php(75): App/Domain/Identity/Models/User->assignRole('Customer')
#7 C:/Users/DELL/growza/growza/vendor/laravel/framework/src/Illuminate/Database/Concerns/ManagesTransactions.php(32): App/Domain/Auth/Actions/CreateNewUser->{closure:App/Domain/Auth/Actions/CreateNewUser::create():58}(Object(Illuminate/Database/SQLiteConnection))
#8 C:/Users/DELL/growza/growza/vendor/laravel/framework/src/Illuminate/Database/DatabaseManager.php(495): Illuminate/Database/Connection->transaction(Object(Closure))
#9 C:/Users/DELL/growza/growza/vendor/laravel/framework/src/Illuminate/Support/Facades/Facade.php(361): Illuminate/Database/DatabaseManager->__call('transaction', Array)
#10 C:/Users/DELL/growza/growza/app/Domain/Auth/Actions/CreateNewUser.php(58): Illuminate/Support/Facades/Facade::__callStatic('transaction', Array)
#11 C:/Users/DELL/growza/growza/vendor/laravel/fortify/src/Http/Controllers/RegisteredUserController.php(62): App/Domain/Auth/Actions/CreateNewUser->create(Array)
#12 C:/Users/DELL/growza/growza/vendor/laravel/framework/src/Illuminate/Routing/Controller.php(54): Laravel/Fortify/Http/Controllers/RegisteredUserController->store(Object(Illuminate/Http/Request), Object(App/Domain/Auth/Actions/CreateNewUser))
#13 C:/Users/DELL/growza/growza/vendor/laravel/framework/src/Illuminate/Routing/ControllerDispatcher.php(44): Illuminate/Routing/Controller->callAction('store', Array)
#14 C:/Users/DELL/growza/growza/vendor/laravel/framework/src/Illuminate/Routing/Route.php(266): Illuminate/Routing/ControllerDispatcher->dispatch(Object(Illuminate/Routing/Route), Object(Laravel/Fortify/Http/Controllers/RegisteredUserController), 'store')
#15 C:/Users/DELL/growza/growza/vendor/laravel/framework/src/Illuminate/Routing/Route.php(212): Illuminate/Routing/Route->runController()
#16 C:/Users/DELL/growza/growza/vendor/laravel/framework/src/Illuminate/Routing/Router.php(808): Illuminate/Routing/Route->run()
#17 C:/Users/DELL/growza/growza/vendor/laravel/framework/src/Illuminate/Pipeline/Pipeline.php(170): Illuminate/Routing/Router->{closure:Illuminate/Routing/Router::runRouteWithinStack():807}(Object(Illuminate/Http/Request))
#18 C:/Users/DELL/growza/growza/vendor/laravel/framework/src/Illuminate/Auth/Middleware/RedirectIfAuthenticated.php(35): Illuminate/Pipeline/Pipeline->{closure:Illuminate/Pipeline/Pipeline::prepareDestination():168}(Object(Illuminate/Http/Request))
#19 C:/Users/DELL/growza/growza/vendor/laravel/framework/src/Illuminate/Pipeline/Pipeline.php(209): Illuminate/Auth/Middleware/RedirectIfAuthenticated->handle(Object(Illuminate/Http/Request), Object(Closure), 'web')
#20 C:/Users/DELL/growza/growza/vendor/laravel/framework/src/Illuminate/Routing/Middleware/SubstituteBindings.php(51): Illuminate/Pipeline/Pipeline->{closure:{closure:Illuminate/Pipeline/Pipeline::carry():184}:185}(Object(Illuminate/Http/Request))
#21 C:/Users/DELL/growza/growza/vendor/laravel/framework/src/Illuminate/Pipeline/Pipeline.php(209): Illuminate/Routing/Middleware/SubstituteBindings->handle(Object(Illuminate/Http/Request), Object(Closure))
#22 C:/Users/DELL/growza/growza/vendor/laravel/framework/src/Illuminate/Foundation/Http/Middleware/VerifyCsrfToken.php(88): Illuminate/Pipeline/Pipeline->{closure:{closure:Illuminate/Pipeline/Pipeline::carry():184}:185}(Object(Illuminate/Http/Request))
#23 C:/Users/DELL/growza/growza/vendor/laravel/framework/src/Illuminate/Pipeline/Pipeline.php(209): Illuminate/Foundation/Http/Middleware/VerifyCsrfToken->handle(Object(Illuminate/Http/Request), Object(Closure))
#24 C:/Users/DELL/growza/growza/vendor/laravel/framework/src/Illuminate/View/Middleware/ShareErrorsFromSession.php(49): Illuminate/Pipeline/Pipeline->{closure:{closure:Illuminate/Pipeline/Pipeline::carry():184}:185}(Object(Illuminate/Http/Request))
#25 C:/Users/DELL/growza/growza/vendor/laravel/framework/src/Illuminate/Pipeline/Pipeline.php(209): Illuminate/View/Middleware/ShareErrorsFromSession->handle(Object(Illuminate/Http/Request), Object(Closure))
#26 C:/Users/DELL/growza/growza/vendor/laravel/framework/src/Illuminate/Session/Middleware/StartSession.php(121): Illuminate/Pipeline/Pipeline->{closure:{closure:Illuminate/Pipeline/Pipeline::carry():184}:185}(Object(Illuminate/Http/Request))
#27 C:/Users/DELL/growza/growza/vendor/laravel/framework/src/Illuminate/Session/Middleware/StartSession.php(64): Illuminate/Session/Middleware/StartSession->handleStatefulRequest(Object(Illuminate/Http/Request), Object(Illuminate/Session/Store), Object(Closure))
#28 C:/Users/DELL/growza/growza/vendor/laravel/framework/src/Illuminate/Pipeline/Pipeline.php(209): Illuminate/Session/Middleware/StartSession->handle(Object(Illuminate/Http/Request), Object(Closure))
#29 C:/Users/DELL/growza/growza/vendor/laravel/framework/src/Illuminate/Cookie/Middleware/AddQueuedCookiesToResponse.php(37): Illuminate/Pipeline/Pipeline->{closure:{closure:Illuminate/Pipeline/Pipeline::carry():184}:185}(Object(Illuminate/Http/Request))
#30 C:/Users/DELL/growza/growza/vendor/laravel/framework/src/Illuminate/Pipeline/Pipeline.php(209): Illuminate/Cookie/Middleware/AddQueuedCookiesToResponse->handle(Object(Illuminate/Http/Request), Object(Closure))
#31 C:/Users/DELL/growza/growza/vendor/laravel/framework/src/Illuminate/Cookie/Middleware/EncryptCookies.php(75): Illuminate/Pipeline/Pipeline->{closure:{closure:Illuminate/Pipeline/Pipeline::carry():184}:185}(Object(Illuminate/Http/Request))
#32 C:/Users/DELL/growza/growza/vendor/laravel/framework/src/Illuminate/Pipeline/Pipeline.php(209): Illuminate/Cookie/Middleware/EncryptCookies->handle(Object(Illuminate/Http/Request), Object(Closure))
#33 C:/Users/DELL/growza/growza/vendor/laravel/framework/src/Illuminate/Pipeline/Pipeline.php(127): Illuminate/Pipeline/Pipeline->{closure:{closure:Illuminate/Pipeline/Pipeline::carry():184}:185}(Object(Illuminate/Http/Request))
#34 C:/Users/DELL/growza/growza/vendor/laravel/framework/src/Illuminate/Routing/Router.php(807): Illuminate/Pipeline/Pipeline->then(Object(Closure))
#35 C:/Users/DELL/growza/growza/vendor/laravel/framework/src/Illuminate/Routing/Router.php(786): Illuminate/Routing/Router->runRouteWithinStack(Object(Illuminate/Routing/Route), Object(Illuminate/Http/Request))
#36 C:/Users/DELL/growza/growza/vendor/laravel/framework/src/Illuminate/Routing/Router.php(750): Illuminate/Routing/Router->runRoute(Object(Illuminate/Http/Request), Object(Illuminate/Routing/Route))
#37 C:/Users/DELL/growza/growza/vendor/laravel/framework/src/Illuminate/Routing/Router.php(739): Illuminate/Routing/Router->dispatchToRoute(Object(Illuminate/Http/Request))
#38 C:/Users/DELL/growza/growza/vendor/laravel/framework/src/Illuminate/Foundation/Http/Kernel.php(201): Illuminate/Routing/Router->dispatch(Object(Illuminate/Http/Request))
#39 C:/Users/DELL/growza/growza/vendor/laravel/framework/src/Illuminate/Pipeline/Pipeline.php(170): Illuminate/Foundation/Http/Kernel->{closure:Illuminate/Foundation/Http/Kernel::dispatchToRouter():198}(Object(Illuminate/Http/Request))
#40 C:/Users/DELL/growza/growza/vendor/livewire/livewire/src/Features/SupportDisablingBackButtonCache/DisableBackButtonCacheMiddleware.php(19): Illuminate/Pipeline/Pipeline->{closure:Illuminate/Pipeline/Pipeline::prepareDestination():168}(Object(Illuminate/Http/Request))
#41 C:/Users/DELL/growza/growza/vendor/laravel/framework/src/Illuminate/Pipeline/Pipeline.php(209): Livewire/Features/SupportDisablingBackButtonCache/DisableBackButtonCacheMiddleware->handle(Object(Illuminate/Http/Request), Object(Closure))
#42 C:/Users/DELL/growza/growza/vendor/laravel/framework/src/Illuminate/Foundation/Http/Middleware/TransformsRequest.php(21): Illuminate/Pipeline/Pipeline->{closure:{closure:Illuminate/Pipeline/Pipeline::carry():184}:185}(Object(Illuminate/Http/Request))
#43 C:/Users/DELL/growza/growza/vendor/laravel/framework/src/Illuminate/Foundation/Http/Middleware/ConvertEmptyStringsToNull.php(31): Illuminate/Foundation/Http/Middleware/TransformsRequest->handle(Object(Illuminate/Http/Request), Object(Closure))
#44 C:/Users/DELL/growza/growza/vendor/laravel/framework/src/Illuminate/Pipeline/Pipeline.php(209): Illuminate/Foundation/Http/Middleware/ConvertEmptyStringsToNull->handle(Object(Illuminate/Http/Request), Object(Closure))
#45 C:/Users/DELL/growza/growza/vendor/laravel/framework/src/Illuminate/Foundation/Http/Middleware/TransformsRequest.php(21): Illuminate/Pipeline/Pipeline->{closure:{closure:Illuminate/Pipeline/Pipeline::carry():184}:185}(Object(Illuminate/Http/Request))
#46 C:/Users/DELL/growza/growza/vendor/laravel/framework/src/Illuminate/Foundation/Http/Middleware/TrimStrings.php(51): Illuminate/Foundation/Http/Middleware/TransformsRequest->handle(Object(Illuminate/Http/Request), Object(Closure))
#47 C:/Users/DELL/growza/growza/vendor/laravel/framework/src/Illuminate/Pipeline/Pipeline.php(209): Illuminate/Foundation/Http/Middleware/TrimStrings->handle(Object(Illuminate/Http/Request), Object(Closure))
#48 C:/Users/DELL/growza/growza/vendor/laravel/framework/src/Illuminate/Http/Middleware/ValidatePostSize.php(27): Illuminate/Pipeline/Pipeline->{closure:{closure:Illuminate/Pipeline/Pipeline::carry():184}:185}(Object(Illuminate/Http/Request))
#49 C:/Users/DELL/growza/growza/vendor/laravel/framework/src/Illuminate/Pipeline/Pipeline.php(209): Illuminate/Http/Middleware/ValidatePostSize->handle(Object(Illuminate/Http/Request), Object(Closure))
#50 C:/Users/DELL/growza/growza/vendor/laravel/framework/src/Illuminate/Foundation/Http/Middleware/PreventRequestsDuringMaintenance.php(110): Illuminate/Pipeline/Pipeline->{closure:{closure:Illuminate/Pipeline/Pipeline::carry():184}:185}(Object(Illuminate/Http/Request))
#51 C:/Users/DELL/growza/growza/vendor/laravel/framework/src/Illuminate/Pipeline/Pipeline.php(209): Illuminate/Foundation/Http/Middleware/PreventRequestsDuringMaintenance->handle(Object(Illuminate/Http/Request), Object(Closure))
#52 C:/Users/DELL/growza/growza/vendor/laravel/framework/src/Illuminate/Http/Middleware/HandleCors.php(49): Illuminate/Pipeline/Pipeline->{closure:{closure:Illuminate/Pipeline/Pipeline::carry():184}:185}(Object(Illuminate/Http/Request))
#53 C:/Users/DELL/growza/growza/vendor/laravel/framework/src/Illuminate/Pipeline/Pipeline.php(209): Illuminate/Http/Middleware/HandleCors->handle(Object(Illuminate/Http/Request), Object(Closure))
#54 C:/Users/DELL/growza/growza/vendor/laravel/framework/src/Illuminate/Http/Middleware/TrustProxies.php(58): Illuminate/Pipeline/Pipeline->{closure:{closure:Illuminate/Pipeline/Pipeline::carry():184}:185}(Object(Illuminate/Http/Request))
#55 C:/Users/DELL/growza/growza/vendor/laravel/framework/src/Illuminate/Pipeline/Pipeline.php(209): Illuminate/Http/Middleware/TrustProxies->handle(Object(Illuminate/Http/Request), Object(Closure))
#56 C:/Users/DELL/growza/growza/vendor/laravel/framework/src/Illuminate/Foundation/Http/Middleware/InvokeDeferredCallbacks.php(22): Illuminate/Pipeline/Pipeline->{closure:{closure:Illuminate/Pipeline/Pipeline::carry():184}:185}(Object(Illuminate/Http/Request))
#57 C:/Users/DELL/growza/growza/vendor/laravel/framework/src/Illuminate/Pipeline/Pipeline.php(209): Illuminate/Foundation/Http/Middleware/InvokeDeferredCallbacks->handle(Object(Illuminate/Http/Request), Object(Closure))
#58 C:/Users/DELL/growza/growza/vendor/laravel/framework/src/Illuminate/Pipeline/Pipeline.php(127): Illuminate/Pipeline/Pipeline->{closure:{closure:Illuminate/Pipeline/Pipeline::carry():184}:185}(Object(Illuminate/Http/Request))
#59 C:/Users/DELL/growza/growza/vendor/laravel/framework/src/Illuminate/Foundation/Http/Kernel.php(176): Illuminate/Pipeline/Pipeline->then(Object(Closure))
#60 C:/Users/DELL/growza/growza/vendor/laravel/framework/src/Illuminate/Foundation/Http/Kernel.php(145): Illuminate/Foundation/Http/Kernel->sendRequestThroughRouter(Object(Illuminate/Http/Request))
#61 C:/Users/DELL/growza/growza/vendor/laravel/framework/src/Illuminate/Foundation/Testing/Concerns/MakesHttpRequests.php(607): Illuminate/Foundation/Http/Kernel->handle(Object(Illuminate/Http/Request))
#62 C:/Users/DELL/growza/growza/vendor/laravel/framework/src/Illuminate/Foundation/Testing/Concerns/MakesHttpRequests.php(397): Illuminate/Foundation/Testing/TestCase->call('POST', 'http://localhos...', Array, Array, Array, Array)
#63 [internal function]: Illuminate/Foundation/Testing/TestCase->post('http://localhos...', Array)
#64 C:/Users/DELL/growza/growza/vendor/pestphp/pest/src/Support/Reflection.php(38): ReflectionMethod->invoke(Object(P/Tests/Feature/RbacTest), 'http://localhos...', Array)
#65 C:/Users/DELL/growza/growza/vendor/pestphp/pest/src/Support/HigherOrderMessage.php(59): Pest/Support/Reflection::call(Object(P/Tests/Feature/RbacTest), 'post', Array)
#66 C:/Users/DELL/growza/growza/vendor/pestphp/pest/src/Support/HigherOrderTapProxy.php(66): Pest/Support/HigherOrderMessage->call(Object(P/Tests/Feature/RbacTest))
#67 C:/Users/DELL/growza/growza/vendor/pestphp/pest-plugin-laravel/src/Http.php(209): Pest/Support/HigherOrderTapProxy->__call('post', Array)
#68 C:/Users/DELL/growza/growza/tests/Feature/RbacTest.php(78): Pest/Laravel/post('http://localhos...', Array)
#69 C:/Users/DELL/growza/growza/vendor/pestphp/pest/src/Factories/TestCaseMethodFactory.php(110): P/Tests/Feature/RbacTest->{closure:C:/Users/DELL/growza/growza/tests/Feature/RbacTest.php:77}()
#70 [internal function]: P/Tests/Feature/RbacTest->{closure:Pest/Factories/TestCaseMethodFactory::getClosure():102}()
#71 C:/Users/DELL/growza/growza/vendor/pestphp/pest/src/Concerns/Testable.php(339): call_user_func_array(Object(Closure), Array)
#72 C:/Users/DELL/growza/growza/vendor/pestphp/pest/src/Support/ExceptionTrace.php(26): P/Tests/Feature/RbacTest->{closure:Pest/Concerns/Testable::__callClosure():339}()
#73 C:/Users/DELL/growza/growza/vendor/pestphp/pest/src/Concerns/Testable.php(339): Pest/Support/ExceptionTrace::ensure(Object(Closure))
#74 C:/Users/DELL/growza/growza/vendor/pestphp/pest/src/Concerns/Testable.php(256): P/Tests/Feature/RbacTest->__callClosure(Object(Closure), Array)
#75 C:/Users/DELL/growza/growza/vendor/pestphp/pest/src/Factories/TestCaseFactory.php(197) : eval()'d code(116): P/Tests/Feature/RbacTest->__runTest(Object(Closure))
#76 C:/Users/DELL/growza/growza/vendor/phpunit/phpunit/src/Framework/TestCase.php(1548): P/Tests/Feature/RbacTest->__pest_evaluable_it_assigns_the_Customer_role_automatically_at_registration()
#77 C:/Users/DELL/growza/growza/vendor/phpunit/phpunit/src/Framework/TestCase.php(686): PHPUnit/Framework/TestCase->runTest()
#78 C:/Users/DELL/growza/growza/vendor/phpunit/phpunit/src/Framework/TestRunner.php(106): PHPUnit/Framework/TestCase->runBare()
#79 C:/Users/DELL/growza/growza/vendor/phpunit/phpunit/src/Framework/TestCase.php(516): PHPUnit/Framework/TestRunner->run(Object(P/Tests/Feature/RbacTest))
#80 C:/Users/DELL/growza/growza/vendor/phpunit/phpunit/src/Framework/TestSuite.php(374): PHPUnit/Framework/TestCase->run()
#81 C:/Users/DELL/growza/growza/vendor/phpunit/phpunit/src/Framework/TestSuite.php(374): PHPUnit/Framework/TestSuite->run()
#82 C:/Users/DELL/growza/growza/vendor/phpunit/phpunit/src/Framework/TestSuite.php(374): PHPUnit/Framework/TestSuite->run()
#83 C:/Users/DELL/growza/growza/vendor/phpunit/phpunit/src/TextUI/TestRunner.php(64): PHPUnit/Framework/TestSuite->run()
#84 C:/Users/DELL/growza/growza/vendor/phpunit/phpunit/src/TextUI/Application.php(204): PHPUnit/TextUI/TestRunner->run(Object(PHPUnit/TextUI/Configuration/Configuration), Object(PHPUnit/Runner/ResultCache/DefaultResultCache), Object(PHPUnit/Framework/TestSuite))
#85 C:/Users/DELL/growza/growza/vendor/pestphp/pest/src/Kernel.php(103): PHPUnit/TextUI/Application->run(Array)
#86 C:/Users/DELL/growza/growza/vendor/pestphp/pest/bin/pest(91): Pest/Kernel->handle(Array, Array)
#87 C:/Users/DELL/growza/growza/vendor/pestphp/pest/bin/pest(99): {closure:C:/Users/DELL/growza/growza/vendor/pestphp/pest/bin/pest:12}()
#88 {main}

[previous exception] [object] (PDOException(code: 23000): SQLSTATE[23000]: Integrity constraint violation: 19 NOT NULL constraint failed: model_has_roles.team_id at C:/Users/DELL/growza/growza/vendor/laravel/framework/src/Illuminate/Database/Connection.php:571)
[stacktrace]
#0 C:/Users/DELL/growza/growza/vendor/laravel/framework/src/Illuminate/Database/Connection.php(571): PDOStatement->execute()
#1 C:/Users/DELL/growza/growza/vendor/laravel/framework/src/Illuminate/Database/Connection.php(812): Illuminate/Database/Connection->{closure:Illuminate/Database/Connection::statement():560}('insert into \"mo...', Array)
#2 C:/Users/DELL/growza/growza/vendor/laravel/framework/src/Illuminate/Database/Connection.php(779): Illuminate/Database/Connection->runQueryCallback('insert into \"mo...', Array, Object(Closure))
#3 C:/Users/DELL/growza/growza/vendor/laravel/framework/src/Illuminate/Database/Connection.php(560): Illuminate/Database/Connection->run('insert into \"mo...', Array, Object(Closure))
#4 C:/Users/DELL/growza/growza/vendor/laravel/framework/src/Illuminate/Database/Connection.php(524): Illuminate/Database/Connection->statement('insert into \"mo...', Array)
#5 C:/Users/DELL/growza/growza/vendor/laravel/framework/src/Illuminate/Database/Query/Builder.php(3717): Illuminate/Database/Connection->insert('insert into \"mo...', Array)
#6 C:/Users/DELL/growza/growza/vendor/laravel/framework/src/Illuminate/Database/Eloquent/Relations/Concerns/InteractsWithPivotTable.php(276): Illuminate/Database/Query/Builder->insert(Array)
#7 C:/Users/DELL/growza/growza/vendor/spatie/laravel-permission/src/Traits/HasRoles.php(164): Illuminate/Database/Eloquent/Relations/BelongsToMany->attach(Array, Array)
#8 C:/Users/DELL/growza/growza/app/Domain/Auth/Actions/CreateNewUser.php(75): App/Domain/Identity/Models/User->assignRole('Customer')
#9 C:/Users/DELL/growza/growza/vendor/laravel/framework/src/Illuminate/Database/Concerns/ManagesTransactions.php(32): App/Domain/Auth/Actions/CreateNewUser->{closure:App/Domain/Auth/Actions/CreateNewUser::create():58}(Object(Illuminate/Database/SQLiteConnection))
#10 C:/Users/DELL/growza/growza/vendor/laravel/framework/src/Illuminate/Database/DatabaseManager.php(495): Illuminate/Database/Connection->transaction(Object(Closure))
#11 C:/Users/DELL/growza/growza/vendor/laravel/framework/src/Illuminate/Support/Facades/Facade.php(361): Illuminate/Database/DatabaseManager->__call('transaction', Array)
#12 C:/Users/DELL/growza/growza/app/Domain/Auth/Actions/CreateNewUser.php(58): Illuminate/Support/Facades/Facade::__callStatic('transaction', Array)
#13 C:/Users/DELL/growza/growza/vendor/laravel/fortify/src/Http/Controllers/RegisteredUserController.php(62): App/Domain/Auth/Actions/CreateNewUser->create(Array)
#14 C:/Users/DELL/growza/growza/vendor/laravel/framework/src/Illuminate/Routing/Controller.php(54): Laravel/Fortify/Http/Controllers/RegisteredUserController->store(Object(Illuminate/Http/Request), Object(App/Domain/Auth/Actions/CreateNewUser))
#15 C:/Users/DELL/growza/growza/vendor/laravel/framework/src/Illuminate/Routing/ControllerDispatcher.php(44): Illuminate/Routing/Controller->callAction('store', Array)
#16 C:/Users/DELL/growza/growza/vendor/laravel/framework/src/Illuminate/Routing/Route.php(266): Illuminate/Routing/ControllerDispatcher->dispatch(Object(Illuminate/Routing/Route), Object(Laravel/Fortify/Http/Controllers/RegisteredUserController), 'store')
#17 C:/Users/DELL/growza/growza/vendor/laravel/framework/src/Illuminate/Routing/Route.php(212): Illuminate/Routing/Route->runController()
#18 C:/Users/DELL/growza/growza/vendor/laravel/framework/src/Illuminate/Routing/Router.php(808): Illuminate/Routing/Route->run()
#19 C:/Users/DELL/growza/growza/vendor/laravel/framework/src/Illuminate/Pipeline/Pipeline.php(170): Illuminate/Routing/Router->{closure:Illuminate/Routing/Router::runRouteWithinStack():807}(Object(Illuminate/Http/Request))
#20 C:/Users/DELL/growza/growza/vendor/laravel/framework/src/Illuminate/Auth/Middleware/RedirectIfAuthenticated.php(35): Illuminate/Pipeline/Pipeline->{closure:Illuminate/Pipeline/Pipeline::prepareDestination():168}(Object(Illuminate/Http/Request))
#21 C:/Users/DELL/growza/growza/vendor/laravel/framework/src/Illuminate/Pipeline/Pipeline.php(209): Illuminate/Auth/Middleware/RedirectIfAuthenticated->handle(Object(Illuminate/Http/Request), Object(Closure), 'web')
#22 C:/Users/DELL/growza/growza/vendor/laravel/framework/src/Illuminate/Routing/Middleware/SubstituteBindings.php(51): Illuminate/Pipeline/Pipeline->{closure:{closure:Illuminate/Pipeline/Pipeline::carry():184}:185}(Object(Illuminate/Http/Request))
#23 C:/Users/DELL/growza/growza/vendor/laravel/framework/src/Illuminate/Pipeline/Pipeline.php(209): Illuminate/Routing/Middleware/SubstituteBindings->handle(Object(Illuminate/Http/Request), Object(Closure))
#24 C:/Users/DELL/growza/growza/vendor/laravel/framework/src/Illuminate/Foundation/Http/Middleware/VerifyCsrfToken.php(88): Illuminate/Pipeline/Pipeline->{closure:{closure:Illuminate/Pipeline/Pipeline::carry():184}:185}(Object(Illuminate/Http/Request))
#25 C:/Users/DELL/growza/growza/vendor/laravel/framework/src/Illuminate/Pipeline/Pipeline.php(209): Illuminate/Foundation/Http/Middleware/VerifyCsrfToken->handle(Object(Illuminate/Http/Request), Object(Closure))
#26 C:/Users/DELL/growza/growza/vendor/laravel/framework/src/Illuminate/View/Middleware/ShareErrorsFromSession.php(49): Illuminate/Pipeline/Pipeline->{closure:{closure:Illuminate/Pipeline/Pipeline::carry():184}:185}(Object(Illuminate/Http/Request))
#27 C:/Users/DELL/growza/growza/vendor/laravel/framework/src/Illuminate/Pipeline/Pipeline.php(209): Illuminate/View/Middleware/ShareErrorsFromSession->handle(Object(Illuminate/Http/Request), Object(Closure))
#28 C:/Users/DELL/growza/growza/vendor/laravel/framework/src/Illuminate/Session/Middleware/StartSession.php(121): Illuminate/Pipeline/Pipeline->{closure:{closure:Illuminate/Pipeline/Pipeline::carry():184}:185}(Object(Illuminate/Http/Request))
#29 C:/Users/DELL/growza/growza/vendor/laravel/framework/src/Illuminate/Session/Middleware/StartSession.php(64): Illuminate/Session/Middleware/StartSession->handleStatefulRequest(Object(Illuminate/Http/Request), Object(Illuminate/Session/Store), Object(Closure))
#30 C:/Users/DELL/growza/growza/vendor/laravel/framework/src/Illuminate/Pipeline/Pipeline.php(209): Illuminate/Session/Middleware/StartSession->handle(Object(Illuminate/Http/Request), Object(Closure))
#31 C:/Users/DELL/growza/growza/vendor/laravel/framework/src/Illuminate/Cookie/Middleware/AddQueuedCookiesToResponse.php(37): Illuminate/Pipeline/Pipeline->{closure:{closure:Illuminate/Pipeline/Pipeline::carry():184}:185}(Object(Illuminate/Http/Request))
#32 C:/Users/DELL/growza/growza/vendor/laravel/framework/src/Illuminate/Pipeline/Pipeline.php(209): Illuminate/Cookie/Middleware/AddQueuedCookiesToResponse->handle(Object(Illuminate/Http/Request), Object(Closure))
#33 C:/Users/DELL/growza/growza/vendor/laravel/framework/src/Illuminate/Cookie/Middleware/EncryptCookies.php(75): Illuminate/Pipeline/Pipeline->{closure:{closure:Illuminate/Pipeline/Pipeline::carry():184}:185}(Object(Illuminate/Http/Request))
#34 C:/Users/DELL/growza/growza/vendor/laravel/framework/src/Illuminate/Pipeline/Pipeline.php(209): Illuminate/Cookie/Middleware/EncryptCookies->handle(Object(Illuminate/Http/Request), Object(Closure))
#35 C:/Users/DELL/growza/growza/vendor/laravel/framework/src/Illuminate/Pipeline/Pipeline.php(127): Illuminate/Pipeline/Pipeline->{closure:{closure:Illuminate/Pipeline/Pipeline::carry():184}:185}(Object(Illuminate/Http/Request))
#36 C:/Users/DELL/growza/growza/vendor/laravel/framework/src/Illuminate/Routing/Router.php(807): Illuminate/Pipeline/Pipeline->then(Object(Closure))
#37 C:/Users/DELL/growza/growza/vendor/laravel/framework/src/Illuminate/Routing/Router.php(786): Illuminate/Routing/Router->runRouteWithinStack(Object(Illuminate/Routing/Route), Object(Illuminate/Http/Request))
#38 C:/Users/DELL/growza/growza/vendor/laravel/framework/src/Illuminate/Routing/Router.php(750): Illuminate/Routing/Router->runRoute(Object(Illuminate/Http/Request), Object(Illuminate/Routing/Route))
#39 C:/Users/DELL/growza/growza/vendor/laravel/framework/src/Illuminate/Routing/Router.php(739): Illuminate/Routing/Router->dispatchToRoute(Object(Illuminate/Http/Request))
#40 C:/Users/DELL/growza/growza/vendor/laravel/framework/src/Illuminate/Foundation/Http/Kernel.php(201): Illuminate/Routing/Router->dispatch(Object(Illuminate/Http/Request))
#41 C:/Users/DELL/growza/growza/vendor/laravel/framework/src/Illuminate/Pipeline/Pipeline.php(170): Illuminate/Foundation/Http/Kernel->{closure:Illuminate/Foundation/Http/Kernel::dispatchToRouter():198}(Object(Illuminate/Http/Request))
#42 C:/Users/DELL/growza/growza/vendor/livewire/livewire/src/Features/SupportDisablingBackButtonCache/DisableBackButtonCacheMiddleware.php(19): Illuminate/Pipeline/Pipeline->{closure:Illuminate/Pipeline/Pipeline::prepareDestination():168}(Object(Illuminate/Http/Request))
#43 C:/Users/DELL/growza/growza/vendor/laravel/framework/src/Illuminate/Pipeline/Pipeline.php(209): Livewire/Features/SupportDisablingBackButtonCache/DisableBackButtonCacheMiddleware->handle(Object(Illuminate/Http/Request), Object(Closure))
#44 C:/Users/DELL/growza/growza/vendor/laravel/framework/src/Illuminate/Foundation/Http/Middleware/TransformsRequest.php(21): Illuminate/Pipeline/Pipeline->{closure:{closure:Illuminate/Pipeline/Pipeline::carry():184}:185}(Object(Illuminate/Http/Request))
#45 C:/Users/DELL/growza/growza/vendor/laravel/framework/src/Illuminate/Foundation/Http/Middleware/ConvertEmptyStringsToNull.php(31): Illuminate/Foundation/Http/Middleware/TransformsRequest->handle(Object(Illuminate/Http/Request), Object(Closure))
#46 C:/Users/DELL/growza/growza/vendor/laravel/framework/src/Illuminate/Pipeline/Pipeline.php(209): Illuminate/Foundation/Http/Middleware/ConvertEmptyStringsToNull->handle(Object(Illuminate/Http/Request), Object(Closure))
#47 C:/Users/DELL/growza/growza/vendor/laravel/framework/src/Illuminate/Foundation/Http/Middleware/TransformsRequest.php(21): Illuminate/Pipeline/Pipeline->{closure:{closure:Illuminate/Pipeline/Pipeline::carry():184}:185}(Object(Illuminate/Http/Request))
#48 C:/Users/DELL/growza/growza/vendor/laravel/framework/src/Illuminate/Foundation/Http/Middleware/TrimStrings.php(51): Illuminate/Foundation/Http/Middleware/TransformsRequest->handle(Object(Illuminate/Http/Request), Object(Closure))
#49 C:/Users/DELL/growza/growza/vendor/laravel/framework/src/Illuminate/Pipeline/Pipeline.php(209): Illuminate/Foundation/Http/Middleware/TrimStrings->handle(Object(Illuminate/Http/Request), Object(Closure))
#50 C:/Users/DELL/growza/growza/vendor/laravel/framework/src/Illuminate/Http/Middleware/ValidatePostSize.php(27): Illuminate/Pipeline/Pipeline->{closure:{closure:Illuminate/Pipeline/Pipeline::carry():184}:185}(Object(Illuminate/Http/Request))
#51 C:/Users/DELL/growza/growza/vendor/laravel/framework/src/Illuminate/Pipeline/Pipeline.php(209): Illuminate/Http/Middleware/ValidatePostSize->handle(Object(Illuminate/Http/Request), Object(Closure))
#52 C:/Users/DELL/growza/growza/vendor/laravel/framework/src/Illuminate/Foundation/Http/Middleware/PreventRequestsDuringMaintenance.php(110): Illuminate/Pipeline/Pipeline->{closure:{closure:Illuminate/Pipeline/Pipeline::carry():184}:185}(Object(Illuminate/Http/Request))
#53 C:/Users/DELL/growza/growza/vendor/laravel/framework/src/Illuminate/Pipeline/Pipeline.php(209): Illuminate/Foundation/Http/Middleware/PreventRequestsDuringMaintenance->handle(Object(Illuminate/Http/Request), Object(Closure))
#54 C:/Users/DELL/growza/growza/vendor/laravel/framework/src/Illuminate/Http/Middleware/HandleCors.php(49): Illuminate/Pipeline/Pipeline->{closure:{closure:Illuminate/Pipeline/Pipeline::carry():184}:185}(Object(Illuminate/Http/Request))
#55 C:/Users/DELL/growza/growza/vendor/laravel/framework/src/Illuminate/Pipeline/Pipeline.php(209): Illuminate/Http/Middleware/HandleCors->handle(Object(Illuminate/Http/Request), Object(Closure))
#56 C:/Users/DELL/growza/growza/vendor/laravel/framework/src/Illuminate/Http/Middleware/TrustProxies.php(58): Illuminate/Pipeline/Pipeline->{closure:{closure:Illuminate/Pipeline/Pipeline::carry():184}:185}(Object(Illuminate/Http/Request))
#57 C:/Users/DELL/growza/growza/vendor/laravel/framework/src/Illuminate/Pipeline/Pipeline.php(209): Illuminate/Http/Middleware/TrustProxies->handle(Object(Illuminate/Http/Request), Object(Closure))
#58 C:/Users/DELL/growza/growza/vendor/laravel/framework/src/Illuminate/Foundation/Http/Middleware/InvokeDeferredCallbacks.php(22): Illuminate/Pipeline/Pipeline->{closure:{closure:Illuminate/Pipeline/Pipeline::carry():184}:185}(Object(Illuminate/Http/Request))
#59 C:/Users/DELL/growza/growza/vendor/laravel/framework/src/Illuminate/Pipeline/Pipeline.php(209): Illuminate/Foundation/Http/Middleware/InvokeDeferredCallbacks->handle(Object(Illuminate/Http/Request), Object(Closure))
#60 C:/Users/DELL/growza/growza/vendor/laravel/framework/src/Illuminate/Pipeline/Pipeline.php(127): Illuminate/Pipeline/Pipeline->{closure:{closure:Illuminate/Pipeline/Pipeline::carry():184}:185}(Object(Illuminate/Http/Request))
#61 C:/Users/DELL/growza/growza/vendor/laravel/framework/src/Illuminate/Foundation/Http/Kernel.php(176): Illuminate/Pipeline/Pipeline->then(Object(Closure))
#62 C:/Users/DELL/growza/growza/vendor/laravel/framework/src/Illuminate/Foundation/Http/Kernel.php(145): Illuminate/Foundation/Http/Kernel->sendRequestThroughRouter(Object(Illuminate/Http/Request))
#63 C:/Users/DELL/growza/growza/vendor/laravel/framework/src/Illuminate/Foundation/Testing/Concerns/MakesHttpRequests.php(607): Illuminate/Foundation/Http/Kernel->handle(Object(Illuminate/Http/Request))
#64 C:/Users/DELL/growza/growza/vendor/laravel/framework/src/Illuminate/Foundation/Testing/Concerns/MakesHttpRequests.php(397): Illuminate/Foundation/Testing/TestCase->call('POST', 'http://localhos...', Array, Array, Array, Array)
#65 [internal function]: Illuminate/Foundation/Testing/TestCase->post('http://localhos...', Array)
#66 C:/Users/DELL/growza/growza/vendor/pestphp/pest/src/Support/Reflection.php(38): ReflectionMethod->invoke(Object(P/Tests/Feature/RbacTest), 'http://localhos...', Array)
#67 C:/Users/DELL/growza/growza/vendor/pestphp/pest/src/Support/HigherOrderMessage.php(59): Pest/Support/Reflection::call(Object(P/Tests/Feature/RbacTest), 'post', Array)
#68 C:/Users/DELL/growza/growza/vendor/pestphp/pest/src/Support/HigherOrderTapProxy.php(66): Pest/Support/HigherOrderMessage->call(Object(P/Tests/Feature/RbacTest))
#69 C:/Users/DELL/growza/growza/vendor/pestphp/pest-plugin-laravel/src/Http.php(209): Pest/Support/HigherOrderTapProxy->__call('post', Array)
#70 C:/Users/DELL/growza/growza/tests/Feature/RbacTest.php(78): Pest/Laravel/post('http://localhos...', Array)
#71 C:/Users/DELL/growza/growza/vendor/pestphp/pest/src/Factories/TestCaseMethodFactory.php(110): P/Tests/Feature/RbacTest->{closure:C:/Users/DELL/growza/growza/tests/Feature/RbacTest.php:77}()
#72 [internal function]: P/Tests/Feature/RbacTest->{closure:Pest/Factories/TestCaseMethodFactory::getClosure():102}()
#73 C:/Users/DELL/growza/growza/vendor/pestphp/pest/src/Concerns/Testable.php(339): call_user_func_array(Object(Closure), Array)
#74 C:/Users/DELL/growza/growza/vendor/pestphp/pest/src/Support/ExceptionTrace.php(26): P/Tests/Feature/RbacTest->{closure:Pest/Concerns/Testable::__callClosure():339}()
#75 C:/Users/DELL/growza/growza/vendor/pestphp/pest/src/Concerns/Testable.php(339): Pest/Support/ExceptionTrace::ensure(Object(Closure))
#76 C:/Users/DELL/growza/growza/vendor/pestphp/pest/src/Concerns/Testable.php(256): P/Tests/Feature/RbacTest->__callClosure(Object(Closure), Array)
#77 C:/Users/DELL/growza/growza/vendor/pestphp/pest/src/Factories/TestCaseFactory.php(197) : eval()'d code(116): P/Tests/Feature/RbacTest->__runTest(Object(Closure))
#78 C:/Users/DELL/growza/growza/vendor/phpunit/phpunit/src/Framework/TestCase.php(1548): P/Tests/Feature/RbacTest->__pest_evaluable_it_assigns_the_Customer_role_automatically_at_registration()
#79 C:/Users/DELL/growza/growza/vendor/phpunit/phpunit/src/Framework/TestCase.php(686): PHPUnit/Framework/TestCase->runTest()
#80 C:/Users/DELL/growza/growza/vendor/phpunit/phpunit/src/Framework/TestRunner.php(106): PHPUnit/Framework/TestCase->runBare()
#81 C:/Users/DELL/growza/growza/vendor/phpunit/phpunit/src/Framework/TestCase.php(516): PHPUnit/Framework/TestRunner->run(Object(P/Tests/Feature/RbacTest))
#82 C:/Users/DELL/growza/growza/vendor/phpunit/phpunit/src/Framework/TestSuite.php(374): PHPUnit/Framework/TestCase->run()
#83 C:/Users/DELL/growza/growza/vendor/phpunit/phpunit/src/Framework/TestSuite.php(374): PHPUnit/Framework/TestSuite->run()
#84 C:/Users/DELL/growza/growza/vendor/phpunit/phpunit/src/Framework/TestSuite.php(374): PHPUnit/Framework/TestSuite->run()
#85 C:/Users/DELL/growza/growza/vendor/phpunit/phpunit/src/TextUI/TestRunner.php(64): PHPUnit/Framework/TestSuite->run()
#86 C:/Users/DELL/growza/growza/vendor/phpunit/phpunit/src/TextUI/Application.php(204): PHPUnit/TextUI/TestRunner->run(Object(PHPUnit/TextUI/Configuration/Configuration), Object(PHPUnit/Runner/ResultCache/DefaultResultCache), Object(PHPUnit/Framework/TestSuite))
#87 C:/Users/DELL/growza/growza/vendor/pestphp/pest/src/Kernel.php(103): PHPUnit/TextUI/Application->run(Array)
#88 C:/Users/DELL/growza/growza/vendor/pestphp/pest/bin/pest(91): Pest/Kernel->handle(Array, Array)
#89 C:/Users/DELL/growza/growza/vendor/pestphp/pest/bin/pest(99): {closure:C:/Users/DELL/growza/growza/vendor/pestphp/pest/bin/pest:12}()
#90 {main}
"} 
[2026-09-21 06:24:41] testing.ERROR: cURL error 60: SSL certificate problem: unable to get local issuer certificate (see https://curl.se/libcurl/c/libcurl-errors.html) for https://api.pwnedpasswords.com/range/D8A94 {"userId":1,"exception":"[object] (GuzzleHttp\\Exception\\RequestException(code: 0): cURL error 60: SSL certificate problem: unable to get local issuer certificate (see https://curl.se/libcurl/c/libcurl-errors.html) for https://api.pwnedpasswords.com/range/D8A94 at C:/Users/DELL/growza/growza/vendor/guzzlehttp/guzzle/src/Handler/CurlFactory.php:1141)
[stacktrace]
#0 C:/Users/DELL/growza/growza/vendor/guzzlehttp/guzzle/src/Handler/CurlFactory.php(1077): GuzzleHttp/Handler/CurlFactory::createRejection(Object(GuzzleHttp/Handler/EasyHandle), Array)
#1 C:/Users/DELL/growza/growza/vendor/guzzlehttp/guzzle/src/Handler/CurlFactory.php(1014): GuzzleHttp/Handler/CurlFactory::finishError(Object(GuzzleHttp/Handler/CurlHandler), Object(GuzzleHttp/Handler/EasyHandle), Object(GuzzleHttp/Handler/CurlFactory))
#2 C:/Users/DELL/growza/growza/vendor/guzzlehttp/guzzle/src/Handler/CurlHandler.php(88): GuzzleHttp/Handler/CurlFactory::finish(Object(GuzzleHttp/Handler/CurlHandler), Object(GuzzleHttp/Handler/EasyHandle), Object(GuzzleHttp/Handler/CurlFactory))
#3 C:/Users/DELL/growza/growza/vendor/guzzlehttp/guzzle/src/Handler/Proxy.php(28): GuzzleHttp/Handler/CurlHandler->__invoke(Object(GuzzleHttp/Psr7/Request), Array)
#4 C:/Users/DELL/growza/growza/vendor/guzzlehttp/guzzle/src/Handler/Proxy.php(68): GuzzleHttp/Handler/Proxy::{closure:GuzzleHttp/Handler/Proxy::wrapSync():27}(Object(GuzzleHttp/Psr7/Request), Array)
#5 C:/Users/DELL/growza/growza/vendor/guzzlehttp/guzzle/src/Handler/Proxy.php(48): GuzzleHttp/Handler/Proxy::{closure:GuzzleHttp/Handler/Proxy::wrapTlsFallback():63}(Object(GuzzleHttp/Psr7/Request), Array)
#6 C:/Users/DELL/growza/growza/vendor/laravel/framework/src/Illuminate/Http/Client/PendingRequest.php(1340): GuzzleHttp/Handler/Proxy::{closure:GuzzleHttp/Handler/Proxy::wrapStreaming():47}(Object(GuzzleHttp/Psr7/Request), Array)
#7 C:/Users/DELL/growza/growza/vendor/laravel/framework/src/Illuminate/Http/Client/PendingRequest.php(1306): Illuminate/Http/Client/PendingRequest->{closure:{closure:Illuminate/Http/Client/PendingRequest::buildStubHandler():1327}:1328}(Object(GuzzleHttp/Psr7/Request), Array)
#8 C:/Users/DELL/growza/growza/vendor/laravel/framework/src/Illuminate/Http/Client/PendingRequest.php(1292): Illuminate/Http/Client/PendingRequest->{closure:{closure:Illuminate/Http/Client/PendingRequest::buildRecorderHandler():1304}:1305}(Object(GuzzleHttp/Psr7/Request), Array)
#9 C:/Users/DELL/growza/growza/vendor/guzzlehttp/guzzle/src/PrepareBodyMiddleware.php(35): Illuminate/Http/Client/PendingRequest->{closure:{closure:Illuminate/Http/Client/PendingRequest::buildBeforeSendingHandler():1290}:1291}(Object(GuzzleHttp/Psr7/Request), Array)
#10 C:/Users/DELL/growza/growza/vendor/guzzlehttp/guzzle/src/Middleware.php(38): GuzzleHttp/PrepareBodyMiddleware->__invoke(Object(GuzzleHttp/Psr7/Request), Array)
#11 C:/Users/DELL/growza/growza/vendor/guzzlehttp/guzzle/src/RedirectMiddleware.php(72): GuzzleHttp/Middleware::{closure:{closure:GuzzleHttp/Middleware::cookies():28}:29}(Object(GuzzleHttp/Psr7/Request), Array)
#12 C:/Users/DELL/growza/growza/vendor/guzzlehttp/guzzle/src/Middleware.php(63): GuzzleHttp/RedirectMiddleware->__invoke(Object(GuzzleHttp/Psr7/Request), Array)
#13 C:/Users/DELL/growza/growza/vendor/guzzlehttp/guzzle/src/HandlerStack.php(75): GuzzleHttp/Middleware::{closure:{closure:GuzzleHttp/Middleware::httpErrors():60}:61}(Object(GuzzleHttp/Psr7/Request), Array)
#14 C:/Users/DELL/growza/growza/vendor/guzzlehttp/guzzle/src/Client.php(1109): GuzzleHttp/HandlerStack->__invoke(Object(GuzzleHttp/Psr7/Request), Array)
#15 C:/Users/DELL/growza/growza/vendor/guzzlehttp/guzzle/src/Client.php(243): GuzzleHttp/Client->transfer(Object(GuzzleHttp/Psr7/Request), Array)
#16 C:/Users/DELL/growza/growza/vendor/guzzlehttp/guzzle/src/Client.php(273): GuzzleHttp/Client->requestAsync('GET', Object(GuzzleHttp/Psr7/Uri), Array)
#17 C:/Users/DELL/growza/growza/vendor/laravel/framework/src/Illuminate/Http/Client/PendingRequest.php(1138): GuzzleHttp/Client->request('GET', 'https://api.pwn...', Array)
#18 C:/Users/DELL/growza/growza/vendor/laravel/framework/src/Illuminate/Http/Client/PendingRequest.php(907): Illuminate/Http/Client/PendingRequest->sendRequest('GET', 'https://api.pwn...', Array)
#19 C:/Users/DELL/growza/growza/vendor/laravel/framework/src/Illuminate/Support/helpers.php(338): Illuminate/Http/Client/PendingRequest->{closure:Illuminate/Http/Client/PendingRequest::send():905}(1)
#20 C:/Users/DELL/growza/growza/vendor/laravel/framework/src/Illuminate/Http/Client/PendingRequest.php(905): retry(0, Object(Closure), 100, Object(Closure))
#21 C:/Users/DELL/growza/growza/vendor/laravel/framework/src/Illuminate/Http/Client/PendingRequest.php(772): Illuminate/Http/Client/PendingRequest->send('GET', 'https://api.pwn...', Array)
#22 C:/Users/DELL/growza/growza/vendor/laravel/framework/src/Illuminate/Validation/NotPwnedVerifier.php(89): Illuminate/Http/Client/PendingRequest->get('https://api.pwn...')
#23 C:/Users/DELL/growza/growza/vendor/laravel/framework/src/Illuminate/Validation/NotPwnedVerifier.php(55): Illuminate/Validation/NotPwnedVerifier->search('D8A94')
#24 C:/Users/DELL/growza/growza/vendor/laravel/framework/src/Illuminate/Validation/Rules/Password.php(349): Illuminate/Validation/NotPwnedVerifier->verify(Array)
#25 C:/Users/DELL/growza/growza/vendor/laravel/framework/src/Illuminate/Validation/Validator.php(902): Illuminate/Validation/Rules/Password->passes('password', 'brand-new-secre...')
#26 C:/Users/DELL/growza/growza/vendor/laravel/framework/src/Illuminate/Validation/Validator.php(678): Illuminate/Validation/Validator->validateUsingCustomRule('password', 'brand-new-secre...', Object(Illuminate/Validation/Rules/Password))
#27 C:/Users/DELL/growza/growza/vendor/laravel/framework/src/Illuminate/Validation/Validator.php(481): Illuminate/Validation/Validator->validateAttribute('password', Object(Illuminate/Validation/Rules/Password))
#28 C:/Users/DELL/growza/growza/vendor/laravel/framework/src/Illuminate/Validation/Validator.php(516): Illuminate/Validation/Validator->passes()
#29 C:/Users/DELL/growza/growza/vendor/laravel/framework/src/Illuminate/Validation/Validator.php(558): Illuminate/Validation/Validator->fails()
#30 C:/Users/DELL/growza/growza/vendor/laravel/framework/src/Illuminate/Validation/Validator.php(574): Illuminate/Validation/Validator->validate()
#31 C:/Users/DELL/growza/growza/app/Domain/Auth/Actions/UpdateUserPassword.php(34): Illuminate/Validation/Validator->validateWithBag('updatePassword')
#32 C:/Users/DELL/growza/growza/vendor/laravel/fortify/src/Http/Controllers/PasswordController.php(24): App/Domain/Auth/Actions/UpdateUserPassword->update(Object(App/Domain/Identity/Models/User), Array)
#33 C:/Users/DELL/growza/growza/vendor/laravel/framework/src/Illuminate/Routing/Controller.php(54): Laravel/Fortify/Http/Controllers/PasswordController->update(Object(Illuminate/Http/Request), Object(App/Domain/Auth/Actions/UpdateUserPassword))
#34 C:/Users/DELL/growza/growza/vendor/laravel/framework/src/Illuminate/Routing/ControllerDispatcher.php(44): Illuminate/Routing/Controller->callAction('update', Array)
#35 C:/Users/DELL/growza/growza/vendor/laravel/framework/src/Illuminate/Routing/Route.php(266): Illuminate/Routing/ControllerDispatcher->dispatch(Object(Illuminate/Routing/Route), Object(Laravel/Fortify/Http/Controllers/PasswordController), 'update')
#36 C:/Users/DELL/growza/growza/vendor/laravel/framework/src/Illuminate/Routing/Route.php(212): Illuminate/Routing/Route->runController()
#37 C:/Users/DELL/growza/growza/vendor/laravel/framework/src/Illuminate/Routing/Router.php(808): Illuminate/Routing/Route->run()
#38 C:/Users/DELL/growza/growza/vendor/laravel/framework/src/Illuminate/Pipeline/Pipeline.php(170): Illuminate/Routing/Router->{closure:Illuminate/Routing/Router::runRouteWithinStack():807}(Object(Illuminate/Http/Request))
#39 C:/Users/DELL/growza/growza/vendor/laravel/framework/src/Illuminate/Routing/Middleware/SubstituteBindings.php(51): Illuminate/Pipeline/Pipeline->{closure:Illuminate/Pipeline/Pipeline::prepareDestination():168}(Object(Illuminate/Http/Request))
#40 C:/Users/DELL/growza/growza/vendor/laravel/framework/src/Illuminate/Pipeline/Pipeline.php(209): Illuminate/Routing/Middleware/SubstituteBindings->handle(Object(Illuminate/Http/Request), Object(Closure))
#41 C:/Users/DELL/growza/growza/vendor/laravel/framework/src/Illuminate/Auth/Middleware/Authenticate.php(64): Illuminate/Pipeline/Pipeline->{closure:{closure:Illuminate/Pipeline/Pipeline::carry():184}:185}(Object(Illuminate/Http/Request))
#42 C:/Users/DELL/growza/growza/vendor/laravel/framework/src/Illuminate/Pipeline/Pipeline.php(209): Illuminate/Auth/Middleware/Authenticate->handle(Object(Illuminate/Http/Request), Object(Closure), 'web')
#43 C:/Users/DELL/growza/growza/vendor/laravel/framework/src/Illuminate/Foundation/Http/Middleware/VerifyCsrfToken.php(88): Illuminate/Pipeline/Pipeline->{closure:{closure:Illuminate/Pipeline/Pipeline::carry():184}:185}(Object(Illuminate/Http/Request))
#44 C:/Users/DELL/growza/growza/vendor/laravel/framework/src/Illuminate/Pipeline/Pipeline.php(209): Illuminate/Foundation/Http/Middleware/VerifyCsrfToken->handle(Object(Illuminate/Http/Request), Object(Closure))
#45 C:/Users/DELL/growza/growza/vendor/laravel/framework/src/Illuminate/View/Middleware/ShareErrorsFromSession.php(49): Illuminate/Pipeline/Pipeline->{closure:{closure:Illuminate/Pipeline/Pipeline::carry():184}:185}(Object(Illuminate/Http/Request))
#46 C:/Users/DELL/growza/growza/vendor/laravel/framework/src/Illuminate/Pipeline/Pipeline.php(209): Illuminate/View/Middleware/ShareErrorsFromSession->handle(Object(Illuminate/Http/Request), Object(Closure))
#47 C:/Users/DELL/growza/growza/vendor/laravel/framework/src/Illuminate/Session/Middleware/StartSession.php(121): Illuminate/Pipeline/Pipeline->{closure:{closure:Illuminate/Pipeline/Pipeline::carry():184}:185}(Object(Illuminate/Http/Request))
#48 C:/Users/DELL/growza/growza/vendor/laravel/framework/src/Illuminate/Session/Middleware/StartSession.php(64): Illuminate/Session/Middleware/StartSession->handleStatefulRequest(Object(Illuminate/Http/Request), Object(Illuminate/Session/Store), Object(Closure))
#49 C:/Users/DELL/growza/growza/vendor/laravel/framework/src/Illuminate/Pipeline/Pipeline.php(209): Illuminate/Session/Middleware/StartSession->handle(Object(Illuminate/Http/Request), Object(Closure))
#50 C:/Users/DELL/growza/growza/vendor/laravel/framework/src/Illuminate/Cookie/Middleware/AddQueuedCookiesToResponse.php(37): Illuminate/Pipeline/Pipeline->{closure:{closure:Illuminate/Pipeline/Pipeline::carry():184}:185}(Object(Illuminate/Http/Request))
#51 C:/Users/DELL/growza/growza/vendor/laravel/framework/src/Illuminate/Pipeline/Pipeline.php(209): Illuminate/Cookie/Middleware/AddQueuedCookiesToResponse->handle(Object(Illuminate/Http/Request), Object(Closure))
#52 C:/Users/DELL/growza/growza/vendor/laravel/framework/src/Illuminate/Cookie/Middleware/EncryptCookies.php(75): Illuminate/Pipeline/Pipeline->{closure:{closure:Illuminate/Pipeline/Pipeline::carry():184}:185}(Object(Illuminate/Http/Request))
#53 C:/Users/DELL/growza/growza/vendor/laravel/framework/src/Illuminate/Pipeline/Pipeline.php(209): Illuminate/Cookie/Middleware/EncryptCookies->handle(Object(Illuminate/Http/Request), Object(Closure))
#54 C:/Users/DELL/growza/growza/vendor/laravel/framework/src/Illuminate/Pipeline/Pipeline.php(127): Illuminate/Pipeline/Pipeline->{closure:{closure:Illuminate/Pipeline/Pipeline::carry():184}:185}(Object(Illuminate/Http/Request))
#55 C:/Users/DELL/growza/growza/vendor/laravel/framework/src/Illuminate/Routing/Router.php(807): Illuminate/Pipeline/Pipeline->then(Object(Closure))
#56 C:/Users/DELL/growza/growza/vendor/laravel/framework/src/Illuminate/Routing/Router.php(786): Illuminate/Routing/Router->runRouteWithinStack(Object(Illuminate/Routing/Route), Object(Illuminate/Http/Request))
#57 C:/Users/DELL/growza/growza/vendor/laravel/framework/src/Illuminate/Routing/Router.php(750): Illuminate/Routing/Router->runRoute(Object(Illuminate/Http/Request), Object(Illuminate/Routing/Route))
#58 C:/Users/DELL/growza/growza/vendor/laravel/framework/src/Illuminate/Routing/Router.php(739): Illuminate/Routing/Router->dispatchToRoute(Object(Illuminate/Http/Request))
#59 C:/Users/DELL/growza/growza/vendor/laravel/framework/src/Illuminate/Foundation/Http/Kernel.php(201): Illuminate/Routing/Router->dispatch(Object(Illuminate/Http/Request))
#60 C:/Users/DELL/growza/growza/vendor/laravel/framework/src/Illuminate/Pipeline/Pipeline.php(170): Illuminate/Foundation/Http/Kernel->{closure:Illuminate/Foundation/Http/Kernel::dispatchToRouter():198}(Object(Illuminate/Http/Request))
#61 C:/Users/DELL/growza/growza/vendor/livewire/livewire/src/Features/SupportDisablingBackButtonCache/DisableBackButtonCacheMiddleware.php(19): Illuminate/Pipeline/Pipeline->{closure:Illuminate/Pipeline/Pipeline::prepareDestination():168}(Object(Illuminate/Http/Request))
#62 C:/Users/DELL/growza/growza/vendor/laravel/framework/src/Illuminate/Pipeline/Pipeline.php(209): Livewire/Features/SupportDisablingBackButtonCache/DisableBackButtonCacheMiddleware->handle(Object(Illuminate/Http/Request), Object(Closure))
#63 C:/Users/DELL/growza/growza/vendor/laravel/framework/src/Illuminate/Foundation/Http/Middleware/TransformsRequest.php(21): Illuminate/Pipeline/Pipeline->{closure:{closure:Illuminate/Pipeline/Pipeline::carry():184}:185}(Object(Illuminate/Http/Request))
#64 C:/Users/DELL/growza/growza/vendor/laravel/framework/src/Illuminate/Foundation/Http/Middleware/ConvertEmptyStringsToNull.php(31): Illuminate/Foundation/Http/Middleware/TransformsRequest->handle(Object(Illuminate/Http/Request), Object(Closure))
#65 C:/Users/DELL/growza/growza/vendor/laravel/framework/src/Illuminate/Pipeline/Pipeline.php(209): Illuminate/Foundation/Http/Middleware/ConvertEmptyStringsToNull->handle(Object(Illuminate/Http/Request), Object(Closure))
#66 C:/Users/DELL/growza/growza/vendor/laravel/framework/src/Illuminate/Foundation/Http/Middleware/TransformsRequest.php(21): Illuminate/Pipeline/Pipeline->{closure:{closure:Illuminate/Pipeline/Pipeline::carry():184}:185}(Object(Illuminate/Http/Request))
#67 C:/Users/DELL/growza/growza/vendor/laravel/framework/src/Illuminate/Foundation/Http/Middleware/TrimStrings.php(51): Illuminate/Foundation/Http/Middleware/TransformsRequest->handle(Object(Illuminate/Http/Request), Object(Closure))
#68 C:/Users/DELL/growza/growza/vendor/laravel/framework/src/Illuminate/Pipeline/Pipeline.php(209): Illuminate/Foundation/Http/Middleware/TrimStrings->handle(Object(Illuminate/Http/Request), Object(Closure))
#69 C:/Users/DELL/growza/growza/vendor/laravel/framework/src/Illuminate/Http/Middleware/ValidatePostSize.php(27): Illuminate/Pipeline/Pipeline->{closure:{closure:Illuminate/Pipeline/Pipeline::carry():184}:185}(Object(Illuminate/Http/Request))
#70 C:/Users/DELL/growza/growza/vendor/laravel/framework/src/Illuminate/Pipeline/Pipeline.php(209): Illuminate/Http/Middleware/ValidatePostSize->handle(Object(Illuminate/Http/Request), Object(Closure))
#71 C:/Users/DELL/growza/growza/vendor/laravel/framework/src/Illuminate/Foundation/Http/Middleware/PreventRequestsDuringMaintenance.php(110): Illuminate/Pipeline/Pipeline->{closure:{closure:Illuminate/Pipeline/Pipeline::carry():184}:185}(Object(Illuminate/Http/Request))
#72 C:/Users/DELL/growza/growza/vendor/laravel/framework/src/Illuminate/Pipeline/Pipeline.php(209): Illuminate/Foundation/Http/Middleware/PreventRequestsDuringMaintenance->handle(Object(Illuminate/Http/Request), Object(Closure))
#73 C:/Users/DELL/growza/growza/vendor/laravel/framework/src/Illuminate/Http/Middleware/HandleCors.php(49): Illuminate/Pipeline/Pipeline->{closure:{closure:Illuminate/Pipeline/Pipeline::carry():184}:185}(Object(Illuminate/Http/Request))
#74 C:/Users/DELL/growza/growza/vendor/laravel/framework/src/Illuminate/Pipeline/Pipeline.php(209): Illuminate/Http/Middleware/HandleCors->handle(Object(Illuminate/Http/Request), Object(Closure))
#75 C:/Users/DELL/growza/growza/vendor/laravel/framework/src/Illuminate/Http/Middleware/TrustProxies.php(58): Illuminate/Pipeline/Pipeline->{closure:{closure:Illuminate/Pipeline/Pipeline::carry():184}:185}(Object(Illuminate/Http/Request))
#76 C:/Users/DELL/growza/growza/vendor/laravel/framework/src/Illuminate/Pipeline/Pipeline.php(209): Illuminate/Http/Middleware/TrustProxies->handle(Object(Illuminate/Http/Request), Object(Closure))
#77 C:/Users/DELL/growza/growza/vendor/laravel/framework/src/Illuminate/Foundation/Http/Middleware/InvokeDeferredCallbacks.php(22): Illuminate/Pipeline/Pipeline->{closure:{closure:Illuminate/Pipeline/Pipeline::carry():184}:185}(Object(Illuminate/Http/Request))
#78 C:/Users/DELL/growza/growza/vendor/laravel/framework/src/Illuminate/Pipeline/Pipeline.php(209): Illuminate/Foundation/Http/Middleware/InvokeDeferredCallbacks->handle(Object(Illuminate/Http/Request), Object(Closure))
#79 C:/Users/DELL/growza/growza/vendor/laravel/framework/src/Illuminate/Pipeline/Pipeline.php(127): Illuminate/Pipeline/Pipeline->{closure:{closure:Illuminate/Pipeline/Pipeline::carry():184}:185}(Object(Illuminate/Http/Request))
#80 C:/Users/DELL/growza/growza/vendor/laravel/framework/src/Illuminate/Foundation/Http/Kernel.php(176): Illuminate/Pipeline/Pipeline->then(Object(Closure))
#81 C:/Users/DELL/growza/growza/vendor/laravel/framework/src/Illuminate/Foundation/Http/Kernel.php(145): Illuminate/Foundation/Http/Kernel->sendRequestThroughRouter(Object(Illuminate/Http/Request))
#82 C:/Users/DELL/growza/growza/vendor/laravel/framework/src/Illuminate/Foundation/Testing/Concerns/MakesHttpRequests.php(607): Illuminate/Foundation/Http/Kernel->handle(Object(Illuminate/Http/Request))
#83 C:/Users/DELL/growza/growza/vendor/laravel/framework/src/Illuminate/Foundation/Testing/Concerns/MakesHttpRequests.php(427): Illuminate/Foundation/Testing/TestCase->call('PUT', 'http://localhos...', Array, Array, Array, Array)
#84 C:/Users/DELL/growza/growza/tests/Feature/AccountSecurityTest.php(32): Illuminate/Foundation/Testing/TestCase->put('http://localhos...', Array)
#85 C:/Users/DELL/growza/growza/vendor/pestphp/pest/src/Factories/TestCaseMethodFactory.php(110): P/Tests/Feature/AccountSecurityTest->{closure:C:/Users/DELL/growza/growza/tests/Feature/AccountSecurityTest.php:28}()
#86 [internal function]: P/Tests/Feature/AccountSecurityTest->{closure:Pest/Factories/TestCaseMethodFactory::getClosure():102}()
#87 C:/Users/DELL/growza/growza/vendor/pestphp/pest/src/Concerns/Testable.php(339): call_user_func_array(Object(Closure), Array)
#88 C:/Users/DELL/growza/growza/vendor/pestphp/pest/src/Support/ExceptionTrace.php(26): P/Tests/Feature/AccountSecurityTest->{closure:Pest/Concerns/Testable::__callClosure():339}()
#89 C:/Users/DELL/growza/growza/vendor/pestphp/pest/src/Concerns/Testable.php(339): Pest/Support/ExceptionTrace::ensure(Object(Closure))
#90 C:/Users/DELL/growza/growza/vendor/pestphp/pest/src/Concerns/Testable.php(256): P/Tests/Feature/AccountSecurityTest->__callClosure(Object(Closure), Array)
#91 C:/Users/DELL/growza/growza/vendor/pestphp/pest/src/Factories/TestCaseFactory.php(197) : eval()'d code(26): P/Tests/Feature/AccountSecurityTest->__runTest(Object(Closure))
#92 C:/Users/DELL/growza/growza/vendor/phpunit/phpunit/src/Framework/TestCase.php(1548): P/Tests/Feature/AccountSecurityTest->__pest_evaluable_it_updates_a_password_and_notifies_the_account_owner()
#93 C:/Users/DELL/growza/growza/vendor/phpunit/phpunit/src/Framework/TestCase.php(686): PHPUnit/Framework/TestCase->runTest()
#94 C:/Users/DELL/growza/growza/vendor/phpunit/phpunit/src/Framework/TestRunner.php(106): PHPUnit/Framework/TestCase->runBare()
#95 C:/Users/DELL/growza/growza/vendor/phpunit/phpunit/src/Framework/TestCase.php(516): PHPUnit/Framework/TestRunner->run(Object(P/Tests/Feature/AccountSecurityTest))
#96 C:/Users/DELL/growza/growza/vendor/phpunit/phpunit/src/Framework/TestSuite.php(374): PHPUnit/Framework/TestCase->run()
#97 C:/Users/DELL/growza/growza/vendor/phpunit/phpunit/src/Framework/TestSuite.php(374): PHPUnit/Framework/TestSuite->run()
#98 C:/Users/DELL/growza/growza/vendor/phpunit/phpunit/src/Framework/TestSuite.php(374): PHPUnit/Framework/TestSuite->run()
#99 C:/Users/DELL/growza/growza/vendor/phpunit/phpunit/src/TextUI/TestRunner.php(64): PHPUnit/Framework/TestSuite->run()
#100 C:/Users/DELL/growza/growza/vendor/phpunit/phpunit/src/TextUI/Application.php(204): PHPUnit/TextUI/TestRunner->run(Object(PHPUnit/TextUI/Configuration/Configuration), Object(PHPUnit/Runner/ResultCache/DefaultResultCache), Object(PHPUnit/Framework/TestSuite))
#101 C:/Users/DELL/growza/growza/vendor/pestphp/pest/src/Kernel.php(103): PHPUnit/TextUI/Application->run(Array)
#102 C:/Users/DELL/growza/growza/vendor/pestphp/pest/bin/pest(91): Pest/Kernel->handle(Array, Array)
#103 C:/Users/DELL/growza/growza/vendor/pestphp/pest/bin/pest(99): {closure:C:/Users/DELL/growza/growza/vendor/pestphp/pest/bin/pest:12}()
#104 {main}
"} 
[2026-09-21 06:24:42] testing.ERROR: cURL error 60: SSL certificate problem: unable to get local issuer certificate (see https://curl.se/libcurl/c/libcurl-errors.html) for https://api.pwnedpasswords.com/range/D8A94 {"userId":1,"exception":"[object] (GuzzleHttp\\Exception\\RequestException(code: 0): cURL error 60: SSL certificate problem: unable to get local issuer certificate (see https://curl.se/libcurl/c/libcurl-errors.html) for https://api.pwnedpasswords.com/range/D8A94 at C:/Users/DELL/growza/growza/vendor/guzzlehttp/guzzle/src/Handler/CurlFactory.php:1141)
[stacktrace]
#0 C:/Users/DELL/growza/growza/vendor/guzzlehttp/guzzle/src/Handler/CurlFactory.php(1077): GuzzleHttp/Handler/CurlFactory::createRejection(Object(GuzzleHttp/Handler/EasyHandle), Array)
#1 C:/Users/DELL/growza/growza/vendor/guzzlehttp/guzzle/src/Handler/CurlFactory.php(1014): GuzzleHttp/Handler/CurlFactory::finishError(Object(GuzzleHttp/Handler/CurlHandler), Object(GuzzleHttp/Handler/EasyHandle), Object(GuzzleHttp/Handler/CurlFactory))
#2 C:/Users/DELL/growza/growza/vendor/guzzlehttp/guzzle/src/Handler/CurlHandler.php(88): GuzzleHttp/Handler/CurlFactory::finish(Object(GuzzleHttp/Handler/CurlHandler), Object(GuzzleHttp/Handler/EasyHandle), Object(GuzzleHttp/Handler/CurlFactory))
#3 C:/Users/DELL/growza/growza/vendor/guzzlehttp/guzzle/src/Handler/Proxy.php(28): GuzzleHttp/Handler/CurlHandler->__invoke(Object(GuzzleHttp/Psr7/Request), Array)
#4 C:/Users/DELL/growza/growza/vendor/guzzlehttp/guzzle/src/Handler/Proxy.php(68): GuzzleHttp/Handler/Proxy::{closure:GuzzleHttp/Handler/Proxy::wrapSync():27}(Object(GuzzleHttp/Psr7/Request), Array)
#5 C:/Users/DELL/growza/growza/vendor/guzzlehttp/guzzle/src/Handler/Proxy.php(48): GuzzleHttp/Handler/Proxy::{closure:GuzzleHttp/Handler/Proxy::wrapTlsFallback():63}(Object(GuzzleHttp/Psr7/Request), Array)
#6 C:/Users/DELL/growza/growza/vendor/laravel/framework/src/Illuminate/Http/Client/PendingRequest.php(1340): GuzzleHttp/Handler/Proxy::{closure:GuzzleHttp/Handler/Proxy::wrapStreaming():47}(Object(GuzzleHttp/Psr7/Request), Array)
#7 C:/Users/DELL/growza/growza/vendor/laravel/framework/src/Illuminate/Http/Client/PendingRequest.php(1306): Illuminate/Http/Client/PendingRequest->{closure:{closure:Illuminate/Http/Client/PendingRequest::buildStubHandler():1327}:1328}(Object(GuzzleHttp/Psr7/Request), Array)
#8 C:/Users/DELL/growza/growza/vendor/laravel/framework/src/Illuminate/Http/Client/PendingRequest.php(1292): Illuminate/Http/Client/PendingRequest->{closure:{closure:Illuminate/Http/Client/PendingRequest::buildRecorderHandler():1304}:1305}(Object(GuzzleHttp/Psr7/Request), Array)
#9 C:/Users/DELL/growza/growza/vendor/guzzlehttp/guzzle/src/PrepareBodyMiddleware.php(35): Illuminate/Http/Client/PendingRequest->{closure:{closure:Illuminate/Http/Client/PendingRequest::buildBeforeSendingHandler():1290}:1291}(Object(GuzzleHttp/Psr7/Request), Array)
#10 C:/Users/DELL/growza/growza/vendor/guzzlehttp/guzzle/src/Middleware.php(38): GuzzleHttp/PrepareBodyMiddleware->__invoke(Object(GuzzleHttp/Psr7/Request), Array)
#11 C:/Users/DELL/growza/growza/vendor/guzzlehttp/guzzle/src/RedirectMiddleware.php(72): GuzzleHttp/Middleware::{closure:{closure:GuzzleHttp/Middleware::cookies():28}:29}(Object(GuzzleHttp/Psr7/Request), Array)
#12 C:/Users/DELL/growza/growza/vendor/guzzlehttp/guzzle/src/Middleware.php(63): GuzzleHttp/RedirectMiddleware->__invoke(Object(GuzzleHttp/Psr7/Request), Array)
#13 C:/Users/DELL/growza/growza/vendor/guzzlehttp/guzzle/src/HandlerStack.php(75): GuzzleHttp/Middleware::{closure:{closure:GuzzleHttp/Middleware::httpErrors():60}:61}(Object(GuzzleHttp/Psr7/Request), Array)
#14 C:/Users/DELL/growza/growza/vendor/guzzlehttp/guzzle/src/Client.php(1109): GuzzleHttp/HandlerStack->__invoke(Object(GuzzleHttp/Psr7/Request), Array)
#15 C:/Users/DELL/growza/growza/vendor/guzzlehttp/guzzle/src/Client.php(243): GuzzleHttp/Client->transfer(Object(GuzzleHttp/Psr7/Request), Array)
#16 C:/Users/DELL/growza/growza/vendor/guzzlehttp/guzzle/src/Client.php(273): GuzzleHttp/Client->requestAsync('GET', Object(GuzzleHttp/Psr7/Uri), Array)
#17 C:/Users/DELL/growza/growza/vendor/laravel/framework/src/Illuminate/Http/Client/PendingRequest.php(1138): GuzzleHttp/Client->request('GET', 'https://api.pwn...', Array)
#18 C:/Users/DELL/growza/growza/vendor/laravel/framework/src/Illuminate/Http/Client/PendingRequest.php(907): Illuminate/Http/Client/PendingRequest->sendRequest('GET', 'https://api.pwn...', Array)
#19 C:/Users/DELL/growza/growza/vendor/laravel/framework/src/Illuminate/Support/helpers.php(338): Illuminate/Http/Client/PendingRequest->{closure:Illuminate/Http/Client/PendingRequest::send():905}(1)
#20 C:/Users/DELL/growza/growza/vendor/laravel/framework/src/Illuminate/Http/Client/PendingRequest.php(905): retry(0, Object(Closure), 100, Object(Closure))
#21 C:/Users/DELL/growza/growza/vendor/laravel/framework/src/Illuminate/Http/Client/PendingRequest.php(772): Illuminate/Http/Client/PendingRequest->send('GET', 'https://api.pwn...', Array)
#22 C:/Users/DELL/growza/growza/vendor/laravel/framework/src/Illuminate/Validation/NotPwnedVerifier.php(89): Illuminate/Http/Client/PendingRequest->get('https://api.pwn...')
#23 C:/Users/DELL/growza/growza/vendor/laravel/framework/src/Illuminate/Validation/NotPwnedVerifier.php(55): Illuminate/Validation/NotPwnedVerifier->search('D8A94')
#24 C:/Users/DELL/growza/growza/vendor/laravel/framework/src/Illuminate/Validation/Rules/Password.php(349): Illuminate/Validation/NotPwnedVerifier->verify(Array)
#25 C:/Users/DELL/growza/growza/vendor/laravel/framework/src/Illuminate/Validation/Validator.php(902): Illuminate/Validation/Rules/Password->passes('password', 'brand-new-secre...')
#26 C:/Users/DELL/growza/growza/vendor/laravel/framework/src/Illuminate/Validation/Validator.php(678): Illuminate/Validation/Validator->validateUsingCustomRule('password', 'brand-new-secre...', Object(Illuminate/Validation/Rules/Password))
#27 C:/Users/DELL/growza/growza/vendor/laravel/framework/src/Illuminate/Validation/Validator.php(481): Illuminate/Validation/Validator->validateAttribute('password', Object(Illuminate/Validation/Rules/Password))
#28 C:/Users/DELL/growza/growza/vendor/laravel/framework/src/Illuminate/Validation/Validator.php(516): Illuminate/Validation/Validator->passes()
#29 C:/Users/DELL/growza/growza/vendor/laravel/framework/src/Illuminate/Validation/Validator.php(558): Illuminate/Validation/Validator->fails()
#30 C:/Users/DELL/growza/growza/vendor/laravel/framework/src/Illuminate/Validation/Validator.php(574): Illuminate/Validation/Validator->validate()
#31 C:/Users/DELL/growza/growza/app/Domain/Auth/Actions/UpdateUserPassword.php(34): Illuminate/Validation/Validator->validateWithBag('updatePassword')
#32 C:/Users/DELL/growza/growza/vendor/laravel/fortify/src/Http/Controllers/PasswordController.php(24): App/Domain/Auth/Actions/UpdateUserPassword->update(Object(App/Domain/Identity/Models/User), Array)
#33 C:/Users/DELL/growza/growza/vendor/laravel/framework/src/Illuminate/Routing/Controller.php(54): Laravel/Fortify/Http/Controllers/PasswordController->update(Object(Illuminate/Http/Request), Object(App/Domain/Auth/Actions/UpdateUserPassword))
#34 C:/Users/DELL/growza/growza/vendor/laravel/framework/src/Illuminate/Routing/ControllerDispatcher.php(44): Illuminate/Routing/Controller->callAction('update', Array)
#35 C:/Users/DELL/growza/growza/vendor/laravel/framework/src/Illuminate/Routing/Route.php(266): Illuminate/Routing/ControllerDispatcher->dispatch(Object(Illuminate/Routing/Route), Object(Laravel/Fortify/Http/Controllers/PasswordController), 'update')
#36 C:/Users/DELL/growza/growza/vendor/laravel/framework/src/Illuminate/Routing/Route.php(212): Illuminate/Routing/Route->runController()
#37 C:/Users/DELL/growza/growza/vendor/laravel/framework/src/Illuminate/Routing/Router.php(808): Illuminate/Routing/Route->run()
#38 C:/Users/DELL/growza/growza/vendor/laravel/framework/src/Illuminate/Pipeline/Pipeline.php(170): Illuminate/Routing/Router->{closure:Illuminate/Routing/Router::runRouteWithinStack():807}(Object(Illuminate/Http/Request))
#39 C:/Users/DELL/growza/growza/vendor/laravel/framework/src/Illuminate/Routing/Middleware/SubstituteBindings.php(51): Illuminate/Pipeline/Pipeline->{closure:Illuminate/Pipeline/Pipeline::prepareDestination():168}(Object(Illuminate/Http/Request))
#40 C:/Users/DELL/growza/growza/vendor/laravel/framework/src/Illuminate/Pipeline/Pipeline.php(209): Illuminate/Routing/Middleware/SubstituteBindings->handle(Object(Illuminate/Http/Request), Object(Closure))
#41 C:/Users/DELL/growza/growza/vendor/laravel/framework/src/Illuminate/Auth/Middleware/Authenticate.php(64): Illuminate/Pipeline/Pipeline->{closure:{closure:Illuminate/Pipeline/Pipeline::carry():184}:185}(Object(Illuminate/Http/Request))
#42 C:/Users/DELL/growza/growza/vendor/laravel/framework/src/Illuminate/Pipeline/Pipeline.php(209): Illuminate/Auth/Middleware/Authenticate->handle(Object(Illuminate/Http/Request), Object(Closure), 'web')
#43 C:/Users/DELL/growza/growza/vendor/laravel/framework/src/Illuminate/Foundation/Http/Middleware/VerifyCsrfToken.php(88): Illuminate/Pipeline/Pipeline->{closure:{closure:Illuminate/Pipeline/Pipeline::carry():184}:185}(Object(Illuminate/Http/Request))
#44 C:/Users/DELL/growza/growza/vendor/laravel/framework/src/Illuminate/Pipeline/Pipeline.php(209): Illuminate/Foundation/Http/Middleware/VerifyCsrfToken->handle(Object(Illuminate/Http/Request), Object(Closure))
#45 C:/Users/DELL/growza/growza/vendor/laravel/framework/src/Illuminate/View/Middleware/ShareErrorsFromSession.php(49): Illuminate/Pipeline/Pipeline->{closure:{closure:Illuminate/Pipeline/Pipeline::carry():184}:185}(Object(Illuminate/Http/Request))
#46 C:/Users/DELL/growza/growza/vendor/laravel/framework/src/Illuminate/Pipeline/Pipeline.php(209): Illuminate/View/Middleware/ShareErrorsFromSession->handle(Object(Illuminate/Http/Request), Object(Closure))
#47 C:/Users/DELL/growza/growza/vendor/laravel/framework/src/Illuminate/Session/Middleware/StartSession.php(121): Illuminate/Pipeline/Pipeline->{closure:{closure:Illuminate/Pipeline/Pipeline::carry():184}:185}(Object(Illuminate/Http/Request))
#48 C:/Users/DELL/growza/growza/vendor/laravel/framework/src/Illuminate/Session/Middleware/StartSession.php(64): Illuminate/Session/Middleware/StartSession->handleStatefulRequest(Object(Illuminate/Http/Request), Object(Illuminate/Session/Store), Object(Closure))
#49 C:/Users/DELL/growza/growza/vendor/laravel/framework/src/Illuminate/Pipeline/Pipeline.php(209): Illuminate/Session/Middleware/StartSession->handle(Object(Illuminate/Http/Request), Object(Closure))
#50 C:/Users/DELL/growza/growza/vendor/laravel/framework/src/Illuminate/Cookie/Middleware/AddQueuedCookiesToResponse.php(37): Illuminate/Pipeline/Pipeline->{closure:{closure:Illuminate/Pipeline/Pipeline::carry():184}:185}(Object(Illuminate/Http/Request))
#51 C:/Users/DELL/growza/growza/vendor/laravel/framework/src/Illuminate/Pipeline/Pipeline.php(209): Illuminate/Cookie/Middleware/AddQueuedCookiesToResponse->handle(Object(Illuminate/Http/Request), Object(Closure))
#52 C:/Users/DELL/growza/growza/vendor/laravel/framework/src/Illuminate/Cookie/Middleware/EncryptCookies.php(75): Illuminate/Pipeline/Pipeline->{closure:{closure:Illuminate/Pipeline/Pipeline::carry():184}:185}(Object(Illuminate/Http/Request))
#53 C:/Users/DELL/growza/growza/vendor/laravel/framework/src/Illuminate/Pipeline/Pipeline.php(209): Illuminate/Cookie/Middleware/EncryptCookies->handle(Object(Illuminate/Http/Request), Object(Closure))
#54 C:/Users/DELL/growza/growza/vendor/laravel/framework/src/Illuminate/Pipeline/Pipeline.php(127): Illuminate/Pipeline/Pipeline->{closure:{closure:Illuminate/Pipeline/Pipeline::carry():184}:185}(Object(Illuminate/Http/Request))
#55 C:/Users/DELL/growza/growza/vendor/laravel/framework/src/Illuminate/Routing/Router.php(807): Illuminate/Pipeline/Pipeline->then(Object(Closure))
#56 C:/Users/DELL/growza/growza/vendor/laravel/framework/src/Illuminate/Routing/Router.php(786): Illuminate/Routing/Router->runRouteWithinStack(Object(Illuminate/Routing/Route), Object(Illuminate/Http/Request))
#57 C:/Users/DELL/growza/growza/vendor/laravel/framework/src/Illuminate/Routing/Router.php(750): Illuminate/Routing/Router->runRoute(Object(Illuminate/Http/Request), Object(Illuminate/Routing/Route))
#58 C:/Users/DELL/growza/growza/vendor/laravel/framework/src/Illuminate/Routing/Router.php(739): Illuminate/Routing/Router->dispatchToRoute(Object(Illuminate/Http/Request))
#59 C:/Users/DELL/growza/growza/vendor/laravel/framework/src/Illuminate/Foundation/Http/Kernel.php(201): Illuminate/Routing/Router->dispatch(Object(Illuminate/Http/Request))
#60 C:/Users/DELL/growza/growza/vendor/laravel/framework/src/Illuminate/Pipeline/Pipeline.php(170): Illuminate/Foundation/Http/Kernel->{closure:Illuminate/Foundation/Http/Kernel::dispatchToRouter():198}(Object(Illuminate/Http/Request))
#61 C:/Users/DELL/growza/growza/vendor/livewire/livewire/src/Features/SupportDisablingBackButtonCache/DisableBackButtonCacheMiddleware.php(19): Illuminate/Pipeline/Pipeline->{closure:Illuminate/Pipeline/Pipeline::prepareDestination():168}(Object(Illuminate/Http/Request))
#62 C:/Users/DELL/growza/growza/vendor/laravel/framework/src/Illuminate/Pipeline/Pipeline.php(209): Livewire/Features/SupportDisablingBackButtonCache/DisableBackButtonCacheMiddleware->handle(Object(Illuminate/Http/Request), Object(Closure))
#63 C:/Users/DELL/growza/growza/vendor/laravel/framework/src/Illuminate/Foundation/Http/Middleware/TransformsRequest.php(21): Illuminate/Pipeline/Pipeline->{closure:{closure:Illuminate/Pipeline/Pipeline::carry():184}:185}(Object(Illuminate/Http/Request))
#64 C:/Users/DELL/growza/growza/vendor/laravel/framework/src/Illuminate/Foundation/Http/Middleware/ConvertEmptyStringsToNull.php(31): Illuminate/Foundation/Http/Middleware/TransformsRequest->handle(Object(Illuminate/Http/Request), Object(Closure))
#65 C:/Users/DELL/growza/growza/vendor/laravel/framework/src/Illuminate/Pipeline/Pipeline.php(209): Illuminate/Foundation/Http/Middleware/ConvertEmptyStringsToNull->handle(Object(Illuminate/Http/Request), Object(Closure))
#66 C:/Users/DELL/growza/growza/vendor/laravel/framework/src/Illuminate/Foundation/Http/Middleware/TransformsRequest.php(21): Illuminate/Pipeline/Pipeline->{closure:{closure:Illuminate/Pipeline/Pipeline::carry():184}:185}(Object(Illuminate/Http/Request))
#67 C:/Users/DELL/growza/growza/vendor/laravel/framework/src/Illuminate/Foundation/Http/Middleware/TrimStrings.php(51): Illuminate/Foundation/Http/Middleware/TransformsRequest->handle(Object(Illuminate/Http/Request), Object(Closure))
#68 C:/Users/DELL/growza/growza/vendor/laravel/framework/src/Illuminate/Pipeline/Pipeline.php(209): Illuminate/Foundation/Http/Middleware/TrimStrings->handle(Object(Illuminate/Http/Request), Object(Closure))
#69 C:/Users/DELL/growza/growza/vendor/laravel/framework/src/Illuminate/Http/Middleware/ValidatePostSize.php(27): Illuminate/Pipeline/Pipeline->{closure:{closure:Illuminate/Pipeline/Pipeline::carry():184}:185}(Object(Illuminate/Http/Request))
#70 C:/Users/DELL/growza/growza/vendor/laravel/framework/src/Illuminate/Pipeline/Pipeline.php(209): Illuminate/Http/Middleware/ValidatePostSize->handle(Object(Illuminate/Http/Request), Object(Closure))
#71 C:/Users/DELL/growza/growza/vendor/laravel/framework/src/Illuminate/Foundation/Http/Middleware/PreventRequestsDuringMaintenance.php(110): Illuminate/Pipeline/Pipeline->{closure:{closure:Illuminate/Pipeline/Pipeline::carry():184}:185}(Object(Illuminate/Http/Request))
#72 C:/Users/DELL/growza/growza/vendor/laravel/framework/src/Illuminate/Pipeline/Pipeline.php(209): Illuminate/Foundation/Http/Middleware/PreventRequestsDuringMaintenance->handle(Object(Illuminate/Http/Request), Object(Closure))
#73 C:/Users/DELL/growza/growza/vendor/laravel/framework/src/Illuminate/Http/Middleware/HandleCors.php(49): Illuminate/Pipeline/Pipeline->{closure:{closure:Illuminate/Pipeline/Pipeline::carry():184}:185}(Object(Illuminate/Http/Request))
#74 C:/Users/DELL/growza/growza/vendor/laravel/framework/src/Illuminate/Pipeline/Pipeline.php(209): Illuminate/Http/Middleware/HandleCors->handle(Object(Illuminate/Http/Request), Object(Closure))
#75 C:/Users/DELL/growza/growza/vendor/laravel/framework/src/Illuminate/Http/Middleware/TrustProxies.php(58): Illuminate/Pipeline/Pipeline->{closure:{closure:Illuminate/Pipeline/Pipeline::carry():184}:185}(Object(Illuminate/Http/Request))
#76 C:/Users/DELL/growza/growza/vendor/laravel/framework/src/Illuminate/Pipeline/Pipeline.php(209): Illuminate/Http/Middleware/TrustProxies->handle(Object(Illuminate/Http/Request), Object(Closure))
#77 C:/Users/DELL/growza/growza/vendor/laravel/framework/src/Illuminate/Foundation/Http/Middleware/InvokeDeferredCallbacks.php(22): Illuminate/Pipeline/Pipeline->{closure:{closure:Illuminate/Pipeline/Pipeline::carry():184}:185}(Object(Illuminate/Http/Request))
#78 C:/Users/DELL/growza/growza/vendor/laravel/framework/src/Illuminate/Pipeline/Pipeline.php(209): Illuminate/Foundation/Http/Middleware/InvokeDeferredCallbacks->handle(Object(Illuminate/Http/Request), Object(Closure))
#79 C:/Users/DELL/growza/growza/vendor/laravel/framework/src/Illuminate/Pipeline/Pipeline.php(127): Illuminate/Pipeline/Pipeline->{closure:{closure:Illuminate/Pipeline/Pipeline::carry():184}:185}(Object(Illuminate/Http/Request))
#80 C:/Users/DELL/growza/growza/vendor/laravel/framework/src/Illuminate/Foundation/Http/Kernel.php(176): Illuminate/Pipeline/Pipeline->then(Object(Closure))
#81 C:/Users/DELL/growza/growza/vendor/laravel/framework/src/Illuminate/Foundation/Http/Kernel.php(145): Illuminate/Foundation/Http/Kernel->sendRequestThroughRouter(Object(Illuminate/Http/Request))
#82 C:/Users/DELL/growza/growza/vendor/laravel/framework/src/Illuminate/Foundation/Testing/Concerns/MakesHttpRequests.php(607): Illuminate/Foundation/Http/Kernel->handle(Object(Illuminate/Http/Request))
#83 C:/Users/DELL/growza/growza/vendor/laravel/framework/src/Illuminate/Foundation/Testing/Concerns/MakesHttpRequests.php(427): Illuminate/Foundation/Testing/TestCase->call('PUT', 'http://localhos...', Array, Array, Array, Array)
#84 C:/Users/DELL/growza/growza/tests/Feature/AccountSecurityTest.php(46): Illuminate/Foundation/Testing/TestCase->put('http://localhos...', Array)
#85 C:/Users/DELL/growza/growza/vendor/pestphp/pest/src/Factories/TestCaseMethodFactory.php(110): P/Tests/Feature/AccountSecurityTest->{closure:C:/Users/DELL/growza/growza/tests/Feature/AccountSecurityTest.php:43}()
#86 [internal function]: P/Tests/Feature/AccountSecurityTest->{closure:Pest/Factories/TestCaseMethodFactory::getClosure():102}()
#87 C:/Users/DELL/growza/growza/vendor/pestphp/pest/src/Concerns/Testable.php(339): call_user_func_array(Object(Closure), Array)
#88 C:/Users/DELL/growza/growza/vendor/pestphp/pest/src/Support/ExceptionTrace.php(26): P/Tests/Feature/AccountSecurityTest->{closure:Pest/Concerns/Testable::__callClosure():339}()
#89 C:/Users/DELL/growza/growza/vendor/pestphp/pest/src/Concerns/Testable.php(339): Pest/Support/ExceptionTrace::ensure(Object(Closure))
#90 C:/Users/DELL/growza/growza/vendor/pestphp/pest/src/Concerns/Testable.php(256): P/Tests/Feature/AccountSecurityTest->__callClosure(Object(Closure), Array)
#91 C:/Users/DELL/growza/growza/vendor/pestphp/pest/src/Factories/TestCaseFactory.php(197) : eval()'d code(41): P/Tests/Feature/AccountSecurityTest->__runTest(Object(Closure))
#92 C:/Users/DELL/growza/growza/vendor/phpunit/phpunit/src/Framework/TestCase.php(1548): P/Tests/Feature/AccountSecurityTest->__pest_evaluable_it_rejects_a_password_change_without_the_correct_current_password()
#93 C:/Users/DELL/growza/growza/vendor/phpunit/phpunit/src/Framework/TestCase.php(686): PHPUnit/Framework/TestCase->runTest()
#94 C:/Users/DELL/growza/growza/vendor/phpunit/phpunit/src/Framework/TestRunner.php(106): PHPUnit/Framework/TestCase->runBare()
#95 C:/Users/DELL/growza/growza/vendor/phpunit/phpunit/src/Framework/TestCase.php(516): PHPUnit/Framework/TestRunner->run(Object(P/Tests/Feature/AccountSecurityTest))
#96 C:/Users/DELL/growza/growza/vendor/phpunit/phpunit/src/Framework/TestSuite.php(374): PHPUnit/Framework/TestCase->run()
#97 C:/Users/DELL/growza/growza/vendor/phpunit/phpunit/src/Framework/TestSuite.php(374): PHPUnit/Framework/TestSuite->run()
#98 C:/Users/DELL/growza/growza/vendor/phpunit/phpunit/src/Framework/TestSuite.php(374): PHPUnit/Framework/TestSuite->run()
#99 C:/Users/DELL/growza/growza/vendor/phpunit/phpunit/src/TextUI/TestRunner.php(64): PHPUnit/Framework/TestSuite->run()
#100 C:/Users/DELL/growza/growza/vendor/phpunit/phpunit/src/TextUI/Application.php(204): PHPUnit/TextUI/TestRunner->run(Object(PHPUnit/TextUI/Configuration/Configuration), Object(PHPUnit/Runner/ResultCache/DefaultResultCache), Object(PHPUnit/Framework/TestSuite))
#101 C:/Users/DELL/growza/growza/vendor/pestphp/pest/src/Kernel.php(103): PHPUnit/TextUI/Application->run(Array)
#102 C:/Users/DELL/growza/growza/vendor/pestphp/pest/bin/pest(91): Pest/Kernel->handle(Array, Array)
#103 C:/Users/DELL/growza/growza/vendor/pestphp/pest/bin/pest(99): {closure:C:/Users/DELL/growza/growza/vendor/pestphp/pest/bin/pest:12}()
#104 {main}
"} 
[2026-09-21 06:24:45] testing.ERROR: cURL error 60: SSL certificate problem: unable to get local issuer certificate (see https://curl.se/libcurl/c/libcurl-errors.html) for https://api.pwnedpasswords.com/range/D8A94 {"userId":1,"exception":"[object] (GuzzleHttp\\Exception\\RequestException(code: 0): cURL error 60: SSL certificate problem: unable to get local issuer certificate (see https://curl.se/libcurl/c/libcurl-errors.html) for https://api.pwnedpasswords.com/range/D8A94 at C:/Users/DELL/growza/growza/vendor/guzzlehttp/guzzle/src/Handler/CurlFactory.php:1141)
[stacktrace]
#0 C:/Users/DELL/growza/growza/vendor/guzzlehttp/guzzle/src/Handler/CurlFactory.php(1077): GuzzleHttp/Handler/CurlFactory::createRejection(Object(GuzzleHttp/Handler/EasyHandle), Array)
#1 C:/Users/DELL/growza/growza/vendor/guzzlehttp/guzzle/src/Handler/CurlFactory.php(1014): GuzzleHttp/Handler/CurlFactory::finishError(Object(GuzzleHttp/Handler/CurlHandler), Object(GuzzleHttp/Handler/EasyHandle), Object(GuzzleHttp/Handler/CurlFactory))
#2 C:/Users/DELL/growza/growza/vendor/guzzlehttp/guzzle/src/Handler/CurlHandler.php(88): GuzzleHttp/Handler/CurlFactory::finish(Object(GuzzleHttp/Handler/CurlHandler), Object(GuzzleHttp/Handler/EasyHandle), Object(GuzzleHttp/Handler/CurlFactory))
#3 C:/Users/DELL/growza/growza/vendor/guzzlehttp/guzzle/src/Handler/Proxy.php(28): GuzzleHttp/Handler/CurlHandler->__invoke(Object(GuzzleHttp/Psr7/Request), Array)
#4 C:/Users/DELL/growza/growza/vendor/guzzlehttp/guzzle/src/Handler/Proxy.php(68): GuzzleHttp/Handler/Proxy::{closure:GuzzleHttp/Handler/Proxy::wrapSync():27}(Object(GuzzleHttp/Psr7/Request), Array)
#5 C:/Users/DELL/growza/growza/vendor/guzzlehttp/guzzle/src/Handler/Proxy.php(48): GuzzleHttp/Handler/Proxy::{closure:GuzzleHttp/Handler/Proxy::wrapTlsFallback():63}(Object(GuzzleHttp/Psr7/Request), Array)
#6 C:/Users/DELL/growza/growza/vendor/laravel/framework/src/Illuminate/Http/Client/PendingRequest.php(1340): GuzzleHttp/Handler/Proxy::{closure:GuzzleHttp/Handler/Proxy::wrapStreaming():47}(Object(GuzzleHttp/Psr7/Request), Array)
#7 C:/Users/DELL/growza/growza/vendor/laravel/framework/src/Illuminate/Http/Client/PendingRequest.php(1306): Illuminate/Http/Client/PendingRequest->{closure:{closure:Illuminate/Http/Client/PendingRequest::buildStubHandler():1327}:1328}(Object(GuzzleHttp/Psr7/Request), Array)
#8 C:/Users/DELL/growza/growza/vendor/laravel/framework/src/Illuminate/Http/Client/PendingRequest.php(1292): Illuminate/Http/Client/PendingRequest->{closure:{closure:Illuminate/Http/Client/PendingRequest::buildRecorderHandler():1304}:1305}(Object(GuzzleHttp/Psr7/Request), Array)
#9 C:/Users/DELL/growza/growza/vendor/guzzlehttp/guzzle/src/PrepareBodyMiddleware.php(35): Illuminate/Http/Client/PendingRequest->{closure:{closure:Illuminate/Http/Client/PendingRequest::buildBeforeSendingHandler():1290}:1291}(Object(GuzzleHttp/Psr7/Request), Array)
#10 C:/Users/DELL/growza/growza/vendor/guzzlehttp/guzzle/src/Middleware.php(38): GuzzleHttp/PrepareBodyMiddleware->__invoke(Object(GuzzleHttp/Psr7/Request), Array)
#11 C:/Users/DELL/growza/growza/vendor/guzzlehttp/guzzle/src/RedirectMiddleware.php(72): GuzzleHttp/Middleware::{closure:{closure:GuzzleHttp/Middleware::cookies():28}:29}(Object(GuzzleHttp/Psr7/Request), Array)
#12 C:/Users/DELL/growza/growza/vendor/guzzlehttp/guzzle/src/Middleware.php(63): GuzzleHttp/RedirectMiddleware->__invoke(Object(GuzzleHttp/Psr7/Request), Array)
#13 C:/Users/DELL/growza/growza/vendor/guzzlehttp/guzzle/src/HandlerStack.php(75): GuzzleHttp/Middleware::{closure:{closure:GuzzleHttp/Middleware::httpErrors():60}:61}(Object(GuzzleHttp/Psr7/Request), Array)
#14 C:/Users/DELL/growza/growza/vendor/guzzlehttp/guzzle/src/Client.php(1109): GuzzleHttp/HandlerStack->__invoke(Object(GuzzleHttp/Psr7/Request), Array)
#15 C:/Users/DELL/growza/growza/vendor/guzzlehttp/guzzle/src/Client.php(243): GuzzleHttp/Client->transfer(Object(GuzzleHttp/Psr7/Request), Array)
#16 C:/Users/DELL/growza/growza/vendor/guzzlehttp/guzzle/src/Client.php(273): GuzzleHttp/Client->requestAsync('GET', Object(GuzzleHttp/Psr7/Uri), Array)
#17 C:/Users/DELL/growza/growza/vendor/laravel/framework/src/Illuminate/Http/Client/PendingRequest.php(1138): GuzzleHttp/Client->request('GET', 'https://api.pwn...', Array)
#18 C:/Users/DELL/growza/growza/vendor/laravel/framework/src/Illuminate/Http/Client/PendingRequest.php(907): Illuminate/Http/Client/PendingRequest->sendRequest('GET', 'https://api.pwn...', Array)
#19 C:/Users/DELL/growza/growza/vendor/laravel/framework/src/Illuminate/Support/helpers.php(338): Illuminate/Http/Client/PendingRequest->{closure:Illuminate/Http/Client/PendingRequest::send():905}(1)
#20 C:/Users/DELL/growza/growza/vendor/laravel/framework/src/Illuminate/Http/Client/PendingRequest.php(905): retry(0, Object(Closure), 100, Object(Closure))
#21 C:/Users/DELL/growza/growza/vendor/laravel/framework/src/Illuminate/Http/Client/PendingRequest.php(772): Illuminate/Http/Client/PendingRequest->send('GET', 'https://api.pwn...', Array)
#22 C:/Users/DELL/growza/growza/vendor/laravel/framework/src/Illuminate/Validation/NotPwnedVerifier.php(89): Illuminate/Http/Client/PendingRequest->get('https://api.pwn...')
#23 C:/Users/DELL/growza/growza/vendor/laravel/framework/src/Illuminate/Validation/NotPwnedVerifier.php(55): Illuminate/Validation/NotPwnedVerifier->search('D8A94')
#24 C:/Users/DELL/growza/growza/vendor/laravel/framework/src/Illuminate/Validation/Rules/Password.php(349): Illuminate/Validation/NotPwnedVerifier->verify(Array)
#25 C:/Users/DELL/growza/growza/vendor/laravel/framework/src/Illuminate/Validation/Validator.php(902): Illuminate/Validation/Rules/Password->passes('password', 'brand-new-secre...')
#26 C:/Users/DELL/growza/growza/vendor/laravel/framework/src/Illuminate/Validation/Validator.php(678): Illuminate/Validation/Validator->validateUsingCustomRule('password', 'brand-new-secre...', Object(Illuminate/Validation/Rules/Password))
#27 C:/Users/DELL/growza/growza/vendor/laravel/framework/src/Illuminate/Validation/Validator.php(481): Illuminate/Validation/Validator->validateAttribute('password', Object(Illuminate/Validation/Rules/Password))
#28 C:/Users/DELL/growza/growza/vendor/laravel/framework/src/Illuminate/Validation/Validator.php(516): Illuminate/Validation/Validator->passes()
#29 C:/Users/DELL/growza/growza/vendor/laravel/framework/src/Illuminate/Validation/Validator.php(558): Illuminate/Validation/Validator->fails()
#30 C:/Users/DELL/growza/growza/vendor/laravel/framework/src/Illuminate/Validation/Validator.php(574): Illuminate/Validation/Validator->validate()
#31 C:/Users/DELL/growza/growza/app/Domain/Auth/Actions/UpdateUserPassword.php(34): Illuminate/Validation/Validator->validateWithBag('updatePassword')
#32 C:/Users/DELL/growza/growza/vendor/laravel/fortify/src/Http/Controllers/PasswordController.php(24): App/Domain/Auth/Actions/UpdateUserPassword->update(Object(App/Domain/Identity/Models/User), Array)
#33 C:/Users/DELL/growza/growza/vendor/laravel/framework/src/Illuminate/Routing/Controller.php(54): Laravel/Fortify/Http/Controllers/PasswordController->update(Object(Illuminate/Http/Request), Object(App/Domain/Auth/Actions/UpdateUserPassword))
#34 C:/Users/DELL/growza/growza/vendor/laravel/framework/src/Illuminate/Routing/ControllerDispatcher.php(44): Illuminate/Routing/Controller->callAction('update', Array)
#35 C:/Users/DELL/growza/growza/vendor/laravel/framework/src/Illuminate/Routing/Route.php(266): Illuminate/Routing/ControllerDispatcher->dispatch(Object(Illuminate/Routing/Route), Object(Laravel/Fortify/Http/Controllers/PasswordController), 'update')
#36 C:/Users/DELL/growza/growza/vendor/laravel/framework/src/Illuminate/Routing/Route.php(212): Illuminate/Routing/Route->runController()
#37 C:/Users/DELL/growza/growza/vendor/laravel/framework/src/Illuminate/Routing/Router.php(808): Illuminate/Routing/Route->run()
#38 C:/Users/DELL/growza/growza/vendor/laravel/framework/src/Illuminate/Pipeline/Pipeline.php(170): Illuminate/Routing/Router->{closure:Illuminate/Routing/Router::runRouteWithinStack():807}(Object(Illuminate/Http/Request))
#39 C:/Users/DELL/growza/growza/vendor/laravel/framework/src/Illuminate/Routing/Middleware/SubstituteBindings.php(51): Illuminate/Pipeline/Pipeline->{closure:Illuminate/Pipeline/Pipeline::prepareDestination():168}(Object(Illuminate/Http/Request))
#40 C:/Users/DELL/growza/growza/vendor/laravel/framework/src/Illuminate/Pipeline/Pipeline.php(209): Illuminate/Routing/Middleware/SubstituteBindings->handle(Object(Illuminate/Http/Request), Object(Closure))
#41 C:/Users/DELL/growza/growza/vendor/laravel/framework/src/Illuminate/Auth/Middleware/Authenticate.php(64): Illuminate/Pipeline/Pipeline->{closure:{closure:Illuminate/Pipeline/Pipeline::carry():184}:185}(Object(Illuminate/Http/Request))
#42 C:/Users/DELL/growza/growza/vendor/laravel/framework/src/Illuminate/Pipeline/Pipeline.php(209): Illuminate/Auth/Middleware/Authenticate->handle(Object(Illuminate/Http/Request), Object(Closure), 'web')
#43 C:/Users/DELL/growza/growza/vendor/laravel/framework/src/Illuminate/Foundation/Http/Middleware/VerifyCsrfToken.php(88): Illuminate/Pipeline/Pipeline->{closure:{closure:Illuminate/Pipeline/Pipeline::carry():184}:185}(Object(Illuminate/Http/Request))
#44 C:/Users/DELL/growza/growza/vendor/laravel/framework/src/Illuminate/Pipeline/Pipeline.php(209): Illuminate/Foundation/Http/Middleware/VerifyCsrfToken->handle(Object(Illuminate/Http/Request), Object(Closure))
#45 C:/Users/DELL/growza/growza/vendor/laravel/framework/src/Illuminate/View/Middleware/ShareErrorsFromSession.php(49): Illuminate/Pipeline/Pipeline->{closure:{closure:Illuminate/Pipeline/Pipeline::carry():184}:185}(Object(Illuminate/Http/Request))
#46 C:/Users/DELL/growza/growza/vendor/laravel/framework/src/Illuminate/Pipeline/Pipeline.php(209): Illuminate/View/Middleware/ShareErrorsFromSession->handle(Object(Illuminate/Http/Request), Object(Closure))
#47 C:/Users/DELL/growza/growza/vendor/laravel/framework/src/Illuminate/Session/Middleware/StartSession.php(121): Illuminate/Pipeline/Pipeline->{closure:{closure:Illuminate/Pipeline/Pipeline::carry():184}:185}(Object(Illuminate/Http/Request))
#48 C:/Users/DELL/growza/growza/vendor/laravel/framework/src/Illuminate/Session/Middleware/StartSession.php(64): Illuminate/Session/Middleware/StartSession->handleStatefulRequest(Object(Illuminate/Http/Request), Object(Illuminate/Session/Store), Object(Closure))
#49 C:/Users/DELL/growza/growza/vendor/laravel/framework/src/Illuminate/Pipeline/Pipeline.php(209): Illuminate/Session/Middleware/StartSession->handle(Object(Illuminate/Http/Request), Object(Closure))
#50 C:/Users/DELL/growza/growza/vendor/laravel/framework/src/Illuminate/Cookie/Middleware/AddQueuedCookiesToResponse.php(37): Illuminate/Pipeline/Pipeline->{closure:{closure:Illuminate/Pipeline/Pipeline::carry():184}:185}(Object(Illuminate/Http/Request))
#51 C:/Users/DELL/growza/growza/vendor/laravel/framework/src/Illuminate/Pipeline/Pipeline.php(209): Illuminate/Cookie/Middleware/AddQueuedCookiesToResponse->handle(Object(Illuminate/Http/Request), Object(Closure))
#52 C:/Users/DELL/growza/growza/vendor/laravel/framework/src/Illuminate/Cookie/Middleware/EncryptCookies.php(75): Illuminate/Pipeline/Pipeline->{closure:{closure:Illuminate/Pipeline/Pipeline::carry():184}:185}(Object(Illuminate/Http/Request))
#53 C:/Users/DELL/growza/growza/vendor/laravel/framework/src/Illuminate/Pipeline/Pipeline.php(209): Illuminate/Cookie/Middleware/EncryptCookies->handle(Object(Illuminate/Http/Request), Object(Closure))
#54 C:/Users/DELL/growza/growza/vendor/laravel/framework/src/Illuminate/Pipeline/Pipeline.php(127): Illuminate/Pipeline/Pipeline->{closure:{closure:Illuminate/Pipeline/Pipeline::carry():184}:185}(Object(Illuminate/Http/Request))
#55 C:/Users/DELL/growza/growza/vendor/laravel/framework/src/Illuminate/Routing/Router.php(807): Illuminate/Pipeline/Pipeline->then(Object(Closure))
#56 C:/Users/DELL/growza/growza/vendor/laravel/framework/src/Illuminate/Routing/Router.php(786): Illuminate/Routing/Router->runRouteWithinStack(Object(Illuminate/Routing/Route), Object(Illuminate/Http/Request))
#57 C:/Users/DELL/growza/growza/vendor/laravel/framework/src/Illuminate/Routing/Router.php(750): Illuminate/Routing/Router->runRoute(Object(Illuminate/Http/Request), Object(Illuminate/Routing/Route))
#58 C:/Users/DELL/growza/growza/vendor/laravel/framework/src/Illuminate/Routing/Router.php(739): Illuminate/Routing/Router->dispatchToRoute(Object(Illuminate/Http/Request))
#59 C:/Users/DELL/growza/growza/vendor/laravel/framework/src/Illuminate/Foundation/Http/Kernel.php(201): Illuminate/Routing/Router->dispatch(Object(Illuminate/Http/Request))
#60 C:/Users/DELL/growza/growza/vendor/laravel/framework/src/Illuminate/Pipeline/Pipeline.php(170): Illuminate/Foundation/Http/Kernel->{closure:Illuminate/Foundation/Http/Kernel::dispatchToRouter():198}(Object(Illuminate/Http/Request))
#61 C:/Users/DELL/growza/growza/vendor/livewire/livewire/src/Features/SupportDisablingBackButtonCache/DisableBackButtonCacheMiddleware.php(19): Illuminate/Pipeline/Pipeline->{closure:Illuminate/Pipeline/Pipeline::prepareDestination():168}(Object(Illuminate/Http/Request))
#62 C:/Users/DELL/growza/growza/vendor/laravel/framework/src/Illuminate/Pipeline/Pipeline.php(209): Livewire/Features/SupportDisablingBackButtonCache/DisableBackButtonCacheMiddleware->handle(Object(Illuminate/Http/Request), Object(Closure))
#63 C:/Users/DELL/growza/growza/vendor/laravel/framework/src/Illuminate/Foundation/Http/Middleware/TransformsRequest.php(21): Illuminate/Pipeline/Pipeline->{closure:{closure:Illuminate/Pipeline/Pipeline::carry():184}:185}(Object(Illuminate/Http/Request))
#64 C:/Users/DELL/growza/growza/vendor/laravel/framework/src/Illuminate/Foundation/Http/Middleware/ConvertEmptyStringsToNull.php(31): Illuminate/Foundation/Http/Middleware/TransformsRequest->handle(Object(Illuminate/Http/Request), Object(Closure))
#65 C:/Users/DELL/growza/growza/vendor/laravel/framework/src/Illuminate/Pipeline/Pipeline.php(209): Illuminate/Foundation/Http/Middleware/ConvertEmptyStringsToNull->handle(Object(Illuminate/Http/Request), Object(Closure))
#66 C:/Users/DELL/growza/growza/vendor/laravel/framework/src/Illuminate/Foundation/Http/Middleware/TransformsRequest.php(21): Illuminate/Pipeline/Pipeline->{closure:{closure:Illuminate/Pipeline/Pipeline::carry():184}:185}(Object(Illuminate/Http/Request))
#67 C:/Users/DELL/growza/growza/vendor/laravel/framework/src/Illuminate/Foundation/Http/Middleware/TrimStrings.php(51): Illuminate/Foundation/Http/Middleware/TransformsRequest->handle(Object(Illuminate/Http/Request), Object(Closure))
#68 C:/Users/DELL/growza/growza/vendor/laravel/framework/src/Illuminate/Pipeline/Pipeline.php(209): Illuminate/Foundation/Http/Middleware/TrimStrings->handle(Object(Illuminate/Http/Request), Object(Closure))
#69 C:/Users/DELL/growza/growza/vendor/laravel/framework/src/Illuminate/Http/Middleware/ValidatePostSize.php(27): Illuminate/Pipeline/Pipeline->{closure:{closure:Illuminate/Pipeline/Pipeline::carry():184}:185}(Object(Illuminate/Http/Request))
#70 C:/Users/DELL/growza/growza/vendor/laravel/framework/src/Illuminate/Pipeline/Pipeline.php(209): Illuminate/Http/Middleware/ValidatePostSize->handle(Object(Illuminate/Http/Request), Object(Closure))
#71 C:/Users/DELL/growza/growza/vendor/laravel/framework/src/Illuminate/Foundation/Http/Middleware/PreventRequestsDuringMaintenance.php(110): Illuminate/Pipeline/Pipeline->{closure:{closure:Illuminate/Pipeline/Pipeline::carry():184}:185}(Object(Illuminate/Http/Request))
#72 C:/Users/DELL/growza/growza/vendor/laravel/framework/src/Illuminate/Pipeline/Pipeline.php(209): Illuminate/Foundation/Http/Middleware/PreventRequestsDuringMaintenance->handle(Object(Illuminate/Http/Request), Object(Closure))
#73 C:/Users/DELL/growza/growza/vendor/laravel/framework/src/Illuminate/Http/Middleware/HandleCors.php(49): Illuminate/Pipeline/Pipeline->{closure:{closure:Illuminate/Pipeline/Pipeline::carry():184}:185}(Object(Illuminate/Http/Request))
#74 C:/Users/DELL/growza/growza/vendor/laravel/framework/src/Illuminate/Pipeline/Pipeline.php(209): Illuminate/Http/Middleware/HandleCors->handle(Object(Illuminate/Http/Request), Object(Closure))
#75 C:/Users/DELL/growza/growza/vendor/laravel/framework/src/Illuminate/Http/Middleware/TrustProxies.php(58): Illuminate/Pipeline/Pipeline->{closure:{closure:Illuminate/Pipeline/Pipeline::carry():184}:185}(Object(Illuminate/Http/Request))
#76 C:/Users/DELL/growza/growza/vendor/laravel/framework/src/Illuminate/Pipeline/Pipeline.php(209): Illuminate/Http/Middleware/TrustProxies->handle(Object(Illuminate/Http/Request), Object(Closure))
#77 C:/Users/DELL/growza/growza/vendor/laravel/framework/src/Illuminate/Foundation/Http/Middleware/InvokeDeferredCallbacks.php(22): Illuminate/Pipeline/Pipeline->{closure:{closure:Illuminate/Pipeline/Pipeline::carry():184}:185}(Object(Illuminate/Http/Request))
#78 C:/Users/DELL/growza/growza/vendor/laravel/framework/src/Illuminate/Pipeline/Pipeline.php(209): Illuminate/Foundation/Http/Middleware/InvokeDeferredCallbacks->handle(Object(Illuminate/Http/Request), Object(Closure))
#79 C:/Users/DELL/growza/growza/vendor/laravel/framework/src/Illuminate/Pipeline/Pipeline.php(127): Illuminate/Pipeline/Pipeline->{closure:{closure:Illuminate/Pipeline/Pipeline::carry():184}:185}(Object(Illuminate/Http/Request))
#80 C:/Users/DELL/growza/growza/vendor/laravel/framework/src/Illuminate/Foundation/Http/Kernel.php(176): Illuminate/Pipeline/Pipeline->then(Object(Closure))
#81 C:/Users/DELL/growza/growza/vendor/laravel/framework/src/Illuminate/Foundation/Http/Kernel.php(145): Illuminate/Foundation/Http/Kernel->sendRequestThroughRouter(Object(Illuminate/Http/Request))
#82 C:/Users/DELL/growza/growza/vendor/laravel/framework/src/Illuminate/Foundation/Testing/Concerns/MakesHttpRequests.php(607): Illuminate/Foundation/Http/Kernel->handle(Object(Illuminate/Http/Request))
#83 C:/Users/DELL/growza/growza/vendor/laravel/framework/src/Illuminate/Foundation/Testing/Concerns/MakesHttpRequests.php(427): Illuminate/Foundation/Testing/TestCase->call('PUT', 'http://localhos...', Array, Array, Array, Array)
#84 C:/Users/DELL/growza/growza/tests/Feature/AccountSecurityTest.php(58): Illuminate/Foundation/Testing/TestCase->put('http://localhos...', Array)
#85 C:/Users/DELL/growza/growza/vendor/pestphp/pest/src/Factories/TestCaseMethodFactory.php(110): P/Tests/Feature/AccountSecurityTest->{closure:C:/Users/DELL/growza/growza/tests/Feature/AccountSecurityTest.php:55}()
#86 [internal function]: P/Tests/Feature/AccountSecurityTest->{closure:Pest/Factories/TestCaseMethodFactory::getClosure():102}()
#87 C:/Users/DELL/growza/growza/vendor/pestphp/pest/src/Concerns/Testable.php(339): call_user_func_array(Object(Closure), Array)
#88 C:/Users/DELL/growza/growza/vendor/pestphp/pest/src/Support/ExceptionTrace.php(26): P/Tests/Feature/AccountSecurityTest->{closure:Pest/Concerns/Testable::__callClosure():339}()
#89 C:/Users/DELL/growza/growza/vendor/pestphp/pest/src/Concerns/Testable.php(339): Pest/Support/ExceptionTrace::ensure(Object(Closure))
#90 C:/Users/DELL/growza/growza/vendor/pestphp/pest/src/Concerns/Testable.php(256): P/Tests/Feature/AccountSecurityTest->__callClosure(Object(Closure), Array)
#91 C:/Users/DELL/growza/growza/vendor/pestphp/pest/src/Factories/TestCaseFactory.php(197) : eval()'d code(56): P/Tests/Feature/AccountSecurityTest->__runTest(Object(Closure))
#92 C:/Users/DELL/growza/growza/vendor/phpunit/phpunit/src/Framework/TestCase.php(1548): P/Tests/Feature/AccountSecurityTest->__pest_evaluable_it_audits_a_password_change_without_recording_the_password()
#93 C:/Users/DELL/growza/growza/vendor/phpunit/phpunit/src/Framework/TestCase.php(686): PHPUnit/Framework/TestCase->runTest()
#94 C:/Users/DELL/growza/growza/vendor/phpunit/phpunit/src/Framework/TestRunner.php(106): PHPUnit/Framework/TestCase->runBare()
#95 C:/Users/DELL/growza/growza/vendor/phpunit/phpunit/src/Framework/TestCase.php(516): PHPUnit/Framework/TestRunner->run(Object(P/Tests/Feature/AccountSecurityTest))
#96 C:/Users/DELL/growza/growza/vendor/phpunit/phpunit/src/Framework/TestSuite.php(374): PHPUnit/Framework/TestCase->run()
#97 C:/Users/DELL/growza/growza/vendor/phpunit/phpunit/src/Framework/TestSuite.php(374): PHPUnit/Framework/TestSuite->run()
#98 C:/Users/DELL/growza/growza/vendor/phpunit/phpunit/src/Framework/TestSuite.php(374): PHPUnit/Framework/TestSuite->run()
#99 C:/Users/DELL/growza/growza/vendor/phpunit/phpunit/src/TextUI/TestRunner.php(64): PHPUnit/Framework/TestSuite->run()
#100 C:/Users/DELL/growza/growza/vendor/phpunit/phpunit/src/TextUI/Application.php(204): PHPUnit/TextUI/TestRunner->run(Object(PHPUnit/TextUI/Configuration/Configuration), Object(PHPUnit/Runner/ResultCache/DefaultResultCache), Object(PHPUnit/Framework/TestSuite))
#101 C:/Users/DELL/growza/growza/vendor/pestphp/pest/src/Kernel.php(103): PHPUnit/TextUI/Application->run(Array)
#102 C:/Users/DELL/growza/growza/vendor/pestphp/pest/bin/pest(91): Pest/Kernel->handle(Array, Array)
#103 C:/Users/DELL/growza/growza/vendor/pestphp/pest/bin/pest(99): {closure:C:/Users/DELL/growza/growza/vendor/pestphp/pest/bin/pest:12}()
#104 {main}
"} 
[2026-09-21 06:24:47] testing.ERROR: cURL error 60: SSL certificate problem: unable to get local issuer certificate (see https://curl.se/libcurl/c/libcurl-errors.html) for https://api.pwnedpasswords.com/range/E8E64 {"exception":"[object] (GuzzleHttp\\Exception\\RequestException(code: 0): cURL error 60: SSL certificate problem: unable to get local issuer certificate (see https://curl.se/libcurl/c/libcurl-errors.html) for https://api.pwnedpasswords.com/range/E8E64 at C:/Users/DELL/growza/growza/vendor/guzzlehttp/guzzle/src/Handler/CurlFactory.php:1141)
[stacktrace]
#0 C:/Users/DELL/growza/growza/vendor/guzzlehttp/guzzle/src/Handler/CurlFactory.php(1077): GuzzleHttp/Handler/CurlFactory::createRejection(Object(GuzzleHttp/Handler/EasyHandle), Array)
#1 C:/Users/DELL/growza/growza/vendor/guzzlehttp/guzzle/src/Handler/CurlFactory.php(1014): GuzzleHttp/Handler/CurlFactory::finishError(Object(GuzzleHttp/Handler/CurlHandler), Object(GuzzleHttp/Handler/EasyHandle), Object(GuzzleHttp/Handler/CurlFactory))
#2 C:/Users/DELL/growza/growza/vendor/guzzlehttp/guzzle/src/Handler/CurlHandler.php(88): GuzzleHttp/Handler/CurlFactory::finish(Object(GuzzleHttp/Handler/CurlHandler), Object(GuzzleHttp/Handler/EasyHandle), Object(GuzzleHttp/Handler/CurlFactory))
#3 C:/Users/DELL/growza/growza/vendor/guzzlehttp/guzzle/src/Handler/Proxy.php(28): GuzzleHttp/Handler/CurlHandler->__invoke(Object(GuzzleHttp/Psr7/Request), Array)
#4 C:/Users/DELL/growza/growza/vendor/guzzlehttp/guzzle/src/Handler/Proxy.php(68): GuzzleHttp/Handler/Proxy::{closure:GuzzleHttp/Handler/Proxy::wrapSync():27}(Object(GuzzleHttp/Psr7/Request), Array)
#5 C:/Users/DELL/growza/growza/vendor/guzzlehttp/guzzle/src/Handler/Proxy.php(48): GuzzleHttp/Handler/Proxy::{closure:GuzzleHttp/Handler/Proxy::wrapTlsFallback():63}(Object(GuzzleHttp/Psr7/Request), Array)
#6 C:/Users/DELL/growza/growza/vendor/laravel/framework/src/Illuminate/Http/Client/PendingRequest.php(1340): GuzzleHttp/Handler/Proxy::{closure:GuzzleHttp/Handler/Proxy::wrapStreaming():47}(Object(GuzzleHttp/Psr7/Request), Array)
#7 C:/Users/DELL/growza/growza/vendor/laravel/framework/src/Illuminate/Http/Client/PendingRequest.php(1306): Illuminate/Http/Client/PendingRequest->{closure:{closure:Illuminate/Http/Client/PendingRequest::buildStubHandler():1327}:1328}(Object(GuzzleHttp/Psr7/Request), Array)
#8 C:/Users/DELL/growza/growza/vendor/laravel/framework/src/Illuminate/Http/Client/PendingRequest.php(1292): Illuminate/Http/Client/PendingRequest->{closure:{closure:Illuminate/Http/Client/PendingRequest::buildRecorderHandler():1304}:1305}(Object(GuzzleHttp/Psr7/Request), Array)
#9 C:/Users/DELL/growza/growza/vendor/guzzlehttp/guzzle/src/PrepareBodyMiddleware.php(35): Illuminate/Http/Client/PendingRequest->{closure:{closure:Illuminate/Http/Client/PendingRequest::buildBeforeSendingHandler():1290}:1291}(Object(GuzzleHttp/Psr7/Request), Array)
#10 C:/Users/DELL/growza/growza/vendor/guzzlehttp/guzzle/src/Middleware.php(38): GuzzleHttp/PrepareBodyMiddleware->__invoke(Object(GuzzleHttp/Psr7/Request), Array)
#11 C:/Users/DELL/growza/growza/vendor/guzzlehttp/guzzle/src/RedirectMiddleware.php(72): GuzzleHttp/Middleware::{closure:{closure:GuzzleHttp/Middleware::cookies():28}:29}(Object(GuzzleHttp/Psr7/Request), Array)
#12 C:/Users/DELL/growza/growza/vendor/guzzlehttp/guzzle/src/Middleware.php(63): GuzzleHttp/RedirectMiddleware->__invoke(Object(GuzzleHttp/Psr7/Request), Array)
#13 C:/Users/DELL/growza/growza/vendor/guzzlehttp/guzzle/src/HandlerStack.php(75): GuzzleHttp/Middleware::{closure:{closure:GuzzleHttp/Middleware::httpErrors():60}:61}(Object(GuzzleHttp/Psr7/Request), Array)
#14 C:/Users/DELL/growza/growza/vendor/guzzlehttp/guzzle/src/Client.php(1109): GuzzleHttp/HandlerStack->__invoke(Object(GuzzleHttp/Psr7/Request), Array)
#15 C:/Users/DELL/growza/growza/vendor/guzzlehttp/guzzle/src/Client.php(243): GuzzleHttp/Client->transfer(Object(GuzzleHttp/Psr7/Request), Array)
#16 C:/Users/DELL/growza/growza/vendor/guzzlehttp/guzzle/src/Client.php(273): GuzzleHttp/Client->requestAsync('GET', Object(GuzzleHttp/Psr7/Uri), Array)
#17 C:/Users/DELL/growza/growza/vendor/laravel/framework/src/Illuminate/Http/Client/PendingRequest.php(1138): GuzzleHttp/Client->request('GET', 'https://api.pwn...', Array)
#18 C:/Users/DELL/growza/growza/vendor/laravel/framework/src/Illuminate/Http/Client/PendingRequest.php(907): Illuminate/Http/Client/PendingRequest->sendRequest('GET', 'https://api.pwn...', Array)
#19 C:/Users/DELL/growza/growza/vendor/laravel/framework/src/Illuminate/Support/helpers.php(338): Illuminate/Http/Client/PendingRequest->{closure:Illuminate/Http/Client/PendingRequest::send():905}(1)
#20 C:/Users/DELL/growza/growza/vendor/laravel/framework/src/Illuminate/Http/Client/PendingRequest.php(905): retry(0, Object(Closure), 100, Object(Closure))
#21 C:/Users/DELL/growza/growza/vendor/laravel/framework/src/Illuminate/Http/Client/PendingRequest.php(772): Illuminate/Http/Client/PendingRequest->send('GET', 'https://api.pwn...', Array)
#22 C:/Users/DELL/growza/growza/vendor/laravel/framework/src/Illuminate/Validation/NotPwnedVerifier.php(89): Illuminate/Http/Client/PendingRequest->get('https://api.pwn...')
#23 C:/Users/DELL/growza/growza/vendor/laravel/framework/src/Illuminate/Validation/NotPwnedVerifier.php(55): Illuminate/Validation/NotPwnedVerifier->search('E8E64')
#24 C:/Users/DELL/growza/growza/vendor/laravel/framework/src/Illuminate/Validation/Rules/Password.php(349): Illuminate/Validation/NotPwnedVerifier->verify(Array)
#25 C:/Users/DELL/growza/growza/vendor/laravel/framework/src/Illuminate/Validation/Validator.php(902): Illuminate/Validation/Rules/Password->passes('password', 'correct-horse-9...')
#26 C:/Users/DELL/growza/growza/vendor/laravel/framework/src/Illuminate/Validation/Validator.php(678): Illuminate/Validation/Validator->validateUsingCustomRule('password', 'correct-horse-9...', Object(Illuminate/Validation/Rules/Password))
#27 C:/Users/DELL/growza/growza/vendor/laravel/framework/src/Illuminate/Validation/Validator.php(481): Illuminate/Validation/Validator->validateAttribute('password', Object(Illuminate/Validation/Rules/Password))
#28 C:/Users/DELL/growza/growza/vendor/laravel/framework/src/Illuminate/Validation/Validator.php(516): Illuminate/Validation/Validator->passes()
#29 C:/Users/DELL/growza/growza/vendor/laravel/framework/src/Illuminate/Validation/Validator.php(558): Illuminate/Validation/Validator->fails()
#30 C:/Users/DELL/growza/growza/app/Domain/Auth/Actions/CreateNewUser.php(53): Illuminate/Validation/Validator->validate()
#31 C:/Users/DELL/growza/growza/vendor/laravel/fortify/src/Http/Controllers/RegisteredUserController.php(62): App/Domain/Auth/Actions/CreateNewUser->create(Array)
#32 C:/Users/DELL/growza/growza/vendor/laravel/framework/src/Illuminate/Routing/Controller.php(54): Laravel/Fortify/Http/Controllers/RegisteredUserController->store(Object(Illuminate/Http/Request), Object(App/Domain/Auth/Actions/CreateNewUser))
#33 C:/Users/DELL/growza/growza/vendor/laravel/framework/src/Illuminate/Routing/ControllerDispatcher.php(44): Illuminate/Routing/Controller->callAction('store', Array)
#34 C:/Users/DELL/growza/growza/vendor/laravel/framework/src/Illuminate/Routing/Route.php(266): Illuminate/Routing/ControllerDispatcher->dispatch(Object(Illuminate/Routing/Route), Object(Laravel/Fortify/Http/Controllers/RegisteredUserController), 'store')
#35 C:/Users/DELL/growza/growza/vendor/laravel/framework/src/Illuminate/Routing/Route.php(212): Illuminate/Routing/Route->runController()
#36 C:/Users/DELL/growza/growza/vendor/laravel/framework/src/Illuminate/Routing/Router.php(808): Illuminate/Routing/Route->run()
#37 C:/Users/DELL/growza/growza/vendor/laravel/framework/src/Illuminate/Pipeline/Pipeline.php(170): Illuminate/Routing/Router->{closure:Illuminate/Routing/Router::runRouteWithinStack():807}(Object(Illuminate/Http/Request))
#38 C:/Users/DELL/growza/growza/vendor/laravel/framework/src/Illuminate/Auth/Middleware/RedirectIfAuthenticated.php(35): Illuminate/Pipeline/Pipeline->{closure:Illuminate/Pipeline/Pipeline::prepareDestination():168}(Object(Illuminate/Http/Request))
#39 C:/Users/DELL/growza/growza/vendor/laravel/framework/src/Illuminate/Pipeline/Pipeline.php(209): Illuminate/Auth/Middleware/RedirectIfAuthenticated->handle(Object(Illuminate/Http/Request), Object(Closure), 'web')
#40 C:/Users/DELL/growza/growza/vendor/laravel/framework/src/Illuminate/Routing/Middleware/SubstituteBindings.php(51): Illuminate/Pipeline/Pipeline->{closure:{closure:Illuminate/Pipeline/Pipeline::carry():184}:185}(Object(Illuminate/Http/Request))
#41 C:/Users/DELL/growza/growza/vendor/laravel/framework/src/Illuminate/Pipeline/Pipeline.php(209): Illuminate/Routing/Middleware/SubstituteBindings->handle(Object(Illuminate/Http/Request), Object(Closure))
#42 C:/Users/DELL/growza/growza/vendor/laravel/framework/src/Illuminate/Foundation/Http/Middleware/VerifyCsrfToken.php(88): Illuminate/Pipeline/Pipeline->{closure:{closure:Illuminate/Pipeline/Pipeline::carry():184}:185}(Object(Illuminate/Http/Request))
#43 C:/Users/DELL/growza/growza/vendor/laravel/framework/src/Illuminate/Pipeline/Pipeline.php(209): Illuminate/Foundation/Http/Middleware/VerifyCsrfToken->handle(Object(Illuminate/Http/Request), Object(Closure))
#44 C:/Users/DELL/growza/growza/vendor/laravel/framework/src/Illuminate/View/Middleware/ShareErrorsFromSession.php(49): Illuminate/Pipeline/Pipeline->{closure:{closure:Illuminate/Pipeline/Pipeline::carry():184}:185}(Object(Illuminate/Http/Request))
#45 C:/Users/DELL/growza/growza/vendor/laravel/framework/src/Illuminate/Pipeline/Pipeline.php(209): Illuminate/View/Middleware/ShareErrorsFromSession->handle(Object(Illuminate/Http/Request), Object(Closure))
#46 C:/Users/DELL/growza/growza/vendor/laravel/framework/src/Illuminate/Session/Middleware/StartSession.php(121): Illuminate/Pipeline/Pipeline->{closure:{closure:Illuminate/Pipeline/Pipeline::carry():184}:185}(Object(Illuminate/Http/Request))
#47 C:/Users/DELL/growza/growza/vendor/laravel/framework/src/Illuminate/Session/Middleware/StartSession.php(64): Illuminate/Session/Middleware/StartSession->handleStatefulRequest(Object(Illuminate/Http/Request), Object(Illuminate/Session/Store), Object(Closure))
#48 C:/Users/DELL/growza/growza/vendor/laravel/framework/src/Illuminate/Pipeline/Pipeline.php(209): Illuminate/Session/Middleware/StartSession->handle(Object(Illuminate/Http/Request), Object(Closure))
#49 C:/Users/DELL/growza/growza/vendor/laravel/framework/src/Illuminate/Cookie/Middleware/AddQueuedCookiesToResponse.php(37): Illuminate/Pipeline/Pipeline->{closure:{closure:Illuminate/Pipeline/Pipeline::carry():184}:185}(Object(Illuminate/Http/Request))
#50 C:/Users/DELL/growza/growza/vendor/laravel/framework/src/Illuminate/Pipeline/Pipeline.php(209): Illuminate/Cookie/Middleware/AddQueuedCookiesToResponse->handle(Object(Illuminate/Http/Request), Object(Closure))
#51 C:/Users/DELL/growza/growza/vendor/laravel/framework/src/Illuminate/Cookie/Middleware/EncryptCookies.php(75): Illuminate/Pipeline/Pipeline->{closure:{closure:Illuminate/Pipeline/Pipeline::carry():184}:185}(Object(Illuminate/Http/Request))
#52 C:/Users/DELL/growza/growza/vendor/laravel/framework/src/Illuminate/Pipeline/Pipeline.php(209): Illuminate/Cookie/Middleware/EncryptCookies->handle(Object(Illuminate/Http/Request), Object(Closure))
#53 C:/Users/DELL/growza/growza/vendor/laravel/framework/src/Illuminate/Pipeline/Pipeline.php(127): Illuminate/Pipeline/Pipeline->{closure:{closure:Illuminate/Pipeline/Pipeline::carry():184}:185}(Object(Illuminate/Http/Request))
#54 C:/Users/DELL/growza/growza/vendor/laravel/framework/src/Illuminate/Routing/Router.php(807): Illuminate/Pipeline/Pipeline->then(Object(Closure))
#55 C:/Users/DELL/growza/growza/vendor/laravel/framework/src/Illuminate/Routing/Router.php(786): Illuminate/Routing/Router->runRouteWithinStack(Object(Illuminate/Routing/Route), Object(Illuminate/Http/Request))
#56 C:/Users/DELL/growza/growza/vendor/laravel/framework/src/Illuminate/Routing/Router.php(750): Illuminate/Routing/Router->runRoute(Object(Illuminate/Http/Request), Object(Illuminate/Routing/Route))
#57 C:/Users/DELL/growza/growza/vendor/laravel/framework/src/Illuminate/Routing/Router.php(739): Illuminate/Routing/Router->dispatchToRoute(Object(Illuminate/Http/Request))
#58 C:/Users/DELL/growza/growza/vendor/laravel/framework/src/Illuminate/Foundation/Http/Kernel.php(201): Illuminate/Routing/Router->dispatch(Object(Illuminate/Http/Request))
#59 C:/Users/DELL/growza/growza/vendor/laravel/framework/src/Illuminate/Pipeline/Pipeline.php(170): Illuminate/Foundation/Http/Kernel->{closure:Illuminate/Foundation/Http/Kernel::dispatchToRouter():198}(Object(Illuminate/Http/Request))
#60 C:/Users/DELL/growza/growza/vendor/livewire/livewire/src/Features/SupportDisablingBackButtonCache/DisableBackButtonCacheMiddleware.php(19): Illuminate/Pipeline/Pipeline->{closure:Illuminate/Pipeline/Pipeline::prepareDestination():168}(Object(Illuminate/Http/Request))
#61 C:/Users/DELL/growza/growza/vendor/laravel/framework/src/Illuminate/Pipeline/Pipeline.php(209): Livewire/Features/SupportDisablingBackButtonCache/DisableBackButtonCacheMiddleware->handle(Object(Illuminate/Http/Request), Object(Closure))
#62 C:/Users/DELL/growza/growza/vendor/laravel/framework/src/Illuminate/Foundation/Http/Middleware/TransformsRequest.php(21): Illuminate/Pipeline/Pipeline->{closure:{closure:Illuminate/Pipeline/Pipeline::carry():184}:185}(Object(Illuminate/Http/Request))
#63 C:/Users/DELL/growza/growza/vendor/laravel/framework/src/Illuminate/Foundation/Http/Middleware/ConvertEmptyStringsToNull.php(31): Illuminate/Foundation/Http/Middleware/TransformsRequest->handle(Object(Illuminate/Http/Request), Object(Closure))
#64 C:/Users/DELL/growza/growza/vendor/laravel/framework/src/Illuminate/Pipeline/Pipeline.php(209): Illuminate/Foundation/Http/Middleware/ConvertEmptyStringsToNull->handle(Object(Illuminate/Http/Request), Object(Closure))
#65 C:/Users/DELL/growza/growza/vendor/laravel/framework/src/Illuminate/Foundation/Http/Middleware/TransformsRequest.php(21): Illuminate/Pipeline/Pipeline->{closure:{closure:Illuminate/Pipeline/Pipeline::carry():184}:185}(Object(Illuminate/Http/Request))
#66 C:/Users/DELL/growza/growza/vendor/laravel/framework/src/Illuminate/Foundation/Http/Middleware/TrimStrings.php(51): Illuminate/Foundation/Http/Middleware/TransformsRequest->handle(Object(Illuminate/Http/Request), Object(Closure))
#67 C:/Users/DELL/growza/growza/vendor/laravel/framework/src/Illuminate/Pipeline/Pipeline.php(209): Illuminate/Foundation/Http/Middleware/TrimStrings->handle(Object(Illuminate/Http/Request), Object(Closure))
#68 C:/Users/DELL/growza/growza/vendor/laravel/framework/src/Illuminate/Http/Middleware/ValidatePostSize.php(27): Illuminate/Pipeline/Pipeline->{closure:{closure:Illuminate/Pipeline/Pipeline::carry():184}:185}(Object(Illuminate/Http/Request))
#69 C:/Users/DELL/growza/growza/vendor/laravel/framework/src/Illuminate/Pipeline/Pipeline.php(209): Illuminate/Http/Middleware/ValidatePostSize->handle(Object(Illuminate/Http/Request), Object(Closure))
#70 C:/Users/DELL/growza/growza/vendor/laravel/framework/src/Illuminate/Foundation/Http/Middleware/PreventRequestsDuringMaintenance.php(110): Illuminate/Pipeline/Pipeline->{closure:{closure:Illuminate/Pipeline/Pipeline::carry():184}:185}(Object(Illuminate/Http/Request))
#71 C:/Users/DELL/growza/growza/vendor/laravel/framework/src/Illuminate/Pipeline/Pipeline.php(209): Illuminate/Foundation/Http/Middleware/PreventRequestsDuringMaintenance->handle(Object(Illuminate/Http/Request), Object(Closure))
#72 C:/Users/DELL/growza/growza/vendor/laravel/framework/src/Illuminate/Http/Middleware/HandleCors.php(49): Illuminate/Pipeline/Pipeline->{closure:{closure:Illuminate/Pipeline/Pipeline::carry():184}:185}(Object(Illuminate/Http/Request))
#73 C:/Users/DELL/growza/growza/vendor/laravel/framework/src/Illuminate/Pipeline/Pipeline.php(209): Illuminate/Http/Middleware/HandleCors->handle(Object(Illuminate/Http/Request), Object(Closure))
#74 C:/Users/DELL/growza/growza/vendor/laravel/framework/src/Illuminate/Http/Middleware/TrustProxies.php(58): Illuminate/Pipeline/Pipeline->{closure:{closure:Illuminate/Pipeline/Pipeline::carry():184}:185}(Object(Illuminate/Http/Request))
#75 C:/Users/DELL/growza/growza/vendor/laravel/framework/src/Illuminate/Pipeline/Pipeline.php(209): Illuminate/Http/Middleware/TrustProxies->handle(Object(Illuminate/Http/Request), Object(Closure))
#76 C:/Users/DELL/growza/growza/vendor/laravel/framework/src/Illuminate/Foundation/Http/Middleware/InvokeDeferredCallbacks.php(22): Illuminate/Pipeline/Pipeline->{closure:{closure:Illuminate/Pipeline/Pipeline::carry():184}:185}(Object(Illuminate/Http/Request))
#77 C:/Users/DELL/growza/growza/vendor/laravel/framework/src/Illuminate/Pipeline/Pipeline.php(209): Illuminate/Foundation/Http/Middleware/InvokeDeferredCallbacks->handle(Object(Illuminate/Http/Request), Object(Closure))
#78 C:/Users/DELL/growza/growza/vendor/laravel/framework/src/Illuminate/Pipeline/Pipeline.php(127): Illuminate/Pipeline/Pipeline->{closure:{closure:Illuminate/Pipeline/Pipeline::carry():184}:185}(Object(Illuminate/Http/Request))
#79 C:/Users/DELL/growza/growza/vendor/laravel/framework/src/Illuminate/Foundation/Http/Kernel.php(176): Illuminate/Pipeline/Pipeline->then(Object(Closure))
#80 C:/Users/DELL/growza/growza/vendor/laravel/framework/src/Illuminate/Foundation/Http/Kernel.php(145): Illuminate/Foundation/Http/Kernel->sendRequestThroughRouter(Object(Illuminate/Http/Request))
#81 C:/Users/DELL/growza/growza/vendor/laravel/framework/src/Illuminate/Foundation/Testing/Concerns/MakesHttpRequests.php(607): Illuminate/Foundation/Http/Kernel->handle(Object(Illuminate/Http/Request))
#82 C:/Users/DELL/growza/growza/vendor/laravel/framework/src/Illuminate/Foundation/Testing/Concerns/MakesHttpRequests.php(397): Illuminate/Foundation/Testing/TestCase->call('POST', 'http://localhos...', Array, Array, Array, Array)
#83 [internal function]: Illuminate/Foundation/Testing/TestCase->post('http://localhos...', Array)
#84 C:/Users/DELL/growza/growza/vendor/pestphp/pest/src/Support/Reflection.php(38): ReflectionMethod->invoke(Object(P/Tests/Feature/AuthenticationTest), 'http://localhos...', Array)
#85 C:/Users/DELL/growza/growza/vendor/pestphp/pest/src/Support/HigherOrderMessage.php(59): Pest/Support/Reflection::call(Object(P/Tests/Feature/AuthenticationTest), 'post', Array)
#86 C:/Users/DELL/growza/growza/vendor/pestphp/pest/src/Support/HigherOrderTapProxy.php(66): Pest/Support/HigherOrderMessage->call(Object(P/Tests/Feature/AuthenticationTest))
#87 C:/Users/DELL/growza/growza/vendor/pestphp/pest-plugin-laravel/src/Http.php(209): Pest/Support/HigherOrderTapProxy->__call('post', Array)
#88 C:/Users/DELL/growza/growza/tests/Feature/AuthenticationTest.php(32): Pest/Laravel/post('http://localhos...', Array)
#89 C:/Users/DELL/growza/growza/vendor/pestphp/pest/src/Factories/TestCaseMethodFactory.php(110): P/Tests/Feature/AuthenticationTest->{closure:C:/Users/DELL/growza/growza/tests/Feature/AuthenticationTest.php:31}()
#90 [internal function]: P/Tests/Feature/AuthenticationTest->{closure:Pest/Factories/TestCaseMethodFactory::getClosure():102}()
#91 C:/Users/DELL/growza/growza/vendor/pestphp/pest/src/Concerns/Testable.php(339): call_user_func_array(Object(Closure), Array)
#92 C:/Users/DELL/growza/growza/vendor/pestphp/pest/src/Support/ExceptionTrace.php(26): P/Tests/Feature/AuthenticationTest->{closure:Pest/Concerns/Testable::__callClosure():339}()
#93 C:/Users/DELL/growza/growza/vendor/pestphp/pest/src/Concerns/Testable.php(339): Pest/Support/ExceptionTrace::ensure(Object(Closure))
#94 C:/Users/DELL/growza/growza/vendor/pestphp/pest/src/Concerns/Testable.php(256): P/Tests/Feature/AuthenticationTest->__callClosure(Object(Closure), Array)
#95 C:/Users/DELL/growza/growza/vendor/pestphp/pest/src/Factories/TestCaseFactory.php(197) : eval()'d code(41): P/Tests/Feature/AuthenticationTest->__runTest(Object(Closure))
#96 C:/Users/DELL/growza/growza/vendor/phpunit/phpunit/src/Framework/TestCase.php(1548): P/Tests/Feature/AuthenticationTest->__pest_evaluable_it_registers_a_user_with_the_required_fields()
#97 C:/Users/DELL/growza/growza/vendor/phpunit/phpunit/src/Framework/TestCase.php(686): PHPUnit/Framework/TestCase->runTest()
#98 C:/Users/DELL/growza/growza/vendor/phpunit/phpunit/src/Framework/TestRunner.php(106): PHPUnit/Framework/TestCase->runBare()
#99 C:/Users/DELL/growza/growza/vendor/phpunit/phpunit/src/Framework/TestCase.php(516): PHPUnit/Framework/TestRunner->run(Object(P/Tests/Feature/AuthenticationTest))
#100 C:/Users/DELL/growza/growza/vendor/phpunit/phpunit/src/Framework/TestSuite.php(374): PHPUnit/Framework/TestCase->run()
#101 C:/Users/DELL/growza/growza/vendor/phpunit/phpunit/src/Framework/TestSuite.php(374): PHPUnit/Framework/TestSuite->run()
#102 C:/Users/DELL/growza/growza/vendor/phpunit/phpunit/src/Framework/TestSuite.php(374): PHPUnit/Framework/TestSuite->run()
#103 C:/Users/DELL/growza/growza/vendor/phpunit/phpunit/src/TextUI/TestRunner.php(64): PHPUnit/Framework/TestSuite->run()
#104 C:/Users/DELL/growza/growza/vendor/phpunit/phpunit/src/TextUI/Application.php(204): PHPUnit/TextUI/TestRunner->run(Object(PHPUnit/TextUI/Configuration/Configuration), Object(PHPUnit/Runner/ResultCache/DefaultResultCache), Object(PHPUnit/Framework/TestSuite))
#105 C:/Users/DELL/growza/growza/vendor/pestphp/pest/src/Kernel.php(103): PHPUnit/TextUI/Application->run(Array)
#106 C:/Users/DELL/growza/growza/vendor/pestphp/pest/bin/pest(91): Pest/Kernel->handle(Array, Array)
#107 C:/Users/DELL/growza/growza/vendor/pestphp/pest/bin/pest(99): {closure:C:/Users/DELL/growza/growza/vendor/pestphp/pest/bin/pest:12}()
#108 {main}
"} 
[2026-09-21 06:24:47] testing.ERROR: SQLSTATE[23000]: Integrity constraint violation: 19 NOT NULL constraint failed: model_has_roles.team_id (Connection: sqlite, SQL: insert into "model_has_roles" ("model_id", "model_type", "role_id", "team_id") values (1, App\Domain\Identity\Models\User, 9, ?)) {"exception":"[object] (Illuminate\\Database\\QueryException(code: 23000): SQLSTATE[23000]: Integrity constraint violation: 19 NOT NULL constraint failed: model_has_roles.team_id (Connection: sqlite, SQL: insert into \"model_has_roles\" (\"model_id\", \"model_type\", \"role_id\", \"team_id\") values (1, App\\Domain\\Identity\\Models\\User, 9, ?)) at C:/Users/DELL/growza/growza/vendor/laravel/framework/src/Illuminate/Database/Connection.php:825)
[stacktrace]
#0 C:/Users/DELL/growza/growza/vendor/laravel/framework/src/Illuminate/Database/Connection.php(779): Illuminate/Database/Connection->runQueryCallback('insert into \"mo...', Array, Object(Closure))
#1 C:/Users/DELL/growza/growza/vendor/laravel/framework/src/Illuminate/Database/Connection.php(560): Illuminate/Database/Connection->run('insert into \"mo...', Array, Object(Closure))
#2 C:/Users/DELL/growza/growza/vendor/laravel/framework/src/Illuminate/Database/Connection.php(524): Illuminate/Database/Connection->statement('insert into \"mo...', Array)
#3 C:/Users/DELL/growza/growza/vendor/laravel/framework/src/Illuminate/Database/Query/Builder.php(3717): Illuminate/Database/Connection->insert('insert into \"mo...', Array)
#4 C:/Users/DELL/growza/growza/vendor/laravel/framework/src/Illuminate/Database/Eloquent/Relations/Concerns/InteractsWithPivotTable.php(276): Illuminate/Database/Query/Builder->insert(Array)
#5 C:/Users/DELL/growza/growza/vendor/spatie/laravel-permission/src/Traits/HasRoles.php(164): Illuminate/Database/Eloquent/Relations/BelongsToMany->attach(Array, Array)
#6 C:/Users/DELL/growza/growza/app/Domain/Auth/Actions/CreateNewUser.php(75): App/Domain/Identity/Models/User->assignRole('Customer')
#7 C:/Users/DELL/growza/growza/vendor/laravel/framework/src/Illuminate/Database/Concerns/ManagesTransactions.php(32): App/Domain/Auth/Actions/CreateNewUser->{closure:App/Domain/Auth/Actions/CreateNewUser::create():58}(Object(Illuminate/Database/SQLiteConnection))
#8 C:/Users/DELL/growza/growza/vendor/laravel/framework/src/Illuminate/Database/DatabaseManager.php(495): Illuminate/Database/Connection->transaction(Object(Closure))
#9 C:/Users/DELL/growza/growza/vendor/laravel/framework/src/Illuminate/Support/Facades/Facade.php(361): Illuminate/Database/DatabaseManager->__call('transaction', Array)
#10 C:/Users/DELL/growza/growza/app/Domain/Auth/Actions/CreateNewUser.php(58): Illuminate/Support/Facades/Facade::__callStatic('transaction', Array)
#11 C:/Users/DELL/growza/growza/vendor/laravel/fortify/src/Http/Controllers/RegisteredUserController.php(62): App/Domain/Auth/Actions/CreateNewUser->create(Array)
#12 C:/Users/DELL/growza/growza/vendor/laravel/framework/src/Illuminate/Routing/Controller.php(54): Laravel/Fortify/Http/Controllers/RegisteredUserController->store(Object(Illuminate/Http/Request), Object(App/Domain/Auth/Actions/CreateNewUser))
#13 C:/Users/DELL/growza/growza/vendor/laravel/framework/src/Illuminate/Routing/ControllerDispatcher.php(44): Illuminate/Routing/Controller->callAction('store', Array)
#14 C:/Users/DELL/growza/growza/vendor/laravel/framework/src/Illuminate/Routing/Route.php(266): Illuminate/Routing/ControllerDispatcher->dispatch(Object(Illuminate/Routing/Route), Object(Laravel/Fortify/Http/Controllers/RegisteredUserController), 'store')
#15 C:/Users/DELL/growza/growza/vendor/laravel/framework/src/Illuminate/Routing/Route.php(212): Illuminate/Routing/Route->runController()
#16 C:/Users/DELL/growza/growza/vendor/laravel/framework/src/Illuminate/Routing/Router.php(808): Illuminate/Routing/Route->run()
#17 C:/Users/DELL/growza/growza/vendor/laravel/framework/src/Illuminate/Pipeline/Pipeline.php(170): Illuminate/Routing/Router->{closure:Illuminate/Routing/Router::runRouteWithinStack():807}(Object(Illuminate/Http/Request))
#18 C:/Users/DELL/growza/growza/vendor/laravel/framework/src/Illuminate/Auth/Middleware/RedirectIfAuthenticated.php(35): Illuminate/Pipeline/Pipeline->{closure:Illuminate/Pipeline/Pipeline::prepareDestination():168}(Object(Illuminate/Http/Request))
#19 C:/Users/DELL/growza/growza/vendor/laravel/framework/src/Illuminate/Pipeline/Pipeline.php(209): Illuminate/Auth/Middleware/RedirectIfAuthenticated->handle(Object(Illuminate/Http/Request), Object(Closure), 'web')
#20 C:/Users/DELL/growza/growza/vendor/laravel/framework/src/Illuminate/Routing/Middleware/SubstituteBindings.php(51): Illuminate/Pipeline/Pipeline->{closure:{closure:Illuminate/Pipeline/Pipeline::carry():184}:185}(Object(Illuminate/Http/Request))
#21 C:/Users/DELL/growza/growza/vendor/laravel/framework/src/Illuminate/Pipeline/Pipeline.php(209): Illuminate/Routing/Middleware/SubstituteBindings->handle(Object(Illuminate/Http/Request), Object(Closure))
#22 C:/Users/DELL/growza/growza/vendor/laravel/framework/src/Illuminate/Foundation/Http/Middleware/VerifyCsrfToken.php(88): Illuminate/Pipeline/Pipeline->{closure:{closure:Illuminate/Pipeline/Pipeline::carry():184}:185}(Object(Illuminate/Http/Request))
#23 C:/Users/DELL/growza/growza/vendor/laravel/framework/src/Illuminate/Pipeline/Pipeline.php(209): Illuminate/Foundation/Http/Middleware/VerifyCsrfToken->handle(Object(Illuminate/Http/Request), Object(Closure))
#24 C:/Users/DELL/growza/growza/vendor/laravel/framework/src/Illuminate/View/Middleware/ShareErrorsFromSession.php(49): Illuminate/Pipeline/Pipeline->{closure:{closure:Illuminate/Pipeline/Pipeline::carry():184}:185}(Object(Illuminate/Http/Request))
#25 C:/Users/DELL/growza/growza/vendor/laravel/framework/src/Illuminate/Pipeline/Pipeline.php(209): Illuminate/View/Middleware/ShareErrorsFromSession->handle(Object(Illuminate/Http/Request), Object(Closure))
#26 C:/Users/DELL/growza/growza/vendor/laravel/framework/src/Illuminate/Session/Middleware/StartSession.php(121): Illuminate/Pipeline/Pipeline->{closure:{closure:Illuminate/Pipeline/Pipeline::carry():184}:185}(Object(Illuminate/Http/Request))
#27 C:/Users/DELL/growza/growza/vendor/laravel/framework/src/Illuminate/Session/Middleware/StartSession.php(64): Illuminate/Session/Middleware/StartSession->handleStatefulRequest(Object(Illuminate/Http/Request), Object(Illuminate/Session/Store), Object(Closure))
#28 C:/Users/DELL/growza/growza/vendor/laravel/framework/src/Illuminate/Pipeline/Pipeline.php(209): Illuminate/Session/Middleware/StartSession->handle(Object(Illuminate/Http/Request), Object(Closure))
#29 C:/Users/DELL/growza/growza/vendor/laravel/framework/src/Illuminate/Cookie/Middleware/AddQueuedCookiesToResponse.php(37): Illuminate/Pipeline/Pipeline->{closure:{closure:Illuminate/Pipeline/Pipeline::carry():184}:185}(Object(Illuminate/Http/Request))
#30 C:/Users/DELL/growza/growza/vendor/laravel/framework/src/Illuminate/Pipeline/Pipeline.php(209): Illuminate/Cookie/Middleware/AddQueuedCookiesToResponse->handle(Object(Illuminate/Http/Request), Object(Closure))
#31 C:/Users/DELL/growza/growza/vendor/laravel/framework/src/Illuminate/Cookie/Middleware/EncryptCookies.php(75): Illuminate/Pipeline/Pipeline->{closure:{closure:Illuminate/Pipeline/Pipeline::carry():184}:185}(Object(Illuminate/Http/Request))
#32 C:/Users/DELL/growza/growza/vendor/laravel/framework/src/Illuminate/Pipeline/Pipeline.php(209): Illuminate/Cookie/Middleware/EncryptCookies->handle(Object(Illuminate/Http/Request), Object(Closure))
#33 C:/Users/DELL/growza/growza/vendor/laravel/framework/src/Illuminate/Pipeline/Pipeline.php(127): Illuminate/Pipeline/Pipeline->{closure:{closure:Illuminate/Pipeline/Pipeline::carry():184}:185}(Object(Illuminate/Http/Request))
#34 C:/Users/DELL/growza/growza/vendor/laravel/framework/src/Illuminate/Routing/Router.php(807): Illuminate/Pipeline/Pipeline->then(Object(Closure))
#35 C:/Users/DELL/growza/growza/vendor/laravel/framework/src/Illuminate/Routing/Router.php(786): Illuminate/Routing/Router->runRouteWithinStack(Object(Illuminate/Routing/Route), Object(Illuminate/Http/Request))
#36 C:/Users/DELL/growza/growza/vendor/laravel/framework/src/Illuminate/Routing/Router.php(750): Illuminate/Routing/Router->runRoute(Object(Illuminate/Http/Request), Object(Illuminate/Routing/Route))
#37 C:/Users/DELL/growza/growza/vendor/laravel/framework/src/Illuminate/Routing/Router.php(739): Illuminate/Routing/Router->dispatchToRoute(Object(Illuminate/Http/Request))
#38 C:/Users/DELL/growza/growza/vendor/laravel/framework/src/Illuminate/Foundation/Http/Kernel.php(201): Illuminate/Routing/Router->dispatch(Object(Illuminate/Http/Request))
#39 C:/Users/DELL/growza/growza/vendor/laravel/framework/src/Illuminate/Pipeline/Pipeline.php(170): Illuminate/Foundation/Http/Kernel->{closure:Illuminate/Foundation/Http/Kernel::dispatchToRouter():198}(Object(Illuminate/Http/Request))
#40 C:/Users/DELL/growza/growza/vendor/livewire/livewire/src/Features/SupportDisablingBackButtonCache/DisableBackButtonCacheMiddleware.php(19): Illuminate/Pipeline/Pipeline->{closure:Illuminate/Pipeline/Pipeline::prepareDestination():168}(Object(Illuminate/Http/Request))
#41 C:/Users/DELL/growza/growza/vendor/laravel/framework/src/Illuminate/Pipeline/Pipeline.php(209): Livewire/Features/SupportDisablingBackButtonCache/DisableBackButtonCacheMiddleware->handle(Object(Illuminate/Http/Request), Object(Closure))
#42 C:/Users/DELL/growza/growza/vendor/laravel/framework/src/Illuminate/Foundation/Http/Middleware/TransformsRequest.php(21): Illuminate/Pipeline/Pipeline->{closure:{closure:Illuminate/Pipeline/Pipeline::carry():184}:185}(Object(Illuminate/Http/Request))
#43 C:/Users/DELL/growza/growza/vendor/laravel/framework/src/Illuminate/Foundation/Http/Middleware/ConvertEmptyStringsToNull.php(31): Illuminate/Foundation/Http/Middleware/TransformsRequest->handle(Object(Illuminate/Http/Request), Object(Closure))
#44 C:/Users/DELL/growza/growza/vendor/laravel/framework/src/Illuminate/Pipeline/Pipeline.php(209): Illuminate/Foundation/Http/Middleware/ConvertEmptyStringsToNull->handle(Object(Illuminate/Http/Request), Object(Closure))
#45 C:/Users/DELL/growza/growza/vendor/laravel/framework/src/Illuminate/Foundation/Http/Middleware/TransformsRequest.php(21): Illuminate/Pipeline/Pipeline->{closure:{closure:Illuminate/Pipeline/Pipeline::carry():184}:185}(Object(Illuminate/Http/Request))
#46 C:/Users/DELL/growza/growza/vendor/laravel/framework/src/Illuminate/Foundation/Http/Middleware/TrimStrings.php(51): Illuminate/Foundation/Http/Middleware/TransformsRequest->handle(Object(Illuminate/Http/Request), Object(Closure))
#47 C:/Users/DELL/growza/growza/vendor/laravel/framework/src/Illuminate/Pipeline/Pipeline.php(209): Illuminate/Foundation/Http/Middleware/TrimStrings->handle(Object(Illuminate/Http/Request), Object(Closure))
#48 C:/Users/DELL/growza/growza/vendor/laravel/framework/src/Illuminate/Http/Middleware/ValidatePostSize.php(27): Illuminate/Pipeline/Pipeline->{closure:{closure:Illuminate/Pipeline/Pipeline::carry():184}:185}(Object(Illuminate/Http/Request))
#49 C:/Users/DELL/growza/growza/vendor/laravel/framework/src/Illuminate/Pipeline/Pipeline.php(209): Illuminate/Http/Middleware/ValidatePostSize->handle(Object(Illuminate/Http/Request), Object(Closure))
#50 C:/Users/DELL/growza/growza/vendor/laravel/framework/src/Illuminate/Foundation/Http/Middleware/PreventRequestsDuringMaintenance.php(110): Illuminate/Pipeline/Pipeline->{closure:{closure:Illuminate/Pipeline/Pipeline::carry():184}:185}(Object(Illuminate/Http/Request))
#51 C:/Users/DELL/growza/growza/vendor/laravel/framework/src/Illuminate/Pipeline/Pipeline.php(209): Illuminate/Foundation/Http/Middleware/PreventRequestsDuringMaintenance->handle(Object(Illuminate/Http/Request), Object(Closure))
#52 C:/Users/DELL/growza/growza/vendor/laravel/framework/src/Illuminate/Http/Middleware/HandleCors.php(49): Illuminate/Pipeline/Pipeline->{closure:{closure:Illuminate/Pipeline/Pipeline::carry():184}:185}(Object(Illuminate/Http/Request))
#53 C:/Users/DELL/growza/growza/vendor/laravel/framework/src/Illuminate/Pipeline/Pipeline.php(209): Illuminate/Http/Middleware/HandleCors->handle(Object(Illuminate/Http/Request), Object(Closure))
#54 C:/Users/DELL/growza/growza/vendor/laravel/framework/src/Illuminate/Http/Middleware/TrustProxies.php(58): Illuminate/Pipeline/Pipeline->{closure:{closure:Illuminate/Pipeline/Pipeline::carry():184}:185}(Object(Illuminate/Http/Request))
#55 C:/Users/DELL/growza/growza/vendor/laravel/framework/src/Illuminate/Pipeline/Pipeline.php(209): Illuminate/Http/Middleware/TrustProxies->handle(Object(Illuminate/Http/Request), Object(Closure))
#56 C:/Users/DELL/growza/growza/vendor/laravel/framework/src/Illuminate/Foundation/Http/Middleware/InvokeDeferredCallbacks.php(22): Illuminate/Pipeline/Pipeline->{closure:{closure:Illuminate/Pipeline/Pipeline::carry():184}:185}(Object(Illuminate/Http/Request))
#57 C:/Users/DELL/growza/growza/vendor/laravel/framework/src/Illuminate/Pipeline/Pipeline.php(209): Illuminate/Foundation/Http/Middleware/InvokeDeferredCallbacks->handle(Object(Illuminate/Http/Request), Object(Closure))
#58 C:/Users/DELL/growza/growza/vendor/laravel/framework/src/Illuminate/Pipeline/Pipeline.php(127): Illuminate/Pipeline/Pipeline->{closure:{closure:Illuminate/Pipeline/Pipeline::carry():184}:185}(Object(Illuminate/Http/Request))
#59 C:/Users/DELL/growza/growza/vendor/laravel/framework/src/Illuminate/Foundation/Http/Kernel.php(176): Illuminate/Pipeline/Pipeline->then(Object(Closure))
#60 C:/Users/DELL/growza/growza/vendor/laravel/framework/src/Illuminate/Foundation/Http/Kernel.php(145): Illuminate/Foundation/Http/Kernel->sendRequestThroughRouter(Object(Illuminate/Http/Request))
#61 C:/Users/DELL/growza/growza/vendor/laravel/framework/src/Illuminate/Foundation/Testing/Concerns/MakesHttpRequests.php(607): Illuminate/Foundation/Http/Kernel->handle(Object(Illuminate/Http/Request))
#62 C:/Users/DELL/growza/growza/vendor/laravel/framework/src/Illuminate/Foundation/Testing/Concerns/MakesHttpRequests.php(397): Illuminate/Foundation/Testing/TestCase->call('POST', 'http://localhos...', Array, Array, Array, Array)
#63 [internal function]: Illuminate/Foundation/Testing/TestCase->post('http://localhos...', Array)
#64 C:/Users/DELL/growza/growza/vendor/pestphp/pest/src/Support/Reflection.php(38): ReflectionMethod->invoke(Object(P/Tests/Feature/AuthenticationTest), 'http://localhos...', Array)
#65 C:/Users/DELL/growza/growza/vendor/pestphp/pest/src/Support/HigherOrderMessage.php(59): Pest/Support/Reflection::call(Object(P/Tests/Feature/AuthenticationTest), 'post', Array)
#66 C:/Users/DELL/growza/growza/vendor/pestphp/pest/src/Support/HigherOrderTapProxy.php(66): Pest/Support/HigherOrderMessage->call(Object(P/Tests/Feature/AuthenticationTest))
#67 C:/Users/DELL/growza/growza/vendor/pestphp/pest-plugin-laravel/src/Http.php(209): Pest/Support/HigherOrderTapProxy->__call('post', Array)
#68 C:/Users/DELL/growza/growza/tests/Feature/AuthenticationTest.php(32): Pest/Laravel/post('http://localhos...', Array)
#69 C:/Users/DELL/growza/growza/vendor/pestphp/pest/src/Factories/TestCaseMethodFactory.php(110): P/Tests/Feature/AuthenticationTest->{closure:C:/Users/DELL/growza/growza/tests/Feature/AuthenticationTest.php:31}()
#70 [internal function]: P/Tests/Feature/AuthenticationTest->{closure:Pest/Factories/TestCaseMethodFactory::getClosure():102}()
#71 C:/Users/DELL/growza/growza/vendor/pestphp/pest/src/Concerns/Testable.php(339): call_user_func_array(Object(Closure), Array)
#72 C:/Users/DELL/growza/growza/vendor/pestphp/pest/src/Support/ExceptionTrace.php(26): P/Tests/Feature/AuthenticationTest->{closure:Pest/Concerns/Testable::__callClosure():339}()
#73 C:/Users/DELL/growza/growza/vendor/pestphp/pest/src/Concerns/Testable.php(339): Pest/Support/ExceptionTrace::ensure(Object(Closure))
#74 C:/Users/DELL/growza/growza/vendor/pestphp/pest/src/Concerns/Testable.php(256): P/Tests/Feature/AuthenticationTest->__callClosure(Object(Closure), Array)
#75 C:/Users/DELL/growza/growza/vendor/pestphp/pest/src/Factories/TestCaseFactory.php(197) : eval()'d code(41): P/Tests/Feature/AuthenticationTest->__runTest(Object(Closure))
#76 C:/Users/DELL/growza/growza/vendor/phpunit/phpunit/src/Framework/TestCase.php(1548): P/Tests/Feature/AuthenticationTest->__pest_evaluable_it_registers_a_user_with_the_required_fields()
#77 C:/Users/DELL/growza/growza/vendor/phpunit/phpunit/src/Framework/TestCase.php(686): PHPUnit/Framework/TestCase->runTest()
#78 C:/Users/DELL/growza/growza/vendor/phpunit/phpunit/src/Framework/TestRunner.php(106): PHPUnit/Framework/TestCase->runBare()
#79 C:/Users/DELL/growza/growza/vendor/phpunit/phpunit/src/Framework/TestCase.php(516): PHPUnit/Framework/TestRunner->run(Object(P/Tests/Feature/AuthenticationTest))
#80 C:/Users/DELL/growza/growza/vendor/phpunit/phpunit/src/Framework/TestSuite.php(374): PHPUnit/Framework/TestCase->run()
#81 C:/Users/DELL/growza/growza/vendor/phpunit/phpunit/src/Framework/TestSuite.php(374): PHPUnit/Framework/TestSuite->run()
#82 C:/Users/DELL/growza/growza/vendor/phpunit/phpunit/src/Framework/TestSuite.php(374): PHPUnit/Framework/TestSuite->run()
#83 C:/Users/DELL/growza/growza/vendor/phpunit/phpunit/src/TextUI/TestRunner.php(64): PHPUnit/Framework/TestSuite->run()
#84 C:/Users/DELL/growza/growza/vendor/phpunit/phpunit/src/TextUI/Application.php(204): PHPUnit/TextUI/TestRunner->run(Object(PHPUnit/TextUI/Configuration/Configuration), Object(PHPUnit/Runner/ResultCache/DefaultResultCache), Object(PHPUnit/Framework/TestSuite))
#85 C:/Users/DELL/growza/growza/vendor/pestphp/pest/src/Kernel.php(103): PHPUnit/TextUI/Application->run(Array)
#86 C:/Users/DELL/growza/growza/vendor/pestphp/pest/bin/pest(91): Pest/Kernel->handle(Array, Array)
#87 C:/Users/DELL/growza/growza/vendor/pestphp/pest/bin/pest(99): {closure:C:/Users/DELL/growza/growza/vendor/pestphp/pest/bin/pest:12}()
#88 {main}

[previous exception] [object] (PDOException(code: 23000): SQLSTATE[23000]: Integrity constraint violation: 19 NOT NULL constraint failed: model_has_roles.team_id at C:/Users/DELL/growza/growza/vendor/laravel/framework/src/Illuminate/Database/Connection.php:571)
[stacktrace]
#0 C:/Users/DELL/growza/growza/vendor/laravel/framework/src/Illuminate/Database/Connection.php(571): PDOStatement->execute()
#1 C:/Users/DELL/growza/growza/vendor/laravel/framework/src/Illuminate/Database/Connection.php(812): Illuminate/Database/Connection->{closure:Illuminate/Database/Connection::statement():560}('insert into \"mo...', Array)
#2 C:/Users/DELL/growza/growza/vendor/laravel/framework/src/Illuminate/Database/Connection.php(779): Illuminate/Database/Connection->runQueryCallback('insert into \"mo...', Array, Object(Closure))
#3 C:/Users/DELL/growza/growza/vendor/laravel/framework/src/Illuminate/Database/Connection.php(560): Illuminate/Database/Connection->run('insert into \"mo...', Array, Object(Closure))
#4 C:/Users/DELL/growza/growza/vendor/laravel/framework/src/Illuminate/Database/Connection.php(524): Illuminate/Database/Connection->statement('insert into \"mo...', Array)
#5 C:/Users/DELL/growza/growza/vendor/laravel/framework/src/Illuminate/Database/Query/Builder.php(3717): Illuminate/Database/Connection->insert('insert into \"mo...', Array)
#6 C:/Users/DELL/growza/growza/vendor/laravel/framework/src/Illuminate/Database/Eloquent/Relations/Concerns/InteractsWithPivotTable.php(276): Illuminate/Database/Query/Builder->insert(Array)
#7 C:/Users/DELL/growza/growza/vendor/spatie/laravel-permission/src/Traits/HasRoles.php(164): Illuminate/Database/Eloquent/Relations/BelongsToMany->attach(Array, Array)
#8 C:/Users/DELL/growza/growza/app/Domain/Auth/Actions/CreateNewUser.php(75): App/Domain/Identity/Models/User->assignRole('Customer')
#9 C:/Users/DELL/growza/growza/vendor/laravel/framework/src/Illuminate/Database/Concerns/ManagesTransactions.php(32): App/Domain/Auth/Actions/CreateNewUser->{closure:App/Domain/Auth/Actions/CreateNewUser::create():58}(Object(Illuminate/Database/SQLiteConnection))
#10 C:/Users/DELL/growza/growza/vendor/laravel/framework/src/Illuminate/Database/DatabaseManager.php(495): Illuminate/Database/Connection->transaction(Object(Closure))
#11 C:/Users/DELL/growza/growza/vendor/laravel/framework/src/Illuminate/Support/Facades/Facade.php(361): Illuminate/Database/DatabaseManager->__call('transaction', Array)
#12 C:/Users/DELL/growza/growza/app/Domain/Auth/Actions/CreateNewUser.php(58): Illuminate/Support/Facades/Facade::__callStatic('transaction', Array)
#13 C:/Users/DELL/growza/growza/vendor/laravel/fortify/src/Http/Controllers/RegisteredUserController.php(62): App/Domain/Auth/Actions/CreateNewUser->create(Array)
#14 C:/Users/DELL/growza/growza/vendor/laravel/framework/src/Illuminate/Routing/Controller.php(54): Laravel/Fortify/Http/Controllers/RegisteredUserController->store(Object(Illuminate/Http/Request), Object(App/Domain/Auth/Actions/CreateNewUser))
#15 C:/Users/DELL/growza/growza/vendor/laravel/framework/src/Illuminate/Routing/ControllerDispatcher.php(44): Illuminate/Routing/Controller->callAction('store', Array)
#16 C:/Users/DELL/growza/growza/vendor/laravel/framework/src/Illuminate/Routing/Route.php(266): Illuminate/Routing/ControllerDispatcher->dispatch(Object(Illuminate/Routing/Route), Object(Laravel/Fortify/Http/Controllers/RegisteredUserController), 'store')
#17 C:/Users/DELL/growza/growza/vendor/laravel/framework/src/Illuminate/Routing/Route.php(212): Illuminate/Routing/Route->runController()
#18 C:/Users/DELL/growza/growza/vendor/laravel/framework/src/Illuminate/Routing/Router.php(808): Illuminate/Routing/Route->run()
#19 C:/Users/DELL/growza/growza/vendor/laravel/framework/src/Illuminate/Pipeline/Pipeline.php(170): Illuminate/Routing/Router->{closure:Illuminate/Routing/Router::runRouteWithinStack():807}(Object(Illuminate/Http/Request))
#20 C:/Users/DELL/growza/growza/vendor/laravel/framework/src/Illuminate/Auth/Middleware/RedirectIfAuthenticated.php(35): Illuminate/Pipeline/Pipeline->{closure:Illuminate/Pipeline/Pipeline::prepareDestination():168}(Object(Illuminate/Http/Request))
#21 C:/Users/DELL/growza/growza/vendor/laravel/framework/src/Illuminate/Pipeline/Pipeline.php(209): Illuminate/Auth/Middleware/RedirectIfAuthenticated->handle(Object(Illuminate/Http/Request), Object(Closure), 'web')
#22 C:/Users/DELL/growza/growza/vendor/laravel/framework/src/Illuminate/Routing/Middleware/SubstituteBindings.php(51): Illuminate/Pipeline/Pipeline->{closure:{closure:Illuminate/Pipeline/Pipeline::carry():184}:185}(Object(Illuminate/Http/Request))
#23 C:/Users/DELL/growza/growza/vendor/laravel/framework/src/Illuminate/Pipeline/Pipeline.php(209): Illuminate/Routing/Middleware/SubstituteBindings->handle(Object(Illuminate/Http/Request), Object(Closure))
#24 C:/Users/DELL/growza/growza/vendor/laravel/framework/src/Illuminate/Foundation/Http/Middleware/VerifyCsrfToken.php(88): Illuminate/Pipeline/Pipeline->{closure:{closure:Illuminate/Pipeline/Pipeline::carry():184}:185}(Object(Illuminate/Http/Request))
#25 C:/Users/DELL/growza/growza/vendor/laravel/framework/src/Illuminate/Pipeline/Pipeline.php(209): Illuminate/Foundation/Http/Middleware/VerifyCsrfToken->handle(Object(Illuminate/Http/Request), Object(Closure))
#26 C:/Users/DELL/growza/growza/vendor/laravel/framework/src/Illuminate/View/Middleware/ShareErrorsFromSession.php(49): Illuminate/Pipeline/Pipeline->{closure:{closure:Illuminate/Pipeline/Pipeline::carry():184}:185}(Object(Illuminate/Http/Request))
#27 C:/Users/DELL/growza/growza/vendor/laravel/framework/src/Illuminate/Pipeline/Pipeline.php(209): Illuminate/View/Middleware/ShareErrorsFromSession->handle(Object(Illuminate/Http/Request), Object(Closure))
#28 C:/Users/DELL/growza/growza/vendor/laravel/framework/src/Illuminate/Session/Middleware/StartSession.php(121): Illuminate/Pipeline/Pipeline->{closure:{closure:Illuminate/Pipeline/Pipeline::carry():184}:185}(Object(Illuminate/Http/Request))
#29 C:/Users/DELL/growza/growza/vendor/laravel/framework/src/Illuminate/Session/Middleware/StartSession.php(64): Illuminate/Session/Middleware/StartSession->handleStatefulRequest(Object(Illuminate/Http/Request), Object(Illuminate/Session/Store), Object(Closure))
#30 C:/Users/DELL/growza/growza/vendor/laravel/framework/src/Illuminate/Pipeline/Pipeline.php(209): Illuminate/Session/Middleware/StartSession->handle(Object(Illuminate/Http/Request), Object(Closure))
#31 C:/Users/DELL/growza/growza/vendor/laravel/framework/src/Illuminate/Cookie/Middleware/AddQueuedCookiesToResponse.php(37): Illuminate/Pipeline/Pipeline->{closure:{closure:Illuminate/Pipeline/Pipeline::carry():184}:185}(Object(Illuminate/Http/Request))
#32 C:/Users/DELL/growza/growza/vendor/laravel/framework/src/Illuminate/Pipeline/Pipeline.php(209): Illuminate/Cookie/Middleware/AddQueuedCookiesToResponse->handle(Object(Illuminate/Http/Request), Object(Closure))
#33 C:/Users/DELL/growza/growza/vendor/laravel/framework/src/Illuminate/Cookie/Middleware/EncryptCookies.php(75): Illuminate/Pipeline/Pipeline->{closure:{closure:Illuminate/Pipeline/Pipeline::carry():184}:185}(Object(Illuminate/Http/Request))
#34 C:/Users/DELL/growza/growza/vendor/laravel/framework/src/Illuminate/Pipeline/Pipeline.php(209): Illuminate/Cookie/Middleware/EncryptCookies->handle(Object(Illuminate/Http/Request), Object(Closure))
#35 C:/Users/DELL/growza/growza/vendor/laravel/framework/src/Illuminate/Pipeline/Pipeline.php(127): Illuminate/Pipeline/Pipeline->{closure:{closure:Illuminate/Pipeline/Pipeline::carry():184}:185}(Object(Illuminate/Http/Request))
#36 C:/Users/DELL/growza/growza/vendor/laravel/framework/src/Illuminate/Routing/Router.php(807): Illuminate/Pipeline/Pipeline->then(Object(Closure))
#37 C:/Users/DELL/growza/growza/vendor/laravel/framework/src/Illuminate/Routing/Router.php(786): Illuminate/Routing/Router->runRouteWithinStack(Object(Illuminate/Routing/Route), Object(Illuminate/Http/Request))
#38 C:/Users/DELL/growza/growza/vendor/laravel/framework/src/Illuminate/Routing/Router.php(750): Illuminate/Routing/Router->runRoute(Object(Illuminate/Http/Request), Object(Illuminate/Routing/Route))
#39 C:/Users/DELL/growza/growza/vendor/laravel/framework/src/Illuminate/Routing/Router.php(739): Illuminate/Routing/Router->dispatchToRoute(Object(Illuminate/Http/Request))
#40 C:/Users/DELL/growza/growza/vendor/laravel/framework/src/Illuminate/Foundation/Http/Kernel.php(201): Illuminate/Routing/Router->dispatch(Object(Illuminate/Http/Request))
#41 C:/Users/DELL/growza/growza/vendor/laravel/framework/src/Illuminate/Pipeline/Pipeline.php(170): Illuminate/Foundation/Http/Kernel->{closure:Illuminate/Foundation/Http/Kernel::dispatchToRouter():198}(Object(Illuminate/Http/Request))
#42 C:/Users/DELL/growza/growza/vendor/livewire/livewire/src/Features/SupportDisablingBackButtonCache/DisableBackButtonCacheMiddleware.php(19): Illuminate/Pipeline/Pipeline->{closure:Illuminate/Pipeline/Pipeline::prepareDestination():168}(Object(Illuminate/Http/Request))
#43 C:/Users/DELL/growza/growza/vendor/laravel/framework/src/Illuminate/Pipeline/Pipeline.php(209): Livewire/Features/SupportDisablingBackButtonCache/DisableBackButtonCacheMiddleware->handle(Object(Illuminate/Http/Request), Object(Closure))
#44 C:/Users/DELL/growza/growza/vendor/laravel/framework/src/Illuminate/Foundation/Http/Middleware/TransformsRequest.php(21): Illuminate/Pipeline/Pipeline->{closure:{closure:Illuminate/Pipeline/Pipeline::carry():184}:185}(Object(Illuminate/Http/Request))
#45 C:/Users/DELL/growza/growza/vendor/laravel/framework/src/Illuminate/Foundation/Http/Middleware/ConvertEmptyStringsToNull.php(31): Illuminate/Foundation/Http/Middleware/TransformsRequest->handle(Object(Illuminate/Http/Request), Object(Closure))
#46 C:/Users/DELL/growza/growza/vendor/laravel/framework/src/Illuminate/Pipeline/Pipeline.php(209): Illuminate/Foundation/Http/Middleware/ConvertEmptyStringsToNull->handle(Object(Illuminate/Http/Request), Object(Closure))
#47 C:/Users/DELL/growza/growza/vendor/laravel/framework/src/Illuminate/Foundation/Http/Middleware/TransformsRequest.php(21): Illuminate/Pipeline/Pipeline->{closure:{closure:Illuminate/Pipeline/Pipeline::carry():184}:185}(Object(Illuminate/Http/Request))
#48 C:/Users/DELL/growza/growza/vendor/laravel/framework/src/Illuminate/Foundation/Http/Middleware/TrimStrings.php(51): Illuminate/Foundation/Http/Middleware/TransformsRequest->handle(Object(Illuminate/Http/Request), Object(Closure))
#49 C:/Users/DELL/growza/growza/vendor/laravel/framework/src/Illuminate/Pipeline/Pipeline.php(209): Illuminate/Foundation/Http/Middleware/TrimStrings->handle(Object(Illuminate/Http/Request), Object(Closure))
#50 C:/Users/DELL/growza/growza/vendor/laravel/framework/src/Illuminate/Http/Middleware/ValidatePostSize.php(27): Illuminate/Pipeline/Pipeline->{closure:{closure:Illuminate/Pipeline/Pipeline::carry():184}:185}(Object(Illuminate/Http/Request))
#51 C:/Users/DELL/growza/growza/vendor/laravel/framework/src/Illuminate/Pipeline/Pipeline.php(209): Illuminate/Http/Middleware/ValidatePostSize->handle(Object(Illuminate/Http/Request), Object(Closure))
#52 C:/Users/DELL/growza/growza/vendor/laravel/framework/src/Illuminate/Foundation/Http/Middleware/PreventRequestsDuringMaintenance.php(110): Illuminate/Pipeline/Pipeline->{closure:{closure:Illuminate/Pipeline/Pipeline::carry():184}:185}(Object(Illuminate/Http/Request))
#53 C:/Users/DELL/growza/growza/vendor/laravel/framework/src/Illuminate/Pipeline/Pipeline.php(209): Illuminate/Foundation/Http/Middleware/PreventRequestsDuringMaintenance->handle(Object(Illuminate/Http/Request), Object(Closure))
#54 C:/Users/DELL/growza/growza/vendor/laravel/framework/src/Illuminate/Http/Middleware/HandleCors.php(49): Illuminate/Pipeline/Pipeline->{closure:{closure:Illuminate/Pipeline/Pipeline::carry():184}:185}(Object(Illuminate/Http/Request))
#55 C:/Users/DELL/growza/growza/vendor/laravel/framework/src/Illuminate/Pipeline/Pipeline.php(209): Illuminate/Http/Middleware/HandleCors->handle(Object(Illuminate/Http/Request), Object(Closure))
#56 C:/Users/DELL/growza/growza/vendor/laravel/framework/src/Illuminate/Http/Middleware/TrustProxies.php(58): Illuminate/Pipeline/Pipeline->{closure:{closure:Illuminate/Pipeline/Pipeline::carry():184}:185}(Object(Illuminate/Http/Request))
#57 C:/Users/DELL/growza/growza/vendor/laravel/framework/src/Illuminate/Pipeline/Pipeline.php(209): Illuminate/Http/Middleware/TrustProxies->handle(Object(Illuminate/Http/Request), Object(Closure))
#58 C:/Users/DELL/growza/growza/vendor/laravel/framework/src/Illuminate/Foundation/Http/Middleware/InvokeDeferredCallbacks.php(22): Illuminate/Pipeline/Pipeline->{closure:{closure:Illuminate/Pipeline/Pipeline::carry():184}:185}(Object(Illuminate/Http/Request))
#59 C:/Users/DELL/growza/growza/vendor/laravel/framework/src/Illuminate/Pipeline/Pipeline.php(209): Illuminate/Foundation/Http/Middleware/InvokeDeferredCallbacks->handle(Object(Illuminate/Http/Request), Object(Closure))
#60 C:/Users/DELL/growza/growza/vendor/laravel/framework/src/Illuminate/Pipeline/Pipeline.php(127): Illuminate/Pipeline/Pipeline->{closure:{closure:Illuminate/Pipeline/Pipeline::carry():184}:185}(Object(Illuminate/Http/Request))
#61 C:/Users/DELL/growza/growza/vendor/laravel/framework/src/Illuminate/Foundation/Http/Kernel.php(176): Illuminate/Pipeline/Pipeline->then(Object(Closure))
#62 C:/Users/DELL/growza/growza/vendor/laravel/framework/src/Illuminate/Foundation/Http/Kernel.php(145): Illuminate/Foundation/Http/Kernel->sendRequestThroughRouter(Object(Illuminate/Http/Request))
#63 C:/Users/DELL/growza/growza/vendor/laravel/framework/src/Illuminate/Foundation/Testing/Concerns/MakesHttpRequests.php(607): Illuminate/Foundation/Http/Kernel->handle(Object(Illuminate/Http/Request))
#64 C:/Users/DELL/growza/growza/vendor/laravel/framework/src/Illuminate/Foundation/Testing/Concerns/MakesHttpRequests.php(397): Illuminate/Foundation/Testing/TestCase->call('POST', 'http://localhos...', Array, Array, Array, Array)
#65 [internal function]: Illuminate/Foundation/Testing/TestCase->post('http://localhos...', Array)
#66 C:/Users/DELL/growza/growza/vendor/pestphp/pest/src/Support/Reflection.php(38): ReflectionMethod->invoke(Object(P/Tests/Feature/AuthenticationTest), 'http://localhos...', Array)
#67 C:/Users/DELL/growza/growza/vendor/pestphp/pest/src/Support/HigherOrderMessage.php(59): Pest/Support/Reflection::call(Object(P/Tests/Feature/AuthenticationTest), 'post', Array)
#68 C:/Users/DELL/growza/growza/vendor/pestphp/pest/src/Support/HigherOrderTapProxy.php(66): Pest/Support/HigherOrderMessage->call(Object(P/Tests/Feature/AuthenticationTest))
#69 C:/Users/DELL/growza/growza/vendor/pestphp/pest-plugin-laravel/src/Http.php(209): Pest/Support/HigherOrderTapProxy->__call('post', Array)
#70 C:/Users/DELL/growza/growza/tests/Feature/AuthenticationTest.php(32): Pest/Laravel/post('http://localhos...', Array)
#71 C:/Users/DELL/growza/growza/vendor/pestphp/pest/src/Factories/TestCaseMethodFactory.php(110): P/Tests/Feature/AuthenticationTest->{closure:C:/Users/DELL/growza/growza/tests/Feature/AuthenticationTest.php:31}()
#72 [internal function]: P/Tests/Feature/AuthenticationTest->{closure:Pest/Factories/TestCaseMethodFactory::getClosure():102}()
#73 C:/Users/DELL/growza/growza/vendor/pestphp/pest/src/Concerns/Testable.php(339): call_user_func_array(Object(Closure), Array)
#74 C:/Users/DELL/growza/growza/vendor/pestphp/pest/src/Support/ExceptionTrace.php(26): P/Tests/Feature/AuthenticationTest->{closure:Pest/Concerns/Testable::__callClosure():339}()
#75 C:/Users/DELL/growza/growza/vendor/pestphp/pest/src/Concerns/Testable.php(339): Pest/Support/ExceptionTrace::ensure(Object(Closure))
#76 C:/Users/DELL/growza/growza/vendor/pestphp/pest/src/Concerns/Testable.php(256): P/Tests/Feature/AuthenticationTest->__callClosure(Object(Closure), Array)
#77 C:/Users/DELL/growza/growza/vendor/pestphp/pest/src/Factories/TestCaseFactory.php(197) : eval()'d code(41): P/Tests/Feature/AuthenticationTest->__runTest(Object(Closure))
#78 C:/Users/DELL/growza/growza/vendor/phpunit/phpunit/src/Framework/TestCase.php(1548): P/Tests/Feature/AuthenticationTest->__pest_evaluable_it_registers_a_user_with_the_required_fields()
#79 C:/Users/DELL/growza/growza/vendor/phpunit/phpunit/src/Framework/TestCase.php(686): PHPUnit/Framework/TestCase->runTest()
#80 C:/Users/DELL/growza/growza/vendor/phpunit/phpunit/src/Framework/TestRunner.php(106): PHPUnit/Framework/TestCase->runBare()
#81 C:/Users/DELL/growza/growza/vendor/phpunit/phpunit/src/Framework/TestCase.php(516): PHPUnit/Framework/TestRunner->run(Object(P/Tests/Feature/AuthenticationTest))
#82 C:/Users/DELL/growza/growza/vendor/phpunit/phpunit/src/Framework/TestSuite.php(374): PHPUnit/Framework/TestCase->run()
#83 C:/Users/DELL/growza/growza/vendor/phpunit/phpunit/src/Framework/TestSuite.php(374): PHPUnit/Framework/TestSuite->run()
#84 C:/Users/DELL/growza/growza/vendor/phpunit/phpunit/src/Framework/TestSuite.php(374): PHPUnit/Framework/TestSuite->run()
#85 C:/Users/DELL/growza/growza/vendor/phpunit/phpunit/src/TextUI/TestRunner.php(64): PHPUnit/Framework/TestSuite->run()
#86 C:/Users/DELL/growza/growza/vendor/phpunit/phpunit/src/TextUI/Application.php(204): PHPUnit/TextUI/TestRunner->run(Object(PHPUnit/TextUI/Configuration/Configuration), Object(PHPUnit/Runner/ResultCache/DefaultResultCache), Object(PHPUnit/Framework/TestSuite))
#87 C:/Users/DELL/growza/growza/vendor/pestphp/pest/src/Kernel.php(103): PHPUnit/TextUI/Application->run(Array)
#88 C:/Users/DELL/growza/growza/vendor/pestphp/pest/bin/pest(91): Pest/Kernel->handle(Array, Array)
#89 C:/Users/DELL/growza/growza/vendor/pestphp/pest/bin/pest(99): {closure:C:/Users/DELL/growza/growza/vendor/pestphp/pest/bin/pest:12}()
#90 {main}
"} 
[2026-09-21 06:24:52] testing.ERROR: cURL error 60: SSL certificate problem: unable to get local issuer certificate (see https://curl.se/libcurl/c/libcurl-errors.html) for https://api.pwnedpasswords.com/range/E8E64 {"exception":"[object] (GuzzleHttp\\Exception\\RequestException(code: 0): cURL error 60: SSL certificate problem: unable to get local issuer certificate (see https://curl.se/libcurl/c/libcurl-errors.html) for https://api.pwnedpasswords.com/range/E8E64 at C:/Users/DELL/growza/growza/vendor/guzzlehttp/guzzle/src/Handler/CurlFactory.php:1141)
[stacktrace]
#0 C:/Users/DELL/growza/growza/vendor/guzzlehttp/guzzle/src/Handler/CurlFactory.php(1077): GuzzleHttp/Handler/CurlFactory::createRejection(Object(GuzzleHttp/Handler/EasyHandle), Array)
#1 C:/Users/DELL/growza/growza/vendor/guzzlehttp/guzzle/src/Handler/CurlFactory.php(1014): GuzzleHttp/Handler/CurlFactory::finishError(Object(GuzzleHttp/Handler/CurlHandler), Object(GuzzleHttp/Handler/EasyHandle), Object(GuzzleHttp/Handler/CurlFactory))
#2 C:/Users/DELL/growza/growza/vendor/guzzlehttp/guzzle/src/Handler/CurlHandler.php(88): GuzzleHttp/Handler/CurlFactory::finish(Object(GuzzleHttp/Handler/CurlHandler), Object(GuzzleHttp/Handler/EasyHandle), Object(GuzzleHttp/Handler/CurlFactory))
#3 C:/Users/DELL/growza/growza/vendor/guzzlehttp/guzzle/src/Handler/Proxy.php(28): GuzzleHttp/Handler/CurlHandler->__invoke(Object(GuzzleHttp/Psr7/Request), Array)
#4 C:/Users/DELL/growza/growza/vendor/guzzlehttp/guzzle/src/Handler/Proxy.php(68): GuzzleHttp/Handler/Proxy::{closure:GuzzleHttp/Handler/Proxy::wrapSync():27}(Object(GuzzleHttp/Psr7/Request), Array)
#5 C:/Users/DELL/growza/growza/vendor/guzzlehttp/guzzle/src/Handler/Proxy.php(48): GuzzleHttp/Handler/Proxy::{closure:GuzzleHttp/Handler/Proxy::wrapTlsFallback():63}(Object(GuzzleHttp/Psr7/Request), Array)
#6 C:/Users/DELL/growza/growza/vendor/laravel/framework/src/Illuminate/Http/Client/PendingRequest.php(1340): GuzzleHttp/Handler/Proxy::{closure:GuzzleHttp/Handler/Proxy::wrapStreaming():47}(Object(GuzzleHttp/Psr7/Request), Array)
#7 C:/Users/DELL/growza/growza/vendor/laravel/framework/src/Illuminate/Http/Client/PendingRequest.php(1306): Illuminate/Http/Client/PendingRequest->{closure:{closure:Illuminate/Http/Client/PendingRequest::buildStubHandler():1327}:1328}(Object(GuzzleHttp/Psr7/Request), Array)
#8 C:/Users/DELL/growza/growza/vendor/laravel/framework/src/Illuminate/Http/Client/PendingRequest.php(1292): Illuminate/Http/Client/PendingRequest->{closure:{closure:Illuminate/Http/Client/PendingRequest::buildRecorderHandler():1304}:1305}(Object(GuzzleHttp/Psr7/Request), Array)
#9 C:/Users/DELL/growza/growza/vendor/guzzlehttp/guzzle/src/PrepareBodyMiddleware.php(35): Illuminate/Http/Client/PendingRequest->{closure:{closure:Illuminate/Http/Client/PendingRequest::buildBeforeSendingHandler():1290}:1291}(Object(GuzzleHttp/Psr7/Request), Array)
#10 C:/Users/DELL/growza/growza/vendor/guzzlehttp/guzzle/src/Middleware.php(38): GuzzleHttp/PrepareBodyMiddleware->__invoke(Object(GuzzleHttp/Psr7/Request), Array)
#11 C:/Users/DELL/growza/growza/vendor/guzzlehttp/guzzle/src/RedirectMiddleware.php(72): GuzzleHttp/Middleware::{closure:{closure:GuzzleHttp/Middleware::cookies():28}:29}(Object(GuzzleHttp/Psr7/Request), Array)
#12 C:/Users/DELL/growza/growza/vendor/guzzlehttp/guzzle/src/Middleware.php(63): GuzzleHttp/RedirectMiddleware->__invoke(Object(GuzzleHttp/Psr7/Request), Array)
#13 C:/Users/DELL/growza/growza/vendor/guzzlehttp/guzzle/src/HandlerStack.php(75): GuzzleHttp/Middleware::{closure:{closure:GuzzleHttp/Middleware::httpErrors():60}:61}(Object(GuzzleHttp/Psr7/Request), Array)
#14 C:/Users/DELL/growza/growza/vendor/guzzlehttp/guzzle/src/Client.php(1109): GuzzleHttp/HandlerStack->__invoke(Object(GuzzleHttp/Psr7/Request), Array)
#15 C:/Users/DELL/growza/growza/vendor/guzzlehttp/guzzle/src/Client.php(243): GuzzleHttp/Client->transfer(Object(GuzzleHttp/Psr7/Request), Array)
#16 C:/Users/DELL/growza/growza/vendor/guzzlehttp/guzzle/src/Client.php(273): GuzzleHttp/Client->requestAsync('GET', Object(GuzzleHttp/Psr7/Uri), Array)
#17 C:/Users/DELL/growza/growza/vendor/laravel/framework/src/Illuminate/Http/Client/PendingRequest.php(1138): GuzzleHttp/Client->request('GET', 'https://api.pwn...', Array)
#18 C:/Users/DELL/growza/growza/vendor/laravel/framework/src/Illuminate/Http/Client/PendingRequest.php(907): Illuminate/Http/Client/PendingRequest->sendRequest('GET', 'https://api.pwn...', Array)
#19 C:/Users/DELL/growza/growza/vendor/laravel/framework/src/Illuminate/Support/helpers.php(338): Illuminate/Http/Client/PendingRequest->{closure:Illuminate/Http/Client/PendingRequest::send():905}(1)
#20 C:/Users/DELL/growza/growza/vendor/laravel/framework/src/Illuminate/Http/Client/PendingRequest.php(905): retry(0, Object(Closure), 100, Object(Closure))
#21 C:/Users/DELL/growza/growza/vendor/laravel/framework/src/Illuminate/Http/Client/PendingRequest.php(772): Illuminate/Http/Client/PendingRequest->send('GET', 'https://api.pwn...', Array)
#22 C:/Users/DELL/growza/growza/vendor/laravel/framework/src/Illuminate/Validation/NotPwnedVerifier.php(89): Illuminate/Http/Client/PendingRequest->get('https://api.pwn...')
#23 C:/Users/DELL/growza/growza/vendor/laravel/framework/src/Illuminate/Validation/NotPwnedVerifier.php(55): Illuminate/Validation/NotPwnedVerifier->search('E8E64')
#24 C:/Users/DELL/growza/growza/vendor/laravel/framework/src/Illuminate/Validation/Rules/Password.php(349): Illuminate/Validation/NotPwnedVerifier->verify(Array)
#25 C:/Users/DELL/growza/growza/vendor/laravel/framework/src/Illuminate/Validation/Validator.php(902): Illuminate/Validation/Rules/Password->passes('password', 'correct-horse-9...')
#26 C:/Users/DELL/growza/growza/vendor/laravel/framework/src/Illuminate/Validation/Validator.php(678): Illuminate/Validation/Validator->validateUsingCustomRule('password', 'correct-horse-9...', Object(Illuminate/Validation/Rules/Password))
#27 C:/Users/DELL/growza/growza/vendor/laravel/framework/src/Illuminate/Validation/Validator.php(481): Illuminate/Validation/Validator->validateAttribute('password', Object(Illuminate/Validation/Rules/Password))
#28 C:/Users/DELL/growza/growza/vendor/laravel/framework/src/Illuminate/Validation/Validator.php(516): Illuminate/Validation/Validator->passes()
#29 C:/Users/DELL/growza/growza/vendor/laravel/framework/src/Illuminate/Validation/Validator.php(558): Illuminate/Validation/Validator->fails()
#30 C:/Users/DELL/growza/growza/app/Domain/Auth/Actions/CreateNewUser.php(53): Illuminate/Validation/Validator->validate()
#31 C:/Users/DELL/growza/growza/vendor/laravel/fortify/src/Http/Controllers/RegisteredUserController.php(62): App/Domain/Auth/Actions/CreateNewUser->create(Array)
#32 C:/Users/DELL/growza/growza/vendor/laravel/framework/src/Illuminate/Routing/Controller.php(54): Laravel/Fortify/Http/Controllers/RegisteredUserController->store(Object(Illuminate/Http/Request), Object(App/Domain/Auth/Actions/CreateNewUser))
#33 C:/Users/DELL/growza/growza/vendor/laravel/framework/src/Illuminate/Routing/ControllerDispatcher.php(44): Illuminate/Routing/Controller->callAction('store', Array)
#34 C:/Users/DELL/growza/growza/vendor/laravel/framework/src/Illuminate/Routing/Route.php(266): Illuminate/Routing/ControllerDispatcher->dispatch(Object(Illuminate/Routing/Route), Object(Laravel/Fortify/Http/Controllers/RegisteredUserController), 'store')
#35 C:/Users/DELL/growza/growza/vendor/laravel/framework/src/Illuminate/Routing/Route.php(212): Illuminate/Routing/Route->runController()
#36 C:/Users/DELL/growza/growza/vendor/laravel/framework/src/Illuminate/Routing/Router.php(808): Illuminate/Routing/Route->run()
#37 C:/Users/DELL/growza/growza/vendor/laravel/framework/src/Illuminate/Pipeline/Pipeline.php(170): Illuminate/Routing/Router->{closure:Illuminate/Routing/Router::runRouteWithinStack():807}(Object(Illuminate/Http/Request))
#38 C:/Users/DELL/growza/growza/vendor/laravel/framework/src/Illuminate/Auth/Middleware/RedirectIfAuthenticated.php(35): Illuminate/Pipeline/Pipeline->{closure:Illuminate/Pipeline/Pipeline::prepareDestination():168}(Object(Illuminate/Http/Request))
#39 C:/Users/DELL/growza/growza/vendor/laravel/framework/src/Illuminate/Pipeline/Pipeline.php(209): Illuminate/Auth/Middleware/RedirectIfAuthenticated->handle(Object(Illuminate/Http/Request), Object(Closure), 'web')
#40 C:/Users/DELL/growza/growza/vendor/laravel/framework/src/Illuminate/Routing/Middleware/SubstituteBindings.php(51): Illuminate/Pipeline/Pipeline->{closure:{closure:Illuminate/Pipeline/Pipeline::carry():184}:185}(Object(Illuminate/Http/Request))
#41 C:/Users/DELL/growza/growza/vendor/laravel/framework/src/Illuminate/Pipeline/Pipeline.php(209): Illuminate/Routing/Middleware/SubstituteBindings->handle(Object(Illuminate/Http/Request), Object(Closure))
#42 C:/Users/DELL/growza/growza/vendor/laravel/framework/src/Illuminate/Foundation/Http/Middleware/VerifyCsrfToken.php(88): Illuminate/Pipeline/Pipeline->{closure:{closure:Illuminate/Pipeline/Pipeline::carry():184}:185}(Object(Illuminate/Http/Request))
#43 C:/Users/DELL/growza/growza/vendor/laravel/framework/src/Illuminate/Pipeline/Pipeline.php(209): Illuminate/Foundation/Http/Middleware/VerifyCsrfToken->handle(Object(Illuminate/Http/Request), Object(Closure))
#44 C:/Users/DELL/growza/growza/vendor/laravel/framework/src/Illuminate/View/Middleware/ShareErrorsFromSession.php(49): Illuminate/Pipeline/Pipeline->{closure:{closure:Illuminate/Pipeline/Pipeline::carry():184}:185}(Object(Illuminate/Http/Request))
#45 C:/Users/DELL/growza/growza/vendor/laravel/framework/src/Illuminate/Pipeline/Pipeline.php(209): Illuminate/View/Middleware/ShareErrorsFromSession->handle(Object(Illuminate/Http/Request), Object(Closure))
#46 C:/Users/DELL/growza/growza/vendor/laravel/framework/src/Illuminate/Session/Middleware/StartSession.php(121): Illuminate/Pipeline/Pipeline->{closure:{closure:Illuminate/Pipeline/Pipeline::carry():184}:185}(Object(Illuminate/Http/Request))
#47 C:/Users/DELL/growza/growza/vendor/laravel/framework/src/Illuminate/Session/Middleware/StartSession.php(64): Illuminate/Session/Middleware/StartSession->handleStatefulRequest(Object(Illuminate/Http/Request), Object(Illuminate/Session/Store), Object(Closure))
#48 C:/Users/DELL/growza/growza/vendor/laravel/framework/src/Illuminate/Pipeline/Pipeline.php(209): Illuminate/Session/Middleware/StartSession->handle(Object(Illuminate/Http/Request), Object(Closure))
#49 C:/Users/DELL/growza/growza/vendor/laravel/framework/src/Illuminate/Cookie/Middleware/AddQueuedCookiesToResponse.php(37): Illuminate/Pipeline/Pipeline->{closure:{closure:Illuminate/Pipeline/Pipeline::carry():184}:185}(Object(Illuminate/Http/Request))
#50 C:/Users/DELL/growza/growza/vendor/laravel/framework/src/Illuminate/Pipeline/Pipeline.php(209): Illuminate/Cookie/Middleware/AddQueuedCookiesToResponse->handle(Object(Illuminate/Http/Request), Object(Closure))
#51 C:/Users/DELL/growza/growza/vendor/laravel/framework/src/Illuminate/Cookie/Middleware/EncryptCookies.php(75): Illuminate/Pipeline/Pipeline->{closure:{closure:Illuminate/Pipeline/Pipeline::carry():184}:185}(Object(Illuminate/Http/Request))
#52 C:/Users/DELL/growza/growza/vendor/laravel/framework/src/Illuminate/Pipeline/Pipeline.php(209): Illuminate/Cookie/Middleware/EncryptCookies->handle(Object(Illuminate/Http/Request), Object(Closure))
#53 C:/Users/DELL/growza/growza/vendor/laravel/framework/src/Illuminate/Pipeline/Pipeline.php(127): Illuminate/Pipeline/Pipeline->{closure:{closure:Illuminate/Pipeline/Pipeline::carry():184}:185}(Object(Illuminate/Http/Request))
#54 C:/Users/DELL/growza/growza/vendor/laravel/framework/src/Illuminate/Routing/Router.php(807): Illuminate/Pipeline/Pipeline->then(Object(Closure))
#55 C:/Users/DELL/growza/growza/vendor/laravel/framework/src/Illuminate/Routing/Router.php(786): Illuminate/Routing/Router->runRouteWithinStack(Object(Illuminate/Routing/Route), Object(Illuminate/Http/Request))
#56 C:/Users/DELL/growza/growza/vendor/laravel/framework/src/Illuminate/Routing/Router.php(750): Illuminate/Routing/Router->runRoute(Object(Illuminate/Http/Request), Object(Illuminate/Routing/Route))
#57 C:/Users/DELL/growza/growza/vendor/laravel/framework/src/Illuminate/Routing/Router.php(739): Illuminate/Routing/Router->dispatchToRoute(Object(Illuminate/Http/Request))
#58 C:/Users/DELL/growza/growza/vendor/laravel/framework/src/Illuminate/Foundation/Http/Kernel.php(201): Illuminate/Routing/Router->dispatch(Object(Illuminate/Http/Request))
#59 C:/Users/DELL/growza/growza/vendor/laravel/framework/src/Illuminate/Pipeline/Pipeline.php(170): Illuminate/Foundation/Http/Kernel->{closure:Illuminate/Foundation/Http/Kernel::dispatchToRouter():198}(Object(Illuminate/Http/Request))
#60 C:/Users/DELL/growza/growza/vendor/livewire/livewire/src/Features/SupportDisablingBackButtonCache/DisableBackButtonCacheMiddleware.php(19): Illuminate/Pipeline/Pipeline->{closure:Illuminate/Pipeline/Pipeline::prepareDestination():168}(Object(Illuminate/Http/Request))
#61 C:/Users/DELL/growza/growza/vendor/laravel/framework/src/Illuminate/Pipeline/Pipeline.php(209): Livewire/Features/SupportDisablingBackButtonCache/DisableBackButtonCacheMiddleware->handle(Object(Illuminate/Http/Request), Object(Closure))
#62 C:/Users/DELL/growza/growza/vendor/laravel/framework/src/Illuminate/Foundation/Http/Middleware/TransformsRequest.php(21): Illuminate/Pipeline/Pipeline->{closure:{closure:Illuminate/Pipeline/Pipeline::carry():184}:185}(Object(Illuminate/Http/Request))
#63 C:/Users/DELL/growza/growza/vendor/laravel/framework/src/Illuminate/Foundation/Http/Middleware/ConvertEmptyStringsToNull.php(31): Illuminate/Foundation/Http/Middleware/TransformsRequest->handle(Object(Illuminate/Http/Request), Object(Closure))
#64 C:/Users/DELL/growza/growza/vendor/laravel/framework/src/Illuminate/Pipeline/Pipeline.php(209): Illuminate/Foundation/Http/Middleware/ConvertEmptyStringsToNull->handle(Object(Illuminate/Http/Request), Object(Closure))
#65 C:/Users/DELL/growza/growza/vendor/laravel/framework/src/Illuminate/Foundation/Http/Middleware/TransformsRequest.php(21): Illuminate/Pipeline/Pipeline->{closure:{closure:Illuminate/Pipeline/Pipeline::carry():184}:185}(Object(Illuminate/Http/Request))
#66 C:/Users/DELL/growza/growza/vendor/laravel/framework/src/Illuminate/Foundation/Http/Middleware/TrimStrings.php(51): Illuminate/Foundation/Http/Middleware/TransformsRequest->handle(Object(Illuminate/Http/Request), Object(Closure))
#67 C:/Users/DELL/growza/growza/vendor/laravel/framework/src/Illuminate/Pipeline/Pipeline.php(209): Illuminate/Foundation/Http/Middleware/TrimStrings->handle(Object(Illuminate/Http/Request), Object(Closure))
#68 C:/Users/DELL/growza/growza/vendor/laravel/framework/src/Illuminate/Http/Middleware/ValidatePostSize.php(27): Illuminate/Pipeline/Pipeline->{closure:{closure:Illuminate/Pipeline/Pipeline::carry():184}:185}(Object(Illuminate/Http/Request))
#69 C:/Users/DELL/growza/growza/vendor/laravel/framework/src/Illuminate/Pipeline/Pipeline.php(209): Illuminate/Http/Middleware/ValidatePostSize->handle(Object(Illuminate/Http/Request), Object(Closure))
#70 C:/Users/DELL/growza/growza/vendor/laravel/framework/src/Illuminate/Foundation/Http/Middleware/PreventRequestsDuringMaintenance.php(110): Illuminate/Pipeline/Pipeline->{closure:{closure:Illuminate/Pipeline/Pipeline::carry():184}:185}(Object(Illuminate/Http/Request))
#71 C:/Users/DELL/growza/growza/vendor/laravel/framework/src/Illuminate/Pipeline/Pipeline.php(209): Illuminate/Foundation/Http/Middleware/PreventRequestsDuringMaintenance->handle(Object(Illuminate/Http/Request), Object(Closure))
#72 C:/Users/DELL/growza/growza/vendor/laravel/framework/src/Illuminate/Http/Middleware/HandleCors.php(49): Illuminate/Pipeline/Pipeline->{closure:{closure:Illuminate/Pipeline/Pipeline::carry():184}:185}(Object(Illuminate/Http/Request))
#73 C:/Users/DELL/growza/growza/vendor/laravel/framework/src/Illuminate/Pipeline/Pipeline.php(209): Illuminate/Http/Middleware/HandleCors->handle(Object(Illuminate/Http/Request), Object(Closure))
#74 C:/Users/DELL/growza/growza/vendor/laravel/framework/src/Illuminate/Http/Middleware/TrustProxies.php(58): Illuminate/Pipeline/Pipeline->{closure:{closure:Illuminate/Pipeline/Pipeline::carry():184}:185}(Object(Illuminate/Http/Request))
#75 C:/Users/DELL/growza/growza/vendor/laravel/framework/src/Illuminate/Pipeline/Pipeline.php(209): Illuminate/Http/Middleware/TrustProxies->handle(Object(Illuminate/Http/Request), Object(Closure))
#76 C:/Users/DELL/growza/growza/vendor/laravel/framework/src/Illuminate/Foundation/Http/Middleware/InvokeDeferredCallbacks.php(22): Illuminate/Pipeline/Pipeline->{closure:{closure:Illuminate/Pipeline/Pipeline::carry():184}:185}(Object(Illuminate/Http/Request))
#77 C:/Users/DELL/growza/growza/vendor/laravel/framework/src/Illuminate/Pipeline/Pipeline.php(209): Illuminate/Foundation/Http/Middleware/InvokeDeferredCallbacks->handle(Object(Illuminate/Http/Request), Object(Closure))
#78 C:/Users/DELL/growza/growza/vendor/laravel/framework/src/Illuminate/Pipeline/Pipeline.php(127): Illuminate/Pipeline/Pipeline->{closure:{closure:Illuminate/Pipeline/Pipeline::carry():184}:185}(Object(Illuminate/Http/Request))
#79 C:/Users/DELL/growza/growza/vendor/laravel/framework/src/Illuminate/Foundation/Http/Kernel.php(176): Illuminate/Pipeline/Pipeline->then(Object(Closure))
#80 C:/Users/DELL/growza/growza/vendor/laravel/framework/src/Illuminate/Foundation/Http/Kernel.php(145): Illuminate/Foundation/Http/Kernel->sendRequestThroughRouter(Object(Illuminate/Http/Request))
#81 C:/Users/DELL/growza/growza/vendor/laravel/framework/src/Illuminate/Foundation/Testing/Concerns/MakesHttpRequests.php(607): Illuminate/Foundation/Http/Kernel->handle(Object(Illuminate/Http/Request))
#82 C:/Users/DELL/growza/growza/vendor/laravel/framework/src/Illuminate/Foundation/Testing/Concerns/MakesHttpRequests.php(397): Illuminate/Foundation/Testing/TestCase->call('POST', 'http://localhos...', Array, Array, Array, Array)
#83 [internal function]: Illuminate/Foundation/Testing/TestCase->post('http://localhos...', Array)
#84 C:/Users/DELL/growza/growza/vendor/pestphp/pest/src/Support/Reflection.php(38): ReflectionMethod->invoke(Object(P/Tests/Feature/AuthenticationTest), 'http://localhos...', Array)
#85 C:/Users/DELL/growza/growza/vendor/pestphp/pest/src/Support/HigherOrderMessage.php(59): Pest/Support/Reflection::call(Object(P/Tests/Feature/AuthenticationTest), 'post', Array)
#86 C:/Users/DELL/growza/growza/vendor/pestphp/pest/src/Support/HigherOrderTapProxy.php(66): Pest/Support/HigherOrderMessage->call(Object(P/Tests/Feature/AuthenticationTest))
#87 C:/Users/DELL/growza/growza/vendor/pestphp/pest-plugin-laravel/src/Http.php(209): Pest/Support/HigherOrderTapProxy->__call('post', Array)
#88 C:/Users/DELL/growza/growza/tests/Feature/AuthenticationTest.php(49): Pest/Laravel/post('http://localhos...', Array)
#89 C:/Users/DELL/growza/growza/vendor/pestphp/pest/src/Factories/TestCaseMethodFactory.php(110): P/Tests/Feature/AuthenticationTest->{closure:C:/Users/DELL/growza/growza/tests/Feature/AuthenticationTest.php:48}()
#90 [internal function]: P/Tests/Feature/AuthenticationTest->{closure:Pest/Factories/TestCaseMethodFactory::getClosure():102}()
#91 C:/Users/DELL/growza/growza/vendor/pestphp/pest/src/Concerns/Testable.php(339): call_user_func_array(Object(Closure), Array)
#92 C:/Users/DELL/growza/growza/vendor/pestphp/pest/src/Support/ExceptionTrace.php(26): P/Tests/Feature/AuthenticationTest->{closure:Pest/Concerns/Testable::__callClosure():339}()
#93 C:/Users/DELL/growza/growza/vendor/pestphp/pest/src/Concerns/Testable.php(339): Pest/Support/ExceptionTrace::ensure(Object(Closure))
#94 C:/Users/DELL/growza/growza/vendor/pestphp/pest/src/Concerns/Testable.php(256): P/Tests/Feature/AuthenticationTest->__callClosure(Object(Closure), Array)
#95 C:/Users/DELL/growza/growza/vendor/pestphp/pest/src/Factories/TestCaseFactory.php(197) : eval()'d code(56): P/Tests/Feature/AuthenticationTest->__runTest(Object(Closure))
#96 C:/Users/DELL/growza/growza/vendor/phpunit/phpunit/src/Framework/TestCase.php(1548): P/Tests/Feature/AuthenticationTest->__pest_evaluable_it_records_a_referral_code_at_registration_without_resolving_it()
#97 C:/Users/DELL/growza/growza/vendor/phpunit/phpunit/src/Framework/TestCase.php(686): PHPUnit/Framework/TestCase->runTest()
#98 C:/Users/DELL/growza/growza/vendor/phpunit/phpunit/src/Framework/TestRunner.php(106): PHPUnit/Framework/TestCase->runBare()
#99 C:/Users/DELL/growza/growza/vendor/phpunit/phpunit/src/Framework/TestCase.php(516): PHPUnit/Framework/TestRunner->run(Object(P/Tests/Feature/AuthenticationTest))
#100 C:/Users/DELL/growza/growza/vendor/phpunit/phpunit/src/Framework/TestSuite.php(374): PHPUnit/Framework/TestCase->run()
#101 C:/Users/DELL/growza/growza/vendor/phpunit/phpunit/src/Framework/TestSuite.php(374): PHPUnit/Framework/TestSuite->run()
#102 C:/Users/DELL/growza/growza/vendor/phpunit/phpunit/src/Framework/TestSuite.php(374): PHPUnit/Framework/TestSuite->run()
#103 C:/Users/DELL/growza/growza/vendor/phpunit/phpunit/src/TextUI/TestRunner.php(64): PHPUnit/Framework/TestSuite->run()
#104 C:/Users/DELL/growza/growza/vendor/phpunit/phpunit/src/TextUI/Application.php(204): PHPUnit/TextUI/TestRunner->run(Object(PHPUnit/TextUI/Configuration/Configuration), Object(PHPUnit/Runner/ResultCache/DefaultResultCache), Object(PHPUnit/Framework/TestSuite))
#105 C:/Users/DELL/growza/growza/vendor/pestphp/pest/src/Kernel.php(103): PHPUnit/TextUI/Application->run(Array)
#106 C:/Users/DELL/growza/growza/vendor/pestphp/pest/bin/pest(91): Pest/Kernel->handle(Array, Array)
#107 C:/Users/DELL/growza/growza/vendor/pestphp/pest/bin/pest(99): {closure:C:/Users/DELL/growza/growza/vendor/pestphp/pest/bin/pest:12}()
#108 {main}
"} 
[2026-09-21 06:24:52] testing.ERROR: SQLSTATE[23000]: Integrity constraint violation: 19 NOT NULL constraint failed: model_has_roles.team_id (Connection: sqlite, SQL: insert into "model_has_roles" ("model_id", "model_type", "role_id", "team_id") values (1, App\Domain\Identity\Models\User, 9, ?)) {"exception":"[object] (Illuminate\\Database\\QueryException(code: 23000): SQLSTATE[23000]: Integrity constraint violation: 19 NOT NULL constraint failed: model_has_roles.team_id (Connection: sqlite, SQL: insert into \"model_has_roles\" (\"model_id\", \"model_type\", \"role_id\", \"team_id\") values (1, App\\Domain\\Identity\\Models\\User, 9, ?)) at C:/Users/DELL/growza/growza/vendor/laravel/framework/src/Illuminate/Database/Connection.php:825)
[stacktrace]
#0 C:/Users/DELL/growza/growza/vendor/laravel/framework/src/Illuminate/Database/Connection.php(779): Illuminate/Database/Connection->runQueryCallback('insert into \"mo...', Array, Object(Closure))
#1 C:/Users/DELL/growza/growza/vendor/laravel/framework/src/Illuminate/Database/Connection.php(560): Illuminate/Database/Connection->run('insert into \"mo...', Array, Object(Closure))
#2 C:/Users/DELL/growza/growza/vendor/laravel/framework/src/Illuminate/Database/Connection.php(524): Illuminate/Database/Connection->statement('insert into \"mo...', Array)
#3 C:/Users/DELL/growza/growza/vendor/laravel/framework/src/Illuminate/Database/Query/Builder.php(3717): Illuminate/Database/Connection->insert('insert into \"mo...', Array)
#4 C:/Users/DELL/growza/growza/vendor/laravel/framework/src/Illuminate/Database/Eloquent/Relations/Concerns/InteractsWithPivotTable.php(276): Illuminate/Database/Query/Builder->insert(Array)
#5 C:/Users/DELL/growza/growza/vendor/spatie/laravel-permission/src/Traits/HasRoles.php(164): Illuminate/Database/Eloquent/Relations/BelongsToMany->attach(Array, Array)
#6 C:/Users/DELL/growza/growza/app/Domain/Auth/Actions/CreateNewUser.php(75): App/Domain/Identity/Models/User->assignRole('Customer')
#7 C:/Users/DELL/growza/growza/vendor/laravel/framework/src/Illuminate/Database/Concerns/ManagesTransactions.php(32): App/Domain/Auth/Actions/CreateNewUser->{closure:App/Domain/Auth/Actions/CreateNewUser::create():58}(Object(Illuminate/Database/SQLiteConnection))
#8 C:/Users/DELL/growza/growza/vendor/laravel/framework/src/Illuminate/Database/DatabaseManager.php(495): Illuminate/Database/Connection->transaction(Object(Closure))
#9 C:/Users/DELL/growza/growza/vendor/laravel/framework/src/Illuminate/Support/Facades/Facade.php(361): Illuminate/Database/DatabaseManager->__call('transaction', Array)
#10 C:/Users/DELL/growza/growza/app/Domain/Auth/Actions/CreateNewUser.php(58): Illuminate/Support/Facades/Facade::__callStatic('transaction', Array)
#11 C:/Users/DELL/growza/growza/vendor/laravel/fortify/src/Http/Controllers/RegisteredUserController.php(62): App/Domain/Auth/Actions/CreateNewUser->create(Array)
#12 C:/Users/DELL/growza/growza/vendor/laravel/framework/src/Illuminate/Routing/Controller.php(54): Laravel/Fortify/Http/Controllers/RegisteredUserController->store(Object(Illuminate/Http/Request), Object(App/Domain/Auth/Actions/CreateNewUser))
#13 C:/Users/DELL/growza/growza/vendor/laravel/framework/src/Illuminate/Routing/ControllerDispatcher.php(44): Illuminate/Routing/Controller->callAction('store', Array)
#14 C:/Users/DELL/growza/growza/vendor/laravel/framework/src/Illuminate/Routing/Route.php(266): Illuminate/Routing/ControllerDispatcher->dispatch(Object(Illuminate/Routing/Route), Object(Laravel/Fortify/Http/Controllers/RegisteredUserController), 'store')
#15 C:/Users/DELL/growza/growza/vendor/laravel/framework/src/Illuminate/Routing/Route.php(212): Illuminate/Routing/Route->runController()
#16 C:/Users/DELL/growza/growza/vendor/laravel/framework/src/Illuminate/Routing/Router.php(808): Illuminate/Routing/Route->run()
#17 C:/Users/DELL/growza/growza/vendor/laravel/framework/src/Illuminate/Pipeline/Pipeline.php(170): Illuminate/Routing/Router->{closure:Illuminate/Routing/Router::runRouteWithinStack():807}(Object(Illuminate/Http/Request))
#18 C:/Users/DELL/growza/growza/vendor/laravel/framework/src/Illuminate/Auth/Middleware/RedirectIfAuthenticated.php(35): Illuminate/Pipeline/Pipeline->{closure:Illuminate/Pipeline/Pipeline::prepareDestination():168}(Object(Illuminate/Http/Request))
#19 C:/Users/DELL/growza/growza/vendor/laravel/framework/src/Illuminate/Pipeline/Pipeline.php(209): Illuminate/Auth/Middleware/RedirectIfAuthenticated->handle(Object(Illuminate/Http/Request), Object(Closure), 'web')
#20 C:/Users/DELL/growza/growza/vendor/laravel/framework/src/Illuminate/Routing/Middleware/SubstituteBindings.php(51): Illuminate/Pipeline/Pipeline->{closure:{closure:Illuminate/Pipeline/Pipeline::carry():184}:185}(Object(Illuminate/Http/Request))
#21 C:/Users/DELL/growza/growza/vendor/laravel/framework/src/Illuminate/Pipeline/Pipeline.php(209): Illuminate/Routing/Middleware/SubstituteBindings->handle(Object(Illuminate/Http/Request), Object(Closure))
#22 C:/Users/DELL/growza/growza/vendor/laravel/framework/src/Illuminate/Foundation/Http/Middleware/VerifyCsrfToken.php(88): Illuminate/Pipeline/Pipeline->{closure:{closure:Illuminate/Pipeline/Pipeline::carry():184}:185}(Object(Illuminate/Http/Request))
#23 C:/Users/DELL/growza/growza/vendor/laravel/framework/src/Illuminate/Pipeline/Pipeline.php(209): Illuminate/Foundation/Http/Middleware/VerifyCsrfToken->handle(Object(Illuminate/Http/Request), Object(Closure))
#24 C:/Users/DELL/growza/growza/vendor/laravel/framework/src/Illuminate/View/Middleware/ShareErrorsFromSession.php(49): Illuminate/Pipeline/Pipeline->{closure:{closure:Illuminate/Pipeline/Pipeline::carry():184}:185}(Object(Illuminate/Http/Request))
#25 C:/Users/DELL/growza/growza/vendor/laravel/framework/src/Illuminate/Pipeline/Pipeline.php(209): Illuminate/View/Middleware/ShareErrorsFromSession->handle(Object(Illuminate/Http/Request), Object(Closure))
#26 C:/Users/DELL/growza/growza/vendor/laravel/framework/src/Illuminate/Session/Middleware/StartSession.php(121): Illuminate/Pipeline/Pipeline->{closure:{closure:Illuminate/Pipeline/Pipeline::carry():184}:185}(Object(Illuminate/Http/Request))
#27 C:/Users/DELL/growza/growza/vendor/laravel/framework/src/Illuminate/Session/Middleware/StartSession.php(64): Illuminate/Session/Middleware/StartSession->handleStatefulRequest(Object(Illuminate/Http/Request), Object(Illuminate/Session/Store), Object(Closure))
#28 C:/Users/DELL/growza/growza/vendor/laravel/framework/src/Illuminate/Pipeline/Pipeline.php(209): Illuminate/Session/Middleware/StartSession->handle(Object(Illuminate/Http/Request), Object(Closure))
#29 C:/Users/DELL/growza/growza/vendor/laravel/framework/src/Illuminate/Cookie/Middleware/AddQueuedCookiesToResponse.php(37): Illuminate/Pipeline/Pipeline->{closure:{closure:Illuminate/Pipeline/Pipeline::carry():184}:185}(Object(Illuminate/Http/Request))
#30 C:/Users/DELL/growza/growza/vendor/laravel/framework/src/Illuminate/Pipeline/Pipeline.php(209): Illuminate/Cookie/Middleware/AddQueuedCookiesToResponse->handle(Object(Illuminate/Http/Request), Object(Closure))
#31 C:/Users/DELL/growza/growza/vendor/laravel/framework/src/Illuminate/Cookie/Middleware/EncryptCookies.php(75): Illuminate/Pipeline/Pipeline->{closure:{closure:Illuminate/Pipeline/Pipeline::carry():184}:185}(Object(Illuminate/Http/Request))
#32 C:/Users/DELL/growza/growza/vendor/laravel/framework/src/Illuminate/Pipeline/Pipeline.php(209): Illuminate/Cookie/Middleware/EncryptCookies->handle(Object(Illuminate/Http/Request), Object(Closure))
#33 C:/Users/DELL/growza/growza/vendor/laravel/framework/src/Illuminate/Pipeline/Pipeline.php(127): Illuminate/Pipeline/Pipeline->{closure:{closure:Illuminate/Pipeline/Pipeline::carry():184}:185}(Object(Illuminate/Http/Request))
#34 C:/Users/DELL/growza/growza/vendor/laravel/framework/src/Illuminate/Routing/Router.php(807): Illuminate/Pipeline/Pipeline->then(Object(Closure))
#35 C:/Users/DELL/growza/growza/vendor/laravel/framework/src/Illuminate/Routing/Router.php(786): Illuminate/Routing/Router->runRouteWithinStack(Object(Illuminate/Routing/Route), Object(Illuminate/Http/Request))
#36 C:/Users/DELL/growza/growza/vendor/laravel/framework/src/Illuminate/Routing/Router.php(750): Illuminate/Routing/Router->runRoute(Object(Illuminate/Http/Request), Object(Illuminate/Routing/Route))
#37 C:/Users/DELL/growza/growza/vendor/laravel/framework/src/Illuminate/Routing/Router.php(739): Illuminate/Routing/Router->dispatchToRoute(Object(Illuminate/Http/Request))
#38 C:/Users/DELL/growza/growza/vendor/laravel/framework/src/Illuminate/Foundation/Http/Kernel.php(201): Illuminate/Routing/Router->dispatch(Object(Illuminate/Http/Request))
#39 C:/Users/DELL/growza/growza/vendor/laravel/framework/src/Illuminate/Pipeline/Pipeline.php(170): Illuminate/Foundation/Http/Kernel->{closure:Illuminate/Foundation/Http/Kernel::dispatchToRouter():198}(Object(Illuminate/Http/Request))
#40 C:/Users/DELL/growza/growza/vendor/livewire/livewire/src/Features/SupportDisablingBackButtonCache/DisableBackButtonCacheMiddleware.php(19): Illuminate/Pipeline/Pipeline->{closure:Illuminate/Pipeline/Pipeline::prepareDestination():168}(Object(Illuminate/Http/Request))
#41 C:/Users/DELL/growza/growza/vendor/laravel/framework/src/Illuminate/Pipeline/Pipeline.php(209): Livewire/Features/SupportDisablingBackButtonCache/DisableBackButtonCacheMiddleware->handle(Object(Illuminate/Http/Request), Object(Closure))
#42 C:/Users/DELL/growza/growza/vendor/laravel/framework/src/Illuminate/Foundation/Http/Middleware/TransformsRequest.php(21): Illuminate/Pipeline/Pipeline->{closure:{closure:Illuminate/Pipeline/Pipeline::carry():184}:185}(Object(Illuminate/Http/Request))
#43 C:/Users/DELL/growza/growza/vendor/laravel/framework/src/Illuminate/Foundation/Http/Middleware/ConvertEmptyStringsToNull.php(31): Illuminate/Foundation/Http/Middleware/TransformsRequest->handle(Object(Illuminate/Http/Request), Object(Closure))
#44 C:/Users/DELL/growza/growza/vendor/laravel/framework/src/Illuminate/Pipeline/Pipeline.php(209): Illuminate/Foundation/Http/Middleware/ConvertEmptyStringsToNull->handle(Object(Illuminate/Http/Request), Object(Closure))
#45 C:/Users/DELL/growza/growza/vendor/laravel/framework/src/Illuminate/Foundation/Http/Middleware/TransformsRequest.php(21): Illuminate/Pipeline/Pipeline->{closure:{closure:Illuminate/Pipeline/Pipeline::carry():184}:185}(Object(Illuminate/Http/Request))
#46 C:/Users/DELL/growza/growza/vendor/laravel/framework/src/Illuminate/Foundation/Http/Middleware/TrimStrings.php(51): Illuminate/Foundation/Http/Middleware/TransformsRequest->handle(Object(Illuminate/Http/Request), Object(Closure))
#47 C:/Users/DELL/growza/growza/vendor/laravel/framework/src/Illuminate/Pipeline/Pipeline.php(209): Illuminate/Foundation/Http/Middleware/TrimStrings->handle(Object(Illuminate/Http/Request), Object(Closure))
#48 C:/Users/DELL/growza/growza/vendor/laravel/framework/src/Illuminate/Http/Middleware/ValidatePostSize.php(27): Illuminate/Pipeline/Pipeline->{closure:{closure:Illuminate/Pipeline/Pipeline::carry():184}:185}(Object(Illuminate/Http/Request))
#49 C:/Users/DELL/growza/growza/vendor/laravel/framework/src/Illuminate/Pipeline/Pipeline.php(209): Illuminate/Http/Middleware/ValidatePostSize->handle(Object(Illuminate/Http/Request), Object(Closure))
#50 C:/Users/DELL/growza/growza/vendor/laravel/framework/src/Illuminate/Foundation/Http/Middleware/PreventRequestsDuringMaintenance.php(110): Illuminate/Pipeline/Pipeline->{closure:{closure:Illuminate/Pipeline/Pipeline::carry():184}:185}(Object(Illuminate/Http/Request))
#51 C:/Users/DELL/growza/growza/vendor/laravel/framework/src/Illuminate/Pipeline/Pipeline.php(209): Illuminate/Foundation/Http/Middleware/PreventRequestsDuringMaintenance->handle(Object(Illuminate/Http/Request), Object(Closure))
#52 C:/Users/DELL/growza/growza/vendor/laravel/framework/src/Illuminate/Http/Middleware/HandleCors.php(49): Illuminate/Pipeline/Pipeline->{closure:{closure:Illuminate/Pipeline/Pipeline::carry():184}:185}(Object(Illuminate/Http/Request))
#53 C:/Users/DELL/growza/growza/vendor/laravel/framework/src/Illuminate/Pipeline/Pipeline.php(209): Illuminate/Http/Middleware/HandleCors->handle(Object(Illuminate/Http/Request), Object(Closure))
#54 C:/Users/DELL/growza/growza/vendor/laravel/framework/src/Illuminate/Http/Middleware/TrustProxies.php(58): Illuminate/Pipeline/Pipeline->{closure:{closure:Illuminate/Pipeline/Pipeline::carry():184}:185}(Object(Illuminate/Http/Request))
#55 C:/Users/DELL/growza/growza/vendor/laravel/framework/src/Illuminate/Pipeline/Pipeline.php(209): Illuminate/Http/Middleware/TrustProxies->handle(Object(Illuminate/Http/Request), Object(Closure))
#56 C:/Users/DELL/growza/growza/vendor/laravel/framework/src/Illuminate/Foundation/Http/Middleware/InvokeDeferredCallbacks.php(22): Illuminate/Pipeline/Pipeline->{closure:{closure:Illuminate/Pipeline/Pipeline::carry():184}:185}(Object(Illuminate/Http/Request))
#57 C:/Users/DELL/growza/growza/vendor/laravel/framework/src/Illuminate/Pipeline/Pipeline.php(209): Illuminate/Foundation/Http/Middleware/InvokeDeferredCallbacks->handle(Object(Illuminate/Http/Request), Object(Closure))
#58 C:/Users/DELL/growza/growza/vendor/laravel/framework/src/Illuminate/Pipeline/Pipeline.php(127): Illuminate/Pipeline/Pipeline->{closure:{closure:Illuminate/Pipeline/Pipeline::carry():184}:185}(Object(Illuminate/Http/Request))
#59 C:/Users/DELL/growza/growza/vendor/laravel/framework/src/Illuminate/Foundation/Http/Kernel.php(176): Illuminate/Pipeline/Pipeline->then(Object(Closure))
#60 C:/Users/DELL/growza/growza/vendor/laravel/framework/src/Illuminate/Foundation/Http/Kernel.php(145): Illuminate/Foundation/Http/Kernel->sendRequestThroughRouter(Object(Illuminate/Http/Request))
#61 C:/Users/DELL/growza/growza/vendor/laravel/framework/src/Illuminate/Foundation/Testing/Concerns/MakesHttpRequests.php(607): Illuminate/Foundation/Http/Kernel->handle(Object(Illuminate/Http/Request))
#62 C:/Users/DELL/growza/growza/vendor/laravel/framework/src/Illuminate/Foundation/Testing/Concerns/MakesHttpRequests.php(397): Illuminate/Foundation/Testing/TestCase->call('POST', 'http://localhos...', Array, Array, Array, Array)
#63 [internal function]: Illuminate/Foundation/Testing/TestCase->post('http://localhos...', Array)
#64 C:/Users/DELL/growza/growza/vendor/pestphp/pest/src/Support/Reflection.php(38): ReflectionMethod->invoke(Object(P/Tests/Feature/AuthenticationTest), 'http://localhos...', Array)
#65 C:/Users/DELL/growza/growza/vendor/pestphp/pest/src/Support/HigherOrderMessage.php(59): Pest/Support/Reflection::call(Object(P/Tests/Feature/AuthenticationTest), 'post', Array)
#66 C:/Users/DELL/growza/growza/vendor/pestphp/pest/src/Support/HigherOrderTapProxy.php(66): Pest/Support/HigherOrderMessage->call(Object(P/Tests/Feature/AuthenticationTest))
#67 C:/Users/DELL/growza/growza/vendor/pestphp/pest-plugin-laravel/src/Http.php(209): Pest/Support/HigherOrderTapProxy->__call('post', Array)
#68 C:/Users/DELL/growza/growza/tests/Feature/AuthenticationTest.php(49): Pest/Laravel/post('http://localhos...', Array)
#69 C:/Users/DELL/growza/growza/vendor/pestphp/pest/src/Factories/TestCaseMethodFactory.php(110): P/Tests/Feature/AuthenticationTest->{closure:C:/Users/DELL/growza/growza/tests/Feature/AuthenticationTest.php:48}()
#70 [internal function]: P/Tests/Feature/AuthenticationTest->{closure:Pest/Factories/TestCaseMethodFactory::getClosure():102}()
#71 C:/Users/DELL/growza/growza/vendor/pestphp/pest/src/Concerns/Testable.php(339): call_user_func_array(Object(Closure), Array)
#72 C:/Users/DELL/growza/growza/vendor/pestphp/pest/src/Support/ExceptionTrace.php(26): P/Tests/Feature/AuthenticationTest->{closure:Pest/Concerns/Testable::__callClosure():339}()
#73 C:/Users/DELL/growza/growza/vendor/pestphp/pest/src/Concerns/Testable.php(339): Pest/Support/ExceptionTrace::ensure(Object(Closure))
#74 C:/Users/DELL/growza/growza/vendor/pestphp/pest/src/Concerns/Testable.php(256): P/Tests/Feature/AuthenticationTest->__callClosure(Object(Closure), Array)
#75 C:/Users/DELL/growza/growza/vendor/pestphp/pest/src/Factories/TestCaseFactory.php(197) : eval()'d code(56): P/Tests/Feature/AuthenticationTest->__runTest(Object(Closure))
#76 C:/Users/DELL/growza/growza/vendor/phpunit/phpunit/src/Framework/TestCase.php(1548): P/Tests/Feature/AuthenticationTest->__pest_evaluable_it_records_a_referral_code_at_registration_without_resolving_it()
#77 C:/Users/DELL/growza/growza/vendor/phpunit/phpunit/src/Framework/TestCase.php(686): PHPUnit/Framework/TestCase->runTest()
#78 C:/Users/DELL/growza/growza/vendor/phpunit/phpunit/src/Framework/TestRunner.php(106): PHPUnit/Framework/TestCase->runBare()
#79 C:/Users/DELL/growza/growza/vendor/phpunit/phpunit/src/Framework/TestCase.php(516): PHPUnit/Framework/TestRunner->run(Object(P/Tests/Feature/AuthenticationTest))
#80 C:/Users/DELL/growza/growza/vendor/phpunit/phpunit/src/Framework/TestSuite.php(374): PHPUnit/Framework/TestCase->run()
#81 C:/Users/DELL/growza/growza/vendor/phpunit/phpunit/src/Framework/TestSuite.php(374): PHPUnit/Framework/TestSuite->run()
#82 C:/Users/DELL/growza/growza/vendor/phpunit/phpunit/src/Framework/TestSuite.php(374): PHPUnit/Framework/TestSuite->run()
#83 C:/Users/DELL/growza/growza/vendor/phpunit/phpunit/src/TextUI/TestRunner.php(64): PHPUnit/Framework/TestSuite->run()
#84 C:/Users/DELL/growza/growza/vendor/phpunit/phpunit/src/TextUI/Application.php(204): PHPUnit/TextUI/TestRunner->run(Object(PHPUnit/TextUI/Configuration/Configuration), Object(PHPUnit/Runner/ResultCache/DefaultResultCache), Object(PHPUnit/Framework/TestSuite))
#85 C:/Users/DELL/growza/growza/vendor/pestphp/pest/src/Kernel.php(103): PHPUnit/TextUI/Application->run(Array)
#86 C:/Users/DELL/growza/growza/vendor/pestphp/pest/bin/pest(91): Pest/Kernel->handle(Array, Array)
#87 C:/Users/DELL/growza/growza/vendor/pestphp/pest/bin/pest(99): {closure:C:/Users/DELL/growza/growza/vendor/pestphp/pest/bin/pest:12}()
#88 {main}

[previous exception] [object] (PDOException(code: 23000): SQLSTATE[23000]: Integrity constraint violation: 19 NOT NULL constraint failed: model_has_roles.team_id at C:/Users/DELL/growza/growza/vendor/laravel/framework/src/Illuminate/Database/Connection.php:571)
[stacktrace]
#0 C:/Users/DELL/growza/growza/vendor/laravel/framework/src/Illuminate/Database/Connection.php(571): PDOStatement->execute()
#1 C:/Users/DELL/growza/growza/vendor/laravel/framework/src/Illuminate/Database/Connection.php(812): Illuminate/Database/Connection->{closure:Illuminate/Database/Connection::statement():560}('insert into \"mo...', Array)
#2 C:/Users/DELL/growza/growza/vendor/laravel/framework/src/Illuminate/Database/Connection.php(779): Illuminate/Database/Connection->runQueryCallback('insert into \"mo...', Array, Object(Closure))
#3 C:/Users/DELL/growza/growza/vendor/laravel/framework/src/Illuminate/Database/Connection.php(560): Illuminate/Database/Connection->run('insert into \"mo...', Array, Object(Closure))
#4 C:/Users/DELL/growza/growza/vendor/laravel/framework/src/Illuminate/Database/Connection.php(524): Illuminate/Database/Connection->statement('insert into \"mo...', Array)
#5 C:/Users/DELL/growza/growza/vendor/laravel/framework/src/Illuminate/Database/Query/Builder.php(3717): Illuminate/Database/Connection->insert('insert into \"mo...', Array)
#6 C:/Users/DELL/growza/growza/vendor/laravel/framework/src/Illuminate/Database/Eloquent/Relations/Concerns/InteractsWithPivotTable.php(276): Illuminate/Database/Query/Builder->insert(Array)
#7 C:/Users/DELL/growza/growza/vendor/spatie/laravel-permission/src/Traits/HasRoles.php(164): Illuminate/Database/Eloquent/Relations/BelongsToMany->attach(Array, Array)
#8 C:/Users/DELL/growza/growza/app/Domain/Auth/Actions/CreateNewUser.php(75): App/Domain/Identity/Models/User->assignRole('Customer')
#9 C:/Users/DELL/growza/growza/vendor/laravel/framework/src/Illuminate/Database/Concerns/ManagesTransactions.php(32): App/Domain/Auth/Actions/CreateNewUser->{closure:App/Domain/Auth/Actions/CreateNewUser::create():58}(Object(Illuminate/Database/SQLiteConnection))
#10 C:/Users/DELL/growza/growza/vendor/laravel/framework/src/Illuminate/Database/DatabaseManager.php(495): Illuminate/Database/Connection->transaction(Object(Closure))
#11 C:/Users/DELL/growza/growza/vendor/laravel/framework/src/Illuminate/Support/Facades/Facade.php(361): Illuminate/Database/DatabaseManager->__call('transaction', Array)
#12 C:/Users/DELL/growza/growza/app/Domain/Auth/Actions/CreateNewUser.php(58): Illuminate/Support/Facades/Facade::__callStatic('transaction', Array)
#13 C:/Users/DELL/growza/growza/vendor/laravel/fortify/src/Http/Controllers/RegisteredUserController.php(62): App/Domain/Auth/Actions/CreateNewUser->create(Array)
#14 C:/Users/DELL/growza/growza/vendor/laravel/framework/src/Illuminate/Routing/Controller.php(54): Laravel/Fortify/Http/Controllers/RegisteredUserController->store(Object(Illuminate/Http/Request), Object(App/Domain/Auth/Actions/CreateNewUser))
#15 C:/Users/DELL/growza/growza/vendor/laravel/framework/src/Illuminate/Routing/ControllerDispatcher.php(44): Illuminate/Routing/Controller->callAction('store', Array)
#16 C:/Users/DELL/growza/growza/vendor/laravel/framework/src/Illuminate/Routing/Route.php(266): Illuminate/Routing/ControllerDispatcher->dispatch(Object(Illuminate/Routing/Route), Object(Laravel/Fortify/Http/Controllers/RegisteredUserController), 'store')
#17 C:/Users/DELL/growza/growza/vendor/laravel/framework/src/Illuminate/Routing/Route.php(212): Illuminate/Routing/Route->runController()
#18 C:/Users/DELL/growza/growza/vendor/laravel/framework/src/Illuminate/Routing/Router.php(808): Illuminate/Routing/Route->run()
#19 C:/Users/DELL/growza/growza/vendor/laravel/framework/src/Illuminate/Pipeline/Pipeline.php(170): Illuminate/Routing/Router->{closure:Illuminate/Routing/Router::runRouteWithinStack():807}(Object(Illuminate/Http/Request))
#20 C:/Users/DELL/growza/growza/vendor/laravel/framework/src/Illuminate/Auth/Middleware/RedirectIfAuthenticated.php(35): Illuminate/Pipeline/Pipeline->{closure:Illuminate/Pipeline/Pipeline::prepareDestination():168}(Object(Illuminate/Http/Request))
#21 C:/Users/DELL/growza/growza/vendor/laravel/framework/src/Illuminate/Pipeline/Pipeline.php(209): Illuminate/Auth/Middleware/RedirectIfAuthenticated->handle(Object(Illuminate/Http/Request), Object(Closure), 'web')
#22 C:/Users/DELL/growza/growza/vendor/laravel/framework/src/Illuminate/Routing/Middleware/SubstituteBindings.php(51): Illuminate/Pipeline/Pipeline->{closure:{closure:Illuminate/Pipeline/Pipeline::carry():184}:185}(Object(Illuminate/Http/Request))
#23 C:/Users/DELL/growza/growza/vendor/laravel/framework/src/Illuminate/Pipeline/Pipeline.php(209): Illuminate/Routing/Middleware/SubstituteBindings->handle(Object(Illuminate/Http/Request), Object(Closure))
#24 C:/Users/DELL/growza/growza/vendor/laravel/framework/src/Illuminate/Foundation/Http/Middleware/VerifyCsrfToken.php(88): Illuminate/Pipeline/Pipeline->{closure:{closure:Illuminate/Pipeline/Pipeline::carry():184}:185}(Object(Illuminate/Http/Request))
#25 C:/Users/DELL/growza/growza/vendor/laravel/framework/src/Illuminate/Pipeline/Pipeline.php(209): Illuminate/Foundation/Http/Middleware/VerifyCsrfToken->handle(Object(Illuminate/Http/Request), Object(Closure))
#26 C:/Users/DELL/growza/growza/vendor/laravel/framework/src/Illuminate/View/Middleware/ShareErrorsFromSession.php(49): Illuminate/Pipeline/Pipeline->{closure:{closure:Illuminate/Pipeline/Pipeline::carry():184}:185}(Object(Illuminate/Http/Request))
#27 C:/Users/DELL/growza/growza/vendor/laravel/framework/src/Illuminate/Pipeline/Pipeline.php(209): Illuminate/View/Middleware/ShareErrorsFromSession->handle(Object(Illuminate/Http/Request), Object(Closure))
#28 C:/Users/DELL/growza/growza/vendor/laravel/framework/src/Illuminate/Session/Middleware/StartSession.php(121): Illuminate/Pipeline/Pipeline->{closure:{closure:Illuminate/Pipeline/Pipeline::carry():184}:185}(Object(Illuminate/Http/Request))
#29 C:/Users/DELL/growza/growza/vendor/laravel/framework/src/Illuminate/Session/Middleware/StartSession.php(64): Illuminate/Session/Middleware/StartSession->handleStatefulRequest(Object(Illuminate/Http/Request), Object(Illuminate/Session/Store), Object(Closure))
#30 C:/Users/DELL/growza/growza/vendor/laravel/framework/src/Illuminate/Pipeline/Pipeline.php(209): Illuminate/Session/Middleware/StartSession->handle(Object(Illuminate/Http/Request), Object(Closure))
#31 C:/Users/DELL/growza/growza/vendor/laravel/framework/src/Illuminate/Cookie/Middleware/AddQueuedCookiesToResponse.php(37): Illuminate/Pipeline/Pipeline->{closure:{closure:Illuminate/Pipeline/Pipeline::carry():184}:185}(Object(Illuminate/Http/Request))
#32 C:/Users/DELL/growza/growza/vendor/laravel/framework/src/Illuminate/Pipeline/Pipeline.php(209): Illuminate/Cookie/Middleware/AddQueuedCookiesToResponse->handle(Object(Illuminate/Http/Request), Object(Closure))
#33 C:/Users/DELL/growza/growza/vendor/laravel/framework/src/Illuminate/Cookie/Middleware/EncryptCookies.php(75): Illuminate/Pipeline/Pipeline->{closure:{closure:Illuminate/Pipeline/Pipeline::carry():184}:185}(Object(Illuminate/Http/Request))
#34 C:/Users/DELL/growza/growza/vendor/laravel/framework/src/Illuminate/Pipeline/Pipeline.php(209): Illuminate/Cookie/Middleware/EncryptCookies->handle(Object(Illuminate/Http/Request), Object(Closure))
#35 C:/Users/DELL/growza/growza/vendor/laravel/framework/src/Illuminate/Pipeline/Pipeline.php(127): Illuminate/Pipeline/Pipeline->{closure:{closure:Illuminate/Pipeline/Pipeline::carry():184}:185}(Object(Illuminate/Http/Request))
#36 C:/Users/DELL/growza/growza/vendor/laravel/framework/src/Illuminate/Routing/Router.php(807): Illuminate/Pipeline/Pipeline->then(Object(Closure))
#37 C:/Users/DELL/growza/growza/vendor/laravel/framework/src/Illuminate/Routing/Router.php(786): Illuminate/Routing/Router->runRouteWithinStack(Object(Illuminate/Routing/Route), Object(Illuminate/Http/Request))
#38 C:/Users/DELL/growza/growza/vendor/laravel/framework/src/Illuminate/Routing/Router.php(750): Illuminate/Routing/Router->runRoute(Object(Illuminate/Http/Request), Object(Illuminate/Routing/Route))
#39 C:/Users/DELL/growza/growza/vendor/laravel/framework/src/Illuminate/Routing/Router.php(739): Illuminate/Routing/Router->dispatchToRoute(Object(Illuminate/Http/Request))
#40 C:/Users/DELL/growza/growza/vendor/laravel/framework/src/Illuminate/Foundation/Http/Kernel.php(201): Illuminate/Routing/Router->dispatch(Object(Illuminate/Http/Request))
#41 C:/Users/DELL/growza/growza/vendor/laravel/framework/src/Illuminate/Pipeline/Pipeline.php(170): Illuminate/Foundation/Http/Kernel->{closure:Illuminate/Foundation/Http/Kernel::dispatchToRouter():198}(Object(Illuminate/Http/Request))
#42 C:/Users/DELL/growza/growza/vendor/livewire/livewire/src/Features/SupportDisablingBackButtonCache/DisableBackButtonCacheMiddleware.php(19): Illuminate/Pipeline/Pipeline->{closure:Illuminate/Pipeline/Pipeline::prepareDestination():168}(Object(Illuminate/Http/Request))
#43 C:/Users/DELL/growza/growza/vendor/laravel/framework/src/Illuminate/Pipeline/Pipeline.php(209): Livewire/Features/SupportDisablingBackButtonCache/DisableBackButtonCacheMiddleware->handle(Object(Illuminate/Http/Request), Object(Closure))
#44 C:/Users/DELL/growza/growza/vendor/laravel/framework/src/Illuminate/Foundation/Http/Middleware/TransformsRequest.php(21): Illuminate/Pipeline/Pipeline->{closure:{closure:Illuminate/Pipeline/Pipeline::carry():184}:185}(Object(Illuminate/Http/Request))
#45 C:/Users/DELL/growza/growza/vendor/laravel/framework/src/Illuminate/Foundation/Http/Middleware/ConvertEmptyStringsToNull.php(31): Illuminate/Foundation/Http/Middleware/TransformsRequest->handle(Object(Illuminate/Http/Request), Object(Closure))
#46 C:/Users/DELL/growza/growza/vendor/laravel/framework/src/Illuminate/Pipeline/Pipeline.php(209): Illuminate/Foundation/Http/Middleware/ConvertEmptyStringsToNull->handle(Object(Illuminate/Http/Request), Object(Closure))
#47 C:/Users/DELL/growza/growza/vendor/laravel/framework/src/Illuminate/Foundation/Http/Middleware/TransformsRequest.php(21): Illuminate/Pipeline/Pipeline->{closure:{closure:Illuminate/Pipeline/Pipeline::carry():184}:185}(Object(Illuminate/Http/Request))
#48 C:/Users/DELL/growza/growza/vendor/laravel/framework/src/Illuminate/Foundation/Http/Middleware/TrimStrings.php(51): Illuminate/Foundation/Http/Middleware/TransformsRequest->handle(Object(Illuminate/Http/Request), Object(Closure))
#49 C:/Users/DELL/growza/growza/vendor/laravel/framework/src/Illuminate/Pipeline/Pipeline.php(209): Illuminate/Foundation/Http/Middleware/TrimStrings->handle(Object(Illuminate/Http/Request), Object(Closure))
#50 C:/Users/DELL/growza/growza/vendor/laravel/framework/src/Illuminate/Http/Middleware/ValidatePostSize.php(27): Illuminate/Pipeline/Pipeline->{closure:{closure:Illuminate/Pipeline/Pipeline::carry():184}:185}(Object(Illuminate/Http/Request))
#51 C:/Users/DELL/growza/growza/vendor/laravel/framework/src/Illuminate/Pipeline/Pipeline.php(209): Illuminate/Http/Middleware/ValidatePostSize->handle(Object(Illuminate/Http/Request), Object(Closure))
#52 C:/Users/DELL/growza/growza/vendor/laravel/framework/src/Illuminate/Foundation/Http/Middleware/PreventRequestsDuringMaintenance.php(110): Illuminate/Pipeline/Pipeline->{closure:{closure:Illuminate/Pipeline/Pipeline::carry():184}:185}(Object(Illuminate/Http/Request))
#53 C:/Users/DELL/growza/growza/vendor/laravel/framework/src/Illuminate/Pipeline/Pipeline.php(209): Illuminate/Foundation/Http/Middleware/PreventRequestsDuringMaintenance->handle(Object(Illuminate/Http/Request), Object(Closure))
#54 C:/Users/DELL/growza/growza/vendor/laravel/framework/src/Illuminate/Http/Middleware/HandleCors.php(49): Illuminate/Pipeline/Pipeline->{closure:{closure:Illuminate/Pipeline/Pipeline::carry():184}:185}(Object(Illuminate/Http/Request))
#55 C:/Users/DELL/growza/growza/vendor/laravel/framework/src/Illuminate/Pipeline/Pipeline.php(209): Illuminate/Http/Middleware/HandleCors->handle(Object(Illuminate/Http/Request), Object(Closure))
#56 C:/Users/DELL/growza/growza/vendor/laravel/framework/src/Illuminate/Http/Middleware/TrustProxies.php(58): Illuminate/Pipeline/Pipeline->{closure:{closure:Illuminate/Pipeline/Pipeline::carry():184}:185}(Object(Illuminate/Http/Request))
#57 C:/Users/DELL/growza/growza/vendor/laravel/framework/src/Illuminate/Pipeline/Pipeline.php(209): Illuminate/Http/Middleware/TrustProxies->handle(Object(Illuminate/Http/Request), Object(Closure))
#58 C:/Users/DELL/growza/growza/vendor/laravel/framework/src/Illuminate/Foundation/Http/Middleware/InvokeDeferredCallbacks.php(22): Illuminate/Pipeline/Pipeline->{closure:{closure:Illuminate/Pipeline/Pipeline::carry():184}:185}(Object(Illuminate/Http/Request))
#59 C:/Users/DELL/growza/growza/vendor/laravel/framework/src/Illuminate/Pipeline/Pipeline.php(209): Illuminate/Foundation/Http/Middleware/InvokeDeferredCallbacks->handle(Object(Illuminate/Http/Request), Object(Closure))
#60 C:/Users/DELL/growza/growza/vendor/laravel/framework/src/Illuminate/Pipeline/Pipeline.php(127): Illuminate/Pipeline/Pipeline->{closure:{closure:Illuminate/Pipeline/Pipeline::carry():184}:185}(Object(Illuminate/Http/Request))
#61 C:/Users/DELL/growza/growza/vendor/laravel/framework/src/Illuminate/Foundation/Http/Kernel.php(176): Illuminate/Pipeline/Pipeline->then(Object(Closure))
#62 C:/Users/DELL/growza/growza/vendor/laravel/framework/src/Illuminate/Foundation/Http/Kernel.php(145): Illuminate/Foundation/Http/Kernel->sendRequestThroughRouter(Object(Illuminate/Http/Request))
#63 C:/Users/DELL/growza/growza/vendor/laravel/framework/src/Illuminate/Foundation/Testing/Concerns/MakesHttpRequests.php(607): Illuminate/Foundation/Http/Kernel->handle(Object(Illuminate/Http/Request))
#64 C:/Users/DELL/growza/growza/vendor/laravel/framework/src/Illuminate/Foundation/Testing/Concerns/MakesHttpRequests.php(397): Illuminate/Foundation/Testing/TestCase->call('POST', 'http://localhos...', Array, Array, Array, Array)
#65 [internal function]: Illuminate/Foundation/Testing/TestCase->post('http://localhos...', Array)
#66 C:/Users/DELL/growza/growza/vendor/pestphp/pest/src/Support/Reflection.php(38): ReflectionMethod->invoke(Object(P/Tests/Feature/AuthenticationTest), 'http://localhos...', Array)
#67 C:/Users/DELL/growza/growza/vendor/pestphp/pest/src/Support/HigherOrderMessage.php(59): Pest/Support/Reflection::call(Object(P/Tests/Feature/AuthenticationTest), 'post', Array)
#68 C:/Users/DELL/growza/growza/vendor/pestphp/pest/src/Support/HigherOrderTapProxy.php(66): Pest/Support/HigherOrderMessage->call(Object(P/Tests/Feature/AuthenticationTest))
#69 C:/Users/DELL/growza/growza/vendor/pestphp/pest-plugin-laravel/src/Http.php(209): Pest/Support/HigherOrderTapProxy->__call('post', Array)
#70 C:/Users/DELL/growza/growza/tests/Feature/AuthenticationTest.php(49): Pest/Laravel/post('http://localhos...', Array)
#71 C:/Users/DELL/growza/growza/vendor/pestphp/pest/src/Factories/TestCaseMethodFactory.php(110): P/Tests/Feature/AuthenticationTest->{closure:C:/Users/DELL/growza/growza/tests/Feature/AuthenticationTest.php:48}()
#72 [internal function]: P/Tests/Feature/AuthenticationTest->{closure:Pest/Factories/TestCaseMethodFactory::getClosure():102}()
#73 C:/Users/DELL/growza/growza/vendor/pestphp/pest/src/Concerns/Testable.php(339): call_user_func_array(Object(Closure), Array)
#74 C:/Users/DELL/growza/growza/vendor/pestphp/pest/src/Support/ExceptionTrace.php(26): P/Tests/Feature/AuthenticationTest->{closure:Pest/Concerns/Testable::__callClosure():339}()
#75 C:/Users/DELL/growza/growza/vendor/pestphp/pest/src/Concerns/Testable.php(339): Pest/Support/ExceptionTrace::ensure(Object(Closure))
#76 C:/Users/DELL/growza/growza/vendor/pestphp/pest/src/Concerns/Testable.php(256): P/Tests/Feature/AuthenticationTest->__callClosure(Object(Closure), Array)
#77 C:/Users/DELL/growza/growza/vendor/pestphp/pest/src/Factories/TestCaseFactory.php(197) : eval()'d code(56): P/Tests/Feature/AuthenticationTest->__runTest(Object(Closure))
#78 C:/Users/DELL/growza/growza/vendor/phpunit/phpunit/src/Framework/TestCase.php(1548): P/Tests/Feature/AuthenticationTest->__pest_evaluable_it_records_a_referral_code_at_registration_without_resolving_it()
#79 C:/Users/DELL/growza/growza/vendor/phpunit/phpunit/src/Framework/TestCase.php(686): PHPUnit/Framework/TestCase->runTest()
#80 C:/Users/DELL/growza/growza/vendor/phpunit/phpunit/src/Framework/TestRunner.php(106): PHPUnit/Framework/TestCase->runBare()
#81 C:/Users/DELL/growza/growza/vendor/phpunit/phpunit/src/Framework/TestCase.php(516): PHPUnit/Framework/TestRunner->run(Object(P/Tests/Feature/AuthenticationTest))
#82 C:/Users/DELL/growza/growza/vendor/phpunit/phpunit/src/Framework/TestSuite.php(374): PHPUnit/Framework/TestCase->run()
#83 C:/Users/DELL/growza/growza/vendor/phpunit/phpunit/src/Framework/TestSuite.php(374): PHPUnit/Framework/TestSuite->run()
#84 C:/Users/DELL/growza/growza/vendor/phpunit/phpunit/src/Framework/TestSuite.php(374): PHPUnit/Framework/TestSuite->run()
#85 C:/Users/DELL/growza/growza/vendor/phpunit/phpunit/src/TextUI/TestRunner.php(64): PHPUnit/Framework/TestSuite->run()
#86 C:/Users/DELL/growza/growza/vendor/phpunit/phpunit/src/TextUI/Application.php(204): PHPUnit/TextUI/TestRunner->run(Object(PHPUnit/TextUI/Configuration/Configuration), Object(PHPUnit/Runner/ResultCache/DefaultResultCache), Object(PHPUnit/Framework/TestSuite))
#87 C:/Users/DELL/growza/growza/vendor/pestphp/pest/src/Kernel.php(103): PHPUnit/TextUI/Application->run(Array)
#88 C:/Users/DELL/growza/growza/vendor/pestphp/pest/bin/pest(91): Pest/Kernel->handle(Array, Array)
#89 C:/Users/DELL/growza/growza/vendor/pestphp/pest/bin/pest(99): {closure:C:/Users/DELL/growza/growza/vendor/pestphp/pest/bin/pest:12}()
#90 {main}
"} 
[2026-09-21 06:24:54] testing.ERROR: cURL error 60: SSL certificate problem: unable to get local issuer certificate (see https://curl.se/libcurl/c/libcurl-errors.html) for https://api.pwnedpasswords.com/range/E8E64 {"exception":"[object] (GuzzleHttp\\Exception\\RequestException(code: 0): cURL error 60: SSL certificate problem: unable to get local issuer certificate (see https://curl.se/libcurl/c/libcurl-errors.html) for https://api.pwnedpasswords.com/range/E8E64 at C:/Users/DELL/growza/growza/vendor/guzzlehttp/guzzle/src/Handler/CurlFactory.php:1141)
[stacktrace]
#0 C:/Users/DELL/growza/growza/vendor/guzzlehttp/guzzle/src/Handler/CurlFactory.php(1077): GuzzleHttp/Handler/CurlFactory::createRejection(Object(GuzzleHttp/Handler/EasyHandle), Array)
#1 C:/Users/DELL/growza/growza/vendor/guzzlehttp/guzzle/src/Handler/CurlFactory.php(1014): GuzzleHttp/Handler/CurlFactory::finishError(Object(GuzzleHttp/Handler/CurlHandler), Object(GuzzleHttp/Handler/EasyHandle), Object(GuzzleHttp/Handler/CurlFactory))
#2 C:/Users/DELL/growza/growza/vendor/guzzlehttp/guzzle/src/Handler/CurlHandler.php(88): GuzzleHttp/Handler/CurlFactory::finish(Object(GuzzleHttp/Handler/CurlHandler), Object(GuzzleHttp/Handler/EasyHandle), Object(GuzzleHttp/Handler/CurlFactory))
#3 C:/Users/DELL/growza/growza/vendor/guzzlehttp/guzzle/src/Handler/Proxy.php(28): GuzzleHttp/Handler/CurlHandler->__invoke(Object(GuzzleHttp/Psr7/Request), Array)
#4 C:/Users/DELL/growza/growza/vendor/guzzlehttp/guzzle/src/Handler/Proxy.php(68): GuzzleHttp/Handler/Proxy::{closure:GuzzleHttp/Handler/Proxy::wrapSync():27}(Object(GuzzleHttp/Psr7/Request), Array)
#5 C:/Users/DELL/growza/growza/vendor/guzzlehttp/guzzle/src/Handler/Proxy.php(48): GuzzleHttp/Handler/Proxy::{closure:GuzzleHttp/Handler/Proxy::wrapTlsFallback():63}(Object(GuzzleHttp/Psr7/Request), Array)
#6 C:/Users/DELL/growza/growza/vendor/laravel/framework/src/Illuminate/Http/Client/PendingRequest.php(1340): GuzzleHttp/Handler/Proxy::{closure:GuzzleHttp/Handler/Proxy::wrapStreaming():47}(Object(GuzzleHttp/Psr7/Request), Array)
#7 C:/Users/DELL/growza/growza/vendor/laravel/framework/src/Illuminate/Http/Client/PendingRequest.php(1306): Illuminate/Http/Client/PendingRequest->{closure:{closure:Illuminate/Http/Client/PendingRequest::buildStubHandler():1327}:1328}(Object(GuzzleHttp/Psr7/Request), Array)
#8 C:/Users/DELL/growza/growza/vendor/laravel/framework/src/Illuminate/Http/Client/PendingRequest.php(1292): Illuminate/Http/Client/PendingRequest->{closure:{closure:Illuminate/Http/Client/PendingRequest::buildRecorderHandler():1304}:1305}(Object(GuzzleHttp/Psr7/Request), Array)
#9 C:/Users/DELL/growza/growza/vendor/guzzlehttp/guzzle/src/PrepareBodyMiddleware.php(35): Illuminate/Http/Client/PendingRequest->{closure:{closure:Illuminate/Http/Client/PendingRequest::buildBeforeSendingHandler():1290}:1291}(Object(GuzzleHttp/Psr7/Request), Array)
#10 C:/Users/DELL/growza/growza/vendor/guzzlehttp/guzzle/src/Middleware.php(38): GuzzleHttp/PrepareBodyMiddleware->__invoke(Object(GuzzleHttp/Psr7/Request), Array)
#11 C:/Users/DELL/growza/growza/vendor/guzzlehttp/guzzle/src/RedirectMiddleware.php(72): GuzzleHttp/Middleware::{closure:{closure:GuzzleHttp/Middleware::cookies():28}:29}(Object(GuzzleHttp/Psr7/Request), Array)
#12 C:/Users/DELL/growza/growza/vendor/guzzlehttp/guzzle/src/Middleware.php(63): GuzzleHttp/RedirectMiddleware->__invoke(Object(GuzzleHttp/Psr7/Request), Array)
#13 C:/Users/DELL/growza/growza/vendor/guzzlehttp/guzzle/src/HandlerStack.php(75): GuzzleHttp/Middleware::{closure:{closure:GuzzleHttp/Middleware::httpErrors():60}:61}(Object(GuzzleHttp/Psr7/Request), Array)
#14 C:/Users/DELL/growza/growza/vendor/guzzlehttp/guzzle/src/Client.php(1109): GuzzleHttp/HandlerStack->__invoke(Object(GuzzleHttp/Psr7/Request), Array)
#15 C:/Users/DELL/growza/growza/vendor/guzzlehttp/guzzle/src/Client.php(243): GuzzleHttp/Client->transfer(Object(GuzzleHttp/Psr7/Request), Array)
#16 C:/Users/DELL/growza/growza/vendor/guzzlehttp/guzzle/src/Client.php(273): GuzzleHttp/Client->requestAsync('GET', Object(GuzzleHttp/Psr7/Uri), Array)
#17 C:/Users/DELL/growza/growza/vendor/laravel/framework/src/Illuminate/Http/Client/PendingRequest.php(1138): GuzzleHttp/Client->request('GET', 'https://api.pwn...', Array)
#18 C:/Users/DELL/growza/growza/vendor/laravel/framework/src/Illuminate/Http/Client/PendingRequest.php(907): Illuminate/Http/Client/PendingRequest->sendRequest('GET', 'https://api.pwn...', Array)
#19 C:/Users/DELL/growza/growza/vendor/laravel/framework/src/Illuminate/Support/helpers.php(338): Illuminate/Http/Client/PendingRequest->{closure:Illuminate/Http/Client/PendingRequest::send():905}(1)
#20 C:/Users/DELL/growza/growza/vendor/laravel/framework/src/Illuminate/Http/Client/PendingRequest.php(905): retry(0, Object(Closure), 100, Object(Closure))
#21 C:/Users/DELL/growza/growza/vendor/laravel/framework/src/Illuminate/Http/Client/PendingRequest.php(772): Illuminate/Http/Client/PendingRequest->send('GET', 'https://api.pwn...', Array)
#22 C:/Users/DELL/growza/growza/vendor/laravel/framework/src/Illuminate/Validation/NotPwnedVerifier.php(89): Illuminate/Http/Client/PendingRequest->get('https://api.pwn...')
#23 C:/Users/DELL/growza/growza/vendor/laravel/framework/src/Illuminate/Validation/NotPwnedVerifier.php(55): Illuminate/Validation/NotPwnedVerifier->search('E8E64')
#24 C:/Users/DELL/growza/growza/vendor/laravel/framework/src/Illuminate/Validation/Rules/Password.php(349): Illuminate/Validation/NotPwnedVerifier->verify(Array)
#25 C:/Users/DELL/growza/growza/vendor/laravel/framework/src/Illuminate/Validation/Validator.php(902): Illuminate/Validation/Rules/Password->passes('password', 'correct-horse-9...')
#26 C:/Users/DELL/growza/growza/vendor/laravel/framework/src/Illuminate/Validation/Validator.php(678): Illuminate/Validation/Validator->validateUsingCustomRule('password', 'correct-horse-9...', Object(Illuminate/Validation/Rules/Password))
#27 C:/Users/DELL/growza/growza/vendor/laravel/framework/src/Illuminate/Validation/Validator.php(481): Illuminate/Validation/Validator->validateAttribute('password', Object(Illuminate/Validation/Rules/Password))
#28 C:/Users/DELL/growza/growza/vendor/laravel/framework/src/Illuminate/Validation/Validator.php(516): Illuminate/Validation/Validator->passes()
#29 C:/Users/DELL/growza/growza/vendor/laravel/framework/src/Illuminate/Validation/Validator.php(558): Illuminate/Validation/Validator->fails()
#30 C:/Users/DELL/growza/growza/app/Domain/Auth/Actions/CreateNewUser.php(53): Illuminate/Validation/Validator->validate()
#31 C:/Users/DELL/growza/growza/vendor/laravel/fortify/src/Http/Controllers/RegisteredUserController.php(62): App/Domain/Auth/Actions/CreateNewUser->create(Array)
#32 C:/Users/DELL/growza/growza/vendor/laravel/framework/src/Illuminate/Routing/Controller.php(54): Laravel/Fortify/Http/Controllers/RegisteredUserController->store(Object(Illuminate/Http/Request), Object(App/Domain/Auth/Actions/CreateNewUser))
#33 C:/Users/DELL/growza/growza/vendor/laravel/framework/src/Illuminate/Routing/ControllerDispatcher.php(44): Illuminate/Routing/Controller->callAction('store', Array)
#34 C:/Users/DELL/growza/growza/vendor/laravel/framework/src/Illuminate/Routing/Route.php(266): Illuminate/Routing/ControllerDispatcher->dispatch(Object(Illuminate/Routing/Route), Object(Laravel/Fortify/Http/Controllers/RegisteredUserController), 'store')
#35 C:/Users/DELL/growza/growza/vendor/laravel/framework/src/Illuminate/Routing/Route.php(212): Illuminate/Routing/Route->runController()
#36 C:/Users/DELL/growza/growza/vendor/laravel/framework/src/Illuminate/Routing/Router.php(808): Illuminate/Routing/Route->run()
#37 C:/Users/DELL/growza/growza/vendor/laravel/framework/src/Illuminate/Pipeline/Pipeline.php(170): Illuminate/Routing/Router->{closure:Illuminate/Routing/Router::runRouteWithinStack():807}(Object(Illuminate/Http/Request))
#38 C:/Users/DELL/growza/growza/vendor/laravel/framework/src/Illuminate/Auth/Middleware/RedirectIfAuthenticated.php(35): Illuminate/Pipeline/Pipeline->{closure:Illuminate/Pipeline/Pipeline::prepareDestination():168}(Object(Illuminate/Http/Request))
#39 C:/Users/DELL/growza/growza/vendor/laravel/framework/src/Illuminate/Pipeline/Pipeline.php(209): Illuminate/Auth/Middleware/RedirectIfAuthenticated->handle(Object(Illuminate/Http/Request), Object(Closure), 'web')
#40 C:/Users/DELL/growza/growza/vendor/laravel/framework/src/Illuminate/Routing/Middleware/SubstituteBindings.php(51): Illuminate/Pipeline/Pipeline->{closure:{closure:Illuminate/Pipeline/Pipeline::carry():184}:185}(Object(Illuminate/Http/Request))
#41 C:/Users/DELL/growza/growza/vendor/laravel/framework/src/Illuminate/Pipeline/Pipeline.php(209): Illuminate/Routing/Middleware/SubstituteBindings->handle(Object(Illuminate/Http/Request), Object(Closure))
#42 C:/Users/DELL/growza/growza/vendor/laravel/framework/src/Illuminate/Foundation/Http/Middleware/VerifyCsrfToken.php(88): Illuminate/Pipeline/Pipeline->{closure:{closure:Illuminate/Pipeline/Pipeline::carry():184}:185}(Object(Illuminate/Http/Request))
#43 C:/Users/DELL/growza/growza/vendor/laravel/framework/src/Illuminate/Pipeline/Pipeline.php(209): Illuminate/Foundation/Http/Middleware/VerifyCsrfToken->handle(Object(Illuminate/Http/Request), Object(Closure))
#44 C:/Users/DELL/growza/growza/vendor/laravel/framework/src/Illuminate/View/Middleware/ShareErrorsFromSession.php(49): Illuminate/Pipeline/Pipeline->{closure:{closure:Illuminate/Pipeline/Pipeline::carry():184}:185}(Object(Illuminate/Http/Request))
#45 C:/Users/DELL/growza/growza/vendor/laravel/framework/src/Illuminate/Pipeline/Pipeline.php(209): Illuminate/View/Middleware/ShareErrorsFromSession->handle(Object(Illuminate/Http/Request), Object(Closure))
#46 C:/Users/DELL/growza/growza/vendor/laravel/framework/src/Illuminate/Session/Middleware/StartSession.php(121): Illuminate/Pipeline/Pipeline->{closure:{closure:Illuminate/Pipeline/Pipeline::carry():184}:185}(Object(Illuminate/Http/Request))
#47 C:/Users/DELL/growza/growza/vendor/laravel/framework/src/Illuminate/Session/Middleware/StartSession.php(64): Illuminate/Session/Middleware/StartSession->handleStatefulRequest(Object(Illuminate/Http/Request), Object(Illuminate/Session/Store), Object(Closure))
#48 C:/Users/DELL/growza/growza/vendor/laravel/framework/src/Illuminate/Pipeline/Pipeline.php(209): Illuminate/Session/Middleware/StartSession->handle(Object(Illuminate/Http/Request), Object(Closure))
#49 C:/Users/DELL/growza/growza/vendor/laravel/framework/src/Illuminate/Cookie/Middleware/AddQueuedCookiesToResponse.php(37): Illuminate/Pipeline/Pipeline->{closure:{closure:Illuminate/Pipeline/Pipeline::carry():184}:185}(Object(Illuminate/Http/Request))
#50 C:/Users/DELL/growza/growza/vendor/laravel/framework/src/Illuminate/Pipeline/Pipeline.php(209): Illuminate/Cookie/Middleware/AddQueuedCookiesToResponse->handle(Object(Illuminate/Http/Request), Object(Closure))
#51 C:/Users/DELL/growza/growza/vendor/laravel/framework/src/Illuminate/Cookie/Middleware/EncryptCookies.php(75): Illuminate/Pipeline/Pipeline->{closure:{closure:Illuminate/Pipeline/Pipeline::carry():184}:185}(Object(Illuminate/Http/Request))
#52 C:/Users/DELL/growza/growza/vendor/laravel/framework/src/Illuminate/Pipeline/Pipeline.php(209): Illuminate/Cookie/Middleware/EncryptCookies->handle(Object(Illuminate/Http/Request), Object(Closure))
#53 C:/Users/DELL/growza/growza/vendor/laravel/framework/src/Illuminate/Pipeline/Pipeline.php(127): Illuminate/Pipeline/Pipeline->{closure:{closure:Illuminate/Pipeline/Pipeline::carry():184}:185}(Object(Illuminate/Http/Request))
#54 C:/Users/DELL/growza/growza/vendor/laravel/framework/src/Illuminate/Routing/Router.php(807): Illuminate/Pipeline/Pipeline->then(Object(Closure))
#55 C:/Users/DELL/growza/growza/vendor/laravel/framework/src/Illuminate/Routing/Router.php(786): Illuminate/Routing/Router->runRouteWithinStack(Object(Illuminate/Routing/Route), Object(Illuminate/Http/Request))
#56 C:/Users/DELL/growza/growza/vendor/laravel/framework/src/Illuminate/Routing/Router.php(750): Illuminate/Routing/Router->runRoute(Object(Illuminate/Http/Request), Object(Illuminate/Routing/Route))
#57 C:/Users/DELL/growza/growza/vendor/laravel/framework/src/Illuminate/Routing/Router.php(739): Illuminate/Routing/Router->dispatchToRoute(Object(Illuminate/Http/Request))
#58 C:/Users/DELL/growza/growza/vendor/laravel/framework/src/Illuminate/Foundation/Http/Kernel.php(201): Illuminate/Routing/Router->dispatch(Object(Illuminate/Http/Request))
#59 C:/Users/DELL/growza/growza/vendor/laravel/framework/src/Illuminate/Pipeline/Pipeline.php(170): Illuminate/Foundation/Http/Kernel->{closure:Illuminate/Foundation/Http/Kernel::dispatchToRouter():198}(Object(Illuminate/Http/Request))
#60 C:/Users/DELL/growza/growza/vendor/livewire/livewire/src/Features/SupportDisablingBackButtonCache/DisableBackButtonCacheMiddleware.php(19): Illuminate/Pipeline/Pipeline->{closure:Illuminate/Pipeline/Pipeline::prepareDestination():168}(Object(Illuminate/Http/Request))
#61 C:/Users/DELL/growza/growza/vendor/laravel/framework/src/Illuminate/Pipeline/Pipeline.php(209): Livewire/Features/SupportDisablingBackButtonCache/DisableBackButtonCacheMiddleware->handle(Object(Illuminate/Http/Request), Object(Closure))
#62 C:/Users/DELL/growza/growza/vendor/laravel/framework/src/Illuminate/Foundation/Http/Middleware/TransformsRequest.php(21): Illuminate/Pipeline/Pipeline->{closure:{closure:Illuminate/Pipeline/Pipeline::carry():184}:185}(Object(Illuminate/Http/Request))
#63 C:/Users/DELL/growza/growza/vendor/laravel/framework/src/Illuminate/Foundation/Http/Middleware/ConvertEmptyStringsToNull.php(31): Illuminate/Foundation/Http/Middleware/TransformsRequest->handle(Object(Illuminate/Http/Request), Object(Closure))
#64 C:/Users/DELL/growza/growza/vendor/laravel/framework/src/Illuminate/Pipeline/Pipeline.php(209): Illuminate/Foundation/Http/Middleware/ConvertEmptyStringsToNull->handle(Object(Illuminate/Http/Request), Object(Closure))
#65 C:/Users/DELL/growza/growza/vendor/laravel/framework/src/Illuminate/Foundation/Http/Middleware/TransformsRequest.php(21): Illuminate/Pipeline/Pipeline->{closure:{closure:Illuminate/Pipeline/Pipeline::carry():184}:185}(Object(Illuminate/Http/Request))
#66 C:/Users/DELL/growza/growza/vendor/laravel/framework/src/Illuminate/Foundation/Http/Middleware/TrimStrings.php(51): Illuminate/Foundation/Http/Middleware/TransformsRequest->handle(Object(Illuminate/Http/Request), Object(Closure))
#67 C:/Users/DELL/growza/growza/vendor/laravel/framework/src/Illuminate/Pipeline/Pipeline.php(209): Illuminate/Foundation/Http/Middleware/TrimStrings->handle(Object(Illuminate/Http/Request), Object(Closure))
#68 C:/Users/DELL/growza/growza/vendor/laravel/framework/src/Illuminate/Http/Middleware/ValidatePostSize.php(27): Illuminate/Pipeline/Pipeline->{closure:{closure:Illuminate/Pipeline/Pipeline::carry():184}:185}(Object(Illuminate/Http/Request))
#69 C:/Users/DELL/growza/growza/vendor/laravel/framework/src/Illuminate/Pipeline/Pipeline.php(209): Illuminate/Http/Middleware/ValidatePostSize->handle(Object(Illuminate/Http/Request), Object(Closure))
#70 C:/Users/DELL/growza/growza/vendor/laravel/framework/src/Illuminate/Foundation/Http/Middleware/PreventRequestsDuringMaintenance.php(110): Illuminate/Pipeline/Pipeline->{closure:{closure:Illuminate/Pipeline/Pipeline::carry():184}:185}(Object(Illuminate/Http/Request))
#71 C:/Users/DELL/growza/growza/vendor/laravel/framework/src/Illuminate/Pipeline/Pipeline.php(209): Illuminate/Foundation/Http/Middleware/PreventRequestsDuringMaintenance->handle(Object(Illuminate/Http/Request), Object(Closure))
#72 C:/Users/DELL/growza/growza/vendor/laravel/framework/src/Illuminate/Http/Middleware/HandleCors.php(49): Illuminate/Pipeline/Pipeline->{closure:{closure:Illuminate/Pipeline/Pipeline::carry():184}:185}(Object(Illuminate/Http/Request))
#73 C:/Users/DELL/growza/growza/vendor/laravel/framework/src/Illuminate/Pipeline/Pipeline.php(209): Illuminate/Http/Middleware/HandleCors->handle(Object(Illuminate/Http/Request), Object(Closure))
#74 C:/Users/DELL/growza/growza/vendor/laravel/framework/src/Illuminate/Http/Middleware/TrustProxies.php(58): Illuminate/Pipeline/Pipeline->{closure:{closure:Illuminate/Pipeline/Pipeline::carry():184}:185}(Object(Illuminate/Http/Request))
#75 C:/Users/DELL/growza/growza/vendor/laravel/framework/src/Illuminate/Pipeline/Pipeline.php(209): Illuminate/Http/Middleware/TrustProxies->handle(Object(Illuminate/Http/Request), Object(Closure))
#76 C:/Users/DELL/growza/growza/vendor/laravel/framework/src/Illuminate/Foundation/Http/Middleware/InvokeDeferredCallbacks.php(22): Illuminate/Pipeline/Pipeline->{closure:{closure:Illuminate/Pipeline/Pipeline::carry():184}:185}(Object(Illuminate/Http/Request))
#77 C:/Users/DELL/growza/growza/vendor/laravel/framework/src/Illuminate/Pipeline/Pipeline.php(209): Illuminate/Foundation/Http/Middleware/InvokeDeferredCallbacks->handle(Object(Illuminate/Http/Request), Object(Closure))
#78 C:/Users/DELL/growza/growza/vendor/laravel/framework/src/Illuminate/Pipeline/Pipeline.php(127): Illuminate/Pipeline/Pipeline->{closure:{closure:Illuminate/Pipeline/Pipeline::carry():184}:185}(Object(Illuminate/Http/Request))
#79 C:/Users/DELL/growza/growza/vendor/laravel/framework/src/Illuminate/Foundation/Http/Kernel.php(176): Illuminate/Pipeline/Pipeline->then(Object(Closure))
#80 C:/Users/DELL/growza/growza/vendor/laravel/framework/src/Illuminate/Foundation/Http/Kernel.php(145): Illuminate/Foundation/Http/Kernel->sendRequestThroughRouter(Object(Illuminate/Http/Request))
#81 C:/Users/DELL/growza/growza/vendor/laravel/framework/src/Illuminate/Foundation/Testing/Concerns/MakesHttpRequests.php(607): Illuminate/Foundation/Http/Kernel->handle(Object(Illuminate/Http/Request))
#82 C:/Users/DELL/growza/growza/vendor/laravel/framework/src/Illuminate/Foundation/Testing/Concerns/MakesHttpRequests.php(397): Illuminate/Foundation/Testing/TestCase->call('POST', 'http://localhos...', Array, Array, Array, Array)
#83 [internal function]: Illuminate/Foundation/Testing/TestCase->post('http://localhos...', Array)
#84 C:/Users/DELL/growza/growza/vendor/pestphp/pest/src/Support/Reflection.php(38): ReflectionMethod->invoke(Object(P/Tests/Feature/AuthenticationTest), 'http://localhos...', Array)
#85 C:/Users/DELL/growza/growza/vendor/pestphp/pest/src/Support/HigherOrderMessage.php(59): Pest/Support/Reflection::call(Object(P/Tests/Feature/AuthenticationTest), 'post', Array)
#86 C:/Users/DELL/growza/growza/vendor/pestphp/pest/src/Support/HigherOrderTapProxy.php(66): Pest/Support/HigherOrderMessage->call(Object(P/Tests/Feature/AuthenticationTest))
#87 C:/Users/DELL/growza/growza/vendor/pestphp/pest-plugin-laravel/src/Http.php(209): Pest/Support/HigherOrderTapProxy->__call('post', Array)
#88 C:/Users/DELL/growza/growza/tests/Feature/AuthenticationTest.php(64): Pest/Laravel/post('http://localhos...', Array)
#89 C:/Users/DELL/growza/growza/vendor/pestphp/pest/src/Factories/TestCaseMethodFactory.php(110): P/Tests/Feature/AuthenticationTest->{closure:C:/Users/DELL/growza/growza/tests/Feature/AuthenticationTest.php:63}()
#90 [internal function]: P/Tests/Feature/AuthenticationTest->{closure:Pest/Factories/TestCaseMethodFactory::getClosure():102}()
#91 C:/Users/DELL/growza/growza/vendor/pestphp/pest/src/Concerns/Testable.php(339): call_user_func_array(Object(Closure), Array)
#92 C:/Users/DELL/growza/growza/vendor/pestphp/pest/src/Support/ExceptionTrace.php(26): P/Tests/Feature/AuthenticationTest->{closure:Pest/Concerns/Testable::__callClosure():339}()
#93 C:/Users/DELL/growza/growza/vendor/pestphp/pest/src/Concerns/Testable.php(339): Pest/Support/ExceptionTrace::ensure(Object(Closure))
#94 C:/Users/DELL/growza/growza/vendor/pestphp/pest/src/Concerns/Testable.php(256): P/Tests/Feature/AuthenticationTest->__callClosure(Object(Closure), Array)
#95 C:/Users/DELL/growza/growza/vendor/pestphp/pest/src/Factories/TestCaseFactory.php(197) : eval()'d code(71): P/Tests/Feature/AuthenticationTest->__runTest(Object(Closure))
#96 C:/Users/DELL/growza/growza/vendor/phpunit/phpunit/src/Framework/TestCase.php(1548): P/Tests/Feature/AuthenticationTest->__pest_evaluable_it_refuses_registration_without_accepting_the_terms()
#97 C:/Users/DELL/growza/growza/vendor/phpunit/phpunit/src/Framework/TestCase.php(686): PHPUnit/Framework/TestCase->runTest()
#98 C:/Users/DELL/growza/growza/vendor/phpunit/phpunit/src/Framework/TestRunner.php(106): PHPUnit/Framework/TestCase->runBare()
#99 C:/Users/DELL/growza/growza/vendor/phpunit/phpunit/src/Framework/TestCase.php(516): PHPUnit/Framework/TestRunner->run(Object(P/Tests/Feature/AuthenticationTest))
#100 C:/Users/DELL/growza/growza/vendor/phpunit/phpunit/src/Framework/TestSuite.php(374): PHPUnit/Framework/TestCase->run()
#101 C:/Users/DELL/growza/growza/vendor/phpunit/phpunit/src/Framework/TestSuite.php(374): PHPUnit/Framework/TestSuite->run()
#102 C:/Users/DELL/growza/growza/vendor/phpunit/phpunit/src/Framework/TestSuite.php(374): PHPUnit/Framework/TestSuite->run()
#103 C:/Users/DELL/growza/growza/vendor/phpunit/phpunit/src/TextUI/TestRunner.php(64): PHPUnit/Framework/TestSuite->run()
#104 C:/Users/DELL/growza/growza/vendor/phpunit/phpunit/src/TextUI/Application.php(204): PHPUnit/TextUI/TestRunner->run(Object(PHPUnit/TextUI/Configuration/Configuration), Object(PHPUnit/Runner/ResultCache/DefaultResultCache), Object(PHPUnit/Framework/TestSuite))
#105 C:/Users/DELL/growza/growza/vendor/pestphp/pest/src/Kernel.php(103): PHPUnit/TextUI/Application->run(Array)
#106 C:/Users/DELL/growza/growza/vendor/pestphp/pest/bin/pest(91): Pest/Kernel->handle(Array, Array)
#107 C:/Users/DELL/growza/growza/vendor/pestphp/pest/bin/pest(99): {closure:C:/Users/DELL/growza/growza/vendor/pestphp/pest/bin/pest:12}()
#108 {main}
"} 
[2026-09-21 06:24:55] testing.ERROR: cURL error 60: SSL certificate problem: unable to get local issuer certificate (see https://curl.se/libcurl/c/libcurl-errors.html) for https://api.pwnedpasswords.com/range/E8E64 {"exception":"[object] (GuzzleHttp\\Exception\\RequestException(code: 0): cURL error 60: SSL certificate problem: unable to get local issuer certificate (see https://curl.se/libcurl/c/libcurl-errors.html) for https://api.pwnedpasswords.com/range/E8E64 at C:/Users/DELL/growza/growza/vendor/guzzlehttp/guzzle/src/Handler/CurlFactory.php:1141)
[stacktrace]
#0 C:/Users/DELL/growza/growza/vendor/guzzlehttp/guzzle/src/Handler/CurlFactory.php(1077): GuzzleHttp/Handler/CurlFactory::createRejection(Object(GuzzleHttp/Handler/EasyHandle), Array)
#1 C:/Users/DELL/growza/growza/vendor/guzzlehttp/guzzle/src/Handler/CurlFactory.php(1014): GuzzleHttp/Handler/CurlFactory::finishError(Object(GuzzleHttp/Handler/CurlHandler), Object(GuzzleHttp/Handler/EasyHandle), Object(GuzzleHttp/Handler/CurlFactory))
#2 C:/Users/DELL/growza/growza/vendor/guzzlehttp/guzzle/src/Handler/CurlHandler.php(88): GuzzleHttp/Handler/CurlFactory::finish(Object(GuzzleHttp/Handler/CurlHandler), Object(GuzzleHttp/Handler/EasyHandle), Object(GuzzleHttp/Handler/CurlFactory))
#3 C:/Users/DELL/growza/growza/vendor/guzzlehttp/guzzle/src/Handler/Proxy.php(28): GuzzleHttp/Handler/CurlHandler->__invoke(Object(GuzzleHttp/Psr7/Request), Array)
#4 C:/Users/DELL/growza/growza/vendor/guzzlehttp/guzzle/src/Handler/Proxy.php(68): GuzzleHttp/Handler/Proxy::{closure:GuzzleHttp/Handler/Proxy::wrapSync():27}(Object(GuzzleHttp/Psr7/Request), Array)
#5 C:/Users/DELL/growza/growza/vendor/guzzlehttp/guzzle/src/Handler/Proxy.php(48): GuzzleHttp/Handler/Proxy::{closure:GuzzleHttp/Handler/Proxy::wrapTlsFallback():63}(Object(GuzzleHttp/Psr7/Request), Array)
#6 C:/Users/DELL/growza/growza/vendor/laravel/framework/src/Illuminate/Http/Client/PendingRequest.php(1340): GuzzleHttp/Handler/Proxy::{closure:GuzzleHttp/Handler/Proxy::wrapStreaming():47}(Object(GuzzleHttp/Psr7/Request), Array)
#7 C:/Users/DELL/growza/growza/vendor/laravel/framework/src/Illuminate/Http/Client/PendingRequest.php(1306): Illuminate/Http/Client/PendingRequest->{closure:{closure:Illuminate/Http/Client/PendingRequest::buildStubHandler():1327}:1328}(Object(GuzzleHttp/Psr7/Request), Array)
#8 C:/Users/DELL/growza/growza/vendor/laravel/framework/src/Illuminate/Http/Client/PendingRequest.php(1292): Illuminate/Http/Client/PendingRequest->{closure:{closure:Illuminate/Http/Client/PendingRequest::buildRecorderHandler():1304}:1305}(Object(GuzzleHttp/Psr7/Request), Array)
#9 C:/Users/DELL/growza/growza/vendor/guzzlehttp/guzzle/src/PrepareBodyMiddleware.php(35): Illuminate/Http/Client/PendingRequest->{closure:{closure:Illuminate/Http/Client/PendingRequest::buildBeforeSendingHandler():1290}:1291}(Object(GuzzleHttp/Psr7/Request), Array)
#10 C:/Users/DELL/growza/growza/vendor/guzzlehttp/guzzle/src/Middleware.php(38): GuzzleHttp/PrepareBodyMiddleware->__invoke(Object(GuzzleHttp/Psr7/Request), Array)
#11 C:/Users/DELL/growza/growza/vendor/guzzlehttp/guzzle/src/RedirectMiddleware.php(72): GuzzleHttp/Middleware::{closure:{closure:GuzzleHttp/Middleware::cookies():28}:29}(Object(GuzzleHttp/Psr7/Request), Array)
#12 C:/Users/DELL/growza/growza/vendor/guzzlehttp/guzzle/src/Middleware.php(63): GuzzleHttp/RedirectMiddleware->__invoke(Object(GuzzleHttp/Psr7/Request), Array)
#13 C:/Users/DELL/growza/growza/vendor/guzzlehttp/guzzle/src/HandlerStack.php(75): GuzzleHttp/Middleware::{closure:{closure:GuzzleHttp/Middleware::httpErrors():60}:61}(Object(GuzzleHttp/Psr7/Request), Array)
#14 C:/Users/DELL/growza/growza/vendor/guzzlehttp/guzzle/src/Client.php(1109): GuzzleHttp/HandlerStack->__invoke(Object(GuzzleHttp/Psr7/Request), Array)
#15 C:/Users/DELL/growza/growza/vendor/guzzlehttp/guzzle/src/Client.php(243): GuzzleHttp/Client->transfer(Object(GuzzleHttp/Psr7/Request), Array)
#16 C:/Users/DELL/growza/growza/vendor/guzzlehttp/guzzle/src/Client.php(273): GuzzleHttp/Client->requestAsync('GET', Object(GuzzleHttp/Psr7/Uri), Array)
#17 C:/Users/DELL/growza/growza/vendor/laravel/framework/src/Illuminate/Http/Client/PendingRequest.php(1138): GuzzleHttp/Client->request('GET', 'https://api.pwn...', Array)
#18 C:/Users/DELL/growza/growza/vendor/laravel/framework/src/Illuminate/Http/Client/PendingRequest.php(907): Illuminate/Http/Client/PendingRequest->sendRequest('GET', 'https://api.pwn...', Array)
#19 C:/Users/DELL/growza/growza/vendor/laravel/framework/src/Illuminate/Support/helpers.php(338): Illuminate/Http/Client/PendingRequest->{closure:Illuminate/Http/Client/PendingRequest::send():905}(1)
#20 C:/Users/DELL/growza/growza/vendor/laravel/framework/src/Illuminate/Http/Client/PendingRequest.php(905): retry(0, Object(Closure), 100, Object(Closure))
#21 C:/Users/DELL/growza/growza/vendor/laravel/framework/src/Illuminate/Http/Client/PendingRequest.php(772): Illuminate/Http/Client/PendingRequest->send('GET', 'https://api.pwn...', Array)
#22 C:/Users/DELL/growza/growza/vendor/laravel/framework/src/Illuminate/Validation/NotPwnedVerifier.php(89): Illuminate/Http/Client/PendingRequest->get('https://api.pwn...')
#23 C:/Users/DELL/growza/growza/vendor/laravel/framework/src/Illuminate/Validation/NotPwnedVerifier.php(55): Illuminate/Validation/NotPwnedVerifier->search('E8E64')
#24 C:/Users/DELL/growza/growza/vendor/laravel/framework/src/Illuminate/Validation/Rules/Password.php(349): Illuminate/Validation/NotPwnedVerifier->verify(Array)
#25 C:/Users/DELL/growza/growza/vendor/laravel/framework/src/Illuminate/Validation/Validator.php(902): Illuminate/Validation/Rules/Password->passes('password', 'correct-horse-9...')
#26 C:/Users/DELL/growza/growza/vendor/laravel/framework/src/Illuminate/Validation/Validator.php(678): Illuminate/Validation/Validator->validateUsingCustomRule('password', 'correct-horse-9...', Object(Illuminate/Validation/Rules/Password))
#27 C:/Users/DELL/growza/growza/vendor/laravel/framework/src/Illuminate/Validation/Validator.php(481): Illuminate/Validation/Validator->validateAttribute('password', Object(Illuminate/Validation/Rules/Password))
#28 C:/Users/DELL/growza/growza/vendor/laravel/framework/src/Illuminate/Validation/Validator.php(516): Illuminate/Validation/Validator->passes()
#29 C:/Users/DELL/growza/growza/vendor/laravel/framework/src/Illuminate/Validation/Validator.php(558): Illuminate/Validation/Validator->fails()
#30 C:/Users/DELL/growza/growza/app/Domain/Auth/Actions/CreateNewUser.php(53): Illuminate/Validation/Validator->validate()
#31 C:/Users/DELL/growza/growza/vendor/laravel/fortify/src/Http/Controllers/RegisteredUserController.php(62): App/Domain/Auth/Actions/CreateNewUser->create(Array)
#32 C:/Users/DELL/growza/growza/vendor/laravel/framework/src/Illuminate/Routing/Controller.php(54): Laravel/Fortify/Http/Controllers/RegisteredUserController->store(Object(Illuminate/Http/Request), Object(App/Domain/Auth/Actions/CreateNewUser))
#33 C:/Users/DELL/growza/growza/vendor/laravel/framework/src/Illuminate/Routing/ControllerDispatcher.php(44): Illuminate/Routing/Controller->callAction('store', Array)
#34 C:/Users/DELL/growza/growza/vendor/laravel/framework/src/Illuminate/Routing/Route.php(266): Illuminate/Routing/ControllerDispatcher->dispatch(Object(Illuminate/Routing/Route), Object(Laravel/Fortify/Http/Controllers/RegisteredUserController), 'store')
#35 C:/Users/DELL/growza/growza/vendor/laravel/framework/src/Illuminate/Routing/Route.php(212): Illuminate/Routing/Route->runController()
#36 C:/Users/DELL/growza/growza/vendor/laravel/framework/src/Illuminate/Routing/Router.php(808): Illuminate/Routing/Route->run()
#37 C:/Users/DELL/growza/growza/vendor/laravel/framework/src/Illuminate/Pipeline/Pipeline.php(170): Illuminate/Routing/Router->{closure:Illuminate/Routing/Router::runRouteWithinStack():807}(Object(Illuminate/Http/Request))
#38 C:/Users/DELL/growza/growza/vendor/laravel/framework/src/Illuminate/Auth/Middleware/RedirectIfAuthenticated.php(35): Illuminate/Pipeline/Pipeline->{closure:Illuminate/Pipeline/Pipeline::prepareDestination():168}(Object(Illuminate/Http/Request))
#39 C:/Users/DELL/growza/growza/vendor/laravel/framework/src/Illuminate/Pipeline/Pipeline.php(209): Illuminate/Auth/Middleware/RedirectIfAuthenticated->handle(Object(Illuminate/Http/Request), Object(Closure), 'web')
#40 C:/Users/DELL/growza/growza/vendor/laravel/framework/src/Illuminate/Routing/Middleware/SubstituteBindings.php(51): Illuminate/Pipeline/Pipeline->{closure:{closure:Illuminate/Pipeline/Pipeline::carry():184}:185}(Object(Illuminate/Http/Request))
#41 C:/Users/DELL/growza/growza/vendor/laravel/framework/src/Illuminate/Pipeline/Pipeline.php(209): Illuminate/Routing/Middleware/SubstituteBindings->handle(Object(Illuminate/Http/Request), Object(Closure))
#42 C:/Users/DELL/growza/growza/vendor/laravel/framework/src/Illuminate/Foundation/Http/Middleware/VerifyCsrfToken.php(88): Illuminate/Pipeline/Pipeline->{closure:{closure:Illuminate/Pipeline/Pipeline::carry():184}:185}(Object(Illuminate/Http/Request))
#43 C:/Users/DELL/growza/growza/vendor/laravel/framework/src/Illuminate/Pipeline/Pipeline.php(209): Illuminate/Foundation/Http/Middleware/VerifyCsrfToken->handle(Object(Illuminate/Http/Request), Object(Closure))
#44 C:/Users/DELL/growza/growza/vendor/laravel/framework/src/Illuminate/View/Middleware/ShareErrorsFromSession.php(49): Illuminate/Pipeline/Pipeline->{closure:{closure:Illuminate/Pipeline/Pipeline::carry():184}:185}(Object(Illuminate/Http/Request))
#45 C:/Users/DELL/growza/growza/vendor/laravel/framework/src/Illuminate/Pipeline/Pipeline.php(209): Illuminate/View/Middleware/ShareErrorsFromSession->handle(Object(Illuminate/Http/Request), Object(Closure))
#46 C:/Users/DELL/growza/growza/vendor/laravel/framework/src/Illuminate/Session/Middleware/StartSession.php(121): Illuminate/Pipeline/Pipeline->{closure:{closure:Illuminate/Pipeline/Pipeline::carry():184}:185}(Object(Illuminate/Http/Request))
#47 C:/Users/DELL/growza/growza/vendor/laravel/framework/src/Illuminate/Session/Middleware/StartSession.php(64): Illuminate/Session/Middleware/StartSession->handleStatefulRequest(Object(Illuminate/Http/Request), Object(Illuminate/Session/Store), Object(Closure))
#48 C:/Users/DELL/growza/growza/vendor/laravel/framework/src/Illuminate/Pipeline/Pipeline.php(209): Illuminate/Session/Middleware/StartSession->handle(Object(Illuminate/Http/Request), Object(Closure))
#49 C:/Users/DELL/growza/growza/vendor/laravel/framework/src/Illuminate/Cookie/Middleware/AddQueuedCookiesToResponse.php(37): Illuminate/Pipeline/Pipeline->{closure:{closure:Illuminate/Pipeline/Pipeline::carry():184}:185}(Object(Illuminate/Http/Request))
#50 C:/Users/DELL/growza/growza/vendor/laravel/framework/src/Illuminate/Pipeline/Pipeline.php(209): Illuminate/Cookie/Middleware/AddQueuedCookiesToResponse->handle(Object(Illuminate/Http/Request), Object(Closure))
#51 C:/Users/DELL/growza/growza/vendor/laravel/framework/src/Illuminate/Cookie/Middleware/EncryptCookies.php(75): Illuminate/Pipeline/Pipeline->{closure:{closure:Illuminate/Pipeline/Pipeline::carry():184}:185}(Object(Illuminate/Http/Request))
#52 C:/Users/DELL/growza/growza/vendor/laravel/framework/src/Illuminate/Pipeline/Pipeline.php(209): Illuminate/Cookie/Middleware/EncryptCookies->handle(Object(Illuminate/Http/Request), Object(Closure))
#53 C:/Users/DELL/growza/growza/vendor/laravel/framework/src/Illuminate/Pipeline/Pipeline.php(127): Illuminate/Pipeline/Pipeline->{closure:{closure:Illuminate/Pipeline/Pipeline::carry():184}:185}(Object(Illuminate/Http/Request))
#54 C:/Users/DELL/growza/growza/vendor/laravel/framework/src/Illuminate/Routing/Router.php(807): Illuminate/Pipeline/Pipeline->then(Object(Closure))
#55 C:/Users/DELL/growza/growza/vendor/laravel/framework/src/Illuminate/Routing/Router.php(786): Illuminate/Routing/Router->runRouteWithinStack(Object(Illuminate/Routing/Route), Object(Illuminate/Http/Request))
#56 C:/Users/DELL/growza/growza/vendor/laravel/framework/src/Illuminate/Routing/Router.php(750): Illuminate/Routing/Router->runRoute(Object(Illuminate/Http/Request), Object(Illuminate/Routing/Route))
#57 C:/Users/DELL/growza/growza/vendor/laravel/framework/src/Illuminate/Routing/Router.php(739): Illuminate/Routing/Router->dispatchToRoute(Object(Illuminate/Http/Request))
#58 C:/Users/DELL/growza/growza/vendor/laravel/framework/src/Illuminate/Foundation/Http/Kernel.php(201): Illuminate/Routing/Router->dispatch(Object(Illuminate/Http/Request))
#59 C:/Users/DELL/growza/growza/vendor/laravel/framework/src/Illuminate/Pipeline/Pipeline.php(170): Illuminate/Foundation/Http/Kernel->{closure:Illuminate/Foundation/Http/Kernel::dispatchToRouter():198}(Object(Illuminate/Http/Request))
#60 C:/Users/DELL/growza/growza/vendor/livewire/livewire/src/Features/SupportDisablingBackButtonCache/DisableBackButtonCacheMiddleware.php(19): Illuminate/Pipeline/Pipeline->{closure:Illuminate/Pipeline/Pipeline::prepareDestination():168}(Object(Illuminate/Http/Request))
#61 C:/Users/DELL/growza/growza/vendor/laravel/framework/src/Illuminate/Pipeline/Pipeline.php(209): Livewire/Features/SupportDisablingBackButtonCache/DisableBackButtonCacheMiddleware->handle(Object(Illuminate/Http/Request), Object(Closure))
#62 C:/Users/DELL/growza/growza/vendor/laravel/framework/src/Illuminate/Foundation/Http/Middleware/TransformsRequest.php(21): Illuminate/Pipeline/Pipeline->{closure:{closure:Illuminate/Pipeline/Pipeline::carry():184}:185}(Object(Illuminate/Http/Request))
#63 C:/Users/DELL/growza/growza/vendor/laravel/framework/src/Illuminate/Foundation/Http/Middleware/ConvertEmptyStringsToNull.php(31): Illuminate/Foundation/Http/Middleware/TransformsRequest->handle(Object(Illuminate/Http/Request), Object(Closure))
#64 C:/Users/DELL/growza/growza/vendor/laravel/framework/src/Illuminate/Pipeline/Pipeline.php(209): Illuminate/Foundation/Http/Middleware/ConvertEmptyStringsToNull->handle(Object(Illuminate/Http/Request), Object(Closure))
#65 C:/Users/DELL/growza/growza/vendor/laravel/framework/src/Illuminate/Foundation/Http/Middleware/TransformsRequest.php(21): Illuminate/Pipeline/Pipeline->{closure:{closure:Illuminate/Pipeline/Pipeline::carry():184}:185}(Object(Illuminate/Http/Request))
#66 C:/Users/DELL/growza/growza/vendor/laravel/framework/src/Illuminate/Foundation/Http/Middleware/TrimStrings.php(51): Illuminate/Foundation/Http/Middleware/TransformsRequest->handle(Object(Illuminate/Http/Request), Object(Closure))
#67 C:/Users/DELL/growza/growza/vendor/laravel/framework/src/Illuminate/Pipeline/Pipeline.php(209): Illuminate/Foundation/Http/Middleware/TrimStrings->handle(Object(Illuminate/Http/Request), Object(Closure))
#68 C:/Users/DELL/growza/growza/vendor/laravel/framework/src/Illuminate/Http/Middleware/ValidatePostSize.php(27): Illuminate/Pipeline/Pipeline->{closure:{closure:Illuminate/Pipeline/Pipeline::carry():184}:185}(Object(Illuminate/Http/Request))
#69 C:/Users/DELL/growza/growza/vendor/laravel/framework/src/Illuminate/Pipeline/Pipeline.php(209): Illuminate/Http/Middleware/ValidatePostSize->handle(Object(Illuminate/Http/Request), Object(Closure))
#70 C:/Users/DELL/growza/growza/vendor/laravel/framework/src/Illuminate/Foundation/Http/Middleware/PreventRequestsDuringMaintenance.php(110): Illuminate/Pipeline/Pipeline->{closure:{closure:Illuminate/Pipeline/Pipeline::carry():184}:185}(Object(Illuminate/Http/Request))
#71 C:/Users/DELL/growza/growza/vendor/laravel/framework/src/Illuminate/Pipeline/Pipeline.php(209): Illuminate/Foundation/Http/Middleware/PreventRequestsDuringMaintenance->handle(Object(Illuminate/Http/Request), Object(Closure))
#72 C:/Users/DELL/growza/growza/vendor/laravel/framework/src/Illuminate/Http/Middleware/HandleCors.php(49): Illuminate/Pipeline/Pipeline->{closure:{closure:Illuminate/Pipeline/Pipeline::carry():184}:185}(Object(Illuminate/Http/Request))
#73 C:/Users/DELL/growza/growza/vendor/laravel/framework/src/Illuminate/Pipeline/Pipeline.php(209): Illuminate/Http/Middleware/HandleCors->handle(Object(Illuminate/Http/Request), Object(Closure))
#74 C:/Users/DELL/growza/growza/vendor/laravel/framework/src/Illuminate/Http/Middleware/TrustProxies.php(58): Illuminate/Pipeline/Pipeline->{closure:{closure:Illuminate/Pipeline/Pipeline::carry():184}:185}(Object(Illuminate/Http/Request))
#75 C:/Users/DELL/growza/growza/vendor/laravel/framework/src/Illuminate/Pipeline/Pipeline.php(209): Illuminate/Http/Middleware/TrustProxies->handle(Object(Illuminate/Http/Request), Object(Closure))
#76 C:/Users/DELL/growza/growza/vendor/laravel/framework/src/Illuminate/Foundation/Http/Middleware/InvokeDeferredCallbacks.php(22): Illuminate/Pipeline/Pipeline->{closure:{closure:Illuminate/Pipeline/Pipeline::carry():184}:185}(Object(Illuminate/Http/Request))
#77 C:/Users/DELL/growza/growza/vendor/laravel/framework/src/Illuminate/Pipeline/Pipeline.php(209): Illuminate/Foundation/Http/Middleware/InvokeDeferredCallbacks->handle(Object(Illuminate/Http/Request), Object(Closure))
#78 C:/Users/DELL/growza/growza/vendor/laravel/framework/src/Illuminate/Pipeline/Pipeline.php(127): Illuminate/Pipeline/Pipeline->{closure:{closure:Illuminate/Pipeline/Pipeline::carry():184}:185}(Object(Illuminate/Http/Request))
#79 C:/Users/DELL/growza/growza/vendor/laravel/framework/src/Illuminate/Foundation/Http/Kernel.php(176): Illuminate/Pipeline/Pipeline->then(Object(Closure))
#80 C:/Users/DELL/growza/growza/vendor/laravel/framework/src/Illuminate/Foundation/Http/Kernel.php(145): Illuminate/Foundation/Http/Kernel->sendRequestThroughRouter(Object(Illuminate/Http/Request))
#81 C:/Users/DELL/growza/growza/vendor/laravel/framework/src/Illuminate/Foundation/Testing/Concerns/MakesHttpRequests.php(607): Illuminate/Foundation/Http/Kernel->handle(Object(Illuminate/Http/Request))
#82 C:/Users/DELL/growza/growza/vendor/laravel/framework/src/Illuminate/Foundation/Testing/Concerns/MakesHttpRequests.php(397): Illuminate/Foundation/Testing/TestCase->call('POST', 'http://localhos...', Array, Array, Array, Array)
#83 [internal function]: Illuminate/Foundation/Testing/TestCase->post('http://localhos...', Array)
#84 C:/Users/DELL/growza/growza/vendor/pestphp/pest/src/Support/Reflection.php(38): ReflectionMethod->invoke(Object(P/Tests/Feature/AuthenticationTest), 'http://localhos...', Array)
#85 C:/Users/DELL/growza/growza/vendor/pestphp/pest/src/Support/HigherOrderMessage.php(59): Pest/Support/Reflection::call(Object(P/Tests/Feature/AuthenticationTest), 'post', Array)
#86 C:/Users/DELL/growza/growza/vendor/pestphp/pest/src/Support/HigherOrderTapProxy.php(66): Pest/Support/HigherOrderMessage->call(Object(P/Tests/Feature/AuthenticationTest))
#87 C:/Users/DELL/growza/growza/vendor/pestphp/pest-plugin-laravel/src/Http.php(209): Pest/Support/HigherOrderTapProxy->__call('post', Array)
#88 C:/Users/DELL/growza/growza/tests/Feature/AuthenticationTest.php(89): Pest/Laravel/post('http://localhos...', Array)
#89 C:/Users/DELL/growza/growza/vendor/pestphp/pest/src/Factories/TestCaseMethodFactory.php(110): P/Tests/Feature/AuthenticationTest->{closure:C:/Users/DELL/growza/growza/tests/Feature/AuthenticationTest.php:86}()
#90 [internal function]: P/Tests/Feature/AuthenticationTest->{closure:Pest/Factories/TestCaseMethodFactory::getClosure():102}()
#91 C:/Users/DELL/growza/growza/vendor/pestphp/pest/src/Concerns/Testable.php(339): call_user_func_array(Object(Closure), Array)
#92 C:/Users/DELL/growza/growza/vendor/pestphp/pest/src/Support/ExceptionTrace.php(26): P/Tests/Feature/AuthenticationTest->{closure:Pest/Concerns/Testable::__callClosure():339}()
#93 C:/Users/DELL/growza/growza/vendor/pestphp/pest/src/Concerns/Testable.php(339): Pest/Support/ExceptionTrace::ensure(Object(Closure))
#94 C:/Users/DELL/growza/growza/vendor/pestphp/pest/src/Concerns/Testable.php(256): P/Tests/Feature/AuthenticationTest->__callClosure(Object(Closure), Array)
#95 C:/Users/DELL/growza/growza/vendor/pestphp/pest/src/Factories/TestCaseFactory.php(197) : eval()'d code(101): P/Tests/Feature/AuthenticationTest->__runTest(Object(Closure))
#96 C:/Users/DELL/growza/growza/vendor/phpunit/phpunit/src/Framework/TestCase.php(1548): P/Tests/Feature/AuthenticationTest->__pest_evaluable_it_rejects_a_duplicate_email_and_a_duplicate_phone()
#97 C:/Users/DELL/growza/growza/vendor/phpunit/phpunit/src/Framework/TestCase.php(686): PHPUnit/Framework/TestCase->runTest()
#98 C:/Users/DELL/growza/growza/vendor/phpunit/phpunit/src/Framework/TestRunner.php(106): PHPUnit/Framework/TestCase->runBare()
#99 C:/Users/DELL/growza/growza/vendor/phpunit/phpunit/src/Framework/TestCase.php(516): PHPUnit/Framework/TestRunner->run(Object(P/Tests/Feature/AuthenticationTest))
#100 C:/Users/DELL/growza/growza/vendor/phpunit/phpunit/src/Framework/TestSuite.php(374): PHPUnit/Framework/TestCase->run()
#101 C:/Users/DELL/growza/growza/vendor/phpunit/phpunit/src/Framework/TestSuite.php(374): PHPUnit/Framework/TestSuite->run()
#102 C:/Users/DELL/growza/growza/vendor/phpunit/phpunit/src/Framework/TestSuite.php(374): PHPUnit/Framework/TestSuite->run()
#103 C:/Users/DELL/growza/growza/vendor/phpunit/phpunit/src/TextUI/TestRunner.php(64): PHPUnit/Framework/TestSuite->run()
#104 C:/Users/DELL/growza/growza/vendor/phpunit/phpunit/src/TextUI/Application.php(204): PHPUnit/TextUI/TestRunner->run(Object(PHPUnit/TextUI/Configuration/Configuration), Object(PHPUnit/Runner/ResultCache/DefaultResultCache), Object(PHPUnit/Framework/TestSuite))
#105 C:/Users/DELL/growza/growza/vendor/pestphp/pest/src/Kernel.php(103): PHPUnit/TextUI/Application->run(Array)
#106 C:/Users/DELL/growza/growza/vendor/pestphp/pest/bin/pest(91): Pest/Kernel->handle(Array, Array)
#107 C:/Users/DELL/growza/growza/vendor/pestphp/pest/bin/pest(99): {closure:C:/Users/DELL/growza/growza/vendor/pestphp/pest/bin/pest:12}()
#108 {main}
"} 
[2026-09-21 06:24:56] testing.ERROR: cURL error 60: SSL certificate problem: unable to get local issuer certificate (see https://curl.se/libcurl/c/libcurl-errors.html) for https://api.pwnedpasswords.com/range/E8E64 {"exception":"[object] (GuzzleHttp\\Exception\\RequestException(code: 0): cURL error 60: SSL certificate problem: unable to get local issuer certificate (see https://curl.se/libcurl/c/libcurl-errors.html) for https://api.pwnedpasswords.com/range/E8E64 at C:/Users/DELL/growza/growza/vendor/guzzlehttp/guzzle/src/Handler/CurlFactory.php:1141)
[stacktrace]
#0 C:/Users/DELL/growza/growza/vendor/guzzlehttp/guzzle/src/Handler/CurlFactory.php(1077): GuzzleHttp/Handler/CurlFactory::createRejection(Object(GuzzleHttp/Handler/EasyHandle), Array)
#1 C:/Users/DELL/growza/growza/vendor/guzzlehttp/guzzle/src/Handler/CurlFactory.php(1014): GuzzleHttp/Handler/CurlFactory::finishError(Object(GuzzleHttp/Handler/CurlHandler), Object(GuzzleHttp/Handler/EasyHandle), Object(GuzzleHttp/Handler/CurlFactory))
#2 C:/Users/DELL/growza/growza/vendor/guzzlehttp/guzzle/src/Handler/CurlHandler.php(88): GuzzleHttp/Handler/CurlFactory::finish(Object(GuzzleHttp/Handler/CurlHandler), Object(GuzzleHttp/Handler/EasyHandle), Object(GuzzleHttp/Handler/CurlFactory))
#3 C:/Users/DELL/growza/growza/vendor/guzzlehttp/guzzle/src/Handler/Proxy.php(28): GuzzleHttp/Handler/CurlHandler->__invoke(Object(GuzzleHttp/Psr7/Request), Array)
#4 C:/Users/DELL/growza/growza/vendor/guzzlehttp/guzzle/src/Handler/Proxy.php(68): GuzzleHttp/Handler/Proxy::{closure:GuzzleHttp/Handler/Proxy::wrapSync():27}(Object(GuzzleHttp/Psr7/Request), Array)
#5 C:/Users/DELL/growza/growza/vendor/guzzlehttp/guzzle/src/Handler/Proxy.php(48): GuzzleHttp/Handler/Proxy::{closure:GuzzleHttp/Handler/Proxy::wrapTlsFallback():63}(Object(GuzzleHttp/Psr7/Request), Array)
#6 C:/Users/DELL/growza/growza/vendor/laravel/framework/src/Illuminate/Http/Client/PendingRequest.php(1340): GuzzleHttp/Handler/Proxy::{closure:GuzzleHttp/Handler/Proxy::wrapStreaming():47}(Object(GuzzleHttp/Psr7/Request), Array)
#7 C:/Users/DELL/growza/growza/vendor/laravel/framework/src/Illuminate/Http/Client/PendingRequest.php(1306): Illuminate/Http/Client/PendingRequest->{closure:{closure:Illuminate/Http/Client/PendingRequest::buildStubHandler():1327}:1328}(Object(GuzzleHttp/Psr7/Request), Array)
#8 C:/Users/DELL/growza/growza/vendor/laravel/framework/src/Illuminate/Http/Client/PendingRequest.php(1292): Illuminate/Http/Client/PendingRequest->{closure:{closure:Illuminate/Http/Client/PendingRequest::buildRecorderHandler():1304}:1305}(Object(GuzzleHttp/Psr7/Request), Array)
#9 C:/Users/DELL/growza/growza/vendor/guzzlehttp/guzzle/src/PrepareBodyMiddleware.php(35): Illuminate/Http/Client/PendingRequest->{closure:{closure:Illuminate/Http/Client/PendingRequest::buildBeforeSendingHandler():1290}:1291}(Object(GuzzleHttp/Psr7/Request), Array)
#10 C:/Users/DELL/growza/growza/vendor/guzzlehttp/guzzle/src/Middleware.php(38): GuzzleHttp/PrepareBodyMiddleware->__invoke(Object(GuzzleHttp/Psr7/Request), Array)
#11 C:/Users/DELL/growza/growza/vendor/guzzlehttp/guzzle/src/RedirectMiddleware.php(72): GuzzleHttp/Middleware::{closure:{closure:GuzzleHttp/Middleware::cookies():28}:29}(Object(GuzzleHttp/Psr7/Request), Array)
#12 C:/Users/DELL/growza/growza/vendor/guzzlehttp/guzzle/src/Middleware.php(63): GuzzleHttp/RedirectMiddleware->__invoke(Object(GuzzleHttp/Psr7/Request), Array)
#13 C:/Users/DELL/growza/growza/vendor/guzzlehttp/guzzle/src/HandlerStack.php(75): GuzzleHttp/Middleware::{closure:{closure:GuzzleHttp/Middleware::httpErrors():60}:61}(Object(GuzzleHttp/Psr7/Request), Array)
#14 C:/Users/DELL/growza/growza/vendor/guzzlehttp/guzzle/src/Client.php(1109): GuzzleHttp/HandlerStack->__invoke(Object(GuzzleHttp/Psr7/Request), Array)
#15 C:/Users/DELL/growza/growza/vendor/guzzlehttp/guzzle/src/Client.php(243): GuzzleHttp/Client->transfer(Object(GuzzleHttp/Psr7/Request), Array)
#16 C:/Users/DELL/growza/growza/vendor/guzzlehttp/guzzle/src/Client.php(273): GuzzleHttp/Client->requestAsync('GET', Object(GuzzleHttp/Psr7/Uri), Array)
#17 C:/Users/DELL/growza/growza/vendor/laravel/framework/src/Illuminate/Http/Client/PendingRequest.php(1138): GuzzleHttp/Client->request('GET', 'https://api.pwn...', Array)
#18 C:/Users/DELL/growza/growza/vendor/laravel/framework/src/Illuminate/Http/Client/PendingRequest.php(907): Illuminate/Http/Client/PendingRequest->sendRequest('GET', 'https://api.pwn...', Array)
#19 C:/Users/DELL/growza/growza/vendor/laravel/framework/src/Illuminate/Support/helpers.php(338): Illuminate/Http/Client/PendingRequest->{closure:Illuminate/Http/Client/PendingRequest::send():905}(1)
#20 C:/Users/DELL/growza/growza/vendor/laravel/framework/src/Illuminate/Http/Client/PendingRequest.php(905): retry(0, Object(Closure), 100, Object(Closure))
#21 C:/Users/DELL/growza/growza/vendor/laravel/framework/src/Illuminate/Http/Client/PendingRequest.php(772): Illuminate/Http/Client/PendingRequest->send('GET', 'https://api.pwn...', Array)
#22 C:/Users/DELL/growza/growza/vendor/laravel/framework/src/Illuminate/Validation/NotPwnedVerifier.php(89): Illuminate/Http/Client/PendingRequest->get('https://api.pwn...')
#23 C:/Users/DELL/growza/growza/vendor/laravel/framework/src/Illuminate/Validation/NotPwnedVerifier.php(55): Illuminate/Validation/NotPwnedVerifier->search('E8E64')
#24 C:/Users/DELL/growza/growza/vendor/laravel/framework/src/Illuminate/Validation/Rules/Password.php(349): Illuminate/Validation/NotPwnedVerifier->verify(Array)
#25 C:/Users/DELL/growza/growza/vendor/laravel/framework/src/Illuminate/Validation/Validator.php(902): Illuminate/Validation/Rules/Password->passes('password', 'correct-horse-9...')
#26 C:/Users/DELL/growza/growza/vendor/laravel/framework/src/Illuminate/Validation/Validator.php(678): Illuminate/Validation/Validator->validateUsingCustomRule('password', 'correct-horse-9...', Object(Illuminate/Validation/Rules/Password))
#27 C:/Users/DELL/growza/growza/vendor/laravel/framework/src/Illuminate/Validation/Validator.php(481): Illuminate/Validation/Validator->validateAttribute('password', Object(Illuminate/Validation/Rules/Password))
#28 C:/Users/DELL/growza/growza/vendor/laravel/framework/src/Illuminate/Validation/Validator.php(516): Illuminate/Validation/Validator->passes()
#29 C:/Users/DELL/growza/growza/vendor/laravel/framework/src/Illuminate/Validation/Validator.php(558): Illuminate/Validation/Validator->fails()
#30 C:/Users/DELL/growza/growza/app/Domain/Auth/Actions/CreateNewUser.php(53): Illuminate/Validation/Validator->validate()
#31 C:/Users/DELL/growza/growza/vendor/laravel/fortify/src/Http/Controllers/RegisteredUserController.php(62): App/Domain/Auth/Actions/CreateNewUser->create(Array)
#32 C:/Users/DELL/growza/growza/vendor/laravel/framework/src/Illuminate/Routing/Controller.php(54): Laravel/Fortify/Http/Controllers/RegisteredUserController->store(Object(Illuminate/Http/Request), Object(App/Domain/Auth/Actions/CreateNewUser))
#33 C:/Users/DELL/growza/growza/vendor/laravel/framework/src/Illuminate/Routing/ControllerDispatcher.php(44): Illuminate/Routing/Controller->callAction('store', Array)
#34 C:/Users/DELL/growza/growza/vendor/laravel/framework/src/Illuminate/Routing/Route.php(266): Illuminate/Routing/ControllerDispatcher->dispatch(Object(Illuminate/Routing/Route), Object(Laravel/Fortify/Http/Controllers/RegisteredUserController), 'store')
#35 C:/Users/DELL/growza/growza/vendor/laravel/framework/src/Illuminate/Routing/Route.php(212): Illuminate/Routing/Route->runController()
#36 C:/Users/DELL/growza/growza/vendor/laravel/framework/src/Illuminate/Routing/Router.php(808): Illuminate/Routing/Route->run()
#37 C:/Users/DELL/growza/growza/vendor/laravel/framework/src/Illuminate/Pipeline/Pipeline.php(170): Illuminate/Routing/Router->{closure:Illuminate/Routing/Router::runRouteWithinStack():807}(Object(Illuminate/Http/Request))
#38 C:/Users/DELL/growza/growza/vendor/laravel/framework/src/Illuminate/Auth/Middleware/RedirectIfAuthenticated.php(35): Illuminate/Pipeline/Pipeline->{closure:Illuminate/Pipeline/Pipeline::prepareDestination():168}(Object(Illuminate/Http/Request))
#39 C:/Users/DELL/growza/growza/vendor/laravel/framework/src/Illuminate/Pipeline/Pipeline.php(209): Illuminate/Auth/Middleware/RedirectIfAuthenticated->handle(Object(Illuminate/Http/Request), Object(Closure), 'web')
#40 C:/Users/DELL/growza/growza/vendor/laravel/framework/src/Illuminate/Routing/Middleware/SubstituteBindings.php(51): Illuminate/Pipeline/Pipeline->{closure:{closure:Illuminate/Pipeline/Pipeline::carry():184}:185}(Object(Illuminate/Http/Request))
#41 C:/Users/DELL/growza/growza/vendor/laravel/framework/src/Illuminate/Pipeline/Pipeline.php(209): Illuminate/Routing/Middleware/SubstituteBindings->handle(Object(Illuminate/Http/Request), Object(Closure))
#42 C:/Users/DELL/growza/growza/vendor/laravel/framework/src/Illuminate/Foundation/Http/Middleware/VerifyCsrfToken.php(88): Illuminate/Pipeline/Pipeline->{closure:{closure:Illuminate/Pipeline/Pipeline::carry():184}:185}(Object(Illuminate/Http/Request))
#43 C:/Users/DELL/growza/growza/vendor/laravel/framework/src/Illuminate/Pipeline/Pipeline.php(209): Illuminate/Foundation/Http/Middleware/VerifyCsrfToken->handle(Object(Illuminate/Http/Request), Object(Closure))
#44 C:/Users/DELL/growza/growza/vendor/laravel/framework/src/Illuminate/View/Middleware/ShareErrorsFromSession.php(49): Illuminate/Pipeline/Pipeline->{closure:{closure:Illuminate/Pipeline/Pipeline::carry():184}:185}(Object(Illuminate/Http/Request))
#45 C:/Users/DELL/growza/growza/vendor/laravel/framework/src/Illuminate/Pipeline/Pipeline.php(209): Illuminate/View/Middleware/ShareErrorsFromSession->handle(Object(Illuminate/Http/Request), Object(Closure))
#46 C:/Users/DELL/growza/growza/vendor/laravel/framework/src/Illuminate/Session/Middleware/StartSession.php(121): Illuminate/Pipeline/Pipeline->{closure:{closure:Illuminate/Pipeline/Pipeline::carry():184}:185}(Object(Illuminate/Http/Request))
#47 C:/Users/DELL/growza/growza/vendor/laravel/framework/src/Illuminate/Session/Middleware/StartSession.php(64): Illuminate/Session/Middleware/StartSession->handleStatefulRequest(Object(Illuminate/Http/Request), Object(Illuminate/Session/Store), Object(Closure))
#48 C:/Users/DELL/growza/growza/vendor/laravel/framework/src/Illuminate/Pipeline/Pipeline.php(209): Illuminate/Session/Middleware/StartSession->handle(Object(Illuminate/Http/Request), Object(Closure))
#49 C:/Users/DELL/growza/growza/vendor/laravel/framework/src/Illuminate/Cookie/Middleware/AddQueuedCookiesToResponse.php(37): Illuminate/Pipeline/Pipeline->{closure:{closure:Illuminate/Pipeline/Pipeline::carry():184}:185}(Object(Illuminate/Http/Request))
#50 C:/Users/DELL/growza/growza/vendor/laravel/framework/src/Illuminate/Pipeline/Pipeline.php(209): Illuminate/Cookie/Middleware/AddQueuedCookiesToResponse->handle(Object(Illuminate/Http/Request), Object(Closure))
#51 C:/Users/DELL/growza/growza/vendor/laravel/framework/src/Illuminate/Cookie/Middleware/EncryptCookies.php(75): Illuminate/Pipeline/Pipeline->{closure:{closure:Illuminate/Pipeline/Pipeline::carry():184}:185}(Object(Illuminate/Http/Request))
#52 C:/Users/DELL/growza/growza/vendor/laravel/framework/src/Illuminate/Pipeline/Pipeline.php(209): Illuminate/Cookie/Middleware/EncryptCookies->handle(Object(Illuminate/Http/Request), Object(Closure))
#53 C:/Users/DELL/growza/growza/vendor/laravel/framework/src/Illuminate/Pipeline/Pipeline.php(127): Illuminate/Pipeline/Pipeline->{closure:{closure:Illuminate/Pipeline/Pipeline::carry():184}:185}(Object(Illuminate/Http/Request))
#54 C:/Users/DELL/growza/growza/vendor/laravel/framework/src/Illuminate/Routing/Router.php(807): Illuminate/Pipeline/Pipeline->then(Object(Closure))
#55 C:/Users/DELL/growza/growza/vendor/laravel/framework/src/Illuminate/Routing/Router.php(786): Illuminate/Routing/Router->runRouteWithinStack(Object(Illuminate/Routing/Route), Object(Illuminate/Http/Request))
#56 C:/Users/DELL/growza/growza/vendor/laravel/framework/src/Illuminate/Routing/Router.php(750): Illuminate/Routing/Router->runRoute(Object(Illuminate/Http/Request), Object(Illuminate/Routing/Route))
#57 C:/Users/DELL/growza/growza/vendor/laravel/framework/src/Illuminate/Routing/Router.php(739): Illuminate/Routing/Router->dispatchToRoute(Object(Illuminate/Http/Request))
#58 C:/Users/DELL/growza/growza/vendor/laravel/framework/src/Illuminate/Foundation/Http/Kernel.php(201): Illuminate/Routing/Router->dispatch(Object(Illuminate/Http/Request))
#59 C:/Users/DELL/growza/growza/vendor/laravel/framework/src/Illuminate/Pipeline/Pipeline.php(170): Illuminate/Foundation/Http/Kernel->{closure:Illuminate/Foundation/Http/Kernel::dispatchToRouter():198}(Object(Illuminate/Http/Request))
#60 C:/Users/DELL/growza/growza/vendor/livewire/livewire/src/Features/SupportDisablingBackButtonCache/DisableBackButtonCacheMiddleware.php(19): Illuminate/Pipeline/Pipeline->{closure:Illuminate/Pipeline/Pipeline::prepareDestination():168}(Object(Illuminate/Http/Request))
#61 C:/Users/DELL/growza/growza/vendor/laravel/framework/src/Illuminate/Pipeline/Pipeline.php(209): Livewire/Features/SupportDisablingBackButtonCache/DisableBackButtonCacheMiddleware->handle(Object(Illuminate/Http/Request), Object(Closure))
#62 C:/Users/DELL/growza/growza/vendor/laravel/framework/src/Illuminate/Foundation/Http/Middleware/TransformsRequest.php(21): Illuminate/Pipeline/Pipeline->{closure:{closure:Illuminate/Pipeline/Pipeline::carry():184}:185}(Object(Illuminate/Http/Request))
#63 C:/Users/DELL/growza/growza/vendor/laravel/framework/src/Illuminate/Foundation/Http/Middleware/ConvertEmptyStringsToNull.php(31): Illuminate/Foundation/Http/Middleware/TransformsRequest->handle(Object(Illuminate/Http/Request), Object(Closure))
#64 C:/Users/DELL/growza/growza/vendor/laravel/framework/src/Illuminate/Pipeline/Pipeline.php(209): Illuminate/Foundation/Http/Middleware/ConvertEmptyStringsToNull->handle(Object(Illuminate/Http/Request), Object(Closure))
#65 C:/Users/DELL/growza/growza/vendor/laravel/framework/src/Illuminate/Foundation/Http/Middleware/TransformsRequest.php(21): Illuminate/Pipeline/Pipeline->{closure:{closure:Illuminate/Pipeline/Pipeline::carry():184}:185}(Object(Illuminate/Http/Request))
#66 C:/Users/DELL/growza/growza/vendor/laravel/framework/src/Illuminate/Foundation/Http/Middleware/TrimStrings.php(51): Illuminate/Foundation/Http/Middleware/TransformsRequest->handle(Object(Illuminate/Http/Request), Object(Closure))
#67 C:/Users/DELL/growza/growza/vendor/laravel/framework/src/Illuminate/Pipeline/Pipeline.php(209): Illuminate/Foundation/Http/Middleware/TrimStrings->handle(Object(Illuminate/Http/Request), Object(Closure))
#68 C:/Users/DELL/growza/growza/vendor/laravel/framework/src/Illuminate/Http/Middleware/ValidatePostSize.php(27): Illuminate/Pipeline/Pipeline->{closure:{closure:Illuminate/Pipeline/Pipeline::carry():184}:185}(Object(Illuminate/Http/Request))
#69 C:/Users/DELL/growza/growza/vendor/laravel/framework/src/Illuminate/Pipeline/Pipeline.php(209): Illuminate/Http/Middleware/ValidatePostSize->handle(Object(Illuminate/Http/Request), Object(Closure))
#70 C:/Users/DELL/growza/growza/vendor/laravel/framework/src/Illuminate/Foundation/Http/Middleware/PreventRequestsDuringMaintenance.php(110): Illuminate/Pipeline/Pipeline->{closure:{closure:Illuminate/Pipeline/Pipeline::carry():184}:185}(Object(Illuminate/Http/Request))
#71 C:/Users/DELL/growza/growza/vendor/laravel/framework/src/Illuminate/Pipeline/Pipeline.php(209): Illuminate/Foundation/Http/Middleware/PreventRequestsDuringMaintenance->handle(Object(Illuminate/Http/Request), Object(Closure))
#72 C:/Users/DELL/growza/growza/vendor/laravel/framework/src/Illuminate/Http/Middleware/HandleCors.php(49): Illuminate/Pipeline/Pipeline->{closure:{closure:Illuminate/Pipeline/Pipeline::carry():184}:185}(Object(Illuminate/Http/Request))
#73 C:/Users/DELL/growza/growza/vendor/laravel/framework/src/Illuminate/Pipeline/Pipeline.php(209): Illuminate/Http/Middleware/HandleCors->handle(Object(Illuminate/Http/Request), Object(Closure))
#74 C:/Users/DELL/growza/growza/vendor/laravel/framework/src/Illuminate/Http/Middleware/TrustProxies.php(58): Illuminate/Pipeline/Pipeline->{closure:{closure:Illuminate/Pipeline/Pipeline::carry():184}:185}(Object(Illuminate/Http/Request))
#75 C:/Users/DELL/growza/growza/vendor/laravel/framework/src/Illuminate/Pipeline/Pipeline.php(209): Illuminate/Http/Middleware/TrustProxies->handle(Object(Illuminate/Http/Request), Object(Closure))
#76 C:/Users/DELL/growza/growza/vendor/laravel/framework/src/Illuminate/Foundation/Http/Middleware/InvokeDeferredCallbacks.php(22): Illuminate/Pipeline/Pipeline->{closure:{closure:Illuminate/Pipeline/Pipeline::carry():184}:185}(Object(Illuminate/Http/Request))
#77 C:/Users/DELL/growza/growza/vendor/laravel/framework/src/Illuminate/Pipeline/Pipeline.php(209): Illuminate/Foundation/Http/Middleware/InvokeDeferredCallbacks->handle(Object(Illuminate/Http/Request), Object(Closure))
#78 C:/Users/DELL/growza/growza/vendor/laravel/framework/src/Illuminate/Pipeline/Pipeline.php(127): Illuminate/Pipeline/Pipeline->{closure:{closure:Illuminate/Pipeline/Pipeline::carry():184}:185}(Object(Illuminate/Http/Request))
#79 C:/Users/DELL/growza/growza/vendor/laravel/framework/src/Illuminate/Foundation/Http/Kernel.php(176): Illuminate/Pipeline/Pipeline->then(Object(Closure))
#80 C:/Users/DELL/growza/growza/vendor/laravel/framework/src/Illuminate/Foundation/Http/Kernel.php(145): Illuminate/Foundation/Http/Kernel->sendRequestThroughRouter(Object(Illuminate/Http/Request))
#81 C:/Users/DELL/growza/growza/vendor/laravel/framework/src/Illuminate/Foundation/Testing/Concerns/MakesHttpRequests.php(607): Illuminate/Foundation/Http/Kernel->handle(Object(Illuminate/Http/Request))
#82 C:/Users/DELL/growza/growza/vendor/laravel/framework/src/Illuminate/Foundation/Testing/Concerns/MakesHttpRequests.php(397): Illuminate/Foundation/Testing/TestCase->call('POST', 'http://localhos...', Array, Array, Array, Array)
#83 [internal function]: Illuminate/Foundation/Testing/TestCase->post('http://localhos...', Array)
#84 C:/Users/DELL/growza/growza/vendor/pestphp/pest/src/Support/Reflection.php(38): ReflectionMethod->invoke(Object(P/Tests/Feature/AuthenticationTest), 'http://localhos...', Array)
#85 C:/Users/DELL/growza/growza/vendor/pestphp/pest/src/Support/HigherOrderMessage.php(59): Pest/Support/Reflection::call(Object(P/Tests/Feature/AuthenticationTest), 'post', Array)
#86 C:/Users/DELL/growza/growza/vendor/pestphp/pest/src/Support/HigherOrderTapProxy.php(66): Pest/Support/HigherOrderMessage->call(Object(P/Tests/Feature/AuthenticationTest))
#87 C:/Users/DELL/growza/growza/vendor/pestphp/pest-plugin-laravel/src/Http.php(209): Pest/Support/HigherOrderTapProxy->__call('post', Array)
#88 C:/Users/DELL/growza/growza/tests/Feature/AuthenticationTest.php(98): Pest/Laravel/post('http://localhos...', Array)
#89 C:/Users/DELL/growza/growza/vendor/pestphp/pest/src/Factories/TestCaseMethodFactory.php(110): P/Tests/Feature/AuthenticationTest->{closure:C:/Users/DELL/growza/growza/tests/Feature/AuthenticationTest.php:86}()
#90 [internal function]: P/Tests/Feature/AuthenticationTest->{closure:Pest/Factories/TestCaseMethodFactory::getClosure():102}()
#91 C:/Users/DELL/growza/growza/vendor/pestphp/pest/src/Concerns/Testable.php(339): call_user_func_array(Object(Closure), Array)
#92 C:/Users/DELL/growza/growza/vendor/pestphp/pest/src/Support/ExceptionTrace.php(26): P/Tests/Feature/AuthenticationTest->{closure:Pest/Concerns/Testable::__callClosure():339}()
#93 C:/Users/DELL/growza/growza/vendor/pestphp/pest/src/Concerns/Testable.php(339): Pest/Support/ExceptionTrace::ensure(Object(Closure))
#94 C:/Users/DELL/growza/growza/vendor/pestphp/pest/src/Concerns/Testable.php(256): P/Tests/Feature/AuthenticationTest->__callClosure(Object(Closure), Array)
#95 C:/Users/DELL/growza/growza/vendor/pestphp/pest/src/Factories/TestCaseFactory.php(197) : eval()'d code(101): P/Tests/Feature/AuthenticationTest->__runTest(Object(Closure))
#96 C:/Users/DELL/growza/growza/vendor/phpunit/phpunit/src/Framework/TestCase.php(1548): P/Tests/Feature/AuthenticationTest->__pest_evaluable_it_rejects_a_duplicate_email_and_a_duplicate_phone()
#97 C:/Users/DELL/growza/growza/vendor/phpunit/phpunit/src/Framework/TestCase.php(686): PHPUnit/Framework/TestCase->runTest()
#98 C:/Users/DELL/growza/growza/vendor/phpunit/phpunit/src/Framework/TestRunner.php(106): PHPUnit/Framework/TestCase->runBare()
#99 C:/Users/DELL/growza/growza/vendor/phpunit/phpunit/src/Framework/TestCase.php(516): PHPUnit/Framework/TestRunner->run(Object(P/Tests/Feature/AuthenticationTest))
#100 C:/Users/DELL/growza/growza/vendor/phpunit/phpunit/src/Framework/TestSuite.php(374): PHPUnit/Framework/TestCase->run()
#101 C:/Users/DELL/growza/growza/vendor/phpunit/phpunit/src/Framework/TestSuite.php(374): PHPUnit/Framework/TestSuite->run()
#102 C:/Users/DELL/growza/growza/vendor/phpunit/phpunit/src/Framework/TestSuite.php(374): PHPUnit/Framework/TestSuite->run()
#103 C:/Users/DELL/growza/growza/vendor/phpunit/phpunit/src/TextUI/TestRunner.php(64): PHPUnit/Framework/TestSuite->run()
#104 C:/Users/DELL/growza/growza/vendor/phpunit/phpunit/src/TextUI/Application.php(204): PHPUnit/TextUI/TestRunner->run(Object(PHPUnit/TextUI/Configuration/Configuration), Object(PHPUnit/Runner/ResultCache/DefaultResultCache), Object(PHPUnit/Framework/TestSuite))
#105 C:/Users/DELL/growza/growza/vendor/pestphp/pest/src/Kernel.php(103): PHPUnit/TextUI/Application->run(Array)
#106 C:/Users/DELL/growza/growza/vendor/pestphp/pest/bin/pest(91): Pest/Kernel->handle(Array, Array)
#107 C:/Users/DELL/growza/growza/vendor/pestphp/pest/bin/pest(99): {closure:C:/Users/DELL/growza/growza/vendor/pestphp/pest/bin/pest:12}()
#108 {main}
"} 
[2026-09-21 06:24:59] testing.INFO: Contact enquiry received {"contact_message_id":1,"subject":"campaign"} 
[2026-09-21 06:24:59] testing.INFO: Contact enquiry received {"contact_message_id":1,"subject":"campaign"} 
[2026-09-21 06:24:59] testing.INFO: Contact enquiry received {"contact_message_id":1,"subject":"campaign"} 
[2026-09-21 06:25:00] testing.INFO: Contact enquiry received {"contact_message_id":1,"subject":"campaign"} 
[2026-09-21 06:25:00] testing.INFO: Contact enquiry received {"contact_message_id":2,"subject":"campaign"} 
[2026-09-21 06:25:00] testing.INFO: Contact enquiry received {"contact_message_id":3,"subject":"campaign"} 
[2026-09-21 06:25:00] testing.INFO: Contact enquiry received {"contact_message_id":4,"subject":"campaign"} 
[2026-09-21 06:25:00] testing.INFO: Contact enquiry received {"contact_message_id":5,"subject":"campaign"} 
[2026-09-21 06:25:07] testing.ERROR: cURL error 60: SSL certificate problem: unable to get local issuer certificate (see https://curl.se/libcurl/c/libcurl-errors.html) for https://api.pwnedpasswords.com/range/E8E64 {"exception":"[object] (GuzzleHttp\\Exception\\RequestException(code: 0): cURL error 60: SSL certificate problem: unable to get local issuer certificate (see https://curl.se/libcurl/c/libcurl-errors.html) for https://api.pwnedpasswords.com/range/E8E64 at C:/Users/DELL/growza/growza/vendor/guzzlehttp/guzzle/src/Handler/CurlFactory.php:1141)
[stacktrace]
#0 C:/Users/DELL/growza/growza/vendor/guzzlehttp/guzzle/src/Handler/CurlFactory.php(1077): GuzzleHttp/Handler/CurlFactory::createRejection(Object(GuzzleHttp/Handler/EasyHandle), Array)
#1 C:/Users/DELL/growza/growza/vendor/guzzlehttp/guzzle/src/Handler/CurlFactory.php(1014): GuzzleHttp/Handler/CurlFactory::finishError(Object(GuzzleHttp/Handler/CurlHandler), Object(GuzzleHttp/Handler/EasyHandle), Object(GuzzleHttp/Handler/CurlFactory))
#2 C:/Users/DELL/growza/growza/vendor/guzzlehttp/guzzle/src/Handler/CurlHandler.php(88): GuzzleHttp/Handler/CurlFactory::finish(Object(GuzzleHttp/Handler/CurlHandler), Object(GuzzleHttp/Handler/EasyHandle), Object(GuzzleHttp/Handler/CurlFactory))
#3 C:/Users/DELL/growza/growza/vendor/guzzlehttp/guzzle/src/Handler/Proxy.php(28): GuzzleHttp/Handler/CurlHandler->__invoke(Object(GuzzleHttp/Psr7/Request), Array)
#4 C:/Users/DELL/growza/growza/vendor/guzzlehttp/guzzle/src/Handler/Proxy.php(68): GuzzleHttp/Handler/Proxy::{closure:GuzzleHttp/Handler/Proxy::wrapSync():27}(Object(GuzzleHttp/Psr7/Request), Array)
#5 C:/Users/DELL/growza/growza/vendor/guzzlehttp/guzzle/src/Handler/Proxy.php(48): GuzzleHttp/Handler/Proxy::{closure:GuzzleHttp/Handler/Proxy::wrapTlsFallback():63}(Object(GuzzleHttp/Psr7/Request), Array)
#6 C:/Users/DELL/growza/growza/vendor/laravel/framework/src/Illuminate/Http/Client/PendingRequest.php(1340): GuzzleHttp/Handler/Proxy::{closure:GuzzleHttp/Handler/Proxy::wrapStreaming():47}(Object(GuzzleHttp/Psr7/Request), Array)
#7 C:/Users/DELL/growza/growza/vendor/laravel/framework/src/Illuminate/Http/Client/PendingRequest.php(1306): Illuminate/Http/Client/PendingRequest->{closure:{closure:Illuminate/Http/Client/PendingRequest::buildStubHandler():1327}:1328}(Object(GuzzleHttp/Psr7/Request), Array)
#8 C:/Users/DELL/growza/growza/vendor/laravel/framework/src/Illuminate/Http/Client/PendingRequest.php(1292): Illuminate/Http/Client/PendingRequest->{closure:{closure:Illuminate/Http/Client/PendingRequest::buildRecorderHandler():1304}:1305}(Object(GuzzleHttp/Psr7/Request), Array)
#9 C:/Users/DELL/growza/growza/vendor/guzzlehttp/guzzle/src/PrepareBodyMiddleware.php(35): Illuminate/Http/Client/PendingRequest->{closure:{closure:Illuminate/Http/Client/PendingRequest::buildBeforeSendingHandler():1290}:1291}(Object(GuzzleHttp/Psr7/Request), Array)
#10 C:/Users/DELL/growza/growza/vendor/guzzlehttp/guzzle/src/Middleware.php(38): GuzzleHttp/PrepareBodyMiddleware->__invoke(Object(GuzzleHttp/Psr7/Request), Array)
#11 C:/Users/DELL/growza/growza/vendor/guzzlehttp/guzzle/src/RedirectMiddleware.php(72): GuzzleHttp/Middleware::{closure:{closure:GuzzleHttp/Middleware::cookies():28}:29}(Object(GuzzleHttp/Psr7/Request), Array)
#12 C:/Users/DELL/growza/growza/vendor/guzzlehttp/guzzle/src/Middleware.php(63): GuzzleHttp/RedirectMiddleware->__invoke(Object(GuzzleHttp/Psr7/Request), Array)
#13 C:/Users/DELL/growza/growza/vendor/guzzlehttp/guzzle/src/HandlerStack.php(75): GuzzleHttp/Middleware::{closure:{closure:GuzzleHttp/Middleware::httpErrors():60}:61}(Object(GuzzleHttp/Psr7/Request), Array)
#14 C:/Users/DELL/growza/growza/vendor/guzzlehttp/guzzle/src/Client.php(1109): GuzzleHttp/HandlerStack->__invoke(Object(GuzzleHttp/Psr7/Request), Array)
#15 C:/Users/DELL/growza/growza/vendor/guzzlehttp/guzzle/src/Client.php(243): GuzzleHttp/Client->transfer(Object(GuzzleHttp/Psr7/Request), Array)
#16 C:/Users/DELL/growza/growza/vendor/guzzlehttp/guzzle/src/Client.php(273): GuzzleHttp/Client->requestAsync('GET', Object(GuzzleHttp/Psr7/Uri), Array)
#17 C:/Users/DELL/growza/growza/vendor/laravel/framework/src/Illuminate/Http/Client/PendingRequest.php(1138): GuzzleHttp/Client->request('GET', 'https://api.pwn...', Array)
#18 C:/Users/DELL/growza/growza/vendor/laravel/framework/src/Illuminate/Http/Client/PendingRequest.php(907): Illuminate/Http/Client/PendingRequest->sendRequest('GET', 'https://api.pwn...', Array)
#19 C:/Users/DELL/growza/growza/vendor/laravel/framework/src/Illuminate/Support/helpers.php(338): Illuminate/Http/Client/PendingRequest->{closure:Illuminate/Http/Client/PendingRequest::send():905}(1)
#20 C:/Users/DELL/growza/growza/vendor/laravel/framework/src/Illuminate/Http/Client/PendingRequest.php(905): retry(0, Object(Closure), 100, Object(Closure))
#21 C:/Users/DELL/growza/growza/vendor/laravel/framework/src/Illuminate/Http/Client/PendingRequest.php(772): Illuminate/Http/Client/PendingRequest->send('GET', 'https://api.pwn...', Array)
#22 C:/Users/DELL/growza/growza/vendor/laravel/framework/src/Illuminate/Validation/NotPwnedVerifier.php(89): Illuminate/Http/Client/PendingRequest->get('https://api.pwn...')
#23 C:/Users/DELL/growza/growza/vendor/laravel/framework/src/Illuminate/Validation/NotPwnedVerifier.php(55): Illuminate/Validation/NotPwnedVerifier->search('E8E64')
#24 C:/Users/DELL/growza/growza/vendor/laravel/framework/src/Illuminate/Validation/Rules/Password.php(349): Illuminate/Validation/NotPwnedVerifier->verify(Array)
#25 C:/Users/DELL/growza/growza/vendor/laravel/framework/src/Illuminate/Validation/Validator.php(902): Illuminate/Validation/Rules/Password->passes('password', 'correct-horse-9...')
#26 C:/Users/DELL/growza/growza/vendor/laravel/framework/src/Illuminate/Validation/Validator.php(678): Illuminate/Validation/Validator->validateUsingCustomRule('password', 'correct-horse-9...', Object(Illuminate/Validation/Rules/Password))
#27 C:/Users/DELL/growza/growza/vendor/laravel/framework/src/Illuminate/Validation/Validator.php(481): Illuminate/Validation/Validator->validateAttribute('password', Object(Illuminate/Validation/Rules/Password))
#28 C:/Users/DELL/growza/growza/vendor/laravel/framework/src/Illuminate/Validation/Validator.php(516): Illuminate/Validation/Validator->passes()
#29 C:/Users/DELL/growza/growza/vendor/laravel/framework/src/Illuminate/Validation/Validator.php(558): Illuminate/Validation/Validator->fails()
#30 C:/Users/DELL/growza/growza/app/Domain/Auth/Actions/CreateNewUser.php(53): Illuminate/Validation/Validator->validate()
#31 C:/Users/DELL/growza/growza/vendor/laravel/fortify/src/Http/Controllers/RegisteredUserController.php(62): App/Domain/Auth/Actions/CreateNewUser->create(Array)
#32 C:/Users/DELL/growza/growza/vendor/laravel/framework/src/Illuminate/Routing/Controller.php(54): Laravel/Fortify/Http/Controllers/RegisteredUserController->store(Object(Illuminate/Http/Request), Object(App/Domain/Auth/Actions/CreateNewUser))
#33 C:/Users/DELL/growza/growza/vendor/laravel/framework/src/Illuminate/Routing/ControllerDispatcher.php(44): Illuminate/Routing/Controller->callAction('store', Array)
#34 C:/Users/DELL/growza/growza/vendor/laravel/framework/src/Illuminate/Routing/Route.php(266): Illuminate/Routing/ControllerDispatcher->dispatch(Object(Illuminate/Routing/Route), Object(Laravel/Fortify/Http/Controllers/RegisteredUserController), 'store')
#35 C:/Users/DELL/growza/growza/vendor/laravel/framework/src/Illuminate/Routing/Route.php(212): Illuminate/Routing/Route->runController()
#36 C:/Users/DELL/growza/growza/vendor/laravel/framework/src/Illuminate/Routing/Router.php(808): Illuminate/Routing/Route->run()
#37 C:/Users/DELL/growza/growza/vendor/laravel/framework/src/Illuminate/Pipeline/Pipeline.php(170): Illuminate/Routing/Router->{closure:Illuminate/Routing/Router::runRouteWithinStack():807}(Object(Illuminate/Http/Request))
#38 C:/Users/DELL/growza/growza/vendor/laravel/framework/src/Illuminate/Auth/Middleware/RedirectIfAuthenticated.php(35): Illuminate/Pipeline/Pipeline->{closure:Illuminate/Pipeline/Pipeline::prepareDestination():168}(Object(Illuminate/Http/Request))
#39 C:/Users/DELL/growza/growza/vendor/laravel/framework/src/Illuminate/Pipeline/Pipeline.php(209): Illuminate/Auth/Middleware/RedirectIfAuthenticated->handle(Object(Illuminate/Http/Request), Object(Closure), 'web')
#40 C:/Users/DELL/growza/growza/vendor/laravel/framework/src/Illuminate/Routing/Middleware/SubstituteBindings.php(51): Illuminate/Pipeline/Pipeline->{closure:{closure:Illuminate/Pipeline/Pipeline::carry():184}:185}(Object(Illuminate/Http/Request))
#41 C:/Users/DELL/growza/growza/vendor/laravel/framework/src/Illuminate/Pipeline/Pipeline.php(209): Illuminate/Routing/Middleware/SubstituteBindings->handle(Object(Illuminate/Http/Request), Object(Closure))
#42 C:/Users/DELL/growza/growza/vendor/laravel/framework/src/Illuminate/Foundation/Http/Middleware/VerifyCsrfToken.php(88): Illuminate/Pipeline/Pipeline->{closure:{closure:Illuminate/Pipeline/Pipeline::carry():184}:185}(Object(Illuminate/Http/Request))
#43 C:/Users/DELL/growza/growza/vendor/laravel/framework/src/Illuminate/Pipeline/Pipeline.php(209): Illuminate/Foundation/Http/Middleware/VerifyCsrfToken->handle(Object(Illuminate/Http/Request), Object(Closure))
#44 C:/Users/DELL/growza/growza/vendor/laravel/framework/src/Illuminate/View/Middleware/ShareErrorsFromSession.php(49): Illuminate/Pipeline/Pipeline->{closure:{closure:Illuminate/Pipeline/Pipeline::carry():184}:185}(Object(Illuminate/Http/Request))
#45 C:/Users/DELL/growza/growza/vendor/laravel/framework/src/Illuminate/Pipeline/Pipeline.php(209): Illuminate/View/Middleware/ShareErrorsFromSession->handle(Object(Illuminate/Http/Request), Object(Closure))
#46 C:/Users/DELL/growza/growza/vendor/laravel/framework/src/Illuminate/Session/Middleware/StartSession.php(121): Illuminate/Pipeline/Pipeline->{closure:{closure:Illuminate/Pipeline/Pipeline::carry():184}:185}(Object(Illuminate/Http/Request))
#47 C:/Users/DELL/growza/growza/vendor/laravel/framework/src/Illuminate/Session/Middleware/StartSession.php(64): Illuminate/Session/Middleware/StartSession->handleStatefulRequest(Object(Illuminate/Http/Request), Object(Illuminate/Session/Store), Object(Closure))
#48 C:/Users/DELL/growza/growza/vendor/laravel/framework/src/Illuminate/Pipeline/Pipeline.php(209): Illuminate/Session/Middleware/StartSession->handle(Object(Illuminate/Http/Request), Object(Closure))
#49 C:/Users/DELL/growza/growza/vendor/laravel/framework/src/Illuminate/Cookie/Middleware/AddQueuedCookiesToResponse.php(37): Illuminate/Pipeline/Pipeline->{closure:{closure:Illuminate/Pipeline/Pipeline::carry():184}:185}(Object(Illuminate/Http/Request))
#50 C:/Users/DELL/growza/growza/vendor/laravel/framework/src/Illuminate/Pipeline/Pipeline.php(209): Illuminate/Cookie/Middleware/AddQueuedCookiesToResponse->handle(Object(Illuminate/Http/Request), Object(Closure))
#51 C:/Users/DELL/growza/growza/vendor/laravel/framework/src/Illuminate/Cookie/Middleware/EncryptCookies.php(75): Illuminate/Pipeline/Pipeline->{closure:{closure:Illuminate/Pipeline/Pipeline::carry():184}:185}(Object(Illuminate/Http/Request))
#52 C:/Users/DELL/growza/growza/vendor/laravel/framework/src/Illuminate/Pipeline/Pipeline.php(209): Illuminate/Cookie/Middleware/EncryptCookies->handle(Object(Illuminate/Http/Request), Object(Closure))
#53 C:/Users/DELL/growza/growza/vendor/laravel/framework/src/Illuminate/Pipeline/Pipeline.php(127): Illuminate/Pipeline/Pipeline->{closure:{closure:Illuminate/Pipeline/Pipeline::carry():184}:185}(Object(Illuminate/Http/Request))
#54 C:/Users/DELL/growza/growza/vendor/laravel/framework/src/Illuminate/Routing/Router.php(807): Illuminate/Pipeline/Pipeline->then(Object(Closure))
#55 C:/Users/DELL/growza/growza/vendor/laravel/framework/src/Illuminate/Routing/Router.php(786): Illuminate/Routing/Router->runRouteWithinStack(Object(Illuminate/Routing/Route), Object(Illuminate/Http/Request))
#56 C:/Users/DELL/growza/growza/vendor/laravel/framework/src/Illuminate/Routing/Router.php(750): Illuminate/Routing/Router->runRoute(Object(Illuminate/Http/Request), Object(Illuminate/Routing/Route))
#57 C:/Users/DELL/growza/growza/vendor/laravel/framework/src/Illuminate/Routing/Router.php(739): Illuminate/Routing/Router->dispatchToRoute(Object(Illuminate/Http/Request))
#58 C:/Users/DELL/growza/growza/vendor/laravel/framework/src/Illuminate/Foundation/Http/Kernel.php(201): Illuminate/Routing/Router->dispatch(Object(Illuminate/Http/Request))
#59 C:/Users/DELL/growza/growza/vendor/laravel/framework/src/Illuminate/Pipeline/Pipeline.php(170): Illuminate/Foundation/Http/Kernel->{closure:Illuminate/Foundation/Http/Kernel::dispatchToRouter():198}(Object(Illuminate/Http/Request))
#60 C:/Users/DELL/growza/growza/vendor/livewire/livewire/src/Features/SupportDisablingBackButtonCache/DisableBackButtonCacheMiddleware.php(19): Illuminate/Pipeline/Pipeline->{closure:Illuminate/Pipeline/Pipeline::prepareDestination():168}(Object(Illuminate/Http/Request))
#61 C:/Users/DELL/growza/growza/vendor/laravel/framework/src/Illuminate/Pipeline/Pipeline.php(209): Livewire/Features/SupportDisablingBackButtonCache/DisableBackButtonCacheMiddleware->handle(Object(Illuminate/Http/Request), Object(Closure))
#62 C:/Users/DELL/growza/growza/vendor/laravel/framework/src/Illuminate/Foundation/Http/Middleware/TransformsRequest.php(21): Illuminate/Pipeline/Pipeline->{closure:{closure:Illuminate/Pipeline/Pipeline::carry():184}:185}(Object(Illuminate/Http/Request))
#63 C:/Users/DELL/growza/growza/vendor/laravel/framework/src/Illuminate/Foundation/Http/Middleware/ConvertEmptyStringsToNull.php(31): Illuminate/Foundation/Http/Middleware/TransformsRequest->handle(Object(Illuminate/Http/Request), Object(Closure))
#64 C:/Users/DELL/growza/growza/vendor/laravel/framework/src/Illuminate/Pipeline/Pipeline.php(209): Illuminate/Foundation/Http/Middleware/ConvertEmptyStringsToNull->handle(Object(Illuminate/Http/Request), Object(Closure))
#65 C:/Users/DELL/growza/growza/vendor/laravel/framework/src/Illuminate/Foundation/Http/Middleware/TransformsRequest.php(21): Illuminate/Pipeline/Pipeline->{closure:{closure:Illuminate/Pipeline/Pipeline::carry():184}:185}(Object(Illuminate/Http/Request))
#66 C:/Users/DELL/growza/growza/vendor/laravel/framework/src/Illuminate/Foundation/Http/Middleware/TrimStrings.php(51): Illuminate/Foundation/Http/Middleware/TransformsRequest->handle(Object(Illuminate/Http/Request), Object(Closure))
#67 C:/Users/DELL/growza/growza/vendor/laravel/framework/src/Illuminate/Pipeline/Pipeline.php(209): Illuminate/Foundation/Http/Middleware/TrimStrings->handle(Object(Illuminate/Http/Request), Object(Closure))
#68 C:/Users/DELL/growza/growza/vendor/laravel/framework/src/Illuminate/Http/Middleware/ValidatePostSize.php(27): Illuminate/Pipeline/Pipeline->{closure:{closure:Illuminate/Pipeline/Pipeline::carry():184}:185}(Object(Illuminate/Http/Request))
#69 C:/Users/DELL/growza/growza/vendor/laravel/framework/src/Illuminate/Pipeline/Pipeline.php(209): Illuminate/Http/Middleware/ValidatePostSize->handle(Object(Illuminate/Http/Request), Object(Closure))
#70 C:/Users/DELL/growza/growza/vendor/laravel/framework/src/Illuminate/Foundation/Http/Middleware/PreventRequestsDuringMaintenance.php(110): Illuminate/Pipeline/Pipeline->{closure:{closure:Illuminate/Pipeline/Pipeline::carry():184}:185}(Object(Illuminate/Http/Request))
#71 C:/Users/DELL/growza/growza/vendor/laravel/framework/src/Illuminate/Pipeline/Pipeline.php(209): Illuminate/Foundation/Http/Middleware/PreventRequestsDuringMaintenance->handle(Object(Illuminate/Http/Request), Object(Closure))
#72 C:/Users/DELL/growza/growza/vendor/laravel/framework/src/Illuminate/Http/Middleware/HandleCors.php(49): Illuminate/Pipeline/Pipeline->{closure:{closure:Illuminate/Pipeline/Pipeline::carry():184}:185}(Object(Illuminate/Http/Request))
#73 C:/Users/DELL/growza/growza/vendor/laravel/framework/src/Illuminate/Pipeline/Pipeline.php(209): Illuminate/Http/Middleware/HandleCors->handle(Object(Illuminate/Http/Request), Object(Closure))
#74 C:/Users/DELL/growza/growza/vendor/laravel/framework/src/Illuminate/Http/Middleware/TrustProxies.php(58): Illuminate/Pipeline/Pipeline->{closure:{closure:Illuminate/Pipeline/Pipeline::carry():184}:185}(Object(Illuminate/Http/Request))
#75 C:/Users/DELL/growza/growza/vendor/laravel/framework/src/Illuminate/Pipeline/Pipeline.php(209): Illuminate/Http/Middleware/TrustProxies->handle(Object(Illuminate/Http/Request), Object(Closure))
#76 C:/Users/DELL/growza/growza/vendor/laravel/framework/src/Illuminate/Foundation/Http/Middleware/InvokeDeferredCallbacks.php(22): Illuminate/Pipeline/Pipeline->{closure:{closure:Illuminate/Pipeline/Pipeline::carry():184}:185}(Object(Illuminate/Http/Request))
#77 C:/Users/DELL/growza/growza/vendor/laravel/framework/src/Illuminate/Pipeline/Pipeline.php(209): Illuminate/Foundation/Http/Middleware/InvokeDeferredCallbacks->handle(Object(Illuminate/Http/Request), Object(Closure))
#78 C:/Users/DELL/growza/growza/vendor/laravel/framework/src/Illuminate/Pipeline/Pipeline.php(127): Illuminate/Pipeline/Pipeline->{closure:{closure:Illuminate/Pipeline/Pipeline::carry():184}:185}(Object(Illuminate/Http/Request))
#79 C:/Users/DELL/growza/growza/vendor/laravel/framework/src/Illuminate/Foundation/Http/Kernel.php(176): Illuminate/Pipeline/Pipeline->then(Object(Closure))
#80 C:/Users/DELL/growza/growza/vendor/laravel/framework/src/Illuminate/Foundation/Http/Kernel.php(145): Illuminate/Foundation/Http/Kernel->sendRequestThroughRouter(Object(Illuminate/Http/Request))
#81 C:/Users/DELL/growza/growza/vendor/laravel/framework/src/Illuminate/Foundation/Testing/Concerns/MakesHttpRequests.php(607): Illuminate/Foundation/Http/Kernel->handle(Object(Illuminate/Http/Request))
#82 C:/Users/DELL/growza/growza/vendor/laravel/framework/src/Illuminate/Foundation/Testing/Concerns/MakesHttpRequests.php(397): Illuminate/Foundation/Testing/TestCase->call('POST', 'http://localhos...', Array, Array, Array, Array)
#83 [internal function]: Illuminate/Foundation/Testing/TestCase->post('http://localhos...', Array)
#84 C:/Users/DELL/growza/growza/vendor/pestphp/pest/src/Support/Reflection.php(38): ReflectionMethod->invoke(Object(P/Tests/Feature/RbacTest), 'http://localhos...', Array)
#85 C:/Users/DELL/growza/growza/vendor/pestphp/pest/src/Support/HigherOrderMessage.php(59): Pest/Support/Reflection::call(Object(P/Tests/Feature/RbacTest), 'post', Array)
#86 C:/Users/DELL/growza/growza/vendor/pestphp/pest/src/Support/HigherOrderTapProxy.php(66): Pest/Support/HigherOrderMessage->call(Object(P/Tests/Feature/RbacTest))
#87 C:/Users/DELL/growza/growza/vendor/pestphp/pest-plugin-laravel/src/Http.php(209): Pest/Support/HigherOrderTapProxy->__call('post', Array)
#88 C:/Users/DELL/growza/growza/tests/Feature/RbacTest.php(78): Pest/Laravel/post('http://localhos...', Array)
#89 C:/Users/DELL/growza/growza/vendor/pestphp/pest/src/Factories/TestCaseMethodFactory.php(110): P/Tests/Feature/RbacTest->{closure:C:/Users/DELL/growza/growza/tests/Feature/RbacTest.php:77}()
#90 [internal function]: P/Tests/Feature/RbacTest->{closure:Pest/Factories/TestCaseMethodFactory::getClosure():102}()
#91 C:/Users/DELL/growza/growza/vendor/pestphp/pest/src/Concerns/Testable.php(339): call_user_func_array(Object(Closure), Array)
#92 C:/Users/DELL/growza/growza/vendor/pestphp/pest/src/Support/ExceptionTrace.php(26): P/Tests/Feature/RbacTest->{closure:Pest/Concerns/Testable::__callClosure():339}()
#93 C:/Users/DELL/growza/growza/vendor/pestphp/pest/src/Concerns/Testable.php(339): Pest/Support/ExceptionTrace::ensure(Object(Closure))
#94 C:/Users/DELL/growza/growza/vendor/pestphp/pest/src/Concerns/Testable.php(256): P/Tests/Feature/RbacTest->__callClosure(Object(Closure), Array)
#95 C:/Users/DELL/growza/growza/vendor/pestphp/pest/src/Factories/TestCaseFactory.php(197) : eval()'d code(116): P/Tests/Feature/RbacTest->__runTest(Object(Closure))
#96 C:/Users/DELL/growza/growza/vendor/phpunit/phpunit/src/Framework/TestCase.php(1548): P/Tests/Feature/RbacTest->__pest_evaluable_it_assigns_the_Customer_role_automatically_at_registration()
#97 C:/Users/DELL/growza/growza/vendor/phpunit/phpunit/src/Framework/TestCase.php(686): PHPUnit/Framework/TestCase->runTest()
#98 C:/Users/DELL/growza/growza/vendor/phpunit/phpunit/src/Framework/TestRunner.php(106): PHPUnit/Framework/TestCase->runBare()
#99 C:/Users/DELL/growza/growza/vendor/phpunit/phpunit/src/Framework/TestCase.php(516): PHPUnit/Framework/TestRunner->run(Object(P/Tests/Feature/RbacTest))
#100 C:/Users/DELL/growza/growza/vendor/phpunit/phpunit/src/Framework/TestSuite.php(374): PHPUnit/Framework/TestCase->run()
#101 C:/Users/DELL/growza/growza/vendor/phpunit/phpunit/src/Framework/TestSuite.php(374): PHPUnit/Framework/TestSuite->run()
#102 C:/Users/DELL/growza/growza/vendor/phpunit/phpunit/src/Framework/TestSuite.php(374): PHPUnit/Framework/TestSuite->run()
#103 C:/Users/DELL/growza/growza/vendor/phpunit/phpunit/src/TextUI/TestRunner.php(64): PHPUnit/Framework/TestSuite->run()
#104 C:/Users/DELL/growza/growza/vendor/phpunit/phpunit/src/TextUI/Application.php(204): PHPUnit/TextUI/TestRunner->run(Object(PHPUnit/TextUI/Configuration/Configuration), Object(PHPUnit/Runner/ResultCache/DefaultResultCache), Object(PHPUnit/Framework/TestSuite))
#105 C:/Users/DELL/growza/growza/vendor/pestphp/pest/src/Kernel.php(103): PHPUnit/TextUI/Application->run(Array)
#106 C:/Users/DELL/growza/growza/vendor/pestphp/pest/bin/pest(91): Pest/Kernel->handle(Array, Array)
#107 C:/Users/DELL/growza/growza/vendor/pestphp/pest/bin/pest(99): {closure:C:/Users/DELL/growza/growza/vendor/pestphp/pest/bin/pest:12}()
#108 {main}
"} 
[2026-09-21 06:25:07] testing.ERROR: SQLSTATE[23000]: Integrity constraint violation: 19 NOT NULL constraint failed: model_has_roles.team_id (Connection: sqlite, SQL: insert into "model_has_roles" ("model_id", "model_type", "role_id", "team_id") values (1, App\Domain\Identity\Models\User, 9, ?)) {"exception":"[object] (Illuminate\\Database\\QueryException(code: 23000): SQLSTATE[23000]: Integrity constraint violation: 19 NOT NULL constraint failed: model_has_roles.team_id (Connection: sqlite, SQL: insert into \"model_has_roles\" (\"model_id\", \"model_type\", \"role_id\", \"team_id\") values (1, App\\Domain\\Identity\\Models\\User, 9, ?)) at C:/Users/DELL/growza/growza/vendor/laravel/framework/src/Illuminate/Database/Connection.php:825)
[stacktrace]
#0 C:/Users/DELL/growza/growza/vendor/laravel/framework/src/Illuminate/Database/Connection.php(779): Illuminate/Database/Connection->runQueryCallback('insert into \"mo...', Array, Object(Closure))
#1 C:/Users/DELL/growza/growza/vendor/laravel/framework/src/Illuminate/Database/Connection.php(560): Illuminate/Database/Connection->run('insert into \"mo...', Array, Object(Closure))
#2 C:/Users/DELL/growza/growza/vendor/laravel/framework/src/Illuminate/Database/Connection.php(524): Illuminate/Database/Connection->statement('insert into \"mo...', Array)
#3 C:/Users/DELL/growza/growza/vendor/laravel/framework/src/Illuminate/Database/Query/Builder.php(3717): Illuminate/Database/Connection->insert('insert into \"mo...', Array)
#4 C:/Users/DELL/growza/growza/vendor/laravel/framework/src/Illuminate/Database/Eloquent/Relations/Concerns/InteractsWithPivotTable.php(276): Illuminate/Database/Query/Builder->insert(Array)
#5 C:/Users/DELL/growza/growza/vendor/spatie/laravel-permission/src/Traits/HasRoles.php(164): Illuminate/Database/Eloquent/Relations/BelongsToMany->attach(Array, Array)
#6 C:/Users/DELL/growza/growza/app/Domain/Auth/Actions/CreateNewUser.php(75): App/Domain/Identity/Models/User->assignRole('Customer')
#7 C:/Users/DELL/growza/growza/vendor/laravel/framework/src/Illuminate/Database/Concerns/ManagesTransactions.php(32): App/Domain/Auth/Actions/CreateNewUser->{closure:App/Domain/Auth/Actions/CreateNewUser::create():58}(Object(Illuminate/Database/SQLiteConnection))
#8 C:/Users/DELL/growza/growza/vendor/laravel/framework/src/Illuminate/Database/DatabaseManager.php(495): Illuminate/Database/Connection->transaction(Object(Closure))
#9 C:/Users/DELL/growza/growza/vendor/laravel/framework/src/Illuminate/Support/Facades/Facade.php(361): Illuminate/Database/DatabaseManager->__call('transaction', Array)
#10 C:/Users/DELL/growza/growza/app/Domain/Auth/Actions/CreateNewUser.php(58): Illuminate/Support/Facades/Facade::__callStatic('transaction', Array)
#11 C:/Users/DELL/growza/growza/vendor/laravel/fortify/src/Http/Controllers/RegisteredUserController.php(62): App/Domain/Auth/Actions/CreateNewUser->create(Array)
#12 C:/Users/DELL/growza/growza/vendor/laravel/framework/src/Illuminate/Routing/Controller.php(54): Laravel/Fortify/Http/Controllers/RegisteredUserController->store(Object(Illuminate/Http/Request), Object(App/Domain/Auth/Actions/CreateNewUser))
#13 C:/Users/DELL/growza/growza/vendor/laravel/framework/src/Illuminate/Routing/ControllerDispatcher.php(44): Illuminate/Routing/Controller->callAction('store', Array)
#14 C:/Users/DELL/growza/growza/vendor/laravel/framework/src/Illuminate/Routing/Route.php(266): Illuminate/Routing/ControllerDispatcher->dispatch(Object(Illuminate/Routing/Route), Object(Laravel/Fortify/Http/Controllers/RegisteredUserController), 'store')
#15 C:/Users/DELL/growza/growza/vendor/laravel/framework/src/Illuminate/Routing/Route.php(212): Illuminate/Routing/Route->runController()
#16 C:/Users/DELL/growza/growza/vendor/laravel/framework/src/Illuminate/Routing/Router.php(808): Illuminate/Routing/Route->run()
#17 C:/Users/DELL/growza/growza/vendor/laravel/framework/src/Illuminate/Pipeline/Pipeline.php(170): Illuminate/Routing/Router->{closure:Illuminate/Routing/Router::runRouteWithinStack():807}(Object(Illuminate/Http/Request))
#18 C:/Users/DELL/growza/growza/vendor/laravel/framework/src/Illuminate/Auth/Middleware/RedirectIfAuthenticated.php(35): Illuminate/Pipeline/Pipeline->{closure:Illuminate/Pipeline/Pipeline::prepareDestination():168}(Object(Illuminate/Http/Request))
#19 C:/Users/DELL/growza/growza/vendor/laravel/framework/src/Illuminate/Pipeline/Pipeline.php(209): Illuminate/Auth/Middleware/RedirectIfAuthenticated->handle(Object(Illuminate/Http/Request), Object(Closure), 'web')
#20 C:/Users/DELL/growza/growza/vendor/laravel/framework/src/Illuminate/Routing/Middleware/SubstituteBindings.php(51): Illuminate/Pipeline/Pipeline->{closure:{closure:Illuminate/Pipeline/Pipeline::carry():184}:185}(Object(Illuminate/Http/Request))
#21 C:/Users/DELL/growza/growza/vendor/laravel/framework/src/Illuminate/Pipeline/Pipeline.php(209): Illuminate/Routing/Middleware/SubstituteBindings->handle(Object(Illuminate/Http/Request), Object(Closure))
#22 C:/Users/DELL/growza/growza/vendor/laravel/framework/src/Illuminate/Foundation/Http/Middleware/VerifyCsrfToken.php(88): Illuminate/Pipeline/Pipeline->{closure:{closure:Illuminate/Pipeline/Pipeline::carry():184}:185}(Object(Illuminate/Http/Request))
#23 C:/Users/DELL/growza/growza/vendor/laravel/framework/src/Illuminate/Pipeline/Pipeline.php(209): Illuminate/Foundation/Http/Middleware/VerifyCsrfToken->handle(Object(Illuminate/Http/Request), Object(Closure))
#24 C:/Users/DELL/growza/growza/vendor/laravel/framework/src/Illuminate/View/Middleware/ShareErrorsFromSession.php(49): Illuminate/Pipeline/Pipeline->{closure:{closure:Illuminate/Pipeline/Pipeline::carry():184}:185}(Object(Illuminate/Http/Request))
#25 C:/Users/DELL/growza/growza/vendor/laravel/framework/src/Illuminate/Pipeline/Pipeline.php(209): Illuminate/View/Middleware/ShareErrorsFromSession->handle(Object(Illuminate/Http/Request), Object(Closure))
#26 C:/Users/DELL/growza/growza/vendor/laravel/framework/src/Illuminate/Session/Middleware/StartSession.php(121): Illuminate/Pipeline/Pipeline->{closure:{closure:Illuminate/Pipeline/Pipeline::carry():184}:185}(Object(Illuminate/Http/Request))
#27 C:/Users/DELL/growza/growza/vendor/laravel/framework/src/Illuminate/Session/Middleware/StartSession.php(64): Illuminate/Session/Middleware/StartSession->handleStatefulRequest(Object(Illuminate/Http/Request), Object(Illuminate/Session/Store), Object(Closure))
#28 C:/Users/DELL/growza/growza/vendor/laravel/framework/src/Illuminate/Pipeline/Pipeline.php(209): Illuminate/Session/Middleware/StartSession->handle(Object(Illuminate/Http/Request), Object(Closure))
#29 C:/Users/DELL/growza/growza/vendor/laravel/framework/src/Illuminate/Cookie/Middleware/AddQueuedCookiesToResponse.php(37): Illuminate/Pipeline/Pipeline->{closure:{closure:Illuminate/Pipeline/Pipeline::carry():184}:185}(Object(Illuminate/Http/Request))
#30 C:/Users/DELL/growza/growza/vendor/laravel/framework/src/Illuminate/Pipeline/Pipeline.php(209): Illuminate/Cookie/Middleware/AddQueuedCookiesToResponse->handle(Object(Illuminate/Http/Request), Object(Closure))
#31 C:/Users/DELL/growza/growza/vendor/laravel/framework/src/Illuminate/Cookie/Middleware/EncryptCookies.php(75): Illuminate/Pipeline/Pipeline->{closure:{closure:Illuminate/Pipeline/Pipeline::carry():184}:185}(Object(Illuminate/Http/Request))
#32 C:/Users/DELL/growza/growza/vendor/laravel/framework/src/Illuminate/Pipeline/Pipeline.php(209): Illuminate/Cookie/Middleware/EncryptCookies->handle(Object(Illuminate/Http/Request), Object(Closure))
#33 C:/Users/DELL/growza/growza/vendor/laravel/framework/src/Illuminate/Pipeline/Pipeline.php(127): Illuminate/Pipeline/Pipeline->{closure:{closure:Illuminate/Pipeline/Pipeline::carry():184}:185}(Object(Illuminate/Http/Request))
#34 C:/Users/DELL/growza/growza/vendor/laravel/framework/src/Illuminate/Routing/Router.php(807): Illuminate/Pipeline/Pipeline->then(Object(Closure))
#35 C:/Users/DELL/growza/growza/vendor/laravel/framework/src/Illuminate/Routing/Router.php(786): Illuminate/Routing/Router->runRouteWithinStack(Object(Illuminate/Routing/Route), Object(Illuminate/Http/Request))
#36 C:/Users/DELL/growza/growza/vendor/laravel/framework/src/Illuminate/Routing/Router.php(750): Illuminate/Routing/Router->runRoute(Object(Illuminate/Http/Request), Object(Illuminate/Routing/Route))
#37 C:/Users/DELL/growza/growza/vendor/laravel/framework/src/Illuminate/Routing/Router.php(739): Illuminate/Routing/Router->dispatchToRoute(Object(Illuminate/Http/Request))
#38 C:/Users/DELL/growza/growza/vendor/laravel/framework/src/Illuminate/Foundation/Http/Kernel.php(201): Illuminate/Routing/Router->dispatch(Object(Illuminate/Http/Request))
#39 C:/Users/DELL/growza/growza/vendor/laravel/framework/src/Illuminate/Pipeline/Pipeline.php(170): Illuminate/Foundation/Http/Kernel->{closure:Illuminate/Foundation/Http/Kernel::dispatchToRouter():198}(Object(Illuminate/Http/Request))
#40 C:/Users/DELL/growza/growza/vendor/livewire/livewire/src/Features/SupportDisablingBackButtonCache/DisableBackButtonCacheMiddleware.php(19): Illuminate/Pipeline/Pipeline->{closure:Illuminate/Pipeline/Pipeline::prepareDestination():168}(Object(Illuminate/Http/Request))
#41 C:/Users/DELL/growza/growza/vendor/laravel/framework/src/Illuminate/Pipeline/Pipeline.php(209): Livewire/Features/SupportDisablingBackButtonCache/DisableBackButtonCacheMiddleware->handle(Object(Illuminate/Http/Request), Object(Closure))
#42 C:/Users/DELL/growza/growza/vendor/laravel/framework/src/Illuminate/Foundation/Http/Middleware/TransformsRequest.php(21): Illuminate/Pipeline/Pipeline->{closure:{closure:Illuminate/Pipeline/Pipeline::carry():184}:185}(Object(Illuminate/Http/Request))
#43 C:/Users/DELL/growza/growza/vendor/laravel/framework/src/Illuminate/Foundation/Http/Middleware/ConvertEmptyStringsToNull.php(31): Illuminate/Foundation/Http/Middleware/TransformsRequest->handle(Object(Illuminate/Http/Request), Object(Closure))
#44 C:/Users/DELL/growza/growza/vendor/laravel/framework/src/Illuminate/Pipeline/Pipeline.php(209): Illuminate/Foundation/Http/Middleware/ConvertEmptyStringsToNull->handle(Object(Illuminate/Http/Request), Object(Closure))
#45 C:/Users/DELL/growza/growza/vendor/laravel/framework/src/Illuminate/Foundation/Http/Middleware/TransformsRequest.php(21): Illuminate/Pipeline/Pipeline->{closure:{closure:Illuminate/Pipeline/Pipeline::carry():184}:185}(Object(Illuminate/Http/Request))
#46 C:/Users/DELL/growza/growza/vendor/laravel/framework/src/Illuminate/Foundation/Http/Middleware/TrimStrings.php(51): Illuminate/Foundation/Http/Middleware/TransformsRequest->handle(Object(Illuminate/Http/Request), Object(Closure))
#47 C:/Users/DELL/growza/growza/vendor/laravel/framework/src/Illuminate/Pipeline/Pipeline.php(209): Illuminate/Foundation/Http/Middleware/TrimStrings->handle(Object(Illuminate/Http/Request), Object(Closure))
#48 C:/Users/DELL/growza/growza/vendor/laravel/framework/src/Illuminate/Http/Middleware/ValidatePostSize.php(27): Illuminate/Pipeline/Pipeline->{closure:{closure:Illuminate/Pipeline/Pipeline::carry():184}:185}(Object(Illuminate/Http/Request))
#49 C:/Users/DELL/growza/growza/vendor/laravel/framework/src/Illuminate/Pipeline/Pipeline.php(209): Illuminate/Http/Middleware/ValidatePostSize->handle(Object(Illuminate/Http/Request), Object(Closure))
#50 C:/Users/DELL/growza/growza/vendor/laravel/framework/src/Illuminate/Foundation/Http/Middleware/PreventRequestsDuringMaintenance.php(110): Illuminate/Pipeline/Pipeline->{closure:{closure:Illuminate/Pipeline/Pipeline::carry():184}:185}(Object(Illuminate/Http/Request))
#51 C:/Users/DELL/growza/growza/vendor/laravel/framework/src/Illuminate/Pipeline/Pipeline.php(209): Illuminate/Foundation/Http/Middleware/PreventRequestsDuringMaintenance->handle(Object(Illuminate/Http/Request), Object(Closure))
#52 C:/Users/DELL/growza/growza/vendor/laravel/framework/src/Illuminate/Http/Middleware/HandleCors.php(49): Illuminate/Pipeline/Pipeline->{closure:{closure:Illuminate/Pipeline/Pipeline::carry():184}:185}(Object(Illuminate/Http/Request))
#53 C:/Users/DELL/growza/growza/vendor/laravel/framework/src/Illuminate/Pipeline/Pipeline.php(209): Illuminate/Http/Middleware/HandleCors->handle(Object(Illuminate/Http/Request), Object(Closure))
#54 C:/Users/DELL/growza/growza/vendor/laravel/framework/src/Illuminate/Http/Middleware/TrustProxies.php(58): Illuminate/Pipeline/Pipeline->{closure:{closure:Illuminate/Pipeline/Pipeline::carry():184}:185}(Object(Illuminate/Http/Request))
#55 C:/Users/DELL/growza/growza/vendor/laravel/framework/src/Illuminate/Pipeline/Pipeline.php(209): Illuminate/Http/Middleware/TrustProxies->handle(Object(Illuminate/Http/Request), Object(Closure))
#56 C:/Users/DELL/growza/growza/vendor/laravel/framework/src/Illuminate/Foundation/Http/Middleware/InvokeDeferredCallbacks.php(22): Illuminate/Pipeline/Pipeline->{closure:{closure:Illuminate/Pipeline/Pipeline::carry():184}:185}(Object(Illuminate/Http/Request))
#57 C:/Users/DELL/growza/growza/vendor/laravel/framework/src/Illuminate/Pipeline/Pipeline.php(209): Illuminate/Foundation/Http/Middleware/InvokeDeferredCallbacks->handle(Object(Illuminate/Http/Request), Object(Closure))
#58 C:/Users/DELL/growza/growza/vendor/laravel/framework/src/Illuminate/Pipeline/Pipeline.php(127): Illuminate/Pipeline/Pipeline->{closure:{closure:Illuminate/Pipeline/Pipeline::carry():184}:185}(Object(Illuminate/Http/Request))
#59 C:/Users/DELL/growza/growza/vendor/laravel/framework/src/Illuminate/Foundation/Http/Kernel.php(176): Illuminate/Pipeline/Pipeline->then(Object(Closure))
#60 C:/Users/DELL/growza/growza/vendor/laravel/framework/src/Illuminate/Foundation/Http/Kernel.php(145): Illuminate/Foundation/Http/Kernel->sendRequestThroughRouter(Object(Illuminate/Http/Request))
#61 C:/Users/DELL/growza/growza/vendor/laravel/framework/src/Illuminate/Foundation/Testing/Concerns/MakesHttpRequests.php(607): Illuminate/Foundation/Http/Kernel->handle(Object(Illuminate/Http/Request))
#62 C:/Users/DELL/growza/growza/vendor/laravel/framework/src/Illuminate/Foundation/Testing/Concerns/MakesHttpRequests.php(397): Illuminate/Foundation/Testing/TestCase->call('POST', 'http://localhos...', Array, Array, Array, Array)
#63 [internal function]: Illuminate/Foundation/Testing/TestCase->post('http://localhos...', Array)
#64 C:/Users/DELL/growza/growza/vendor/pestphp/pest/src/Support/Reflection.php(38): ReflectionMethod->invoke(Object(P/Tests/Feature/RbacTest), 'http://localhos...', Array)
#65 C:/Users/DELL/growza/growza/vendor/pestphp/pest/src/Support/HigherOrderMessage.php(59): Pest/Support/Reflection::call(Object(P/Tests/Feature/RbacTest), 'post', Array)
#66 C:/Users/DELL/growza/growza/vendor/pestphp/pest/src/Support/HigherOrderTapProxy.php(66): Pest/Support/HigherOrderMessage->call(Object(P/Tests/Feature/RbacTest))
#67 C:/Users/DELL/growza/growza/vendor/pestphp/pest-plugin-laravel/src/Http.php(209): Pest/Support/HigherOrderTapProxy->__call('post', Array)
#68 C:/Users/DELL/growza/growza/tests/Feature/RbacTest.php(78): Pest/Laravel/post('http://localhos...', Array)
#69 C:/Users/DELL/growza/growza/vendor/pestphp/pest/src/Factories/TestCaseMethodFactory.php(110): P/Tests/Feature/RbacTest->{closure:C:/Users/DELL/growza/growza/tests/Feature/RbacTest.php:77}()
#70 [internal function]: P/Tests/Feature/RbacTest->{closure:Pest/Factories/TestCaseMethodFactory::getClosure():102}()
#71 C:/Users/DELL/growza/growza/vendor/pestphp/pest/src/Concerns/Testable.php(339): call_user_func_array(Object(Closure), Array)
#72 C:/Users/DELL/growza/growza/vendor/pestphp/pest/src/Support/ExceptionTrace.php(26): P/Tests/Feature/RbacTest->{closure:Pest/Concerns/Testable::__callClosure():339}()
#73 C:/Users/DELL/growza/growza/vendor/pestphp/pest/src/Concerns/Testable.php(339): Pest/Support/ExceptionTrace::ensure(Object(Closure))
#74 C:/Users/DELL/growza/growza/vendor/pestphp/pest/src/Concerns/Testable.php(256): P/Tests/Feature/RbacTest->__callClosure(Object(Closure), Array)
#75 C:/Users/DELL/growza/growza/vendor/pestphp/pest/src/Factories/TestCaseFactory.php(197) : eval()'d code(116): P/Tests/Feature/RbacTest->__runTest(Object(Closure))
#76 C:/Users/DELL/growza/growza/vendor/phpunit/phpunit/src/Framework/TestCase.php(1548): P/Tests/Feature/RbacTest->__pest_evaluable_it_assigns_the_Customer_role_automatically_at_registration()
#77 C:/Users/DELL/growza/growza/vendor/phpunit/phpunit/src/Framework/TestCase.php(686): PHPUnit/Framework/TestCase->runTest()
#78 C:/Users/DELL/growza/growza/vendor/phpunit/phpunit/src/Framework/TestRunner.php(106): PHPUnit/Framework/TestCase->runBare()
#79 C:/Users/DELL/growza/growza/vendor/phpunit/phpunit/src/Framework/TestCase.php(516): PHPUnit/Framework/TestRunner->run(Object(P/Tests/Feature/RbacTest))
#80 C:/Users/DELL/growza/growza/vendor/phpunit/phpunit/src/Framework/TestSuite.php(374): PHPUnit/Framework/TestCase->run()
#81 C:/Users/DELL/growza/growza/vendor/phpunit/phpunit/src/Framework/TestSuite.php(374): PHPUnit/Framework/TestSuite->run()
#82 C:/Users/DELL/growza/growza/vendor/phpunit/phpunit/src/Framework/TestSuite.php(374): PHPUnit/Framework/TestSuite->run()
#83 C:/Users/DELL/growza/growza/vendor/phpunit/phpunit/src/TextUI/TestRunner.php(64): PHPUnit/Framework/TestSuite->run()
#84 C:/Users/DELL/growza/growza/vendor/phpunit/phpunit/src/TextUI/Application.php(204): PHPUnit/TextUI/TestRunner->run(Object(PHPUnit/TextUI/Configuration/Configuration), Object(PHPUnit/Runner/ResultCache/DefaultResultCache), Object(PHPUnit/Framework/TestSuite))
#85 C:/Users/DELL/growza/growza/vendor/pestphp/pest/src/Kernel.php(103): PHPUnit/TextUI/Application->run(Array)
#86 C:/Users/DELL/growza/growza/vendor/pestphp/pest/bin/pest(91): Pest/Kernel->handle(Array, Array)
#87 C:/Users/DELL/growza/growza/vendor/pestphp/pest/bin/pest(99): {closure:C:/Users/DELL/growza/growza/vendor/pestphp/pest/bin/pest:12}()
#88 {main}

[previous exception] [object] (PDOException(code: 23000): SQLSTATE[23000]: Integrity constraint violation: 19 NOT NULL constraint failed: model_has_roles.team_id at C:/Users/DELL/growza/growza/vendor/laravel/framework/src/Illuminate/Database/Connection.php:571)
[stacktrace]
#0 C:/Users/DELL/growza/growza/vendor/laravel/framework/src/Illuminate/Database/Connection.php(571): PDOStatement->execute()
#1 C:/Users/DELL/growza/growza/vendor/laravel/framework/src/Illuminate/Database/Connection.php(812): Illuminate/Database/Connection->{closure:Illuminate/Database/Connection::statement():560}('insert into \"mo...', Array)
#2 C:/Users/DELL/growza/growza/vendor/laravel/framework/src/Illuminate/Database/Connection.php(779): Illuminate/Database/Connection->runQueryCallback('insert into \"mo...', Array, Object(Closure))
#3 C:/Users/DELL/growza/growza/vendor/laravel/framework/src/Illuminate/Database/Connection.php(560): Illuminate/Database/Connection->run('insert into \"mo...', Array, Object(Closure))
#4 C:/Users/DELL/growza/growza/vendor/laravel/framework/src/Illuminate/Database/Connection.php(524): Illuminate/Database/Connection->statement('insert into \"mo...', Array)
#5 C:/Users/DELL/growza/growza/vendor/laravel/framework/src/Illuminate/Database/Query/Builder.php(3717): Illuminate/Database/Connection->insert('insert into \"mo...', Array)
#6 C:/Users/DELL/growza/growza/vendor/laravel/framework/src/Illuminate/Database/Eloquent/Relations/Concerns/InteractsWithPivotTable.php(276): Illuminate/Database/Query/Builder->insert(Array)
#7 C:/Users/DELL/growza/growza/vendor/spatie/laravel-permission/src/Traits/HasRoles.php(164): Illuminate/Database/Eloquent/Relations/BelongsToMany->attach(Array, Array)
#8 C:/Users/DELL/growza/growza/app/Domain/Auth/Actions/CreateNewUser.php(75): App/Domain/Identity/Models/User->assignRole('Customer')
#9 C:/Users/DELL/growza/growza/vendor/laravel/framework/src/Illuminate/Database/Concerns/ManagesTransactions.php(32): App/Domain/Auth/Actions/CreateNewUser->{closure:App/Domain/Auth/Actions/CreateNewUser::create():58}(Object(Illuminate/Database/SQLiteConnection))
#10 C:/Users/DELL/growza/growza/vendor/laravel/framework/src/Illuminate/Database/DatabaseManager.php(495): Illuminate/Database/Connection->transaction(Object(Closure))
#11 C:/Users/DELL/growza/growza/vendor/laravel/framework/src/Illuminate/Support/Facades/Facade.php(361): Illuminate/Database/DatabaseManager->__call('transaction', Array)
#12 C:/Users/DELL/growza/growza/app/Domain/Auth/Actions/CreateNewUser.php(58): Illuminate/Support/Facades/Facade::__callStatic('transaction', Array)
#13 C:/Users/DELL/growza/growza/vendor/laravel/fortify/src/Http/Controllers/RegisteredUserController.php(62): App/Domain/Auth/Actions/CreateNewUser->create(Array)
#14 C:/Users/DELL/growza/growza/vendor/laravel/framework/src/Illuminate/Routing/Controller.php(54): Laravel/Fortify/Http/Controllers/RegisteredUserController->store(Object(Illuminate/Http/Request), Object(App/Domain/Auth/Actions/CreateNewUser))
#15 C:/Users/DELL/growza/growza/vendor/laravel/framework/src/Illuminate/Routing/ControllerDispatcher.php(44): Illuminate/Routing/Controller->callAction('store', Array)
#16 C:/Users/DELL/growza/growza/vendor/laravel/framework/src/Illuminate/Routing/Route.php(266): Illuminate/Routing/ControllerDispatcher->dispatch(Object(Illuminate/Routing/Route), Object(Laravel/Fortify/Http/Controllers/RegisteredUserController), 'store')
#17 C:/Users/DELL/growza/growza/vendor/laravel/framework/src/Illuminate/Routing/Route.php(212): Illuminate/Routing/Route->runController()
#18 C:/Users/DELL/growza/growza/vendor/laravel/framework/src/Illuminate/Routing/Router.php(808): Illuminate/Routing/Route->run()
#19 C:/Users/DELL/growza/growza/vendor/laravel/framework/src/Illuminate/Pipeline/Pipeline.php(170): Illuminate/Routing/Router->{closure:Illuminate/Routing/Router::runRouteWithinStack():807}(Object(Illuminate/Http/Request))
#20 C:/Users/DELL/growza/growza/vendor/laravel/framework/src/Illuminate/Auth/Middleware/RedirectIfAuthenticated.php(35): Illuminate/Pipeline/Pipeline->{closure:Illuminate/Pipeline/Pipeline::prepareDestination():168}(Object(Illuminate/Http/Request))
#21 C:/Users/DELL/growza/growza/vendor/laravel/framework/src/Illuminate/Pipeline/Pipeline.php(209): Illuminate/Auth/Middleware/RedirectIfAuthenticated->handle(Object(Illuminate/Http/Request), Object(Closure), 'web')
#22 C:/Users/DELL/growza/growza/vendor/laravel/framework/src/Illuminate/Routing/Middleware/SubstituteBindings.php(51): Illuminate/Pipeline/Pipeline->{closure:{closure:Illuminate/Pipeline/Pipeline::carry():184}:185}(Object(Illuminate/Http/Request))
#23 C:/Users/DELL/growza/growza/vendor/laravel/framework/src/Illuminate/Pipeline/Pipeline.php(209): Illuminate/Routing/Middleware/SubstituteBindings->handle(Object(Illuminate/Http/Request), Object(Closure))
#24 C:/Users/DELL/growza/growza/vendor/laravel/framework/src/Illuminate/Foundation/Http/Middleware/VerifyCsrfToken.php(88): Illuminate/Pipeline/Pipeline->{closure:{closure:Illuminate/Pipeline/Pipeline::carry():184}:185}(Object(Illuminate/Http/Request))
#25 C:/Users/DELL/growza/growza/vendor/laravel/framework/src/Illuminate/Pipeline/Pipeline.php(209): Illuminate/Foundation/Http/Middleware/VerifyCsrfToken->handle(Object(Illuminate/Http/Request), Object(Closure))
#26 C:/Users/DELL/growza/growza/vendor/laravel/framework/src/Illuminate/View/Middleware/ShareErrorsFromSession.php(49): Illuminate/Pipeline/Pipeline->{closure:{closure:Illuminate/Pipeline/Pipeline::carry():184}:185}(Object(Illuminate/Http/Request))
#27 C:/Users/DELL/growza/growza/vendor/laravel/framework/src/Illuminate/Pipeline/Pipeline.php(209): Illuminate/View/Middleware/ShareErrorsFromSession->handle(Object(Illuminate/Http/Request), Object(Closure))
#28 C:/Users/DELL/growza/growza/vendor/laravel/framework/src/Illuminate/Session/Middleware/StartSession.php(121): Illuminate/Pipeline/Pipeline->{closure:{closure:Illuminate/Pipeline/Pipeline::carry():184}:185}(Object(Illuminate/Http/Request))
#29 C:/Users/DELL/growza/growza/vendor/laravel/framework/src/Illuminate/Session/Middleware/StartSession.php(64): Illuminate/Session/Middleware/StartSession->handleStatefulRequest(Object(Illuminate/Http/Request), Object(Illuminate/Session/Store), Object(Closure))
#30 C:/Users/DELL/growza/growza/vendor/laravel/framework/src/Illuminate/Pipeline/Pipeline.php(209): Illuminate/Session/Middleware/StartSession->handle(Object(Illuminate/Http/Request), Object(Closure))
#31 C:/Users/DELL/growza/growza/vendor/laravel/framework/src/Illuminate/Cookie/Middleware/AddQueuedCookiesToResponse.php(37): Illuminate/Pipeline/Pipeline->{closure:{closure:Illuminate/Pipeline/Pipeline::carry():184}:185}(Object(Illuminate/Http/Request))
#32 C:/Users/DELL/growza/growza/vendor/laravel/framework/src/Illuminate/Pipeline/Pipeline.php(209): Illuminate/Cookie/Middleware/AddQueuedCookiesToResponse->handle(Object(Illuminate/Http/Request), Object(Closure))
#33 C:/Users/DELL/growza/growza/vendor/laravel/framework/src/Illuminate/Cookie/Middleware/EncryptCookies.php(75): Illuminate/Pipeline/Pipeline->{closure:{closure:Illuminate/Pipeline/Pipeline::carry():184}:185}(Object(Illuminate/Http/Request))
#34 C:/Users/DELL/growza/growza/vendor/laravel/framework/src/Illuminate/Pipeline/Pipeline.php(209): Illuminate/Cookie/Middleware/EncryptCookies->handle(Object(Illuminate/Http/Request), Object(Closure))
#35 C:/Users/DELL/growza/growza/vendor/laravel/framework/src/Illuminate/Pipeline/Pipeline.php(127): Illuminate/Pipeline/Pipeline->{closure:{closure:Illuminate/Pipeline/Pipeline::carry():184}:185}(Object(Illuminate/Http/Request))
#36 C:/Users/DELL/growza/growza/vendor/laravel/framework/src/Illuminate/Routing/Router.php(807): Illuminate/Pipeline/Pipeline->then(Object(Closure))
#37 C:/Users/DELL/growza/growza/vendor/laravel/framework/src/Illuminate/Routing/Router.php(786): Illuminate/Routing/Router->runRouteWithinStack(Object(Illuminate/Routing/Route), Object(Illuminate/Http/Request))
#38 C:/Users/DELL/growza/growza/vendor/laravel/framework/src/Illuminate/Routing/Router.php(750): Illuminate/Routing/Router->runRoute(Object(Illuminate/Http/Request), Object(Illuminate/Routing/Route))
#39 C:/Users/DELL/growza/growza/vendor/laravel/framework/src/Illuminate/Routing/Router.php(739): Illuminate/Routing/Router->dispatchToRoute(Object(Illuminate/Http/Request))
#40 C:/Users/DELL/growza/growza/vendor/laravel/framework/src/Illuminate/Foundation/Http/Kernel.php(201): Illuminate/Routing/Router->dispatch(Object(Illuminate/Http/Request))
#41 C:/Users/DELL/growza/growza/vendor/laravel/framework/src/Illuminate/Pipeline/Pipeline.php(170): Illuminate/Foundation/Http/Kernel->{closure:Illuminate/Foundation/Http/Kernel::dispatchToRouter():198}(Object(Illuminate/Http/Request))
#42 C:/Users/DELL/growza/growza/vendor/livewire/livewire/src/Features/SupportDisablingBackButtonCache/DisableBackButtonCacheMiddleware.php(19): Illuminate/Pipeline/Pipeline->{closure:Illuminate/Pipeline/Pipeline::prepareDestination():168}(Object(Illuminate/Http/Request))
#43 C:/Users/DELL/growza/growza/vendor/laravel/framework/src/Illuminate/Pipeline/Pipeline.php(209): Livewire/Features/SupportDisablingBackButtonCache/DisableBackButtonCacheMiddleware->handle(Object(Illuminate/Http/Request), Object(Closure))
#44 C:/Users/DELL/growza/growza/vendor/laravel/framework/src/Illuminate/Foundation/Http/Middleware/TransformsRequest.php(21): Illuminate/Pipeline/Pipeline->{closure:{closure:Illuminate/Pipeline/Pipeline::carry():184}:185}(Object(Illuminate/Http/Request))
#45 C:/Users/DELL/growza/growza/vendor/laravel/framework/src/Illuminate/Foundation/Http/Middleware/ConvertEmptyStringsToNull.php(31): Illuminate/Foundation/Http/Middleware/TransformsRequest->handle(Object(Illuminate/Http/Request), Object(Closure))
#46 C:/Users/DELL/growza/growza/vendor/laravel/framework/src/Illuminate/Pipeline/Pipeline.php(209): Illuminate/Foundation/Http/Middleware/ConvertEmptyStringsToNull->handle(Object(Illuminate/Http/Request), Object(Closure))
#47 C:/Users/DELL/growza/growza/vendor/laravel/framework/src/Illuminate/Foundation/Http/Middleware/TransformsRequest.php(21): Illuminate/Pipeline/Pipeline->{closure:{closure:Illuminate/Pipeline/Pipeline::carry():184}:185}(Object(Illuminate/Http/Request))
#48 C:/Users/DELL/growza/growza/vendor/laravel/framework/src/Illuminate/Foundation/Http/Middleware/TrimStrings.php(51): Illuminate/Foundation/Http/Middleware/TransformsRequest->handle(Object(Illuminate/Http/Request), Object(Closure))
#49 C:/Users/DELL/growza/growza/vendor/laravel/framework/src/Illuminate/Pipeline/Pipeline.php(209): Illuminate/Foundation/Http/Middleware/TrimStrings->handle(Object(Illuminate/Http/Request), Object(Closure))
#50 C:/Users/DELL/growza/growza/vendor/laravel/framework/src/Illuminate/Http/Middleware/ValidatePostSize.php(27): Illuminate/Pipeline/Pipeline->{closure:{closure:Illuminate/Pipeline/Pipeline::carry():184}:185}(Object(Illuminate/Http/Request))
#51 C:/Users/DELL/growza/growza/vendor/laravel/framework/src/Illuminate/Pipeline/Pipeline.php(209): Illuminate/Http/Middleware/ValidatePostSize->handle(Object(Illuminate/Http/Request), Object(Closure))
#52 C:/Users/DELL/growza/growza/vendor/laravel/framework/src/Illuminate/Foundation/Http/Middleware/PreventRequestsDuringMaintenance.php(110): Illuminate/Pipeline/Pipeline->{closure:{closure:Illuminate/Pipeline/Pipeline::carry():184}:185}(Object(Illuminate/Http/Request))
#53 C:/Users/DELL/growza/growza/vendor/laravel/framework/src/Illuminate/Pipeline/Pipeline.php(209): Illuminate/Foundation/Http/Middleware/PreventRequestsDuringMaintenance->handle(Object(Illuminate/Http/Request), Object(Closure))
#54 C:/Users/DELL/growza/growza/vendor/laravel/framework/src/Illuminate/Http/Middleware/HandleCors.php(49): Illuminate/Pipeline/Pipeline->{closure:{closure:Illuminate/Pipeline/Pipeline::carry():184}:185}(Object(Illuminate/Http/Request))
#55 C:/Users/DELL/growza/growza/vendor/laravel/framework/src/Illuminate/Pipeline/Pipeline.php(209): Illuminate/Http/Middleware/HandleCors->handle(Object(Illuminate/Http/Request), Object(Closure))
#56 C:/Users/DELL/growza/growza/vendor/laravel/framework/src/Illuminate/Http/Middleware/TrustProxies.php(58): Illuminate/Pipeline/Pipeline->{closure:{closure:Illuminate/Pipeline/Pipeline::carry():184}:185}(Object(Illuminate/Http/Request))
#57 C:/Users/DELL/growza/growza/vendor/laravel/framework/src/Illuminate/Pipeline/Pipeline.php(209): Illuminate/Http/Middleware/TrustProxies->handle(Object(Illuminate/Http/Request), Object(Closure))
#58 C:/Users/DELL/growza/growza/vendor/laravel/framework/src/Illuminate/Foundation/Http/Middleware/InvokeDeferredCallbacks.php(22): Illuminate/Pipeline/Pipeline->{closure:{closure:Illuminate/Pipeline/Pipeline::carry():184}:185}(Object(Illuminate/Http/Request))
#59 C:/Users/DELL/growza/growza/vendor/laravel/framework/src/Illuminate/Pipeline/Pipeline.php(209): Illuminate/Foundation/Http/Middleware/InvokeDeferredCallbacks->handle(Object(Illuminate/Http/Request), Object(Closure))
#60 C:/Users/DELL/growza/growza/vendor/laravel/framework/src/Illuminate/Pipeline/Pipeline.php(127): Illuminate/Pipeline/Pipeline->{closure:{closure:Illuminate/Pipeline/Pipeline::carry():184}:185}(Object(Illuminate/Http/Request))
#61 C:/Users/DELL/growza/growza/vendor/laravel/framework/src/Illuminate/Foundation/Http/Kernel.php(176): Illuminate/Pipeline/Pipeline->then(Object(Closure))
#62 C:/Users/DELL/growza/growza/vendor/laravel/framework/src/Illuminate/Foundation/Http/Kernel.php(145): Illuminate/Foundation/Http/Kernel->sendRequestThroughRouter(Object(Illuminate/Http/Request))
#63 C:/Users/DELL/growza/growza/vendor/laravel/framework/src/Illuminate/Foundation/Testing/Concerns/MakesHttpRequests.php(607): Illuminate/Foundation/Http/Kernel->handle(Object(Illuminate/Http/Request))
#64 C:/Users/DELL/growza/growza/vendor/laravel/framework/src/Illuminate/Foundation/Testing/Concerns/MakesHttpRequests.php(397): Illuminate/Foundation/Testing/TestCase->call('POST', 'http://localhos...', Array, Array, Array, Array)
#65 [internal function]: Illuminate/Foundation/Testing/TestCase->post('http://localhos...', Array)
#66 C:/Users/DELL/growza/growza/vendor/pestphp/pest/src/Support/Reflection.php(38): ReflectionMethod->invoke(Object(P/Tests/Feature/RbacTest), 'http://localhos...', Array)
#67 C:/Users/DELL/growza/growza/vendor/pestphp/pest/src/Support/HigherOrderMessage.php(59): Pest/Support/Reflection::call(Object(P/Tests/Feature/RbacTest), 'post', Array)
#68 C:/Users/DELL/growza/growza/vendor/pestphp/pest/src/Support/HigherOrderTapProxy.php(66): Pest/Support/HigherOrderMessage->call(Object(P/Tests/Feature/RbacTest))
#69 C:/Users/DELL/growza/growza/vendor/pestphp/pest-plugin-laravel/src/Http.php(209): Pest/Support/HigherOrderTapProxy->__call('post', Array)
#70 C:/Users/DELL/growza/growza/tests/Feature/RbacTest.php(78): Pest/Laravel/post('http://localhos...', Array)
#71 C:/Users/DELL/growza/growza/vendor/pestphp/pest/src/Factories/TestCaseMethodFactory.php(110): P/Tests/Feature/RbacTest->{closure:C:/Users/DELL/growza/growza/tests/Feature/RbacTest.php:77}()
#72 [internal function]: P/Tests/Feature/RbacTest->{closure:Pest/Factories/TestCaseMethodFactory::getClosure():102}()
#73 C:/Users/DELL/growza/growza/vendor/pestphp/pest/src/Concerns/Testable.php(339): call_user_func_array(Object(Closure), Array)
#74 C:/Users/DELL/growza/growza/vendor/pestphp/pest/src/Support/ExceptionTrace.php(26): P/Tests/Feature/RbacTest->{closure:Pest/Concerns/Testable::__callClosure():339}()
#75 C:/Users/DELL/growza/growza/vendor/pestphp/pest/src/Concerns/Testable.php(339): Pest/Support/ExceptionTrace::ensure(Object(Closure))
#76 C:/Users/DELL/growza/growza/vendor/pestphp/pest/src/Concerns/Testable.php(256): P/Tests/Feature/RbacTest->__callClosure(Object(Closure), Array)
#77 C:/Users/DELL/growza/growza/vendor/pestphp/pest/src/Factories/TestCaseFactory.php(197) : eval()'d code(116): P/Tests/Feature/RbacTest->__runTest(Object(Closure))
#78 C:/Users/DELL/growza/growza/vendor/phpunit/phpunit/src/Framework/TestCase.php(1548): P/Tests/Feature/RbacTest->__pest_evaluable_it_assigns_the_Customer_role_automatically_at_registration()
#79 C:/Users/DELL/growza/growza/vendor/phpunit/phpunit/src/Framework/TestCase.php(686): PHPUnit/Framework/TestCase->runTest()
#80 C:/Users/DELL/growza/growza/vendor/phpunit/phpunit/src/Framework/TestRunner.php(106): PHPUnit/Framework/TestCase->runBare()
#81 C:/Users/DELL/growza/growza/vendor/phpunit/phpunit/src/Framework/TestCase.php(516): PHPUnit/Framework/TestRunner->run(Object(P/Tests/Feature/RbacTest))
#82 C:/Users/DELL/growza/growza/vendor/phpunit/phpunit/src/Framework/TestSuite.php(374): PHPUnit/Framework/TestCase->run()
#83 C:/Users/DELL/growza/growza/vendor/phpunit/phpunit/src/Framework/TestSuite.php(374): PHPUnit/Framework/TestSuite->run()
#84 C:/Users/DELL/growza/growza/vendor/phpunit/phpunit/src/Framework/TestSuite.php(374): PHPUnit/Framework/TestSuite->run()
#85 C:/Users/DELL/growza/growza/vendor/phpunit/phpunit/src/TextUI/TestRunner.php(64): PHPUnit/Framework/TestSuite->run()
#86 C:/Users/DELL/growza/growza/vendor/phpunit/phpunit/src/TextUI/Application.php(204): PHPUnit/TextUI/TestRunner->run(Object(PHPUnit/TextUI/Configuration/Configuration), Object(PHPUnit/Runner/ResultCache/DefaultResultCache), Object(PHPUnit/Framework/TestSuite))
#87 C:/Users/DELL/growza/growza/vendor/pestphp/pest/src/Kernel.php(103): PHPUnit/TextUI/Application->run(Array)
#88 C:/Users/DELL/growza/growza/vendor/pestphp/pest/bin/pest(91): Pest/Kernel->handle(Array, Array)
#89 C:/Users/DELL/growza/growza/vendor/pestphp/pest/bin/pest(99): {closure:C:/Users/DELL/growza/growza/vendor/pestphp/pest/bin/pest:12}()
#90 {main}
"} 
[2026-09-21 06:25:37] testing.ERROR: cURL error 60: SSL certificate problem: unable to get local issuer certificate (see https://curl.se/libcurl/c/libcurl-errors.html) for https://api.pwnedpasswords.com/range/D8A94 {"userId":1,"exception":"[object] (GuzzleHttp\\Exception\\RequestException(code: 0): cURL error 60: SSL certificate problem: unable to get local issuer certificate (see https://curl.se/libcurl/c/libcurl-errors.html) for https://api.pwnedpasswords.com/range/D8A94 at C:/Users/DELL/growza/growza/vendor/guzzlehttp/guzzle/src/Handler/CurlFactory.php:1141)
[stacktrace]
#0 C:/Users/DELL/growza/growza/vendor/guzzlehttp/guzzle/src/Handler/CurlFactory.php(1077): GuzzleHttp/Handler/CurlFactory::createRejection(Object(GuzzleHttp/Handler/EasyHandle), Array)
#1 C:/Users/DELL/growza/growza/vendor/guzzlehttp/guzzle/src/Handler/CurlFactory.php(1014): GuzzleHttp/Handler/CurlFactory::finishError(Object(GuzzleHttp/Handler/CurlHandler), Object(GuzzleHttp/Handler/EasyHandle), Object(GuzzleHttp/Handler/CurlFactory))
#2 C:/Users/DELL/growza/growza/vendor/guzzlehttp/guzzle/src/Handler/CurlHandler.php(88): GuzzleHttp/Handler/CurlFactory::finish(Object(GuzzleHttp/Handler/CurlHandler), Object(GuzzleHttp/Handler/EasyHandle), Object(GuzzleHttp/Handler/CurlFactory))
#3 C:/Users/DELL/growza/growza/vendor/guzzlehttp/guzzle/src/Handler/Proxy.php(28): GuzzleHttp/Handler/CurlHandler->__invoke(Object(GuzzleHttp/Psr7/Request), Array)
#4 C:/Users/DELL/growza/growza/vendor/guzzlehttp/guzzle/src/Handler/Proxy.php(68): GuzzleHttp/Handler/Proxy::{closure:GuzzleHttp/Handler/Proxy::wrapSync():27}(Object(GuzzleHttp/Psr7/Request), Array)
#5 C:/Users/DELL/growza/growza/vendor/guzzlehttp/guzzle/src/Handler/Proxy.php(48): GuzzleHttp/Handler/Proxy::{closure:GuzzleHttp/Handler/Proxy::wrapTlsFallback():63}(Object(GuzzleHttp/Psr7/Request), Array)
#6 C:/Users/DELL/growza/growza/vendor/laravel/framework/src/Illuminate/Http/Client/PendingRequest.php(1340): GuzzleHttp/Handler/Proxy::{closure:GuzzleHttp/Handler/Proxy::wrapStreaming():47}(Object(GuzzleHttp/Psr7/Request), Array)
#7 C:/Users/DELL/growza/growza/vendor/laravel/framework/src/Illuminate/Http/Client/PendingRequest.php(1306): Illuminate/Http/Client/PendingRequest->{closure:{closure:Illuminate/Http/Client/PendingRequest::buildStubHandler():1327}:1328}(Object(GuzzleHttp/Psr7/Request), Array)
#8 C:/Users/DELL/growza/growza/vendor/laravel/framework/src/Illuminate/Http/Client/PendingRequest.php(1292): Illuminate/Http/Client/PendingRequest->{closure:{closure:Illuminate/Http/Client/PendingRequest::buildRecorderHandler():1304}:1305}(Object(GuzzleHttp/Psr7/Request), Array)
#9 C:/Users/DELL/growza/growza/vendor/guzzlehttp/guzzle/src/PrepareBodyMiddleware.php(35): Illuminate/Http/Client/PendingRequest->{closure:{closure:Illuminate/Http/Client/PendingRequest::buildBeforeSendingHandler():1290}:1291}(Object(GuzzleHttp/Psr7/Request), Array)
#10 C:/Users/DELL/growza/growza/vendor/guzzlehttp/guzzle/src/Middleware.php(38): GuzzleHttp/PrepareBodyMiddleware->__invoke(Object(GuzzleHttp/Psr7/Request), Array)
#11 C:/Users/DELL/growza/growza/vendor/guzzlehttp/guzzle/src/RedirectMiddleware.php(72): GuzzleHttp/Middleware::{closure:{closure:GuzzleHttp/Middleware::cookies():28}:29}(Object(GuzzleHttp/Psr7/Request), Array)
#12 C:/Users/DELL/growza/growza/vendor/guzzlehttp/guzzle/src/Middleware.php(63): GuzzleHttp/RedirectMiddleware->__invoke(Object(GuzzleHttp/Psr7/Request), Array)
#13 C:/Users/DELL/growza/growza/vendor/guzzlehttp/guzzle/src/HandlerStack.php(75): GuzzleHttp/Middleware::{closure:{closure:GuzzleHttp/Middleware::httpErrors():60}:61}(Object(GuzzleHttp/Psr7/Request), Array)
#14 C:/Users/DELL/growza/growza/vendor/guzzlehttp/guzzle/src/Client.php(1109): GuzzleHttp/HandlerStack->__invoke(Object(GuzzleHttp/Psr7/Request), Array)
#15 C:/Users/DELL/growza/growza/vendor/guzzlehttp/guzzle/src/Client.php(243): GuzzleHttp/Client->transfer(Object(GuzzleHttp/Psr7/Request), Array)
#16 C:/Users/DELL/growza/growza/vendor/guzzlehttp/guzzle/src/Client.php(273): GuzzleHttp/Client->requestAsync('GET', Object(GuzzleHttp/Psr7/Uri), Array)
#17 C:/Users/DELL/growza/growza/vendor/laravel/framework/src/Illuminate/Http/Client/PendingRequest.php(1138): GuzzleHttp/Client->request('GET', 'https://api.pwn...', Array)
#18 C:/Users/DELL/growza/growza/vendor/laravel/framework/src/Illuminate/Http/Client/PendingRequest.php(907): Illuminate/Http/Client/PendingRequest->sendRequest('GET', 'https://api.pwn...', Array)
#19 C:/Users/DELL/growza/growza/vendor/laravel/framework/src/Illuminate/Support/helpers.php(338): Illuminate/Http/Client/PendingRequest->{closure:Illuminate/Http/Client/PendingRequest::send():905}(1)
#20 C:/Users/DELL/growza/growza/vendor/laravel/framework/src/Illuminate/Http/Client/PendingRequest.php(905): retry(0, Object(Closure), 100, Object(Closure))
#21 C:/Users/DELL/growza/growza/vendor/laravel/framework/src/Illuminate/Http/Client/PendingRequest.php(772): Illuminate/Http/Client/PendingRequest->send('GET', 'https://api.pwn...', Array)
#22 C:/Users/DELL/growza/growza/vendor/laravel/framework/src/Illuminate/Validation/NotPwnedVerifier.php(89): Illuminate/Http/Client/PendingRequest->get('https://api.pwn...')
#23 C:/Users/DELL/growza/growza/vendor/laravel/framework/src/Illuminate/Validation/NotPwnedVerifier.php(55): Illuminate/Validation/NotPwnedVerifier->search('D8A94')
#24 C:/Users/DELL/growza/growza/vendor/laravel/framework/src/Illuminate/Validation/Rules/Password.php(349): Illuminate/Validation/NotPwnedVerifier->verify(Array)
#25 C:/Users/DELL/growza/growza/vendor/laravel/framework/src/Illuminate/Validation/Validator.php(902): Illuminate/Validation/Rules/Password->passes('password', 'brand-new-secre...')
#26 C:/Users/DELL/growza/growza/vendor/laravel/framework/src/Illuminate/Validation/Validator.php(678): Illuminate/Validation/Validator->validateUsingCustomRule('password', 'brand-new-secre...', Object(Illuminate/Validation/Rules/Password))
#27 C:/Users/DELL/growza/growza/vendor/laravel/framework/src/Illuminate/Validation/Validator.php(481): Illuminate/Validation/Validator->validateAttribute('password', Object(Illuminate/Validation/Rules/Password))
#28 C:/Users/DELL/growza/growza/vendor/laravel/framework/src/Illuminate/Validation/Validator.php(516): Illuminate/Validation/Validator->passes()
#29 C:/Users/DELL/growza/growza/vendor/laravel/framework/src/Illuminate/Validation/Validator.php(558): Illuminate/Validation/Validator->fails()
#30 C:/Users/DELL/growza/growza/vendor/laravel/framework/src/Illuminate/Validation/Validator.php(574): Illuminate/Validation/Validator->validate()
#31 C:/Users/DELL/growza/growza/app/Domain/Auth/Actions/UpdateUserPassword.php(34): Illuminate/Validation/Validator->validateWithBag('updatePassword')
#32 C:/Users/DELL/growza/growza/vendor/laravel/fortify/src/Http/Controllers/PasswordController.php(24): App/Domain/Auth/Actions/UpdateUserPassword->update(Object(App/Domain/Identity/Models/User), Array)
#33 C:/Users/DELL/growza/growza/vendor/laravel/framework/src/Illuminate/Routing/Controller.php(54): Laravel/Fortify/Http/Controllers/PasswordController->update(Object(Illuminate/Http/Request), Object(App/Domain/Auth/Actions/UpdateUserPassword))
#34 C:/Users/DELL/growza/growza/vendor/laravel/framework/src/Illuminate/Routing/ControllerDispatcher.php(44): Illuminate/Routing/Controller->callAction('update', Array)
#35 C:/Users/DELL/growza/growza/vendor/laravel/framework/src/Illuminate/Routing/Route.php(266): Illuminate/Routing/ControllerDispatcher->dispatch(Object(Illuminate/Routing/Route), Object(Laravel/Fortify/Http/Controllers/PasswordController), 'update')
#36 C:/Users/DELL/growza/growza/vendor/laravel/framework/src/Illuminate/Routing/Route.php(212): Illuminate/Routing/Route->runController()
#37 C:/Users/DELL/growza/growza/vendor/laravel/framework/src/Illuminate/Routing/Router.php(808): Illuminate/Routing/Route->run()
#38 C:/Users/DELL/growza/growza/vendor/laravel/framework/src/Illuminate/Pipeline/Pipeline.php(170): Illuminate/Routing/Router->{closure:Illuminate/Routing/Router::runRouteWithinStack():807}(Object(Illuminate/Http/Request))
#39 C:/Users/DELL/growza/growza/vendor/laravel/framework/src/Illuminate/Routing/Middleware/SubstituteBindings.php(51): Illuminate/Pipeline/Pipeline->{closure:Illuminate/Pipeline/Pipeline::prepareDestination():168}(Object(Illuminate/Http/Request))
#40 C:/Users/DELL/growza/growza/vendor/laravel/framework/src/Illuminate/Pipeline/Pipeline.php(209): Illuminate/Routing/Middleware/SubstituteBindings->handle(Object(Illuminate/Http/Request), Object(Closure))
#41 C:/Users/DELL/growza/growza/vendor/laravel/framework/src/Illuminate/Auth/Middleware/Authenticate.php(64): Illuminate/Pipeline/Pipeline->{closure:{closure:Illuminate/Pipeline/Pipeline::carry():184}:185}(Object(Illuminate/Http/Request))
#42 C:/Users/DELL/growza/growza/vendor/laravel/framework/src/Illuminate/Pipeline/Pipeline.php(209): Illuminate/Auth/Middleware/Authenticate->handle(Object(Illuminate/Http/Request), Object(Closure), 'web')
#43 C:/Users/DELL/growza/growza/vendor/laravel/framework/src/Illuminate/Foundation/Http/Middleware/VerifyCsrfToken.php(88): Illuminate/Pipeline/Pipeline->{closure:{closure:Illuminate/Pipeline/Pipeline::carry():184}:185}(Object(Illuminate/Http/Request))
#44 C:/Users/DELL/growza/growza/vendor/laravel/framework/src/Illuminate/Pipeline/Pipeline.php(209): Illuminate/Foundation/Http/Middleware/VerifyCsrfToken->handle(Object(Illuminate/Http/Request), Object(Closure))
#45 C:/Users/DELL/growza/growza/vendor/laravel/framework/src/Illuminate/View/Middleware/ShareErrorsFromSession.php(49): Illuminate/Pipeline/Pipeline->{closure:{closure:Illuminate/Pipeline/Pipeline::carry():184}:185}(Object(Illuminate/Http/Request))
#46 C:/Users/DELL/growza/growza/vendor/laravel/framework/src/Illuminate/Pipeline/Pipeline.php(209): Illuminate/View/Middleware/ShareErrorsFromSession->handle(Object(Illuminate/Http/Request), Object(Closure))
#47 C:/Users/DELL/growza/growza/vendor/laravel/framework/src/Illuminate/Session/Middleware/StartSession.php(121): Illuminate/Pipeline/Pipeline->{closure:{closure:Illuminate/Pipeline/Pipeline::carry():184}:185}(Object(Illuminate/Http/Request))
#48 C:/Users/DELL/growza/growza/vendor/laravel/framework/src/Illuminate/Session/Middleware/StartSession.php(64): Illuminate/Session/Middleware/StartSession->handleStatefulRequest(Object(Illuminate/Http/Request), Object(Illuminate/Session/Store), Object(Closure))
#49 C:/Users/DELL/growza/growza/vendor/laravel/framework/src/Illuminate/Pipeline/Pipeline.php(209): Illuminate/Session/Middleware/StartSession->handle(Object(Illuminate/Http/Request), Object(Closure))
#50 C:/Users/DELL/growza/growza/vendor/laravel/framework/src/Illuminate/Cookie/Middleware/AddQueuedCookiesToResponse.php(37): Illuminate/Pipeline/Pipeline->{closure:{closure:Illuminate/Pipeline/Pipeline::carry():184}:185}(Object(Illuminate/Http/Request))
#51 C:/Users/DELL/growza/growza/vendor/laravel/framework/src/Illuminate/Pipeline/Pipeline.php(209): Illuminate/Cookie/Middleware/AddQueuedCookiesToResponse->handle(Object(Illuminate/Http/Request), Object(Closure))
#52 C:/Users/DELL/growza/growza/vendor/laravel/framework/src/Illuminate/Cookie/Middleware/EncryptCookies.php(75): Illuminate/Pipeline/Pipeline->{closure:{closure:Illuminate/Pipeline/Pipeline::carry():184}:185}(Object(Illuminate/Http/Request))
#53 C:/Users/DELL/growza/growza/vendor/laravel/framework/src/Illuminate/Pipeline/Pipeline.php(209): Illuminate/Cookie/Middleware/EncryptCookies->handle(Object(Illuminate/Http/Request), Object(Closure))
#54 C:/Users/DELL/growza/growza/vendor/laravel/framework/src/Illuminate/Pipeline/Pipeline.php(127): Illuminate/Pipeline/Pipeline->{closure:{closure:Illuminate/Pipeline/Pipeline::carry():184}:185}(Object(Illuminate/Http/Request))
#55 C:/Users/DELL/growza/growza/vendor/laravel/framework/src/Illuminate/Routing/Router.php(807): Illuminate/Pipeline/Pipeline->then(Object(Closure))
#56 C:/Users/DELL/growza/growza/vendor/laravel/framework/src/Illuminate/Routing/Router.php(786): Illuminate/Routing/Router->runRouteWithinStack(Object(Illuminate/Routing/Route), Object(Illuminate/Http/Request))
#57 C:/Users/DELL/growza/growza/vendor/laravel/framework/src/Illuminate/Routing/Router.php(750): Illuminate/Routing/Router->runRoute(Object(Illuminate/Http/Request), Object(Illuminate/Routing/Route))
#58 C:/Users/DELL/growza/growza/vendor/laravel/framework/src/Illuminate/Routing/Router.php(739): Illuminate/Routing/Router->dispatchToRoute(Object(Illuminate/Http/Request))
#59 C:/Users/DELL/growza/growza/vendor/laravel/framework/src/Illuminate/Foundation/Http/Kernel.php(201): Illuminate/Routing/Router->dispatch(Object(Illuminate/Http/Request))
#60 C:/Users/DELL/growza/growza/vendor/laravel/framework/src/Illuminate/Pipeline/Pipeline.php(170): Illuminate/Foundation/Http/Kernel->{closure:Illuminate/Foundation/Http/Kernel::dispatchToRouter():198}(Object(Illuminate/Http/Request))
#61 C:/Users/DELL/growza/growza/vendor/livewire/livewire/src/Features/SupportDisablingBackButtonCache/DisableBackButtonCacheMiddleware.php(19): Illuminate/Pipeline/Pipeline->{closure:Illuminate/Pipeline/Pipeline::prepareDestination():168}(Object(Illuminate/Http/Request))
#62 C:/Users/DELL/growza/growza/vendor/laravel/framework/src/Illuminate/Pipeline/Pipeline.php(209): Livewire/Features/SupportDisablingBackButtonCache/DisableBackButtonCacheMiddleware->handle(Object(Illuminate/Http/Request), Object(Closure))
#63 C:/Users/DELL/growza/growza/vendor/laravel/framework/src/Illuminate/Foundation/Http/Middleware/TransformsRequest.php(21): Illuminate/Pipeline/Pipeline->{closure:{closure:Illuminate/Pipeline/Pipeline::carry():184}:185}(Object(Illuminate/Http/Request))
#64 C:/Users/DELL/growza/growza/vendor/laravel/framework/src/Illuminate/Foundation/Http/Middleware/ConvertEmptyStringsToNull.php(31): Illuminate/Foundation/Http/Middleware/TransformsRequest->handle(Object(Illuminate/Http/Request), Object(Closure))
#65 C:/Users/DELL/growza/growza/vendor/laravel/framework/src/Illuminate/Pipeline/Pipeline.php(209): Illuminate/Foundation/Http/Middleware/ConvertEmptyStringsToNull->handle(Object(Illuminate/Http/Request), Object(Closure))
#66 C:/Users/DELL/growza/growza/vendor/laravel/framework/src/Illuminate/Foundation/Http/Middleware/TransformsRequest.php(21): Illuminate/Pipeline/Pipeline->{closure:{closure:Illuminate/Pipeline/Pipeline::carry():184}:185}(Object(Illuminate/Http/Request))
#67 C:/Users/DELL/growza/growza/vendor/laravel/framework/src/Illuminate/Foundation/Http/Middleware/TrimStrings.php(51): Illuminate/Foundation/Http/Middleware/TransformsRequest->handle(Object(Illuminate/Http/Request), Object(Closure))
#68 C:/Users/DELL/growza/growza/vendor/laravel/framework/src/Illuminate/Pipeline/Pipeline.php(209): Illuminate/Foundation/Http/Middleware/TrimStrings->handle(Object(Illuminate/Http/Request), Object(Closure))
#69 C:/Users/DELL/growza/growza/vendor/laravel/framework/src/Illuminate/Http/Middleware/ValidatePostSize.php(27): Illuminate/Pipeline/Pipeline->{closure:{closure:Illuminate/Pipeline/Pipeline::carry():184}:185}(Object(Illuminate/Http/Request))
#70 C:/Users/DELL/growza/growza/vendor/laravel/framework/src/Illuminate/Pipeline/Pipeline.php(209): Illuminate/Http/Middleware/ValidatePostSize->handle(Object(Illuminate/Http/Request), Object(Closure))
#71 C:/Users/DELL/growza/growza/vendor/laravel/framework/src/Illuminate/Foundation/Http/Middleware/PreventRequestsDuringMaintenance.php(110): Illuminate/Pipeline/Pipeline->{closure:{closure:Illuminate/Pipeline/Pipeline::carry():184}:185}(Object(Illuminate/Http/Request))
#72 C:/Users/DELL/growza/growza/vendor/laravel/framework/src/Illuminate/Pipeline/Pipeline.php(209): Illuminate/Foundation/Http/Middleware/PreventRequestsDuringMaintenance->handle(Object(Illuminate/Http/Request), Object(Closure))
#73 C:/Users/DELL/growza/growza/vendor/laravel/framework/src/Illuminate/Http/Middleware/HandleCors.php(49): Illuminate/Pipeline/Pipeline->{closure:{closure:Illuminate/Pipeline/Pipeline::carry():184}:185}(Object(Illuminate/Http/Request))
#74 C:/Users/DELL/growza/growza/vendor/laravel/framework/src/Illuminate/Pipeline/Pipeline.php(209): Illuminate/Http/Middleware/HandleCors->handle(Object(Illuminate/Http/Request), Object(Closure))
#75 C:/Users/DELL/growza/growza/vendor/laravel/framework/src/Illuminate/Http/Middleware/TrustProxies.php(58): Illuminate/Pipeline/Pipeline->{closure:{closure:Illuminate/Pipeline/Pipeline::carry():184}:185}(Object(Illuminate/Http/Request))
#76 C:/Users/DELL/growza/growza/vendor/laravel/framework/src/Illuminate/Pipeline/Pipeline.php(209): Illuminate/Http/Middleware/TrustProxies->handle(Object(Illuminate/Http/Request), Object(Closure))
#77 C:/Users/DELL/growza/growza/vendor/laravel/framework/src/Illuminate/Foundation/Http/Middleware/InvokeDeferredCallbacks.php(22): Illuminate/Pipeline/Pipeline->{closure:{closure:Illuminate/Pipeline/Pipeline::carry():184}:185}(Object(Illuminate/Http/Request))
#78 C:/Users/DELL/growza/growza/vendor/laravel/framework/src/Illuminate/Pipeline/Pipeline.php(209): Illuminate/Foundation/Http/Middleware/InvokeDeferredCallbacks->handle(Object(Illuminate/Http/Request), Object(Closure))
#79 C:/Users/DELL/growza/growza/vendor/laravel/framework/src/Illuminate/Pipeline/Pipeline.php(127): Illuminate/Pipeline/Pipeline->{closure:{closure:Illuminate/Pipeline/Pipeline::carry():184}:185}(Object(Illuminate/Http/Request))
#80 C:/Users/DELL/growza/growza/vendor/laravel/framework/src/Illuminate/Foundation/Http/Kernel.php(176): Illuminate/Pipeline/Pipeline->then(Object(Closure))
#81 C:/Users/DELL/growza/growza/vendor/laravel/framework/src/Illuminate/Foundation/Http/Kernel.php(145): Illuminate/Foundation/Http/Kernel->sendRequestThroughRouter(Object(Illuminate/Http/Request))
#82 C:/Users/DELL/growza/growza/vendor/laravel/framework/src/Illuminate/Foundation/Testing/Concerns/MakesHttpRequests.php(607): Illuminate/Foundation/Http/Kernel->handle(Object(Illuminate/Http/Request))
#83 C:/Users/DELL/growza/growza/vendor/laravel/framework/src/Illuminate/Foundation/Testing/Concerns/MakesHttpRequests.php(427): Illuminate/Foundation/Testing/TestCase->call('PUT', 'http://localhos...', Array, Array, Array, Array)
#84 C:/Users/DELL/growza/growza/tests/Feature/AccountSecurityTest.php(32): Illuminate/Foundation/Testing/TestCase->put('http://localhos...', Array)
#85 C:/Users/DELL/growza/growza/vendor/pestphp/pest/src/Factories/TestCaseMethodFactory.php(110): P/Tests/Feature/AccountSecurityTest->{closure:C:/Users/DELL/growza/growza/tests/Feature/AccountSecurityTest.php:28}()
#86 [internal function]: P/Tests/Feature/AccountSecurityTest->{closure:Pest/Factories/TestCaseMethodFactory::getClosure():102}()
#87 C:/Users/DELL/growza/growza/vendor/pestphp/pest/src/Concerns/Testable.php(339): call_user_func_array(Object(Closure), Array)
#88 C:/Users/DELL/growza/growza/vendor/pestphp/pest/src/Support/ExceptionTrace.php(26): P/Tests/Feature/AccountSecurityTest->{closure:Pest/Concerns/Testable::__callClosure():339}()
#89 C:/Users/DELL/growza/growza/vendor/pestphp/pest/src/Concerns/Testable.php(339): Pest/Support/ExceptionTrace::ensure(Object(Closure))
#90 C:/Users/DELL/growza/growza/vendor/pestphp/pest/src/Concerns/Testable.php(256): P/Tests/Feature/AccountSecurityTest->__callClosure(Object(Closure), Array)
#91 C:/Users/DELL/growza/growza/vendor/pestphp/pest/src/Factories/TestCaseFactory.php(197) : eval()'d code(26): P/Tests/Feature/AccountSecurityTest->__runTest(Object(Closure))
#92 C:/Users/DELL/growza/growza/vendor/phpunit/phpunit/src/Framework/TestCase.php(1548): P/Tests/Feature/AccountSecurityTest->__pest_evaluable_it_updates_a_password_and_notifies_the_account_owner()
#93 C:/Users/DELL/growza/growza/vendor/phpunit/phpunit/src/Framework/TestCase.php(686): PHPUnit/Framework/TestCase->runTest()
#94 C:/Users/DELL/growza/growza/vendor/phpunit/phpunit/src/Framework/TestRunner.php(106): PHPUnit/Framework/TestCase->runBare()
#95 C:/Users/DELL/growza/growza/vendor/phpunit/phpunit/src/Framework/TestCase.php(516): PHPUnit/Framework/TestRunner->run(Object(P/Tests/Feature/AccountSecurityTest))
#96 C:/Users/DELL/growza/growza/vendor/phpunit/phpunit/src/Framework/TestSuite.php(374): PHPUnit/Framework/TestCase->run()
#97 C:/Users/DELL/growza/growza/vendor/phpunit/phpunit/src/Framework/TestSuite.php(374): PHPUnit/Framework/TestSuite->run()
#98 C:/Users/DELL/growza/growza/vendor/phpunit/phpunit/src/Framework/TestSuite.php(374): PHPUnit/Framework/TestSuite->run()
#99 C:/Users/DELL/growza/growza/vendor/phpunit/phpunit/src/TextUI/TestRunner.php(64): PHPUnit/Framework/TestSuite->run()
#100 C:/Users/DELL/growza/growza/vendor/phpunit/phpunit/src/TextUI/Application.php(204): PHPUnit/TextUI/TestRunner->run(Object(PHPUnit/TextUI/Configuration/Configuration), Object(PHPUnit/Runner/ResultCache/DefaultResultCache), Object(PHPUnit/Framework/TestSuite))
#101 C:/Users/DELL/growza/growza/vendor/pestphp/pest/src/Kernel.php(103): PHPUnit/TextUI/Application->run(Array)
#102 C:/Users/DELL/growza/growza/vendor/pestphp/pest/bin/pest(91): Pest/Kernel->handle(Array, Array)
#103 C:/Users/DELL/growza/growza/vendor/pestphp/pest/bin/pest(99): {closure:C:/Users/DELL/growza/growza/vendor/pestphp/pest/bin/pest:12}()
#104 {main}
"} 
[2026-09-21 06:25:39] testing.ERROR: cURL error 60: SSL certificate problem: unable to get local issuer certificate (see https://curl.se/libcurl/c/libcurl-errors.html) for https://api.pwnedpasswords.com/range/D8A94 {"userId":1,"exception":"[object] (GuzzleHttp\\Exception\\RequestException(code: 0): cURL error 60: SSL certificate problem: unable to get local issuer certificate (see https://curl.se/libcurl/c/libcurl-errors.html) for https://api.pwnedpasswords.com/range/D8A94 at C:/Users/DELL/growza/growza/vendor/guzzlehttp/guzzle/src/Handler/CurlFactory.php:1141)
[stacktrace]
#0 C:/Users/DELL/growza/growza/vendor/guzzlehttp/guzzle/src/Handler/CurlFactory.php(1077): GuzzleHttp/Handler/CurlFactory::createRejection(Object(GuzzleHttp/Handler/EasyHandle), Array)
#1 C:/Users/DELL/growza/growza/vendor/guzzlehttp/guzzle/src/Handler/CurlFactory.php(1014): GuzzleHttp/Handler/CurlFactory::finishError(Object(GuzzleHttp/Handler/CurlHandler), Object(GuzzleHttp/Handler/EasyHandle), Object(GuzzleHttp/Handler/CurlFactory))
#2 C:/Users/DELL/growza/growza/vendor/guzzlehttp/guzzle/src/Handler/CurlHandler.php(88): GuzzleHttp/Handler/CurlFactory::finish(Object(GuzzleHttp/Handler/CurlHandler), Object(GuzzleHttp/Handler/EasyHandle), Object(GuzzleHttp/Handler/CurlFactory))
#3 C:/Users/DELL/growza/growza/vendor/guzzlehttp/guzzle/src/Handler/Proxy.php(28): GuzzleHttp/Handler/CurlHandler->__invoke(Object(GuzzleHttp/Psr7/Request), Array)
#4 C:/Users/DELL/growza/growza/vendor/guzzlehttp/guzzle/src/Handler/Proxy.php(68): GuzzleHttp/Handler/Proxy::{closure:GuzzleHttp/Handler/Proxy::wrapSync():27}(Object(GuzzleHttp/Psr7/Request), Array)
#5 C:/Users/DELL/growza/growza/vendor/guzzlehttp/guzzle/src/Handler/Proxy.php(48): GuzzleHttp/Handler/Proxy::{closure:GuzzleHttp/Handler/Proxy::wrapTlsFallback():63}(Object(GuzzleHttp/Psr7/Request), Array)
#6 C:/Users/DELL/growza/growza/vendor/laravel/framework/src/Illuminate/Http/Client/PendingRequest.php(1340): GuzzleHttp/Handler/Proxy::{closure:GuzzleHttp/Handler/Proxy::wrapStreaming():47}(Object(GuzzleHttp/Psr7/Request), Array)
#7 C:/Users/DELL/growza/growza/vendor/laravel/framework/src/Illuminate/Http/Client/PendingRequest.php(1306): Illuminate/Http/Client/PendingRequest->{closure:{closure:Illuminate/Http/Client/PendingRequest::buildStubHandler():1327}:1328}(Object(GuzzleHttp/Psr7/Request), Array)
#8 C:/Users/DELL/growza/growza/vendor/laravel/framework/src/Illuminate/Http/Client/PendingRequest.php(1292): Illuminate/Http/Client/PendingRequest->{closure:{closure:Illuminate/Http/Client/PendingRequest::buildRecorderHandler():1304}:1305}(Object(GuzzleHttp/Psr7/Request), Array)
#9 C:/Users/DELL/growza/growza/vendor/guzzlehttp/guzzle/src/PrepareBodyMiddleware.php(35): Illuminate/Http/Client/PendingRequest->{closure:{closure:Illuminate/Http/Client/PendingRequest::buildBeforeSendingHandler():1290}:1291}(Object(GuzzleHttp/Psr7/Request), Array)
#10 C:/Users/DELL/growza/growza/vendor/guzzlehttp/guzzle/src/Middleware.php(38): GuzzleHttp/PrepareBodyMiddleware->__invoke(Object(GuzzleHttp/Psr7/Request), Array)
#11 C:/Users/DELL/growza/growza/vendor/guzzlehttp/guzzle/src/RedirectMiddleware.php(72): GuzzleHttp/Middleware::{closure:{closure:GuzzleHttp/Middleware::cookies():28}:29}(Object(GuzzleHttp/Psr7/Request), Array)
#12 C:/Users/DELL/growza/growza/vendor/guzzlehttp/guzzle/src/Middleware.php(63): GuzzleHttp/RedirectMiddleware->__invoke(Object(GuzzleHttp/Psr7/Request), Array)
#13 C:/Users/DELL/growza/growza/vendor/guzzlehttp/guzzle/src/HandlerStack.php(75): GuzzleHttp/Middleware::{closure:{closure:GuzzleHttp/Middleware::httpErrors():60}:61}(Object(GuzzleHttp/Psr7/Request), Array)
#14 C:/Users/DELL/growza/growza/vendor/guzzlehttp/guzzle/src/Client.php(1109): GuzzleHttp/HandlerStack->__invoke(Object(GuzzleHttp/Psr7/Request), Array)
#15 C:/Users/DELL/growza/growza/vendor/guzzlehttp/guzzle/src/Client.php(243): GuzzleHttp/Client->transfer(Object(GuzzleHttp/Psr7/Request), Array)
#16 C:/Users/DELL/growza/growza/vendor/guzzlehttp/guzzle/src/Client.php(273): GuzzleHttp/Client->requestAsync('GET', Object(GuzzleHttp/Psr7/Uri), Array)
#17 C:/Users/DELL/growza/growza/vendor/laravel/framework/src/Illuminate/Http/Client/PendingRequest.php(1138): GuzzleHttp/Client->request('GET', 'https://api.pwn...', Array)
#18 C:/Users/DELL/growza/growza/vendor/laravel/framework/src/Illuminate/Http/Client/PendingRequest.php(907): Illuminate/Http/Client/PendingRequest->sendRequest('GET', 'https://api.pwn...', Array)
#19 C:/Users/DELL/growza/growza/vendor/laravel/framework/src/Illuminate/Support/helpers.php(338): Illuminate/Http/Client/PendingRequest->{closure:Illuminate/Http/Client/PendingRequest::send():905}(1)
#20 C:/Users/DELL/growza/growza/vendor/laravel/framework/src/Illuminate/Http/Client/PendingRequest.php(905): retry(0, Object(Closure), 100, Object(Closure))
#21 C:/Users/DELL/growza/growza/vendor/laravel/framework/src/Illuminate/Http/Client/PendingRequest.php(772): Illuminate/Http/Client/PendingRequest->send('GET', 'https://api.pwn...', Array)
#22 C:/Users/DELL/growza/growza/vendor/laravel/framework/src/Illuminate/Validation/NotPwnedVerifier.php(89): Illuminate/Http/Client/PendingRequest->get('https://api.pwn...')
#23 C:/Users/DELL/growza/growza/vendor/laravel/framework/src/Illuminate/Validation/NotPwnedVerifier.php(55): Illuminate/Validation/NotPwnedVerifier->search('D8A94')
#24 C:/Users/DELL/growza/growza/vendor/laravel/framework/src/Illuminate/Validation/Rules/Password.php(349): Illuminate/Validation/NotPwnedVerifier->verify(Array)
#25 C:/Users/DELL/growza/growza/vendor/laravel/framework/src/Illuminate/Validation/Validator.php(902): Illuminate/Validation/Rules/Password->passes('password', 'brand-new-secre...')
#26 C:/Users/DELL/growza/growza/vendor/laravel/framework/src/Illuminate/Validation/Validator.php(678): Illuminate/Validation/Validator->validateUsingCustomRule('password', 'brand-new-secre...', Object(Illuminate/Validation/Rules/Password))
#27 C:/Users/DELL/growza/growza/vendor/laravel/framework/src/Illuminate/Validation/Validator.php(481): Illuminate/Validation/Validator->validateAttribute('password', Object(Illuminate/Validation/Rules/Password))
#28 C:/Users/DELL/growza/growza/vendor/laravel/framework/src/Illuminate/Validation/Validator.php(516): Illuminate/Validation/Validator->passes()
#29 C:/Users/DELL/growza/growza/vendor/laravel/framework/src/Illuminate/Validation/Validator.php(558): Illuminate/Validation/Validator->fails()
#30 C:/Users/DELL/growza/growza/vendor/laravel/framework/src/Illuminate/Validation/Validator.php(574): Illuminate/Validation/Validator->validate()
#31 C:/Users/DELL/growza/growza/app/Domain/Auth/Actions/UpdateUserPassword.php(34): Illuminate/Validation/Validator->validateWithBag('updatePassword')
#32 C:/Users/DELL/growza/growza/vendor/laravel/fortify/src/Http/Controllers/PasswordController.php(24): App/Domain/Auth/Actions/UpdateUserPassword->update(Object(App/Domain/Identity/Models/User), Array)
#33 C:/Users/DELL/growza/growza/vendor/laravel/framework/src/Illuminate/Routing/Controller.php(54): Laravel/Fortify/Http/Controllers/PasswordController->update(Object(Illuminate/Http/Request), Object(App/Domain/Auth/Actions/UpdateUserPassword))
#34 C:/Users/DELL/growza/growza/vendor/laravel/framework/src/Illuminate/Routing/ControllerDispatcher.php(44): Illuminate/Routing/Controller->callAction('update', Array)
#35 C:/Users/DELL/growza/growza/vendor/laravel/framework/src/Illuminate/Routing/Route.php(266): Illuminate/Routing/ControllerDispatcher->dispatch(Object(Illuminate/Routing/Route), Object(Laravel/Fortify/Http/Controllers/PasswordController), 'update')
#36 C:/Users/DELL/growza/growza/vendor/laravel/framework/src/Illuminate/Routing/Route.php(212): Illuminate/Routing/Route->runController()
#37 C:/Users/DELL/growza/growza/vendor/laravel/framework/src/Illuminate/Routing/Router.php(808): Illuminate/Routing/Route->run()
#38 C:/Users/DELL/growza/growza/vendor/laravel/framework/src/Illuminate/Pipeline/Pipeline.php(170): Illuminate/Routing/Router->{closure:Illuminate/Routing/Router::runRouteWithinStack():807}(Object(Illuminate/Http/Request))
#39 C:/Users/DELL/growza/growza/vendor/laravel/framework/src/Illuminate/Routing/Middleware/SubstituteBindings.php(51): Illuminate/Pipeline/Pipeline->{closure:Illuminate/Pipeline/Pipeline::prepareDestination():168}(Object(Illuminate/Http/Request))
#40 C:/Users/DELL/growza/growza/vendor/laravel/framework/src/Illuminate/Pipeline/Pipeline.php(209): Illuminate/Routing/Middleware/SubstituteBindings->handle(Object(Illuminate/Http/Request), Object(Closure))
#41 C:/Users/DELL/growza/growza/vendor/laravel/framework/src/Illuminate/Auth/Middleware/Authenticate.php(64): Illuminate/Pipeline/Pipeline->{closure:{closure:Illuminate/Pipeline/Pipeline::carry():184}:185}(Object(Illuminate/Http/Request))
#42 C:/Users/DELL/growza/growza/vendor/laravel/framework/src/Illuminate/Pipeline/Pipeline.php(209): Illuminate/Auth/Middleware/Authenticate->handle(Object(Illuminate/Http/Request), Object(Closure), 'web')
#43 C:/Users/DELL/growza/growza/vendor/laravel/framework/src/Illuminate/Foundation/Http/Middleware/VerifyCsrfToken.php(88): Illuminate/Pipeline/Pipeline->{closure:{closure:Illuminate/Pipeline/Pipeline::carry():184}:185}(Object(Illuminate/Http/Request))
#44 C:/Users/DELL/growza/growza/vendor/laravel/framework/src/Illuminate/Pipeline/Pipeline.php(209): Illuminate/Foundation/Http/Middleware/VerifyCsrfToken->handle(Object(Illuminate/Http/Request), Object(Closure))
#45 C:/Users/DELL/growza/growza/vendor/laravel/framework/src/Illuminate/View/Middleware/ShareErrorsFromSession.php(49): Illuminate/Pipeline/Pipeline->{closure:{closure:Illuminate/Pipeline/Pipeline::carry():184}:185}(Object(Illuminate/Http/Request))
#46 C:/Users/DELL/growza/growza/vendor/laravel/framework/src/Illuminate/Pipeline/Pipeline.php(209): Illuminate/View/Middleware/ShareErrorsFromSession->handle(Object(Illuminate/Http/Request), Object(Closure))
#47 C:/Users/DELL/growza/growza/vendor/laravel/framework/src/Illuminate/Session/Middleware/StartSession.php(121): Illuminate/Pipeline/Pipeline->{closure:{closure:Illuminate/Pipeline/Pipeline::carry():184}:185}(Object(Illuminate/Http/Request))
#48 C:/Users/DELL/growza/growza/vendor/laravel/framework/src/Illuminate/Session/Middleware/StartSession.php(64): Illuminate/Session/Middleware/StartSession->handleStatefulRequest(Object(Illuminate/Http/Request), Object(Illuminate/Session/Store), Object(Closure))
#49 C:/Users/DELL/growza/growza/vendor/laravel/framework/src/Illuminate/Pipeline/Pipeline.php(209): Illuminate/Session/Middleware/StartSession->handle(Object(Illuminate/Http/Request), Object(Closure))
#50 C:/Users/DELL/growza/growza/vendor/laravel/framework/src/Illuminate/Cookie/Middleware/AddQueuedCookiesToResponse.php(37): Illuminate/Pipeline/Pipeline->{closure:{closure:Illuminate/Pipeline/Pipeline::carry():184}:185}(Object(Illuminate/Http/Request))
#51 C:/Users/DELL/growza/growza/vendor/laravel/framework/src/Illuminate/Pipeline/Pipeline.php(209): Illuminate/Cookie/Middleware/AddQueuedCookiesToResponse->handle(Object(Illuminate/Http/Request), Object(Closure))
#52 C:/Users/DELL/growza/growza/vendor/laravel/framework/src/Illuminate/Cookie/Middleware/EncryptCookies.php(75): Illuminate/Pipeline/Pipeline->{closure:{closure:Illuminate/Pipeline/Pipeline::carry():184}:185}(Object(Illuminate/Http/Request))
#53 C:/Users/DELL/growza/growza/vendor/laravel/framework/src/Illuminate/Pipeline/Pipeline.php(209): Illuminate/Cookie/Middleware/EncryptCookies->handle(Object(Illuminate/Http/Request), Object(Closure))
#54 C:/Users/DELL/growza/growza/vendor/laravel/framework/src/Illuminate/Pipeline/Pipeline.php(127): Illuminate/Pipeline/Pipeline->{closure:{closure:Illuminate/Pipeline/Pipeline::carry():184}:185}(Object(Illuminate/Http/Request))
#55 C:/Users/DELL/growza/growza/vendor/laravel/framework/src/Illuminate/Routing/Router.php(807): Illuminate/Pipeline/Pipeline->then(Object(Closure))
#56 C:/Users/DELL/growza/growza/vendor/laravel/framework/src/Illuminate/Routing/Router.php(786): Illuminate/Routing/Router->runRouteWithinStack(Object(Illuminate/Routing/Route), Object(Illuminate/Http/Request))
#57 C:/Users/DELL/growza/growza/vendor/laravel/framework/src/Illuminate/Routing/Router.php(750): Illuminate/Routing/Router->runRoute(Object(Illuminate/Http/Request), Object(Illuminate/Routing/Route))
#58 C:/Users/DELL/growza/growza/vendor/laravel/framework/src/Illuminate/Routing/Router.php(739): Illuminate/Routing/Router->dispatchToRoute(Object(Illuminate/Http/Request))
#59 C:/Users/DELL/growza/growza/vendor/laravel/framework/src/Illuminate/Foundation/Http/Kernel.php(201): Illuminate/Routing/Router->dispatch(Object(Illuminate/Http/Request))
#60 C:/Users/DELL/growza/growza/vendor/laravel/framework/src/Illuminate/Pipeline/Pipeline.php(170): Illuminate/Foundation/Http/Kernel->{closure:Illuminate/Foundation/Http/Kernel::dispatchToRouter():198}(Object(Illuminate/Http/Request))
#61 C:/Users/DELL/growza/growza/vendor/livewire/livewire/src/Features/SupportDisablingBackButtonCache/DisableBackButtonCacheMiddleware.php(19): Illuminate/Pipeline/Pipeline->{closure:Illuminate/Pipeline/Pipeline::prepareDestination():168}(Object(Illuminate/Http/Request))
#62 C:/Users/DELL/growza/growza/vendor/laravel/framework/src/Illuminate/Pipeline/Pipeline.php(209): Livewire/Features/SupportDisablingBackButtonCache/DisableBackButtonCacheMiddleware->handle(Object(Illuminate/Http/Request), Object(Closure))
#63 C:/Users/DELL/growza/growza/vendor/laravel/framework/src/Illuminate/Foundation/Http/Middleware/TransformsRequest.php(21): Illuminate/Pipeline/Pipeline->{closure:{closure:Illuminate/Pipeline/Pipeline::carry():184}:185}(Object(Illuminate/Http/Request))
#64 C:/Users/DELL/growza/growza/vendor/laravel/framework/src/Illuminate/Foundation/Http/Middleware/ConvertEmptyStringsToNull.php(31): Illuminate/Foundation/Http/Middleware/TransformsRequest->handle(Object(Illuminate/Http/Request), Object(Closure))
#65 C:/Users/DELL/growza/growza/vendor/laravel/framework/src/Illuminate/Pipeline/Pipeline.php(209): Illuminate/Foundation/Http/Middleware/ConvertEmptyStringsToNull->handle(Object(Illuminate/Http/Request), Object(Closure))
#66 C:/Users/DELL/growza/growza/vendor/laravel/framework/src/Illuminate/Foundation/Http/Middleware/TransformsRequest.php(21): Illuminate/Pipeline/Pipeline->{closure:{closure:Illuminate/Pipeline/Pipeline::carry():184}:185}(Object(Illuminate/Http/Request))
#67 C:/Users/DELL/growza/growza/vendor/laravel/framework/src/Illuminate/Foundation/Http/Middleware/TrimStrings.php(51): Illuminate/Foundation/Http/Middleware/TransformsRequest->handle(Object(Illuminate/Http/Request), Object(Closure))
#68 C:/Users/DELL/growza/growza/vendor/laravel/framework/src/Illuminate/Pipeline/Pipeline.php(209): Illuminate/Foundation/Http/Middleware/TrimStrings->handle(Object(Illuminate/Http/Request), Object(Closure))
#69 C:/Users/DELL/growza/growza/vendor/laravel/framework/src/Illuminate/Http/Middleware/ValidatePostSize.php(27): Illuminate/Pipeline/Pipeline->{closure:{closure:Illuminate/Pipeline/Pipeline::carry():184}:185}(Object(Illuminate/Http/Request))
#70 C:/Users/DELL/growza/growza/vendor/laravel/framework/src/Illuminate/Pipeline/Pipeline.php(209): Illuminate/Http/Middleware/ValidatePostSize->handle(Object(Illuminate/Http/Request), Object(Closure))
#71 C:/Users/DELL/growza/growza/vendor/laravel/framework/src/Illuminate/Foundation/Http/Middleware/PreventRequestsDuringMaintenance.php(110): Illuminate/Pipeline/Pipeline->{closure:{closure:Illuminate/Pipeline/Pipeline::carry():184}:185}(Object(Illuminate/Http/Request))
#72 C:/Users/DELL/growza/growza/vendor/laravel/framework/src/Illuminate/Pipeline/Pipeline.php(209): Illuminate/Foundation/Http/Middleware/PreventRequestsDuringMaintenance->handle(Object(Illuminate/Http/Request), Object(Closure))
#73 C:/Users/DELL/growza/growza/vendor/laravel/framework/src/Illuminate/Http/Middleware/HandleCors.php(49): Illuminate/Pipeline/Pipeline->{closure:{closure:Illuminate/Pipeline/Pipeline::carry():184}:185}(Object(Illuminate/Http/Request))
#74 C:/Users/DELL/growza/growza/vendor/laravel/framework/src/Illuminate/Pipeline/Pipeline.php(209): Illuminate/Http/Middleware/HandleCors->handle(Object(Illuminate/Http/Request), Object(Closure))
#75 C:/Users/DELL/growza/growza/vendor/laravel/framework/src/Illuminate/Http/Middleware/TrustProxies.php(58): Illuminate/Pipeline/Pipeline->{closure:{closure:Illuminate/Pipeline/Pipeline::carry():184}:185}(Object(Illuminate/Http/Request))
#76 C:/Users/DELL/growza/growza/vendor/laravel/framework/src/Illuminate/Pipeline/Pipeline.php(209): Illuminate/Http/Middleware/TrustProxies->handle(Object(Illuminate/Http/Request), Object(Closure))
#77 C:/Users/DELL/growza/growza/vendor/laravel/framework/src/Illuminate/Foundation/Http/Middleware/InvokeDeferredCallbacks.php(22): Illuminate/Pipeline/Pipeline->{closure:{closure:Illuminate/Pipeline/Pipeline::carry():184}:185}(Object(Illuminate/Http/Request))
#78 C:/Users/DELL/growza/growza/vendor/laravel/framework/src/Illuminate/Pipeline/Pipeline.php(209): Illuminate/Foundation/Http/Middleware/InvokeDeferredCallbacks->handle(Object(Illuminate/Http/Request), Object(Closure))
#79 C:/Users/DELL/growza/growza/vendor/laravel/framework/src/Illuminate/Pipeline/Pipeline.php(127): Illuminate/Pipeline/Pipeline->{closure:{closure:Illuminate/Pipeline/Pipeline::carry():184}:185}(Object(Illuminate/Http/Request))
#80 C:/Users/DELL/growza/growza/vendor/laravel/framework/src/Illuminate/Foundation/Http/Kernel.php(176): Illuminate/Pipeline/Pipeline->then(Object(Closure))
#81 C:/Users/DELL/growza/growza/vendor/laravel/framework/src/Illuminate/Foundation/Http/Kernel.php(145): Illuminate/Foundation/Http/Kernel->sendRequestThroughRouter(Object(Illuminate/Http/Request))
#82 C:/Users/DELL/growza/growza/vendor/laravel/framework/src/Illuminate/Foundation/Testing/Concerns/MakesHttpRequests.php(607): Illuminate/Foundation/Http/Kernel->handle(Object(Illuminate/Http/Request))
#83 C:/Users/DELL/growza/growza/vendor/laravel/framework/src/Illuminate/Foundation/Testing/Concerns/MakesHttpRequests.php(427): Illuminate/Foundation/Testing/TestCase->call('PUT', 'http://localhos...', Array, Array, Array, Array)
#84 C:/Users/DELL/growza/growza/tests/Feature/AccountSecurityTest.php(46): Illuminate/Foundation/Testing/TestCase->put('http://localhos...', Array)
#85 C:/Users/DELL/growza/growza/vendor/pestphp/pest/src/Factories/TestCaseMethodFactory.php(110): P/Tests/Feature/AccountSecurityTest->{closure:C:/Users/DELL/growza/growza/tests/Feature/AccountSecurityTest.php:43}()
#86 [internal function]: P/Tests/Feature/AccountSecurityTest->{closure:Pest/Factories/TestCaseMethodFactory::getClosure():102}()
#87 C:/Users/DELL/growza/growza/vendor/pestphp/pest/src/Concerns/Testable.php(339): call_user_func_array(Object(Closure), Array)
#88 C:/Users/DELL/growza/growza/vendor/pestphp/pest/src/Support/ExceptionTrace.php(26): P/Tests/Feature/AccountSecurityTest->{closure:Pest/Concerns/Testable::__callClosure():339}()
#89 C:/Users/DELL/growza/growza/vendor/pestphp/pest/src/Concerns/Testable.php(339): Pest/Support/ExceptionTrace::ensure(Object(Closure))
#90 C:/Users/DELL/growza/growza/vendor/pestphp/pest/src/Concerns/Testable.php(256): P/Tests/Feature/AccountSecurityTest->__callClosure(Object(Closure), Array)
#91 C:/Users/DELL/growza/growza/vendor/pestphp/pest/src/Factories/TestCaseFactory.php(197) : eval()'d code(41): P/Tests/Feature/AccountSecurityTest->__runTest(Object(Closure))
#92 C:/Users/DELL/growza/growza/vendor/phpunit/phpunit/src/Framework/TestCase.php(1548): P/Tests/Feature/AccountSecurityTest->__pest_evaluable_it_rejects_a_password_change_without_the_correct_current_password()
#93 C:/Users/DELL/growza/growza/vendor/phpunit/phpunit/src/Framework/TestCase.php(686): PHPUnit/Framework/TestCase->runTest()
#94 C:/Users/DELL/growza/growza/vendor/phpunit/phpunit/src/Framework/TestRunner.php(106): PHPUnit/Framework/TestCase->runBare()
#95 C:/Users/DELL/growza/growza/vendor/phpunit/phpunit/src/Framework/TestCase.php(516): PHPUnit/Framework/TestRunner->run(Object(P/Tests/Feature/AccountSecurityTest))
#96 C:/Users/DELL/growza/growza/vendor/phpunit/phpunit/src/Framework/TestSuite.php(374): PHPUnit/Framework/TestCase->run()
#97 C:/Users/DELL/growza/growza/vendor/phpunit/phpunit/src/Framework/TestSuite.php(374): PHPUnit/Framework/TestSuite->run()
#98 C:/Users/DELL/growza/growza/vendor/phpunit/phpunit/src/Framework/TestSuite.php(374): PHPUnit/Framework/TestSuite->run()
#99 C:/Users/DELL/growza/growza/vendor/phpunit/phpunit/src/TextUI/TestRunner.php(64): PHPUnit/Framework/TestSuite->run()
#100 C:/Users/DELL/growza/growza/vendor/phpunit/phpunit/src/TextUI/Application.php(204): PHPUnit/TextUI/TestRunner->run(Object(PHPUnit/TextUI/Configuration/Configuration), Object(PHPUnit/Runner/ResultCache/DefaultResultCache), Object(PHPUnit/Framework/TestSuite))
#101 C:/Users/DELL/growza/growza/vendor/pestphp/pest/src/Kernel.php(103): PHPUnit/TextUI/Application->run(Array)
#102 C:/Users/DELL/growza/growza/vendor/pestphp/pest/bin/pest(91): Pest/Kernel->handle(Array, Array)
#103 C:/Users/DELL/growza/growza/vendor/pestphp/pest/bin/pest(99): {closure:C:/Users/DELL/growza/growza/vendor/pestphp/pest/bin/pest:12}()
#104 {main}
"} 
[2026-09-21 06:25:40] testing.ERROR: cURL error 60: SSL certificate problem: unable to get local issuer certificate (see https://curl.se/libcurl/c/libcurl-errors.html) for https://api.pwnedpasswords.com/range/D8A94 {"userId":1,"exception":"[object] (GuzzleHttp\\Exception\\RequestException(code: 0): cURL error 60: SSL certificate problem: unable to get local issuer certificate (see https://curl.se/libcurl/c/libcurl-errors.html) for https://api.pwnedpasswords.com/range/D8A94 at C:/Users/DELL/growza/growza/vendor/guzzlehttp/guzzle/src/Handler/CurlFactory.php:1141)
[stacktrace]
#0 C:/Users/DELL/growza/growza/vendor/guzzlehttp/guzzle/src/Handler/CurlFactory.php(1077): GuzzleHttp/Handler/CurlFactory::createRejection(Object(GuzzleHttp/Handler/EasyHandle), Array)
#1 C:/Users/DELL/growza/growza/vendor/guzzlehttp/guzzle/src/Handler/CurlFactory.php(1014): GuzzleHttp/Handler/CurlFactory::finishError(Object(GuzzleHttp/Handler/CurlHandler), Object(GuzzleHttp/Handler/EasyHandle), Object(GuzzleHttp/Handler/CurlFactory))
#2 C:/Users/DELL/growza/growza/vendor/guzzlehttp/guzzle/src/Handler/CurlHandler.php(88): GuzzleHttp/Handler/CurlFactory::finish(Object(GuzzleHttp/Handler/CurlHandler), Object(GuzzleHttp/Handler/EasyHandle), Object(GuzzleHttp/Handler/CurlFactory))
#3 C:/Users/DELL/growza/growza/vendor/guzzlehttp/guzzle/src/Handler/Proxy.php(28): GuzzleHttp/Handler/CurlHandler->__invoke(Object(GuzzleHttp/Psr7/Request), Array)
#4 C:/Users/DELL/growza/growza/vendor/guzzlehttp/guzzle/src/Handler/Proxy.php(68): GuzzleHttp/Handler/Proxy::{closure:GuzzleHttp/Handler/Proxy::wrapSync():27}(Object(GuzzleHttp/Psr7/Request), Array)
#5 C:/Users/DELL/growza/growza/vendor/guzzlehttp/guzzle/src/Handler/Proxy.php(48): GuzzleHttp/Handler/Proxy::{closure:GuzzleHttp/Handler/Proxy::wrapTlsFallback():63}(Object(GuzzleHttp/Psr7/Request), Array)
#6 C:/Users/DELL/growza/growza/vendor/laravel/framework/src/Illuminate/Http/Client/PendingRequest.php(1340): GuzzleHttp/Handler/Proxy::{closure:GuzzleHttp/Handler/Proxy::wrapStreaming():47}(Object(GuzzleHttp/Psr7/Request), Array)
#7 C:/Users/DELL/growza/growza/vendor/laravel/framework/src/Illuminate/Http/Client/PendingRequest.php(1306): Illuminate/Http/Client/PendingRequest->{closure:{closure:Illuminate/Http/Client/PendingRequest::buildStubHandler():1327}:1328}(Object(GuzzleHttp/Psr7/Request), Array)
#8 C:/Users/DELL/growza/growza/vendor/laravel/framework/src/Illuminate/Http/Client/PendingRequest.php(1292): Illuminate/Http/Client/PendingRequest->{closure:{closure:Illuminate/Http/Client/PendingRequest::buildRecorderHandler():1304}:1305}(Object(GuzzleHttp/Psr7/Request), Array)
#9 C:/Users/DELL/growza/growza/vendor/guzzlehttp/guzzle/src/PrepareBodyMiddleware.php(35): Illuminate/Http/Client/PendingRequest->{closure:{closure:Illuminate/Http/Client/PendingRequest::buildBeforeSendingHandler():1290}:1291}(Object(GuzzleHttp/Psr7/Request), Array)
#10 C:/Users/DELL/growza/growza/vendor/guzzlehttp/guzzle/src/Middleware.php(38): GuzzleHttp/PrepareBodyMiddleware->__invoke(Object(GuzzleHttp/Psr7/Request), Array)
#11 C:/Users/DELL/growza/growza/vendor/guzzlehttp/guzzle/src/RedirectMiddleware.php(72): GuzzleHttp/Middleware::{closure:{closure:GuzzleHttp/Middleware::cookies():28}:29}(Object(GuzzleHttp/Psr7/Request), Array)
#12 C:/Users/DELL/growza/growza/vendor/guzzlehttp/guzzle/src/Middleware.php(63): GuzzleHttp/RedirectMiddleware->__invoke(Object(GuzzleHttp/Psr7/Request), Array)
#13 C:/Users/DELL/growza/growza/vendor/guzzlehttp/guzzle/src/HandlerStack.php(75): GuzzleHttp/Middleware::{closure:{closure:GuzzleHttp/Middleware::httpErrors():60}:61}(Object(GuzzleHttp/Psr7/Request), Array)
#14 C:/Users/DELL/growza/growza/vendor/guzzlehttp/guzzle/src/Client.php(1109): GuzzleHttp/HandlerStack->__invoke(Object(GuzzleHttp/Psr7/Request), Array)
#15 C:/Users/DELL/growza/growza/vendor/guzzlehttp/guzzle/src/Client.php(243): GuzzleHttp/Client->transfer(Object(GuzzleHttp/Psr7/Request), Array)
#16 C:/Users/DELL/growza/growza/vendor/guzzlehttp/guzzle/src/Client.php(273): GuzzleHttp/Client->requestAsync('GET', Object(GuzzleHttp/Psr7/Uri), Array)
#17 C:/Users/DELL/growza/growza/vendor/laravel/framework/src/Illuminate/Http/Client/PendingRequest.php(1138): GuzzleHttp/Client->request('GET', 'https://api.pwn...', Array)
#18 C:/Users/DELL/growza/growza/vendor/laravel/framework/src/Illuminate/Http/Client/PendingRequest.php(907): Illuminate/Http/Client/PendingRequest->sendRequest('GET', 'https://api.pwn...', Array)
#19 C:/Users/DELL/growza/growza/vendor/laravel/framework/src/Illuminate/Support/helpers.php(338): Illuminate/Http/Client/PendingRequest->{closure:Illuminate/Http/Client/PendingRequest::send():905}(1)
#20 C:/Users/DELL/growza/growza/vendor/laravel/framework/src/Illuminate/Http/Client/PendingRequest.php(905): retry(0, Object(Closure), 100, Object(Closure))
#21 C:/Users/DELL/growza/growza/vendor/laravel/framework/src/Illuminate/Http/Client/PendingRequest.php(772): Illuminate/Http/Client/PendingRequest->send('GET', 'https://api.pwn...', Array)
#22 C:/Users/DELL/growza/growza/vendor/laravel/framework/src/Illuminate/Validation/NotPwnedVerifier.php(89): Illuminate/Http/Client/PendingRequest->get('https://api.pwn...')
#23 C:/Users/DELL/growza/growza/vendor/laravel/framework/src/Illuminate/Validation/NotPwnedVerifier.php(55): Illuminate/Validation/NotPwnedVerifier->search('D8A94')
#24 C:/Users/DELL/growza/growza/vendor/laravel/framework/src/Illuminate/Validation/Rules/Password.php(349): Illuminate/Validation/NotPwnedVerifier->verify(Array)
#25 C:/Users/DELL/growza/growza/vendor/laravel/framework/src/Illuminate/Validation/Validator.php(902): Illuminate/Validation/Rules/Password->passes('password', 'brand-new-secre...')
#26 C:/Users/DELL/growza/growza/vendor/laravel/framework/src/Illuminate/Validation/Validator.php(678): Illuminate/Validation/Validator->validateUsingCustomRule('password', 'brand-new-secre...', Object(Illuminate/Validation/Rules/Password))
#27 C:/Users/DELL/growza/growza/vendor/laravel/framework/src/Illuminate/Validation/Validator.php(481): Illuminate/Validation/Validator->validateAttribute('password', Object(Illuminate/Validation/Rules/Password))
#28 C:/Users/DELL/growza/growza/vendor/laravel/framework/src/Illuminate/Validation/Validator.php(516): Illuminate/Validation/Validator->passes()
#29 C:/Users/DELL/growza/growza/vendor/laravel/framework/src/Illuminate/Validation/Validator.php(558): Illuminate/Validation/Validator->fails()
#30 C:/Users/DELL/growza/growza/vendor/laravel/framework/src/Illuminate/Validation/Validator.php(574): Illuminate/Validation/Validator->validate()
#31 C:/Users/DELL/growza/growza/app/Domain/Auth/Actions/UpdateUserPassword.php(34): Illuminate/Validation/Validator->validateWithBag('updatePassword')
#32 C:/Users/DELL/growza/growza/vendor/laravel/fortify/src/Http/Controllers/PasswordController.php(24): App/Domain/Auth/Actions/UpdateUserPassword->update(Object(App/Domain/Identity/Models/User), Array)
#33 C:/Users/DELL/growza/growza/vendor/laravel/framework/src/Illuminate/Routing/Controller.php(54): Laravel/Fortify/Http/Controllers/PasswordController->update(Object(Illuminate/Http/Request), Object(App/Domain/Auth/Actions/UpdateUserPassword))
#34 C:/Users/DELL/growza/growza/vendor/laravel/framework/src/Illuminate/Routing/ControllerDispatcher.php(44): Illuminate/Routing/Controller->callAction('update', Array)
#35 C:/Users/DELL/growza/growza/vendor/laravel/framework/src/Illuminate/Routing/Route.php(266): Illuminate/Routing/ControllerDispatcher->dispatch(Object(Illuminate/Routing/Route), Object(Laravel/Fortify/Http/Controllers/PasswordController), 'update')
#36 C:/Users/DELL/growza/growza/vendor/laravel/framework/src/Illuminate/Routing/Route.php(212): Illuminate/Routing/Route->runController()
#37 C:/Users/DELL/growza/growza/vendor/laravel/framework/src/Illuminate/Routing/Router.php(808): Illuminate/Routing/Route->run()
#38 C:/Users/DELL/growza/growza/vendor/laravel/framework/src/Illuminate/Pipeline/Pipeline.php(170): Illuminate/Routing/Router->{closure:Illuminate/Routing/Router::runRouteWithinStack():807}(Object(Illuminate/Http/Request))
#39 C:/Users/DELL/growza/growza/vendor/laravel/framework/src/Illuminate/Routing/Middleware/SubstituteBindings.php(51): Illuminate/Pipeline/Pipeline->{closure:Illuminate/Pipeline/Pipeline::prepareDestination():168}(Object(Illuminate/Http/Request))
#40 C:/Users/DELL/growza/growza/vendor/laravel/framework/src/Illuminate/Pipeline/Pipeline.php(209): Illuminate/Routing/Middleware/SubstituteBindings->handle(Object(Illuminate/Http/Request), Object(Closure))
#41 C:/Users/DELL/growza/growza/vendor/laravel/framework/src/Illuminate/Auth/Middleware/Authenticate.php(64): Illuminate/Pipeline/Pipeline->{closure:{closure:Illuminate/Pipeline/Pipeline::carry():184}:185}(Object(Illuminate/Http/Request))
#42 C:/Users/DELL/growza/growza/vendor/laravel/framework/src/Illuminate/Pipeline/Pipeline.php(209): Illuminate/Auth/Middleware/Authenticate->handle(Object(Illuminate/Http/Request), Object(Closure), 'web')
#43 C:/Users/DELL/growza/growza/vendor/laravel/framework/src/Illuminate/Foundation/Http/Middleware/VerifyCsrfToken.php(88): Illuminate/Pipeline/Pipeline->{closure:{closure:Illuminate/Pipeline/Pipeline::carry():184}:185}(Object(Illuminate/Http/Request))
#44 C:/Users/DELL/growza/growza/vendor/laravel/framework/src/Illuminate/Pipeline/Pipeline.php(209): Illuminate/Foundation/Http/Middleware/VerifyCsrfToken->handle(Object(Illuminate/Http/Request), Object(Closure))
#45 C:/Users/DELL/growza/growza/vendor/laravel/framework/src/Illuminate/View/Middleware/ShareErrorsFromSession.php(49): Illuminate/Pipeline/Pipeline->{closure:{closure:Illuminate/Pipeline/Pipeline::carry():184}:185}(Object(Illuminate/Http/Request))
#46 C:/Users/DELL/growza/growza/vendor/laravel/framework/src/Illuminate/Pipeline/Pipeline.php(209): Illuminate/View/Middleware/ShareErrorsFromSession->handle(Object(Illuminate/Http/Request), Object(Closure))
#47 C:/Users/DELL/growza/growza/vendor/laravel/framework/src/Illuminate/Session/Middleware/StartSession.php(121): Illuminate/Pipeline/Pipeline->{closure:{closure:Illuminate/Pipeline/Pipeline::carry():184}:185}(Object(Illuminate/Http/Request))
#48 C:/Users/DELL/growza/growza/vendor/laravel/framework/src/Illuminate/Session/Middleware/StartSession.php(64): Illuminate/Session/Middleware/StartSession->handleStatefulRequest(Object(Illuminate/Http/Request), Object(Illuminate/Session/Store), Object(Closure))
#49 C:/Users/DELL/growza/growza/vendor/laravel/framework/src/Illuminate/Pipeline/Pipeline.php(209): Illuminate/Session/Middleware/StartSession->handle(Object(Illuminate/Http/Request), Object(Closure))
#50 C:/Users/DELL/growza/growza/vendor/laravel/framework/src/Illuminate/Cookie/Middleware/AddQueuedCookiesToResponse.php(37): Illuminate/Pipeline/Pipeline->{closure:{closure:Illuminate/Pipeline/Pipeline::carry():184}:185}(Object(Illuminate/Http/Request))
#51 C:/Users/DELL/growza/growza/vendor/laravel/framework/src/Illuminate/Pipeline/Pipeline.php(209): Illuminate/Cookie/Middleware/AddQueuedCookiesToResponse->handle(Object(Illuminate/Http/Request), Object(Closure))
#52 C:/Users/DELL/growza/growza/vendor/laravel/framework/src/Illuminate/Cookie/Middleware/EncryptCookies.php(75): Illuminate/Pipeline/Pipeline->{closure:{closure:Illuminate/Pipeline/Pipeline::carry():184}:185}(Object(Illuminate/Http/Request))
#53 C:/Users/DELL/growza/growza/vendor/laravel/framework/src/Illuminate/Pipeline/Pipeline.php(209): Illuminate/Cookie/Middleware/EncryptCookies->handle(Object(Illuminate/Http/Request), Object(Closure))
#54 C:/Users/DELL/growza/growza/vendor/laravel/framework/src/Illuminate/Pipeline/Pipeline.php(127): Illuminate/Pipeline/Pipeline->{closure:{closure:Illuminate/Pipeline/Pipeline::carry():184}:185}(Object(Illuminate/Http/Request))
#55 C:/Users/DELL/growza/growza/vendor/laravel/framework/src/Illuminate/Routing/Router.php(807): Illuminate/Pipeline/Pipeline->then(Object(Closure))
#56 C:/Users/DELL/growza/growza/vendor/laravel/framework/src/Illuminate/Routing/Router.php(786): Illuminate/Routing/Router->runRouteWithinStack(Object(Illuminate/Routing/Route), Object(Illuminate/Http/Request))
#57 C:/Users/DELL/growza/growza/vendor/laravel/framework/src/Illuminate/Routing/Router.php(750): Illuminate/Routing/Router->runRoute(Object(Illuminate/Http/Request), Object(Illuminate/Routing/Route))
#58 C:/Users/DELL/growza/growza/vendor/laravel/framework/src/Illuminate/Routing/Router.php(739): Illuminate/Routing/Router->dispatchToRoute(Object(Illuminate/Http/Request))
#59 C:/Users/DELL/growza/growza/vendor/laravel/framework/src/Illuminate/Foundation/Http/Kernel.php(201): Illuminate/Routing/Router->dispatch(Object(Illuminate/Http/Request))
#60 C:/Users/DELL/growza/growza/vendor/laravel/framework/src/Illuminate/Pipeline/Pipeline.php(170): Illuminate/Foundation/Http/Kernel->{closure:Illuminate/Foundation/Http/Kernel::dispatchToRouter():198}(Object(Illuminate/Http/Request))
#61 C:/Users/DELL/growza/growza/vendor/livewire/livewire/src/Features/SupportDisablingBackButtonCache/DisableBackButtonCacheMiddleware.php(19): Illuminate/Pipeline/Pipeline->{closure:Illuminate/Pipeline/Pipeline::prepareDestination():168}(Object(Illuminate/Http/Request))
#62 C:/Users/DELL/growza/growza/vendor/laravel/framework/src/Illuminate/Pipeline/Pipeline.php(209): Livewire/Features/SupportDisablingBackButtonCache/DisableBackButtonCacheMiddleware->handle(Object(Illuminate/Http/Request), Object(Closure))
#63 C:/Users/DELL/growza/growza/vendor/laravel/framework/src/Illuminate/Foundation/Http/Middleware/TransformsRequest.php(21): Illuminate/Pipeline/Pipeline->{closure:{closure:Illuminate/Pipeline/Pipeline::carry():184}:185}(Object(Illuminate/Http/Request))
#64 C:/Users/DELL/growza/growza/vendor/laravel/framework/src/Illuminate/Foundation/Http/Middleware/ConvertEmptyStringsToNull.php(31): Illuminate/Foundation/Http/Middleware/TransformsRequest->handle(Object(Illuminate/Http/Request), Object(Closure))
#65 C:/Users/DELL/growza/growza/vendor/laravel/framework/src/Illuminate/Pipeline/Pipeline.php(209): Illuminate/Foundation/Http/Middleware/ConvertEmptyStringsToNull->handle(Object(Illuminate/Http/Request), Object(Closure))
#66 C:/Users/DELL/growza/growza/vendor/laravel/framework/src/Illuminate/Foundation/Http/Middleware/TransformsRequest.php(21): Illuminate/Pipeline/Pipeline->{closure:{closure:Illuminate/Pipeline/Pipeline::carry():184}:185}(Object(Illuminate/Http/Request))
#67 C:/Users/DELL/growza/growza/vendor/laravel/framework/src/Illuminate/Foundation/Http/Middleware/TrimStrings.php(51): Illuminate/Foundation/Http/Middleware/TransformsRequest->handle(Object(Illuminate/Http/Request), Object(Closure))
#68 C:/Users/DELL/growza/growza/vendor/laravel/framework/src/Illuminate/Pipeline/Pipeline.php(209): Illuminate/Foundation/Http/Middleware/TrimStrings->handle(Object(Illuminate/Http/Request), Object(Closure))
#69 C:/Users/DELL/growza/growza/vendor/laravel/framework/src/Illuminate/Http/Middleware/ValidatePostSize.php(27): Illuminate/Pipeline/Pipeline->{closure:{closure:Illuminate/Pipeline/Pipeline::carry():184}:185}(Object(Illuminate/Http/Request))
#70 C:/Users/DELL/growza/growza/vendor/laravel/framework/src/Illuminate/Pipeline/Pipeline.php(209): Illuminate/Http/Middleware/ValidatePostSize->handle(Object(Illuminate/Http/Request), Object(Closure))
#71 C:/Users/DELL/growza/growza/vendor/laravel/framework/src/Illuminate/Foundation/Http/Middleware/PreventRequestsDuringMaintenance.php(110): Illuminate/Pipeline/Pipeline->{closure:{closure:Illuminate/Pipeline/Pipeline::carry():184}:185}(Object(Illuminate/Http/Request))
#72 C:/Users/DELL/growza/growza/vendor/laravel/framework/src/Illuminate/Pipeline/Pipeline.php(209): Illuminate/Foundation/Http/Middleware/PreventRequestsDuringMaintenance->handle(Object(Illuminate/Http/Request), Object(Closure))
#73 C:/Users/DELL/growza/growza/vendor/laravel/framework/src/Illuminate/Http/Middleware/HandleCors.php(49): Illuminate/Pipeline/Pipeline->{closure:{closure:Illuminate/Pipeline/Pipeline::carry():184}:185}(Object(Illuminate/Http/Request))
#74 C:/Users/DELL/growza/growza/vendor/laravel/framework/src/Illuminate/Pipeline/Pipeline.php(209): Illuminate/Http/Middleware/HandleCors->handle(Object(Illuminate/Http/Request), Object(Closure))
#75 C:/Users/DELL/growza/growza/vendor/laravel/framework/src/Illuminate/Http/Middleware/TrustProxies.php(58): Illuminate/Pipeline/Pipeline->{closure:{closure:Illuminate/Pipeline/Pipeline::carry():184}:185}(Object(Illuminate/Http/Request))
#76 C:/Users/DELL/growza/growza/vendor/laravel/framework/src/Illuminate/Pipeline/Pipeline.php(209): Illuminate/Http/Middleware/TrustProxies->handle(Object(Illuminate/Http/Request), Object(Closure))
#77 C:/Users/DELL/growza/growza/vendor/laravel/framework/src/Illuminate/Foundation/Http/Middleware/InvokeDeferredCallbacks.php(22): Illuminate/Pipeline/Pipeline->{closure:{closure:Illuminate/Pipeline/Pipeline::carry():184}:185}(Object(Illuminate/Http/Request))
#78 C:/Users/DELL/growza/growza/vendor/laravel/framework/src/Illuminate/Pipeline/Pipeline.php(209): Illuminate/Foundation/Http/Middleware/InvokeDeferredCallbacks->handle(Object(Illuminate/Http/Request), Object(Closure))
#79 C:/Users/DELL/growza/growza/vendor/laravel/framework/src/Illuminate/Pipeline/Pipeline.php(127): Illuminate/Pipeline/Pipeline->{closure:{closure:Illuminate/Pipeline/Pipeline::carry():184}:185}(Object(Illuminate/Http/Request))
#80 C:/Users/DELL/growza/growza/vendor/laravel/framework/src/Illuminate/Foundation/Http/Kernel.php(176): Illuminate/Pipeline/Pipeline->then(Object(Closure))
#81 C:/Users/DELL/growza/growza/vendor/laravel/framework/src/Illuminate/Foundation/Http/Kernel.php(145): Illuminate/Foundation/Http/Kernel->sendRequestThroughRouter(Object(Illuminate/Http/Request))
#82 C:/Users/DELL/growza/growza/vendor/laravel/framework/src/Illuminate/Foundation/Testing/Concerns/MakesHttpRequests.php(607): Illuminate/Foundation/Http/Kernel->handle(Object(Illuminate/Http/Request))
#83 C:/Users/DELL/growza/growza/vendor/laravel/framework/src/Illuminate/Foundation/Testing/Concerns/MakesHttpRequests.php(427): Illuminate/Foundation/Testing/TestCase->call('PUT', 'http://localhos...', Array, Array, Array, Array)
#84 C:/Users/DELL/growza/growza/tests/Feature/AccountSecurityTest.php(58): Illuminate/Foundation/Testing/TestCase->put('http://localhos...', Array)
#85 C:/Users/DELL/growza/growza/vendor/pestphp/pest/src/Factories/TestCaseMethodFactory.php(110): P/Tests/Feature/AccountSecurityTest->{closure:C:/Users/DELL/growza/growza/tests/Feature/AccountSecurityTest.php:55}()
#86 [internal function]: P/Tests/Feature/AccountSecurityTest->{closure:Pest/Factories/TestCaseMethodFactory::getClosure():102}()
#87 C:/Users/DELL/growza/growza/vendor/pestphp/pest/src/Concerns/Testable.php(339): call_user_func_array(Object(Closure), Array)
#88 C:/Users/DELL/growza/growza/vendor/pestphp/pest/src/Support/ExceptionTrace.php(26): P/Tests/Feature/AccountSecurityTest->{closure:Pest/Concerns/Testable::__callClosure():339}()
#89 C:/Users/DELL/growza/growza/vendor/pestphp/pest/src/Concerns/Testable.php(339): Pest/Support/ExceptionTrace::ensure(Object(Closure))
#90 C:/Users/DELL/growza/growza/vendor/pestphp/pest/src/Concerns/Testable.php(256): P/Tests/Feature/AccountSecurityTest->__callClosure(Object(Closure), Array)
#91 C:/Users/DELL/growza/growza/vendor/pestphp/pest/src/Factories/TestCaseFactory.php(197) : eval()'d code(56): P/Tests/Feature/AccountSecurityTest->__runTest(Object(Closure))
#92 C:/Users/DELL/growza/growza/vendor/phpunit/phpunit/src/Framework/TestCase.php(1548): P/Tests/Feature/AccountSecurityTest->__pest_evaluable_it_audits_a_password_change_without_recording_the_password()
#93 C:/Users/DELL/growza/growza/vendor/phpunit/phpunit/src/Framework/TestCase.php(686): PHPUnit/Framework/TestCase->runTest()
#94 C:/Users/DELL/growza/growza/vendor/phpunit/phpunit/src/Framework/TestRunner.php(106): PHPUnit/Framework/TestCase->runBare()
#95 C:/Users/DELL/growza/growza/vendor/phpunit/phpunit/src/Framework/TestCase.php(516): PHPUnit/Framework/TestRunner->run(Object(P/Tests/Feature/AccountSecurityTest))
#96 C:/Users/DELL/growza/growza/vendor/phpunit/phpunit/src/Framework/TestSuite.php(374): PHPUnit/Framework/TestCase->run()
#97 C:/Users/DELL/growza/growza/vendor/phpunit/phpunit/src/Framework/TestSuite.php(374): PHPUnit/Framework/TestSuite->run()
#98 C:/Users/DELL/growza/growza/vendor/phpunit/phpunit/src/Framework/TestSuite.php(374): PHPUnit/Framework/TestSuite->run()
#99 C:/Users/DELL/growza/growza/vendor/phpunit/phpunit/src/TextUI/TestRunner.php(64): PHPUnit/Framework/TestSuite->run()
#100 C:/Users/DELL/growza/growza/vendor/phpunit/phpunit/src/TextUI/Application.php(204): PHPUnit/TextUI/TestRunner->run(Object(PHPUnit/TextUI/Configuration/Configuration), Object(PHPUnit/Runner/ResultCache/DefaultResultCache), Object(PHPUnit/Framework/TestSuite))
#101 C:/Users/DELL/growza/growza/vendor/pestphp/pest/src/Kernel.php(103): PHPUnit/TextUI/Application->run(Array)
#102 C:/Users/DELL/growza/growza/vendor/pestphp/pest/bin/pest(91): Pest/Kernel->handle(Array, Array)
#103 C:/Users/DELL/growza/growza/vendor/pestphp/pest/bin/pest(99): {closure:C:/Users/DELL/growza/growza/vendor/pestphp/pest/bin/pest:12}()
#104 {main}
"} 
[2026-09-21 06:25:43] testing.ERROR: cURL error 60: SSL certificate problem: unable to get local issuer certificate (see https://curl.se/libcurl/c/libcurl-errors.html) for https://api.pwnedpasswords.com/range/E8E64 {"exception":"[object] (GuzzleHttp\\Exception\\RequestException(code: 0): cURL error 60: SSL certificate problem: unable to get local issuer certificate (see https://curl.se/libcurl/c/libcurl-errors.html) for https://api.pwnedpasswords.com/range/E8E64 at C:/Users/DELL/growza/growza/vendor/guzzlehttp/guzzle/src/Handler/CurlFactory.php:1141)
[stacktrace]
#0 C:/Users/DELL/growza/growza/vendor/guzzlehttp/guzzle/src/Handler/CurlFactory.php(1077): GuzzleHttp/Handler/CurlFactory::createRejection(Object(GuzzleHttp/Handler/EasyHandle), Array)
#1 C:/Users/DELL/growza/growza/vendor/guzzlehttp/guzzle/src/Handler/CurlFactory.php(1014): GuzzleHttp/Handler/CurlFactory::finishError(Object(GuzzleHttp/Handler/CurlHandler), Object(GuzzleHttp/Handler/EasyHandle), Object(GuzzleHttp/Handler/CurlFactory))
#2 C:/Users/DELL/growza/growza/vendor/guzzlehttp/guzzle/src/Handler/CurlHandler.php(88): GuzzleHttp/Handler/CurlFactory::finish(Object(GuzzleHttp/Handler/CurlHandler), Object(GuzzleHttp/Handler/EasyHandle), Object(GuzzleHttp/Handler/CurlFactory))
#3 C:/Users/DELL/growza/growza/vendor/guzzlehttp/guzzle/src/Handler/Proxy.php(28): GuzzleHttp/Handler/CurlHandler->__invoke(Object(GuzzleHttp/Psr7/Request), Array)
#4 C:/Users/DELL/growza/growza/vendor/guzzlehttp/guzzle/src/Handler/Proxy.php(68): GuzzleHttp/Handler/Proxy::{closure:GuzzleHttp/Handler/Proxy::wrapSync():27}(Object(GuzzleHttp/Psr7/Request), Array)
#5 C:/Users/DELL/growza/growza/vendor/guzzlehttp/guzzle/src/Handler/Proxy.php(48): GuzzleHttp/Handler/Proxy::{closure:GuzzleHttp/Handler/Proxy::wrapTlsFallback():63}(Object(GuzzleHttp/Psr7/Request), Array)
#6 C:/Users/DELL/growza/growza/vendor/laravel/framework/src/Illuminate/Http/Client/PendingRequest.php(1340): GuzzleHttp/Handler/Proxy::{closure:GuzzleHttp/Handler/Proxy::wrapStreaming():47}(Object(GuzzleHttp/Psr7/Request), Array)
#7 C:/Users/DELL/growza/growza/vendor/laravel/framework/src/Illuminate/Http/Client/PendingRequest.php(1306): Illuminate/Http/Client/PendingRequest->{closure:{closure:Illuminate/Http/Client/PendingRequest::buildStubHandler():1327}:1328}(Object(GuzzleHttp/Psr7/Request), Array)
#8 C:/Users/DELL/growza/growza/vendor/laravel/framework/src/Illuminate/Http/Client/PendingRequest.php(1292): Illuminate/Http/Client/PendingRequest->{closure:{closure:Illuminate/Http/Client/PendingRequest::buildRecorderHandler():1304}:1305}(Object(GuzzleHttp/Psr7/Request), Array)
#9 C:/Users/DELL/growza/growza/vendor/guzzlehttp/guzzle/src/PrepareBodyMiddleware.php(35): Illuminate/Http/Client/PendingRequest->{closure:{closure:Illuminate/Http/Client/PendingRequest::buildBeforeSendingHandler():1290}:1291}(Object(GuzzleHttp/Psr7/Request), Array)
#10 C:/Users/DELL/growza/growza/vendor/guzzlehttp/guzzle/src/Middleware.php(38): GuzzleHttp/PrepareBodyMiddleware->__invoke(Object(GuzzleHttp/Psr7/Request), Array)
#11 C:/Users/DELL/growza/growza/vendor/guzzlehttp/guzzle/src/RedirectMiddleware.php(72): GuzzleHttp/Middleware::{closure:{closure:GuzzleHttp/Middleware::cookies():28}:29}(Object(GuzzleHttp/Psr7/Request), Array)
#12 C:/Users/DELL/growza/growza/vendor/guzzlehttp/guzzle/src/Middleware.php(63): GuzzleHttp/RedirectMiddleware->__invoke(Object(GuzzleHttp/Psr7/Request), Array)
#13 C:/Users/DELL/growza/growza/vendor/guzzlehttp/guzzle/src/HandlerStack.php(75): GuzzleHttp/Middleware::{closure:{closure:GuzzleHttp/Middleware::httpErrors():60}:61}(Object(GuzzleHttp/Psr7/Request), Array)
#14 C:/Users/DELL/growza/growza/vendor/guzzlehttp/guzzle/src/Client.php(1109): GuzzleHttp/HandlerStack->__invoke(Object(GuzzleHttp/Psr7/Request), Array)
#15 C:/Users/DELL/growza/growza/vendor/guzzlehttp/guzzle/src/Client.php(243): GuzzleHttp/Client->transfer(Object(GuzzleHttp/Psr7/Request), Array)
#16 C:/Users/DELL/growza/growza/vendor/guzzlehttp/guzzle/src/Client.php(273): GuzzleHttp/Client->requestAsync('GET', Object(GuzzleHttp/Psr7/Uri), Array)
#17 C:/Users/DELL/growza/growza/vendor/laravel/framework/src/Illuminate/Http/Client/PendingRequest.php(1138): GuzzleHttp/Client->request('GET', 'https://api.pwn...', Array)
#18 C:/Users/DELL/growza/growza/vendor/laravel/framework/src/Illuminate/Http/Client/PendingRequest.php(907): Illuminate/Http/Client/PendingRequest->sendRequest('GET', 'https://api.pwn...', Array)
#19 C:/Users/DELL/growza/growza/vendor/laravel/framework/src/Illuminate/Support/helpers.php(338): Illuminate/Http/Client/PendingRequest->{closure:Illuminate/Http/Client/PendingRequest::send():905}(1)
#20 C:/Users/DELL/growza/growza/vendor/laravel/framework/src/Illuminate/Http/Client/PendingRequest.php(905): retry(0, Object(Closure), 100, Object(Closure))
#21 C:/Users/DELL/growza/growza/vendor/laravel/framework/src/Illuminate/Http/Client/PendingRequest.php(772): Illuminate/Http/Client/PendingRequest->send('GET', 'https://api.pwn...', Array)
#22 C:/Users/DELL/growza/growza/vendor/laravel/framework/src/Illuminate/Validation/NotPwnedVerifier.php(89): Illuminate/Http/Client/PendingRequest->get('https://api.pwn...')
#23 C:/Users/DELL/growza/growza/vendor/laravel/framework/src/Illuminate/Validation/NotPwnedVerifier.php(55): Illuminate/Validation/NotPwnedVerifier->search('E8E64')
#24 C:/Users/DELL/growza/growza/vendor/laravel/framework/src/Illuminate/Validation/Rules/Password.php(349): Illuminate/Validation/NotPwnedVerifier->verify(Array)
#25 C:/Users/DELL/growza/growza/vendor/laravel/framework/src/Illuminate/Validation/Validator.php(902): Illuminate/Validation/Rules/Password->passes('password', 'correct-horse-9...')
#26 C:/Users/DELL/growza/growza/vendor/laravel/framework/src/Illuminate/Validation/Validator.php(678): Illuminate/Validation/Validator->validateUsingCustomRule('password', 'correct-horse-9...', Object(Illuminate/Validation/Rules/Password))
#27 C:/Users/DELL/growza/growza/vendor/laravel/framework/src/Illuminate/Validation/Validator.php(481): Illuminate/Validation/Validator->validateAttribute('password', Object(Illuminate/Validation/Rules/Password))
#28 C:/Users/DELL/growza/growza/vendor/laravel/framework/src/Illuminate/Validation/Validator.php(516): Illuminate/Validation/Validator->passes()
#29 C:/Users/DELL/growza/growza/vendor/laravel/framework/src/Illuminate/Validation/Validator.php(558): Illuminate/Validation/Validator->fails()
#30 C:/Users/DELL/growza/growza/app/Domain/Auth/Actions/CreateNewUser.php(53): Illuminate/Validation/Validator->validate()
#31 C:/Users/DELL/growza/growza/vendor/laravel/fortify/src/Http/Controllers/RegisteredUserController.php(62): App/Domain/Auth/Actions/CreateNewUser->create(Array)
#32 C:/Users/DELL/growza/growza/vendor/laravel/framework/src/Illuminate/Routing/Controller.php(54): Laravel/Fortify/Http/Controllers/RegisteredUserController->store(Object(Illuminate/Http/Request), Object(App/Domain/Auth/Actions/CreateNewUser))
#33 C:/Users/DELL/growza/growza/vendor/laravel/framework/src/Illuminate/Routing/ControllerDispatcher.php(44): Illuminate/Routing/Controller->callAction('store', Array)
#34 C:/Users/DELL/growza/growza/vendor/laravel/framework/src/Illuminate/Routing/Route.php(266): Illuminate/Routing/ControllerDispatcher->dispatch(Object(Illuminate/Routing/Route), Object(Laravel/Fortify/Http/Controllers/RegisteredUserController), 'store')
#35 C:/Users/DELL/growza/growza/vendor/laravel/framework/src/Illuminate/Routing/Route.php(212): Illuminate/Routing/Route->runController()
#36 C:/Users/DELL/growza/growza/vendor/laravel/framework/src/Illuminate/Routing/Router.php(808): Illuminate/Routing/Route->run()
#37 C:/Users/DELL/growza/growza/vendor/laravel/framework/src/Illuminate/Pipeline/Pipeline.php(170): Illuminate/Routing/Router->{closure:Illuminate/Routing/Router::runRouteWithinStack():807}(Object(Illuminate/Http/Request))
#38 C:/Users/DELL/growza/growza/vendor/laravel/framework/src/Illuminate/Auth/Middleware/RedirectIfAuthenticated.php(35): Illuminate/Pipeline/Pipeline->{closure:Illuminate/Pipeline/Pipeline::prepareDestination():168}(Object(Illuminate/Http/Request))
#39 C:/Users/DELL/growza/growza/vendor/laravel/framework/src/Illuminate/Pipeline/Pipeline.php(209): Illuminate/Auth/Middleware/RedirectIfAuthenticated->handle(Object(Illuminate/Http/Request), Object(Closure), 'web')
#40 C:/Users/DELL/growza/growza/vendor/laravel/framework/src/Illuminate/Routing/Middleware/SubstituteBindings.php(51): Illuminate/Pipeline/Pipeline->{closure:{closure:Illuminate/Pipeline/Pipeline::carry():184}:185}(Object(Illuminate/Http/Request))
#41 C:/Users/DELL/growza/growza/vendor/laravel/framework/src/Illuminate/Pipeline/Pipeline.php(209): Illuminate/Routing/Middleware/SubstituteBindings->handle(Object(Illuminate/Http/Request), Object(Closure))
#42 C:/Users/DELL/growza/growza/vendor/laravel/framework/src/Illuminate/Foundation/Http/Middleware/VerifyCsrfToken.php(88): Illuminate/Pipeline/Pipeline->{closure:{closure:Illuminate/Pipeline/Pipeline::carry():184}:185}(Object(Illuminate/Http/Request))
#43 C:/Users/DELL/growza/growza/vendor/laravel/framework/src/Illuminate/Pipeline/Pipeline.php(209): Illuminate/Foundation/Http/Middleware/VerifyCsrfToken->handle(Object(Illuminate/Http/Request), Object(Closure))
#44 C:/Users/DELL/growza/growza/vendor/laravel/framework/src/Illuminate/View/Middleware/ShareErrorsFromSession.php(49): Illuminate/Pipeline/Pipeline->{closure:{closure:Illuminate/Pipeline/Pipeline::carry():184}:185}(Object(Illuminate/Http/Request))
#45 C:/Users/DELL/growza/growza/vendor/laravel/framework/src/Illuminate/Pipeline/Pipeline.php(209): Illuminate/View/Middleware/ShareErrorsFromSession->handle(Object(Illuminate/Http/Request), Object(Closure))
#46 C:/Users/DELL/growza/growza/vendor/laravel/framework/src/Illuminate/Session/Middleware/StartSession.php(121): Illuminate/Pipeline/Pipeline->{closure:{closure:Illuminate/Pipeline/Pipeline::carry():184}:185}(Object(Illuminate/Http/Request))
#47 C:/Users/DELL/growza/growza/vendor/laravel/framework/src/Illuminate/Session/Middleware/StartSession.php(64): Illuminate/Session/Middleware/StartSession->handleStatefulRequest(Object(Illuminate/Http/Request), Object(Illuminate/Session/Store), Object(Closure))
#48 C:/Users/DELL/growza/growza/vendor/laravel/framework/src/Illuminate/Pipeline/Pipeline.php(209): Illuminate/Session/Middleware/StartSession->handle(Object(Illuminate/Http/Request), Object(Closure))
#49 C:/Users/DELL/growza/growza/vendor/laravel/framework/src/Illuminate/Cookie/Middleware/AddQueuedCookiesToResponse.php(37): Illuminate/Pipeline/Pipeline->{closure:{closure:Illuminate/Pipeline/Pipeline::carry():184}:185}(Object(Illuminate/Http/Request))
#50 C:/Users/DELL/growza/growza/vendor/laravel/framework/src/Illuminate/Pipeline/Pipeline.php(209): Illuminate/Cookie/Middleware/AddQueuedCookiesToResponse->handle(Object(Illuminate/Http/Request), Object(Closure))
#51 C:/Users/DELL/growza/growza/vendor/laravel/framework/src/Illuminate/Cookie/Middleware/EncryptCookies.php(75): Illuminate/Pipeline/Pipeline->{closure:{closure:Illuminate/Pipeline/Pipeline::carry():184}:185}(Object(Illuminate/Http/Request))
#52 C:/Users/DELL/growza/growza/vendor/laravel/framework/src/Illuminate/Pipeline/Pipeline.php(209): Illuminate/Cookie/Middleware/EncryptCookies->handle(Object(Illuminate/Http/Request), Object(Closure))
#53 C:/Users/DELL/growza/growza/vendor/laravel/framework/src/Illuminate/Pipeline/Pipeline.php(127): Illuminate/Pipeline/Pipeline->{closure:{closure:Illuminate/Pipeline/Pipeline::carry():184}:185}(Object(Illuminate/Http/Request))
#54 C:/Users/DELL/growza/growza/vendor/laravel/framework/src/Illuminate/Routing/Router.php(807): Illuminate/Pipeline/Pipeline->then(Object(Closure))
#55 C:/Users/DELL/growza/growza/vendor/laravel/framework/src/Illuminate/Routing/Router.php(786): Illuminate/Routing/Router->runRouteWithinStack(Object(Illuminate/Routing/Route), Object(Illuminate/Http/Request))
#56 C:/Users/DELL/growza/growza/vendor/laravel/framework/src/Illuminate/Routing/Router.php(750): Illuminate/Routing/Router->runRoute(Object(Illuminate/Http/Request), Object(Illuminate/Routing/Route))
#57 C:/Users/DELL/growza/growza/vendor/laravel/framework/src/Illuminate/Routing/Router.php(739): Illuminate/Routing/Router->dispatchToRoute(Object(Illuminate/Http/Request))
#58 C:/Users/DELL/growza/growza/vendor/laravel/framework/src/Illuminate/Foundation/Http/Kernel.php(201): Illuminate/Routing/Router->dispatch(Object(Illuminate/Http/Request))
#59 C:/Users/DELL/growza/growza/vendor/laravel/framework/src/Illuminate/Pipeline/Pipeline.php(170): Illuminate/Foundation/Http/Kernel->{closure:Illuminate/Foundation/Http/Kernel::dispatchToRouter():198}(Object(Illuminate/Http/Request))
#60 C:/Users/DELL/growza/growza/vendor/livewire/livewire/src/Features/SupportDisablingBackButtonCache/DisableBackButtonCacheMiddleware.php(19): Illuminate/Pipeline/Pipeline->{closure:Illuminate/Pipeline/Pipeline::prepareDestination():168}(Object(Illuminate/Http/Request))
#61 C:/Users/DELL/growza/growza/vendor/laravel/framework/src/Illuminate/Pipeline/Pipeline.php(209): Livewire/Features/SupportDisablingBackButtonCache/DisableBackButtonCacheMiddleware->handle(Object(Illuminate/Http/Request), Object(Closure))
#62 C:/Users/DELL/growza/growza/vendor/laravel/framework/src/Illuminate/Foundation/Http/Middleware/TransformsRequest.php(21): Illuminate/Pipeline/Pipeline->{closure:{closure:Illuminate/Pipeline/Pipeline::carry():184}:185}(Object(Illuminate/Http/Request))
#63 C:/Users/DELL/growza/growza/vendor/laravel/framework/src/Illuminate/Foundation/Http/Middleware/ConvertEmptyStringsToNull.php(31): Illuminate/Foundation/Http/Middleware/TransformsRequest->handle(Object(Illuminate/Http/Request), Object(Closure))
#64 C:/Users/DELL/growza/growza/vendor/laravel/framework/src/Illuminate/Pipeline/Pipeline.php(209): Illuminate/Foundation/Http/Middleware/ConvertEmptyStringsToNull->handle(Object(Illuminate/Http/Request), Object(Closure))
#65 C:/Users/DELL/growza/growza/vendor/laravel/framework/src/Illuminate/Foundation/Http/Middleware/TransformsRequest.php(21): Illuminate/Pipeline/Pipeline->{closure:{closure:Illuminate/Pipeline/Pipeline::carry():184}:185}(Object(Illuminate/Http/Request))
#66 C:/Users/DELL/growza/growza/vendor/laravel/framework/src/Illuminate/Foundation/Http/Middleware/TrimStrings.php(51): Illuminate/Foundation/Http/Middleware/TransformsRequest->handle(Object(Illuminate/Http/Request), Object(Closure))
#67 C:/Users/DELL/growza/growza/vendor/laravel/framework/src/Illuminate/Pipeline/Pipeline.php(209): Illuminate/Foundation/Http/Middleware/TrimStrings->handle(Object(Illuminate/Http/Request), Object(Closure))
#68 C:/Users/DELL/growza/growza/vendor/laravel/framework/src/Illuminate/Http/Middleware/ValidatePostSize.php(27): Illuminate/Pipeline/Pipeline->{closure:{closure:Illuminate/Pipeline/Pipeline::carry():184}:185}(Object(Illuminate/Http/Request))
#69 C:/Users/DELL/growza/growza/vendor/laravel/framework/src/Illuminate/Pipeline/Pipeline.php(209): Illuminate/Http/Middleware/ValidatePostSize->handle(Object(Illuminate/Http/Request), Object(Closure))
#70 C:/Users/DELL/growza/growza/vendor/laravel/framework/src/Illuminate/Foundation/Http/Middleware/PreventRequestsDuringMaintenance.php(110): Illuminate/Pipeline/Pipeline->{closure:{closure:Illuminate/Pipeline/Pipeline::carry():184}:185}(Object(Illuminate/Http/Request))
#71 C:/Users/DELL/growza/growza/vendor/laravel/framework/src/Illuminate/Pipeline/Pipeline.php(209): Illuminate/Foundation/Http/Middleware/PreventRequestsDuringMaintenance->handle(Object(Illuminate/Http/Request), Object(Closure))
#72 C:/Users/DELL/growza/growza/vendor/laravel/framework/src/Illuminate/Http/Middleware/HandleCors.php(49): Illuminate/Pipeline/Pipeline->{closure:{closure:Illuminate/Pipeline/Pipeline::carry():184}:185}(Object(Illuminate/Http/Request))
#73 C:/Users/DELL/growza/growza/vendor/laravel/framework/src/Illuminate/Pipeline/Pipeline.php(209): Illuminate/Http/Middleware/HandleCors->handle(Object(Illuminate/Http/Request), Object(Closure))
#74 C:/Users/DELL/growza/growza/vendor/laravel/framework/src/Illuminate/Http/Middleware/TrustProxies.php(58): Illuminate/Pipeline/Pipeline->{closure:{closure:Illuminate/Pipeline/Pipeline::carry():184}:185}(Object(Illuminate/Http/Request))
#75 C:/Users/DELL/growza/growza/vendor/laravel/framework/src/Illuminate/Pipeline/Pipeline.php(209): Illuminate/Http/Middleware/TrustProxies->handle(Object(Illuminate/Http/Request), Object(Closure))
#76 C:/Users/DELL/growza/growza/vendor/laravel/framework/src/Illuminate/Foundation/Http/Middleware/InvokeDeferredCallbacks.php(22): Illuminate/Pipeline/Pipeline->{closure:{closure:Illuminate/Pipeline/Pipeline::carry():184}:185}(Object(Illuminate/Http/Request))
#77 C:/Users/DELL/growza/growza/vendor/laravel/framework/src/Illuminate/Pipeline/Pipeline.php(209): Illuminate/Foundation/Http/Middleware/InvokeDeferredCallbacks->handle(Object(Illuminate/Http/Request), Object(Closure))
#78 C:/Users/DELL/growza/growza/vendor/laravel/framework/src/Illuminate/Pipeline/Pipeline.php(127): Illuminate/Pipeline/Pipeline->{closure:{closure:Illuminate/Pipeline/Pipeline::carry():184}:185}(Object(Illuminate/Http/Request))
#79 C:/Users/DELL/growza/growza/vendor/laravel/framework/src/Illuminate/Foundation/Http/Kernel.php(176): Illuminate/Pipeline/Pipeline->then(Object(Closure))
#80 C:/Users/DELL/growza/growza/vendor/laravel/framework/src/Illuminate/Foundation/Http/Kernel.php(145): Illuminate/Foundation/Http/Kernel->sendRequestThroughRouter(Object(Illuminate/Http/Request))
#81 C:/Users/DELL/growza/growza/vendor/laravel/framework/src/Illuminate/Foundation/Testing/Concerns/MakesHttpRequests.php(607): Illuminate/Foundation/Http/Kernel->handle(Object(Illuminate/Http/Request))
#82 C:/Users/DELL/growza/growza/vendor/laravel/framework/src/Illuminate/Foundation/Testing/Concerns/MakesHttpRequests.php(397): Illuminate/Foundation/Testing/TestCase->call('POST', 'http://localhos...', Array, Array, Array, Array)
#83 [internal function]: Illuminate/Foundation/Testing/TestCase->post('http://localhos...', Array)
#84 C:/Users/DELL/growza/growza/vendor/pestphp/pest/src/Support/Reflection.php(38): ReflectionMethod->invoke(Object(P/Tests/Feature/AuthenticationTest), 'http://localhos...', Array)
#85 C:/Users/DELL/growza/growza/vendor/pestphp/pest/src/Support/HigherOrderMessage.php(59): Pest/Support/Reflection::call(Object(P/Tests/Feature/AuthenticationTest), 'post', Array)
#86 C:/Users/DELL/growza/growza/vendor/pestphp/pest/src/Support/HigherOrderTapProxy.php(66): Pest/Support/HigherOrderMessage->call(Object(P/Tests/Feature/AuthenticationTest))
#87 C:/Users/DELL/growza/growza/vendor/pestphp/pest-plugin-laravel/src/Http.php(209): Pest/Support/HigherOrderTapProxy->__call('post', Array)
#88 C:/Users/DELL/growza/growza/tests/Feature/AuthenticationTest.php(32): Pest/Laravel/post('http://localhos...', Array)
#89 C:/Users/DELL/growza/growza/vendor/pestphp/pest/src/Factories/TestCaseMethodFactory.php(110): P/Tests/Feature/AuthenticationTest->{closure:C:/Users/DELL/growza/growza/tests/Feature/AuthenticationTest.php:31}()
#90 [internal function]: P/Tests/Feature/AuthenticationTest->{closure:Pest/Factories/TestCaseMethodFactory::getClosure():102}()
#91 C:/Users/DELL/growza/growza/vendor/pestphp/pest/src/Concerns/Testable.php(339): call_user_func_array(Object(Closure), Array)
#92 C:/Users/DELL/growza/growza/vendor/pestphp/pest/src/Support/ExceptionTrace.php(26): P/Tests/Feature/AuthenticationTest->{closure:Pest/Concerns/Testable::__callClosure():339}()
#93 C:/Users/DELL/growza/growza/vendor/pestphp/pest/src/Concerns/Testable.php(339): Pest/Support/ExceptionTrace::ensure(Object(Closure))
#94 C:/Users/DELL/growza/growza/vendor/pestphp/pest/src/Concerns/Testable.php(256): P/Tests/Feature/AuthenticationTest->__callClosure(Object(Closure), Array)
#95 C:/Users/DELL/growza/growza/vendor/pestphp/pest/src/Factories/TestCaseFactory.php(197) : eval()'d code(41): P/Tests/Feature/AuthenticationTest->__runTest(Object(Closure))
#96 C:/Users/DELL/growza/growza/vendor/phpunit/phpunit/src/Framework/TestCase.php(1548): P/Tests/Feature/AuthenticationTest->__pest_evaluable_it_registers_a_user_with_the_required_fields()
#97 C:/Users/DELL/growza/growza/vendor/phpunit/phpunit/src/Framework/TestCase.php(686): PHPUnit/Framework/TestCase->runTest()
#98 C:/Users/DELL/growza/growza/vendor/phpunit/phpunit/src/Framework/TestRunner.php(106): PHPUnit/Framework/TestCase->runBare()
#99 C:/Users/DELL/growza/growza/vendor/phpunit/phpunit/src/Framework/TestCase.php(516): PHPUnit/Framework/TestRunner->run(Object(P/Tests/Feature/AuthenticationTest))
#100 C:/Users/DELL/growza/growza/vendor/phpunit/phpunit/src/Framework/TestSuite.php(374): PHPUnit/Framework/TestCase->run()
#101 C:/Users/DELL/growza/growza/vendor/phpunit/phpunit/src/Framework/TestSuite.php(374): PHPUnit/Framework/TestSuite->run()
#102 C:/Users/DELL/growza/growza/vendor/phpunit/phpunit/src/Framework/TestSuite.php(374): PHPUnit/Framework/TestSuite->run()
#103 C:/Users/DELL/growza/growza/vendor/phpunit/phpunit/src/TextUI/TestRunner.php(64): PHPUnit/Framework/TestSuite->run()
#104 C:/Users/DELL/growza/growza/vendor/phpunit/phpunit/src/TextUI/Application.php(204): PHPUnit/TextUI/TestRunner->run(Object(PHPUnit/TextUI/Configuration/Configuration), Object(PHPUnit/Runner/ResultCache/DefaultResultCache), Object(PHPUnit/Framework/TestSuite))
#105 C:/Users/DELL/growza/growza/vendor/pestphp/pest/src/Kernel.php(103): PHPUnit/TextUI/Application->run(Array)
#106 C:/Users/DELL/growza/growza/vendor/pestphp/pest/bin/pest(91): Pest/Kernel->handle(Array, Array)
#107 C:/Users/DELL/growza/growza/vendor/pestphp/pest/bin/pest(99): {closure:C:/Users/DELL/growza/growza/vendor/pestphp/pest/bin/pest:12}()
#108 {main}
"} 
[2026-09-21 06:25:43] testing.ERROR: SQLSTATE[23000]: Integrity constraint violation: 19 NOT NULL constraint failed: model_has_roles.team_id (Connection: sqlite, SQL: insert into "model_has_roles" ("model_id", "model_type", "role_id", "team_id") values (1, App\Domain\Identity\Models\User, 9, ?)) {"exception":"[object] (Illuminate\\Database\\QueryException(code: 23000): SQLSTATE[23000]: Integrity constraint violation: 19 NOT NULL constraint failed: model_has_roles.team_id (Connection: sqlite, SQL: insert into \"model_has_roles\" (\"model_id\", \"model_type\", \"role_id\", \"team_id\") values (1, App\\Domain\\Identity\\Models\\User, 9, ?)) at C:/Users/DELL/growza/growza/vendor/laravel/framework/src/Illuminate/Database/Connection.php:825)
[stacktrace]
#0 C:/Users/DELL/growza/growza/vendor/laravel/framework/src/Illuminate/Database/Connection.php(779): Illuminate/Database/Connection->runQueryCallback('insert into \"mo...', Array, Object(Closure))
#1 C:/Users/DELL/growza/growza/vendor/laravel/framework/src/Illuminate/Database/Connection.php(560): Illuminate/Database/Connection->run('insert into \"mo...', Array, Object(Closure))
#2 C:/Users/DELL/growza/growza/vendor/laravel/framework/src/Illuminate/Database/Connection.php(524): Illuminate/Database/Connection->statement('insert into \"mo...', Array)
#3 C:/Users/DELL/growza/growza/vendor/laravel/framework/src/Illuminate/Database/Query/Builder.php(3717): Illuminate/Database/Connection->insert('insert into \"mo...', Array)
#4 C:/Users/DELL/growza/growza/vendor/laravel/framework/src/Illuminate/Database/Eloquent/Relations/Concerns/InteractsWithPivotTable.php(276): Illuminate/Database/Query/Builder->insert(Array)
#5 C:/Users/DELL/growza/growza/vendor/spatie/laravel-permission/src/Traits/HasRoles.php(164): Illuminate/Database/Eloquent/Relations/BelongsToMany->attach(Array, Array)
#6 C:/Users/DELL/growza/growza/app/Domain/Auth/Actions/CreateNewUser.php(75): App/Domain/Identity/Models/User->assignRole('Customer')
#7 C:/Users/DELL/growza/growza/vendor/laravel/framework/src/Illuminate/Database/Concerns/ManagesTransactions.php(32): App/Domain/Auth/Actions/CreateNewUser->{closure:App/Domain/Auth/Actions/CreateNewUser::create():58}(Object(Illuminate/Database/SQLiteConnection))
#8 C:/Users/DELL/growza/growza/vendor/laravel/framework/src/Illuminate/Database/DatabaseManager.php(495): Illuminate/Database/Connection->transaction(Object(Closure))
#9 C:/Users/DELL/growza/growza/vendor/laravel/framework/src/Illuminate/Support/Facades/Facade.php(361): Illuminate/Database/DatabaseManager->__call('transaction', Array)
#10 C:/Users/DELL/growza/growza/app/Domain/Auth/Actions/CreateNewUser.php(58): Illuminate/Support/Facades/Facade::__callStatic('transaction', Array)
#11 C:/Users/DELL/growza/growza/vendor/laravel/fortify/src/Http/Controllers/RegisteredUserController.php(62): App/Domain/Auth/Actions/CreateNewUser->create(Array)
#12 C:/Users/DELL/growza/growza/vendor/laravel/framework/src/Illuminate/Routing/Controller.php(54): Laravel/Fortify/Http/Controllers/RegisteredUserController->store(Object(Illuminate/Http/Request), Object(App/Domain/Auth/Actions/CreateNewUser))
#13 C:/Users/DELL/growza/growza/vendor/laravel/framework/src/Illuminate/Routing/ControllerDispatcher.php(44): Illuminate/Routing/Controller->callAction('store', Array)
#14 C:/Users/DELL/growza/growza/vendor/laravel/framework/src/Illuminate/Routing/Route.php(266): Illuminate/Routing/ControllerDispatcher->dispatch(Object(Illuminate/Routing/Route), Object(Laravel/Fortify/Http/Controllers/RegisteredUserController), 'store')
#15 C:/Users/DELL/growza/growza/vendor/laravel/framework/src/Illuminate/Routing/Route.php(212): Illuminate/Routing/Route->runController()
#16 C:/Users/DELL/growza/growza/vendor/laravel/framework/src/Illuminate/Routing/Router.php(808): Illuminate/Routing/Route->run()
#17 C:/Users/DELL/growza/growza/vendor/laravel/framework/src/Illuminate/Pipeline/Pipeline.php(170): Illuminate/Routing/Router->{closure:Illuminate/Routing/Router::runRouteWithinStack():807}(Object(Illuminate/Http/Request))
#18 C:/Users/DELL/growza/growza/vendor/laravel/framework/src/Illuminate/Auth/Middleware/RedirectIfAuthenticated.php(35): Illuminate/Pipeline/Pipeline->{closure:Illuminate/Pipeline/Pipeline::prepareDestination():168}(Object(Illuminate/Http/Request))
#19 C:/Users/DELL/growza/growza/vendor/laravel/framework/src/Illuminate/Pipeline/Pipeline.php(209): Illuminate/Auth/Middleware/RedirectIfAuthenticated->handle(Object(Illuminate/Http/Request), Object(Closure), 'web')
#20 C:/Users/DELL/growza/growza/vendor/laravel/framework/src/Illuminate/Routing/Middleware/SubstituteBindings.php(51): Illuminate/Pipeline/Pipeline->{closure:{closure:Illuminate/Pipeline/Pipeline::carry():184}:185}(Object(Illuminate/Http/Request))
#21 C:/Users/DELL/growza/growza/vendor/laravel/framework/src/Illuminate/Pipeline/Pipeline.php(209): Illuminate/Routing/Middleware/SubstituteBindings->handle(Object(Illuminate/Http/Request), Object(Closure))
#22 C:/Users/DELL/growza/growza/vendor/laravel/framework/src/Illuminate/Foundation/Http/Middleware/VerifyCsrfToken.php(88): Illuminate/Pipeline/Pipeline->{closure:{closure:Illuminate/Pipeline/Pipeline::carry():184}:185}(Object(Illuminate/Http/Request))
#23 C:/Users/DELL/growza/growza/vendor/laravel/framework/src/Illuminate/Pipeline/Pipeline.php(209): Illuminate/Foundation/Http/Middleware/VerifyCsrfToken->handle(Object(Illuminate/Http/Request), Object(Closure))
#24 C:/Users/DELL/growza/growza/vendor/laravel/framework/src/Illuminate/View/Middleware/ShareErrorsFromSession.php(49): Illuminate/Pipeline/Pipeline->{closure:{closure:Illuminate/Pipeline/Pipeline::carry():184}:185}(Object(Illuminate/Http/Request))
#25 C:/Users/DELL/growza/growza/vendor/laravel/framework/src/Illuminate/Pipeline/Pipeline.php(209): Illuminate/View/Middleware/ShareErrorsFromSession->handle(Object(Illuminate/Http/Request), Object(Closure))
#26 C:/Users/DELL/growza/growza/vendor/laravel/framework/src/Illuminate/Session/Middleware/StartSession.php(121): Illuminate/Pipeline/Pipeline->{closure:{closure:Illuminate/Pipeline/Pipeline::carry():184}:185}(Object(Illuminate/Http/Request))
#27 C:/Users/DELL/growza/growza/vendor/laravel/framework/src/Illuminate/Session/Middleware/StartSession.php(64): Illuminate/Session/Middleware/StartSession->handleStatefulRequest(Object(Illuminate/Http/Request), Object(Illuminate/Session/Store), Object(Closure))
#28 C:/Users/DELL/growza/growza/vendor/laravel/framework/src/Illuminate/Pipeline/Pipeline.php(209): Illuminate/Session/Middleware/StartSession->handle(Object(Illuminate/Http/Request), Object(Closure))
#29 C:/Users/DELL/growza/growza/vendor/laravel/framework/src/Illuminate/Cookie/Middleware/AddQueuedCookiesToResponse.php(37): Illuminate/Pipeline/Pipeline->{closure:{closure:Illuminate/Pipeline/Pipeline::carry():184}:185}(Object(Illuminate/Http/Request))
#30 C:/Users/DELL/growza/growza/vendor/laravel/framework/src/Illuminate/Pipeline/Pipeline.php(209): Illuminate/Cookie/Middleware/AddQueuedCookiesToResponse->handle(Object(Illuminate/Http/Request), Object(Closure))
#31 C:/Users/DELL/growza/growza/vendor/laravel/framework/src/Illuminate/Cookie/Middleware/EncryptCookies.php(75): Illuminate/Pipeline/Pipeline->{closure:{closure:Illuminate/Pipeline/Pipeline::carry():184}:185}(Object(Illuminate/Http/Request))
#32 C:/Users/DELL/growza/growza/vendor/laravel/framework/src/Illuminate/Pipeline/Pipeline.php(209): Illuminate/Cookie/Middleware/EncryptCookies->handle(Object(Illuminate/Http/Request), Object(Closure))
#33 C:/Users/DELL/growza/growza/vendor/laravel/framework/src/Illuminate/Pipeline/Pipeline.php(127): Illuminate/Pipeline/Pipeline->{closure:{closure:Illuminate/Pipeline/Pipeline::carry():184}:185}(Object(Illuminate/Http/Request))
#34 C:/Users/DELL/growza/growza/vendor/laravel/framework/src/Illuminate/Routing/Router.php(807): Illuminate/Pipeline/Pipeline->then(Object(Closure))
#35 C:/Users/DELL/growza/growza/vendor/laravel/framework/src/Illuminate/Routing/Router.php(786): Illuminate/Routing/Router->runRouteWithinStack(Object(Illuminate/Routing/Route), Object(Illuminate/Http/Request))
#36 C:/Users/DELL/growza/growza/vendor/laravel/framework/src/Illuminate/Routing/Router.php(750): Illuminate/Routing/Router->runRoute(Object(Illuminate/Http/Request), Object(Illuminate/Routing/Route))
#37 C:/Users/DELL/growza/growza/vendor/laravel/framework/src/Illuminate/Routing/Router.php(739): Illuminate/Routing/Router->dispatchToRoute(Object(Illuminate/Http/Request))
#38 C:/Users/DELL/growza/growza/vendor/laravel/framework/src/Illuminate/Foundation/Http/Kernel.php(201): Illuminate/Routing/Router->dispatch(Object(Illuminate/Http/Request))
#39 C:/Users/DELL/growza/growza/vendor/laravel/framework/src/Illuminate/Pipeline/Pipeline.php(170): Illuminate/Foundation/Http/Kernel->{closure:Illuminate/Foundation/Http/Kernel::dispatchToRouter():198}(Object(Illuminate/Http/Request))
#40 C:/Users/DELL/growza/growza/vendor/livewire/livewire/src/Features/SupportDisablingBackButtonCache/DisableBackButtonCacheMiddleware.php(19): Illuminate/Pipeline/Pipeline->{closure:Illuminate/Pipeline/Pipeline::prepareDestination():168}(Object(Illuminate/Http/Request))
#41 C:/Users/DELL/growza/growza/vendor/laravel/framework/src/Illuminate/Pipeline/Pipeline.php(209): Livewire/Features/SupportDisablingBackButtonCache/DisableBackButtonCacheMiddleware->handle(Object(Illuminate/Http/Request), Object(Closure))
#42 C:/Users/DELL/growza/growza/vendor/laravel/framework/src/Illuminate/Foundation/Http/Middleware/TransformsRequest.php(21): Illuminate/Pipeline/Pipeline->{closure:{closure:Illuminate/Pipeline/Pipeline::carry():184}:185}(Object(Illuminate/Http/Request))
#43 C:/Users/DELL/growza/growza/vendor/laravel/framework/src/Illuminate/Foundation/Http/Middleware/ConvertEmptyStringsToNull.php(31): Illuminate/Foundation/Http/Middleware/TransformsRequest->handle(Object(Illuminate/Http/Request), Object(Closure))
#44 C:/Users/DELL/growza/growza/vendor/laravel/framework/src/Illuminate/Pipeline/Pipeline.php(209): Illuminate/Foundation/Http/Middleware/ConvertEmptyStringsToNull->handle(Object(Illuminate/Http/Request), Object(Closure))
#45 C:/Users/DELL/growza/growza/vendor/laravel/framework/src/Illuminate/Foundation/Http/Middleware/TransformsRequest.php(21): Illuminate/Pipeline/Pipeline->{closure:{closure:Illuminate/Pipeline/Pipeline::carry():184}:185}(Object(Illuminate/Http/Request))
#46 C:/Users/DELL/growza/growza/vendor/laravel/framework/src/Illuminate/Foundation/Http/Middleware/TrimStrings.php(51): Illuminate/Foundation/Http/Middleware/TransformsRequest->handle(Object(Illuminate/Http/Request), Object(Closure))
#47 C:/Users/DELL/growza/growza/vendor/laravel/framework/src/Illuminate/Pipeline/Pipeline.php(209): Illuminate/Foundation/Http/Middleware/TrimStrings->handle(Object(Illuminate/Http/Request), Object(Closure))
#48 C:/Users/DELL/growza/growza/vendor/laravel/framework/src/Illuminate/Http/Middleware/ValidatePostSize.php(27): Illuminate/Pipeline/Pipeline->{closure:{closure:Illuminate/Pipeline/Pipeline::carry():184}:185}(Object(Illuminate/Http/Request))
#49 C:/Users/DELL/growza/growza/vendor/laravel/framework/src/Illuminate/Pipeline/Pipeline.php(209): Illuminate/Http/Middleware/ValidatePostSize->handle(Object(Illuminate/Http/Request), Object(Closure))
#50 C:/Users/DELL/growza/growza/vendor/laravel/framework/src/Illuminate/Foundation/Http/Middleware/PreventRequestsDuringMaintenance.php(110): Illuminate/Pipeline/Pipeline->{closure:{closure:Illuminate/Pipeline/Pipeline::carry():184}:185}(Object(Illuminate/Http/Request))
#51 C:/Users/DELL/growza/growza/vendor/laravel/framework/src/Illuminate/Pipeline/Pipeline.php(209): Illuminate/Foundation/Http/Middleware/PreventRequestsDuringMaintenance->handle(Object(Illuminate/Http/Request), Object(Closure))
#52 C:/Users/DELL/growza/growza/vendor/laravel/framework/src/Illuminate/Http/Middleware/HandleCors.php(49): Illuminate/Pipeline/Pipeline->{closure:{closure:Illuminate/Pipeline/Pipeline::carry():184}:185}(Object(Illuminate/Http/Request))
#53 C:/Users/DELL/growza/growza/vendor/laravel/framework/src/Illuminate/Pipeline/Pipeline.php(209): Illuminate/Http/Middleware/HandleCors->handle(Object(Illuminate/Http/Request), Object(Closure))
#54 C:/Users/DELL/growza/growza/vendor/laravel/framework/src/Illuminate/Http/Middleware/TrustProxies.php(58): Illuminate/Pipeline/Pipeline->{closure:{closure:Illuminate/Pipeline/Pipeline::carry():184}:185}(Object(Illuminate/Http/Request))
#55 C:/Users/DELL/growza/growza/vendor/laravel/framework/src/Illuminate/Pipeline/Pipeline.php(209): Illuminate/Http/Middleware/TrustProxies->handle(Object(Illuminate/Http/Request), Object(Closure))
#56 C:/Users/DELL/growza/growza/vendor/laravel/framework/src/Illuminate/Foundation/Http/Middleware/InvokeDeferredCallbacks.php(22): Illuminate/Pipeline/Pipeline->{closure:{closure:Illuminate/Pipeline/Pipeline::carry():184}:185}(Object(Illuminate/Http/Request))
#57 C:/Users/DELL/growza/growza/vendor/laravel/framework/src/Illuminate/Pipeline/Pipeline.php(209): Illuminate/Foundation/Http/Middleware/InvokeDeferredCallbacks->handle(Object(Illuminate/Http/Request), Object(Closure))
#58 C:/Users/DELL/growza/growza/vendor/laravel/framework/src/Illuminate/Pipeline/Pipeline.php(127): Illuminate/Pipeline/Pipeline->{closure:{closure:Illuminate/Pipeline/Pipeline::carry():184}:185}(Object(Illuminate/Http/Request))
#59 C:/Users/DELL/growza/growza/vendor/laravel/framework/src/Illuminate/Foundation/Http/Kernel.php(176): Illuminate/Pipeline/Pipeline->then(Object(Closure))
#60 C:/Users/DELL/growza/growza/vendor/laravel/framework/src/Illuminate/Foundation/Http/Kernel.php(145): Illuminate/Foundation/Http/Kernel->sendRequestThroughRouter(Object(Illuminate/Http/Request))
#61 C:/Users/DELL/growza/growza/vendor/laravel/framework/src/Illuminate/Foundation/Testing/Concerns/MakesHttpRequests.php(607): Illuminate/Foundation/Http/Kernel->handle(Object(Illuminate/Http/Request))
#62 C:/Users/DELL/growza/growza/vendor/laravel/framework/src/Illuminate/Foundation/Testing/Concerns/MakesHttpRequests.php(397): Illuminate/Foundation/Testing/TestCase->call('POST', 'http://localhos...', Array, Array, Array, Array)
#63 [internal function]: Illuminate/Foundation/Testing/TestCase->post('http://localhos...', Array)
#64 C:/Users/DELL/growza/growza/vendor/pestphp/pest/src/Support/Reflection.php(38): ReflectionMethod->invoke(Object(P/Tests/Feature/AuthenticationTest), 'http://localhos...', Array)
#65 C:/Users/DELL/growza/growza/vendor/pestphp/pest/src/Support/HigherOrderMessage.php(59): Pest/Support/Reflection::call(Object(P/Tests/Feature/AuthenticationTest), 'post', Array)
#66 C:/Users/DELL/growza/growza/vendor/pestphp/pest/src/Support/HigherOrderTapProxy.php(66): Pest/Support/HigherOrderMessage->call(Object(P/Tests/Feature/AuthenticationTest))
#67 C:/Users/DELL/growza/growza/vendor/pestphp/pest-plugin-laravel/src/Http.php(209): Pest/Support/HigherOrderTapProxy->__call('post', Array)
#68 C:/Users/DELL/growza/growza/tests/Feature/AuthenticationTest.php(32): Pest/Laravel/post('http://localhos...', Array)
#69 C:/Users/DELL/growza/growza/vendor/pestphp/pest/src/Factories/TestCaseMethodFactory.php(110): P/Tests/Feature/AuthenticationTest->{closure:C:/Users/DELL/growza/growza/tests/Feature/AuthenticationTest.php:31}()
#70 [internal function]: P/Tests/Feature/AuthenticationTest->{closure:Pest/Factories/TestCaseMethodFactory::getClosure():102}()
#71 C:/Users/DELL/growza/growza/vendor/pestphp/pest/src/Concerns/Testable.php(339): call_user_func_array(Object(Closure), Array)
#72 C:/Users/DELL/growza/growza/vendor/pestphp/pest/src/Support/ExceptionTrace.php(26): P/Tests/Feature/AuthenticationTest->{closure:Pest/Concerns/Testable::__callClosure():339}()
#73 C:/Users/DELL/growza/growza/vendor/pestphp/pest/src/Concerns/Testable.php(339): Pest/Support/ExceptionTrace::ensure(Object(Closure))
#74 C:/Users/DELL/growza/growza/vendor/pestphp/pest/src/Concerns/Testable.php(256): P/Tests/Feature/AuthenticationTest->__callClosure(Object(Closure), Array)
#75 C:/Users/DELL/growza/growza/vendor/pestphp/pest/src/Factories/TestCaseFactory.php(197) : eval()'d code(41): P/Tests/Feature/AuthenticationTest->__runTest(Object(Closure))
#76 C:/Users/DELL/growza/growza/vendor/phpunit/phpunit/src/Framework/TestCase.php(1548): P/Tests/Feature/AuthenticationTest->__pest_evaluable_it_registers_a_user_with_the_required_fields()
#77 C:/Users/DELL/growza/growza/vendor/phpunit/phpunit/src/Framework/TestCase.php(686): PHPUnit/Framework/TestCase->runTest()
#78 C:/Users/DELL/growza/growza/vendor/phpunit/phpunit/src/Framework/TestRunner.php(106): PHPUnit/Framework/TestCase->runBare()
#79 C:/Users/DELL/growza/growza/vendor/phpunit/phpunit/src/Framework/TestCase.php(516): PHPUnit/Framework/TestRunner->run(Object(P/Tests/Feature/AuthenticationTest))
#80 C:/Users/DELL/growza/growza/vendor/phpunit/phpunit/src/Framework/TestSuite.php(374): PHPUnit/Framework/TestCase->run()
#81 C:/Users/DELL/growza/growza/vendor/phpunit/phpunit/src/Framework/TestSuite.php(374): PHPUnit/Framework/TestSuite->run()
#82 C:/Users/DELL/growza/growza/vendor/phpunit/phpunit/src/Framework/TestSuite.php(374): PHPUnit/Framework/TestSuite->run()
#83 C:/Users/DELL/growza/growza/vendor/phpunit/phpunit/src/TextUI/TestRunner.php(64): PHPUnit/Framework/TestSuite->run()
#84 C:/Users/DELL/growza/growza/vendor/phpunit/phpunit/src/TextUI/Application.php(204): PHPUnit/TextUI/TestRunner->run(Object(PHPUnit/TextUI/Configuration/Configuration), Object(PHPUnit/Runner/ResultCache/DefaultResultCache), Object(PHPUnit/Framework/TestSuite))
#85 C:/Users/DELL/growza/growza/vendor/pestphp/pest/src/Kernel.php(103): PHPUnit/TextUI/Application->run(Array)
#86 C:/Users/DELL/growza/growza/vendor/pestphp/pest/bin/pest(91): Pest/Kernel->handle(Array, Array)
#87 C:/Users/DELL/growza/growza/vendor/pestphp/pest/bin/pest(99): {closure:C:/Users/DELL/growza/growza/vendor/pestphp/pest/bin/pest:12}()
#88 {main}

[previous exception] [object] (PDOException(code: 23000): SQLSTATE[23000]: Integrity constraint violation: 19 NOT NULL constraint failed: model_has_roles.team_id at C:/Users/DELL/growza/growza/vendor/laravel/framework/src/Illuminate/Database/Connection.php:571)
[stacktrace]
#0 C:/Users/DELL/growza/growza/vendor/laravel/framework/src/Illuminate/Database/Connection.php(571): PDOStatement->execute()
#1 C:/Users/DELL/growza/growza/vendor/laravel/framework/src/Illuminate/Database/Connection.php(812): Illuminate/Database/Connection->{closure:Illuminate/Database/Connection::statement():560}('insert into \"mo...', Array)
#2 C:/Users/DELL/growza/growza/vendor/laravel/framework/src/Illuminate/Database/Connection.php(779): Illuminate/Database/Connection->runQueryCallback('insert into \"mo...', Array, Object(Closure))
#3 C:/Users/DELL/growza/growza/vendor/laravel/framework/src/Illuminate/Database/Connection.php(560): Illuminate/Database/Connection->run('insert into \"mo...', Array, Object(Closure))
#4 C:/Users/DELL/growza/growza/vendor/laravel/framework/src/Illuminate/Database/Connection.php(524): Illuminate/Database/Connection->statement('insert into \"mo...', Array)
#5 C:/Users/DELL/growza/growza/vendor/laravel/framework/src/Illuminate/Database/Query/Builder.php(3717): Illuminate/Database/Connection->insert('insert into \"mo...', Array)
#6 C:/Users/DELL/growza/growza/vendor/laravel/framework/src/Illuminate/Database/Eloquent/Relations/Concerns/InteractsWithPivotTable.php(276): Illuminate/Database/Query/Builder->insert(Array)
#7 C:/Users/DELL/growza/growza/vendor/spatie/laravel-permission/src/Traits/HasRoles.php(164): Illuminate/Database/Eloquent/Relations/BelongsToMany->attach(Array, Array)
#8 C:/Users/DELL/growza/growza/app/Domain/Auth/Actions/CreateNewUser.php(75): App/Domain/Identity/Models/User->assignRole('Customer')
#9 C:/Users/DELL/growza/growza/vendor/laravel/framework/src/Illuminate/Database/Concerns/ManagesTransactions.php(32): App/Domain/Auth/Actions/CreateNewUser->{closure:App/Domain/Auth/Actions/CreateNewUser::create():58}(Object(Illuminate/Database/SQLiteConnection))
#10 C:/Users/DELL/growza/growza/vendor/laravel/framework/src/Illuminate/Database/DatabaseManager.php(495): Illuminate/Database/Connection->transaction(Object(Closure))
#11 C:/Users/DELL/growza/growza/vendor/laravel/framework/src/Illuminate/Support/Facades/Facade.php(361): Illuminate/Database/DatabaseManager->__call('transaction', Array)
#12 C:/Users/DELL/growza/growza/app/Domain/Auth/Actions/CreateNewUser.php(58): Illuminate/Support/Facades/Facade::__callStatic('transaction', Array)
#13 C:/Users/DELL/growza/growza/vendor/laravel/fortify/src/Http/Controllers/RegisteredUserController.php(62): App/Domain/Auth/Actions/CreateNewUser->create(Array)
#14 C:/Users/DELL/growza/growza/vendor/laravel/framework/src/Illuminate/Routing/Controller.php(54): Laravel/Fortify/Http/Controllers/RegisteredUserController->store(Object(Illuminate/Http/Request), Object(App/Domain/Auth/Actions/CreateNewUser))
#15 C:/Users/DELL/growza/growza/vendor/laravel/framework/src/Illuminate/Routing/ControllerDispatcher.php(44): Illuminate/Routing/Controller->callAction('store', Array)
#16 C:/Users/DELL/growza/growza/vendor/laravel/framework/src/Illuminate/Routing/Route.php(266): Illuminate/Routing/ControllerDispatcher->dispatch(Object(Illuminate/Routing/Route), Object(Laravel/Fortify/Http/Controllers/RegisteredUserController), 'store')
#17 C:/Users/DELL/growza/growza/vendor/laravel/framework/src/Illuminate/Routing/Route.php(212): Illuminate/Routing/Route->runController()
#18 C:/Users/DELL/growza/growza/vendor/laravel/framework/src/Illuminate/Routing/Router.php(808): Illuminate/Routing/Route->run()
#19 C:/Users/DELL/growza/growza/vendor/laravel/framework/src/Illuminate/Pipeline/Pipeline.php(170): Illuminate/Routing/Router->{closure:Illuminate/Routing/Router::runRouteWithinStack():807}(Object(Illuminate/Http/Request))
#20 C:/Users/DELL/growza/growza/vendor/laravel/framework/src/Illuminate/Auth/Middleware/RedirectIfAuthenticated.php(35): Illuminate/Pipeline/Pipeline->{closure:Illuminate/Pipeline/Pipeline::prepareDestination():168}(Object(Illuminate/Http/Request))
#21 C:/Users/DELL/growza/growza/vendor/laravel/framework/src/Illuminate/Pipeline/Pipeline.php(209): Illuminate/Auth/Middleware/RedirectIfAuthenticated->handle(Object(Illuminate/Http/Request), Object(Closure), 'web')
#22 C:/Users/DELL/growza/growza/vendor/laravel/framework/src/Illuminate/Routing/Middleware/SubstituteBindings.php(51): Illuminate/Pipeline/Pipeline->{closure:{closure:Illuminate/Pipeline/Pipeline::carry():184}:185}(Object(Illuminate/Http/Request))
#23 C:/Users/DELL/growza/growza/vendor/laravel/framework/src/Illuminate/Pipeline/Pipeline.php(209): Illuminate/Routing/Middleware/SubstituteBindings->handle(Object(Illuminate/Http/Request), Object(Closure))
#24 C:/Users/DELL/growza/growza/vendor/laravel/framework/src/Illuminate/Foundation/Http/Middleware/VerifyCsrfToken.php(88): Illuminate/Pipeline/Pipeline->{closure:{closure:Illuminate/Pipeline/Pipeline::carry():184}:185}(Object(Illuminate/Http/Request))
#25 C:/Users/DELL/growza/growza/vendor/laravel/framework/src/Illuminate/Pipeline/Pipeline.php(209): Illuminate/Foundation/Http/Middleware/VerifyCsrfToken->handle(Object(Illuminate/Http/Request), Object(Closure))
#26 C:/Users/DELL/growza/growza/vendor/laravel/framework/src/Illuminate/View/Middleware/ShareErrorsFromSession.php(49): Illuminate/Pipeline/Pipeline->{closure:{closure:Illuminate/Pipeline/Pipeline::carry():184}:185}(Object(Illuminate/Http/Request))
#27 C:/Users/DELL/growza/growza/vendor/laravel/framework/src/Illuminate/Pipeline/Pipeline.php(209): Illuminate/View/Middleware/ShareErrorsFromSession->handle(Object(Illuminate/Http/Request), Object(Closure))
#28 C:/Users/DELL/growza/growza/vendor/laravel/framework/src/Illuminate/Session/Middleware/StartSession.php(121): Illuminate/Pipeline/Pipeline->{closure:{closure:Illuminate/Pipeline/Pipeline::carry():184}:185}(Object(Illuminate/Http/Request))
#29 C:/Users/DELL/growza/growza/vendor/laravel/framework/src/Illuminate/Session/Middleware/StartSession.php(64): Illuminate/Session/Middleware/StartSession->handleStatefulRequest(Object(Illuminate/Http/Request), Object(Illuminate/Session/Store), Object(Closure))
#30 C:/Users/DELL/growza/growza/vendor/laravel/framework/src/Illuminate/Pipeline/Pipeline.php(209): Illuminate/Session/Middleware/StartSession->handle(Object(Illuminate/Http/Request), Object(Closure))
#31 C:/Users/DELL/growza/growza/vendor/laravel/framework/src/Illuminate/Cookie/Middleware/AddQueuedCookiesToResponse.php(37): Illuminate/Pipeline/Pipeline->{closure:{closure:Illuminate/Pipeline/Pipeline::carry():184}:185}(Object(Illuminate/Http/Request))
#32 C:/Users/DELL/growza/growza/vendor/laravel/framework/src/Illuminate/Pipeline/Pipeline.php(209): Illuminate/Cookie/Middleware/AddQueuedCookiesToResponse->handle(Object(Illuminate/Http/Request), Object(Closure))
#33 C:/Users/DELL/growza/growza/vendor/laravel/framework/src/Illuminate/Cookie/Middleware/EncryptCookies.php(75): Illuminate/Pipeline/Pipeline->{closure:{closure:Illuminate/Pipeline/Pipeline::carry():184}:185}(Object(Illuminate/Http/Request))
#34 C:/Users/DELL/growza/growza/vendor/laravel/framework/src/Illuminate/Pipeline/Pipeline.php(209): Illuminate/Cookie/Middleware/EncryptCookies->handle(Object(Illuminate/Http/Request), Object(Closure))
#35 C:/Users/DELL/growza/growza/vendor/laravel/framework/src/Illuminate/Pipeline/Pipeline.php(127): Illuminate/Pipeline/Pipeline->{closure:{closure:Illuminate/Pipeline/Pipeline::carry():184}:185}(Object(Illuminate/Http/Request))
#36 C:/Users/DELL/growza/growza/vendor/laravel/framework/src/Illuminate/Routing/Router.php(807): Illuminate/Pipeline/Pipeline->then(Object(Closure))
#37 C:/Users/DELL/growza/growza/vendor/laravel/framework/src/Illuminate/Routing/Router.php(786): Illuminate/Routing/Router->runRouteWithinStack(Object(Illuminate/Routing/Route), Object(Illuminate/Http/Request))
#38 C:/Users/DELL/growza/growza/vendor/laravel/framework/src/Illuminate/Routing/Router.php(750): Illuminate/Routing/Router->runRoute(Object(Illuminate/Http/Request), Object(Illuminate/Routing/Route))
#39 C:/Users/DELL/growza/growza/vendor/laravel/framework/src/Illuminate/Routing/Router.php(739): Illuminate/Routing/Router->dispatchToRoute(Object(Illuminate/Http/Request))
#40 C:/Users/DELL/growza/growza/vendor/laravel/framework/src/Illuminate/Foundation/Http/Kernel.php(201): Illuminate/Routing/Router->dispatch(Object(Illuminate/Http/Request))
#41 C:/Users/DELL/growza/growza/vendor/laravel/framework/src/Illuminate/Pipeline/Pipeline.php(170): Illuminate/Foundation/Http/Kernel->{closure:Illuminate/Foundation/Http/Kernel::dispatchToRouter():198}(Object(Illuminate/Http/Request))
#42 C:/Users/DELL/growza/growza/vendor/livewire/livewire/src/Features/SupportDisablingBackButtonCache/DisableBackButtonCacheMiddleware.php(19): Illuminate/Pipeline/Pipeline->{closure:Illuminate/Pipeline/Pipeline::prepareDestination():168}(Object(Illuminate/Http/Request))
#43 C:/Users/DELL/growza/growza/vendor/laravel/framework/src/Illuminate/Pipeline/Pipeline.php(209): Livewire/Features/SupportDisablingBackButtonCache/DisableBackButtonCacheMiddleware->handle(Object(Illuminate/Http/Request), Object(Closure))
#44 C:/Users/DELL/growza/growza/vendor/laravel/framework/src/Illuminate/Foundation/Http/Middleware/TransformsRequest.php(21): Illuminate/Pipeline/Pipeline->{closure:{closure:Illuminate/Pipeline/Pipeline::carry():184}:185}(Object(Illuminate/Http/Request))
#45 C:/Users/DELL/growza/growza/vendor/laravel/framework/src/Illuminate/Foundation/Http/Middleware/ConvertEmptyStringsToNull.php(31): Illuminate/Foundation/Http/Middleware/TransformsRequest->handle(Object(Illuminate/Http/Request), Object(Closure))
#46 C:/Users/DELL/growza/growza/vendor/laravel/framework/src/Illuminate/Pipeline/Pipeline.php(209): Illuminate/Foundation/Http/Middleware/ConvertEmptyStringsToNull->handle(Object(Illuminate/Http/Request), Object(Closure))
#47 C:/Users/DELL/growza/growza/vendor/laravel/framework/src/Illuminate/Foundation/Http/Middleware/TransformsRequest.php(21): Illuminate/Pipeline/Pipeline->{closure:{closure:Illuminate/Pipeline/Pipeline::carry():184}:185}(Object(Illuminate/Http/Request))
#48 C:/Users/DELL/growza/growza/vendor/laravel/framework/src/Illuminate/Foundation/Http/Middleware/TrimStrings.php(51): Illuminate/Foundation/Http/Middleware/TransformsRequest->handle(Object(Illuminate/Http/Request), Object(Closure))
#49 C:/Users/DELL/growza/growza/vendor/laravel/framework/src/Illuminate/Pipeline/Pipeline.php(209): Illuminate/Foundation/Http/Middleware/TrimStrings->handle(Object(Illuminate/Http/Request), Object(Closure))
#50 C:/Users/DELL/growza/growza/vendor/laravel/framework/src/Illuminate/Http/Middleware/ValidatePostSize.php(27): Illuminate/Pipeline/Pipeline->{closure:{closure:Illuminate/Pipeline/Pipeline::carry():184}:185}(Object(Illuminate/Http/Request))
#51 C:/Users/DELL/growza/growza/vendor/laravel/framework/src/Illuminate/Pipeline/Pipeline.php(209): Illuminate/Http/Middleware/ValidatePostSize->handle(Object(Illuminate/Http/Request), Object(Closure))
#52 C:/Users/DELL/growza/growza/vendor/laravel/framework/src/Illuminate/Foundation/Http/Middleware/PreventRequestsDuringMaintenance.php(110): Illuminate/Pipeline/Pipeline->{closure:{closure:Illuminate/Pipeline/Pipeline::carry():184}:185}(Object(Illuminate/Http/Request))
#53 C:/Users/DELL/growza/growza/vendor/laravel/framework/src/Illuminate/Pipeline/Pipeline.php(209): Illuminate/Foundation/Http/Middleware/PreventRequestsDuringMaintenance->handle(Object(Illuminate/Http/Request), Object(Closure))
#54 C:/Users/DELL/growza/growza/vendor/laravel/framework/src/Illuminate/Http/Middleware/HandleCors.php(49): Illuminate/Pipeline/Pipeline->{closure:{closure:Illuminate/Pipeline/Pipeline::carry():184}:185}(Object(Illuminate/Http/Request))
#55 C:/Users/DELL/growza/growza/vendor/laravel/framework/src/Illuminate/Pipeline/Pipeline.php(209): Illuminate/Http/Middleware/HandleCors->handle(Object(Illuminate/Http/Request), Object(Closure))
#56 C:/Users/DELL/growza/growza/vendor/laravel/framework/src/Illuminate/Http/Middleware/TrustProxies.php(58): Illuminate/Pipeline/Pipeline->{closure:{closure:Illuminate/Pipeline/Pipeline::carry():184}:185}(Object(Illuminate/Http/Request))
#57 C:/Users/DELL/growza/growza/vendor/laravel/framework/src/Illuminate/Pipeline/Pipeline.php(209): Illuminate/Http/Middleware/TrustProxies->handle(Object(Illuminate/Http/Request), Object(Closure))
#58 C:/Users/DELL/growza/growza/vendor/laravel/framework/src/Illuminate/Foundation/Http/Middleware/InvokeDeferredCallbacks.php(22): Illuminate/Pipeline/Pipeline->{closure:{closure:Illuminate/Pipeline/Pipeline::carry():184}:185}(Object(Illuminate/Http/Request))
#59 C:/Users/DELL/growza/growza/vendor/laravel/framework/src/Illuminate/Pipeline/Pipeline.php(209): Illuminate/Foundation/Http/Middleware/InvokeDeferredCallbacks->handle(Object(Illuminate/Http/Request), Object(Closure))
#60 C:/Users/DELL/growza/growza/vendor/laravel/framework/src/Illuminate/Pipeline/Pipeline.php(127): Illuminate/Pipeline/Pipeline->{closure:{closure:Illuminate/Pipeline/Pipeline::carry():184}:185}(Object(Illuminate/Http/Request))
#61 C:/Users/DELL/growza/growza/vendor/laravel/framework/src/Illuminate/Foundation/Http/Kernel.php(176): Illuminate/Pipeline/Pipeline->then(Object(Closure))
#62 C:/Users/DELL/growza/growza/vendor/laravel/framework/src/Illuminate/Foundation/Http/Kernel.php(145): Illuminate/Foundation/Http/Kernel->sendRequestThroughRouter(Object(Illuminate/Http/Request))
#63 C:/Users/DELL/growza/growza/vendor/laravel/framework/src/Illuminate/Foundation/Testing/Concerns/MakesHttpRequests.php(607): Illuminate/Foundation/Http/Kernel->handle(Object(Illuminate/Http/Request))
#64 C:/Users/DELL/growza/growza/vendor/laravel/framework/src/Illuminate/Foundation/Testing/Concerns/MakesHttpRequests.php(397): Illuminate/Foundation/Testing/TestCase->call('POST', 'http://localhos...', Array, Array, Array, Array)
#65 [internal function]: Illuminate/Foundation/Testing/TestCase->post('http://localhos...', Array)
#66 C:/Users/DELL/growza/growza/vendor/pestphp/pest/src/Support/Reflection.php(38): ReflectionMethod->invoke(Object(P/Tests/Feature/AuthenticationTest), 'http://localhos...', Array)
#67 C:/Users/DELL/growza/growza/vendor/pestphp/pest/src/Support/HigherOrderMessage.php(59): Pest/Support/Reflection::call(Object(P/Tests/Feature/AuthenticationTest), 'post', Array)
#68 C:/Users/DELL/growza/growza/vendor/pestphp/pest/src/Support/HigherOrderTapProxy.php(66): Pest/Support/HigherOrderMessage->call(Object(P/Tests/Feature/AuthenticationTest))
#69 C:/Users/DELL/growza/growza/vendor/pestphp/pest-plugin-laravel/src/Http.php(209): Pest/Support/HigherOrderTapProxy->__call('post', Array)
#70 C:/Users/DELL/growza/growza/tests/Feature/AuthenticationTest.php(32): Pest/Laravel/post('http://localhos...', Array)
#71 C:/Users/DELL/growza/growza/vendor/pestphp/pest/src/Factories/TestCaseMethodFactory.php(110): P/Tests/Feature/AuthenticationTest->{closure:C:/Users/DELL/growza/growza/tests/Feature/AuthenticationTest.php:31}()
#72 [internal function]: P/Tests/Feature/AuthenticationTest->{closure:Pest/Factories/TestCaseMethodFactory::getClosure():102}()
#73 C:/Users/DELL/growza/growza/vendor/pestphp/pest/src/Concerns/Testable.php(339): call_user_func_array(Object(Closure), Array)
#74 C:/Users/DELL/growza/growza/vendor/pestphp/pest/src/Support/ExceptionTrace.php(26): P/Tests/Feature/AuthenticationTest->{closure:Pest/Concerns/Testable::__callClosure():339}()
#75 C:/Users/DELL/growza/growza/vendor/pestphp/pest/src/Concerns/Testable.php(339): Pest/Support/ExceptionTrace::ensure(Object(Closure))
#76 C:/Users/DELL/growza/growza/vendor/pestphp/pest/src/Concerns/Testable.php(256): P/Tests/Feature/AuthenticationTest->__callClosure(Object(Closure), Array)
#77 C:/Users/DELL/growza/growza/vendor/pestphp/pest/src/Factories/TestCaseFactory.php(197) : eval()'d code(41): P/Tests/Feature/AuthenticationTest->__runTest(Object(Closure))
#78 C:/Users/DELL/growza/growza/vendor/phpunit/phpunit/src/Framework/TestCase.php(1548): P/Tests/Feature/AuthenticationTest->__pest_evaluable_it_registers_a_user_with_the_required_fields()
#79 C:/Users/DELL/growza/growza/vendor/phpunit/phpunit/src/Framework/TestCase.php(686): PHPUnit/Framework/TestCase->runTest()
#80 C:/Users/DELL/growza/growza/vendor/phpunit/phpunit/src/Framework/TestRunner.php(106): PHPUnit/Framework/TestCase->runBare()
#81 C:/Users/DELL/growza/growza/vendor/phpunit/phpunit/src/Framework/TestCase.php(516): PHPUnit/Framework/TestRunner->run(Object(P/Tests/Feature/AuthenticationTest))
#82 C:/Users/DELL/growza/growza/vendor/phpunit/phpunit/src/Framework/TestSuite.php(374): PHPUnit/Framework/TestCase->run()
#83 C:/Users/DELL/growza/growza/vendor/phpunit/phpunit/src/Framework/TestSuite.php(374): PHPUnit/Framework/TestSuite->run()
#84 C:/Users/DELL/growza/growza/vendor/phpunit/phpunit/src/Framework/TestSuite.php(374): PHPUnit/Framework/TestSuite->run()
#85 C:/Users/DELL/growza/growza/vendor/phpunit/phpunit/src/TextUI/TestRunner.php(64): PHPUnit/Framework/TestSuite->run()
#86 C:/Users/DELL/growza/growza/vendor/phpunit/phpunit/src/TextUI/Application.php(204): PHPUnit/TextUI/TestRunner->run(Object(PHPUnit/TextUI/Configuration/Configuration), Object(PHPUnit/Runner/ResultCache/DefaultResultCache), Object(PHPUnit/Framework/TestSuite))
#87 C:/Users/DELL/growza/growza/vendor/pestphp/pest/src/Kernel.php(103): PHPUnit/TextUI/Application->run(Array)
#88 C:/Users/DELL/growza/growza/vendor/pestphp/pest/bin/pest(91): Pest/Kernel->handle(Array, Array)
#89 C:/Users/DELL/growza/growza/vendor/pestphp/pest/bin/pest(99): {closure:C:/Users/DELL/growza/growza/vendor/pestphp/pest/bin/pest:12}()
#90 {main}
"} 
[2026-09-21 06:25:47] testing.ERROR: cURL error 60: SSL certificate problem: unable to get local issuer certificate (see https://curl.se/libcurl/c/libcurl-errors.html) for https://api.pwnedpasswords.com/range/E8E64 {"exception":"[object] (GuzzleHttp\\Exception\\RequestException(code: 0): cURL error 60: SSL certificate problem: unable to get local issuer certificate (see https://curl.se/libcurl/c/libcurl-errors.html) for https://api.pwnedpasswords.com/range/E8E64 at C:/Users/DELL/growza/growza/vendor/guzzlehttp/guzzle/src/Handler/CurlFactory.php:1141)
[stacktrace]
#0 C:/Users/DELL/growza/growza/vendor/guzzlehttp/guzzle/src/Handler/CurlFactory.php(1077): GuzzleHttp/Handler/CurlFactory::createRejection(Object(GuzzleHttp/Handler/EasyHandle), Array)
#1 C:/Users/DELL/growza/growza/vendor/guzzlehttp/guzzle/src/Handler/CurlFactory.php(1014): GuzzleHttp/Handler/CurlFactory::finishError(Object(GuzzleHttp/Handler/CurlHandler), Object(GuzzleHttp/Handler/EasyHandle), Object(GuzzleHttp/Handler/CurlFactory))
#2 C:/Users/DELL/growza/growza/vendor/guzzlehttp/guzzle/src/Handler/CurlHandler.php(88): GuzzleHttp/Handler/CurlFactory::finish(Object(GuzzleHttp/Handler/CurlHandler), Object(GuzzleHttp/Handler/EasyHandle), Object(GuzzleHttp/Handler/CurlFactory))
#3 C:/Users/DELL/growza/growza/vendor/guzzlehttp/guzzle/src/Handler/Proxy.php(28): GuzzleHttp/Handler/CurlHandler->__invoke(Object(GuzzleHttp/Psr7/Request), Array)
#4 C:/Users/DELL/growza/growza/vendor/guzzlehttp/guzzle/src/Handler/Proxy.php(68): GuzzleHttp/Handler/Proxy::{closure:GuzzleHttp/Handler/Proxy::wrapSync():27}(Object(GuzzleHttp/Psr7/Request), Array)
#5 C:/Users/DELL/growza/growza/vendor/guzzlehttp/guzzle/src/Handler/Proxy.php(48): GuzzleHttp/Handler/Proxy::{closure:GuzzleHttp/Handler/Proxy::wrapTlsFallback():63}(Object(GuzzleHttp/Psr7/Request), Array)
#6 C:/Users/DELL/growza/growza/vendor/laravel/framework/src/Illuminate/Http/Client/PendingRequest.php(1340): GuzzleHttp/Handler/Proxy::{closure:GuzzleHttp/Handler/Proxy::wrapStreaming():47}(Object(GuzzleHttp/Psr7/Request), Array)
#7 C:/Users/DELL/growza/growza/vendor/laravel/framework/src/Illuminate/Http/Client/PendingRequest.php(1306): Illuminate/Http/Client/PendingRequest->{closure:{closure:Illuminate/Http/Client/PendingRequest::buildStubHandler():1327}:1328}(Object(GuzzleHttp/Psr7/Request), Array)
#8 C:/Users/DELL/growza/growza/vendor/laravel/framework/src/Illuminate/Http/Client/PendingRequest.php(1292): Illuminate/Http/Client/PendingRequest->{closure:{closure:Illuminate/Http/Client/PendingRequest::buildRecorderHandler():1304}:1305}(Object(GuzzleHttp/Psr7/Request), Array)
#9 C:/Users/DELL/growza/growza/vendor/guzzlehttp/guzzle/src/PrepareBodyMiddleware.php(35): Illuminate/Http/Client/PendingRequest->{closure:{closure:Illuminate/Http/Client/PendingRequest::buildBeforeSendingHandler():1290}:1291}(Object(GuzzleHttp/Psr7/Request), Array)
#10 C:/Users/DELL/growza/growza/vendor/guzzlehttp/guzzle/src/Middleware.php(38): GuzzleHttp/PrepareBodyMiddleware->__invoke(Object(GuzzleHttp/Psr7/Request), Array)
#11 C:/Users/DELL/growza/growza/vendor/guzzlehttp/guzzle/src/RedirectMiddleware.php(72): GuzzleHttp/Middleware::{closure:{closure:GuzzleHttp/Middleware::cookies():28}:29}(Object(GuzzleHttp/Psr7/Request), Array)
#12 C:/Users/DELL/growza/growza/vendor/guzzlehttp/guzzle/src/Middleware.php(63): GuzzleHttp/RedirectMiddleware->__invoke(Object(GuzzleHttp/Psr7/Request), Array)
#13 C:/Users/DELL/growza/growza/vendor/guzzlehttp/guzzle/src/HandlerStack.php(75): GuzzleHttp/Middleware::{closure:{closure:GuzzleHttp/Middleware::httpErrors():60}:61}(Object(GuzzleHttp/Psr7/Request), Array)
#14 C:/Users/DELL/growza/growza/vendor/guzzlehttp/guzzle/src/Client.php(1109): GuzzleHttp/HandlerStack->__invoke(Object(GuzzleHttp/Psr7/Request), Array)
#15 C:/Users/DELL/growza/growza/vendor/guzzlehttp/guzzle/src/Client.php(243): GuzzleHttp/Client->transfer(Object(GuzzleHttp/Psr7/Request), Array)
#16 C:/Users/DELL/growza/growza/vendor/guzzlehttp/guzzle/src/Client.php(273): GuzzleHttp/Client->requestAsync('GET', Object(GuzzleHttp/Psr7/Uri), Array)
#17 C:/Users/DELL/growza/growza/vendor/laravel/framework/src/Illuminate/Http/Client/PendingRequest.php(1138): GuzzleHttp/Client->request('GET', 'https://api.pwn...', Array)
#18 C:/Users/DELL/growza/growza/vendor/laravel/framework/src/Illuminate/Http/Client/PendingRequest.php(907): Illuminate/Http/Client/PendingRequest->sendRequest('GET', 'https://api.pwn...', Array)
#19 C:/Users/DELL/growza/growza/vendor/laravel/framework/src/Illuminate/Support/helpers.php(338): Illuminate/Http/Client/PendingRequest->{closure:Illuminate/Http/Client/PendingRequest::send():905}(1)
#20 C:/Users/DELL/growza/growza/vendor/laravel/framework/src/Illuminate/Http/Client/PendingRequest.php(905): retry(0, Object(Closure), 100, Object(Closure))
#21 C:/Users/DELL/growza/growza/vendor/laravel/framework/src/Illuminate/Http/Client/PendingRequest.php(772): Illuminate/Http/Client/PendingRequest->send('GET', 'https://api.pwn...', Array)
#22 C:/Users/DELL/growza/growza/vendor/laravel/framework/src/Illuminate/Validation/NotPwnedVerifier.php(89): Illuminate/Http/Client/PendingRequest->get('https://api.pwn...')
#23 C:/Users/DELL/growza/growza/vendor/laravel/framework/src/Illuminate/Validation/NotPwnedVerifier.php(55): Illuminate/Validation/NotPwnedVerifier->search('E8E64')
#24 C:/Users/DELL/growza/growza/vendor/laravel/framework/src/Illuminate/Validation/Rules/Password.php(349): Illuminate/Validation/NotPwnedVerifier->verify(Array)
#25 C:/Users/DELL/growza/growza/vendor/laravel/framework/src/Illuminate/Validation/Validator.php(902): Illuminate/Validation/Rules/Password->passes('password', 'correct-horse-9...')
#26 C:/Users/DELL/growza/growza/vendor/laravel/framework/src/Illuminate/Validation/Validator.php(678): Illuminate/Validation/Validator->validateUsingCustomRule('password', 'correct-horse-9...', Object(Illuminate/Validation/Rules/Password))
#27 C:/Users/DELL/growza/growza/vendor/laravel/framework/src/Illuminate/Validation/Validator.php(481): Illuminate/Validation/Validator->validateAttribute('password', Object(Illuminate/Validation/Rules/Password))
#28 C:/Users/DELL/growza/growza/vendor/laravel/framework/src/Illuminate/Validation/Validator.php(516): Illuminate/Validation/Validator->passes()
#29 C:/Users/DELL/growza/growza/vendor/laravel/framework/src/Illuminate/Validation/Validator.php(558): Illuminate/Validation/Validator->fails()
#30 C:/Users/DELL/growza/growza/app/Domain/Auth/Actions/CreateNewUser.php(53): Illuminate/Validation/Validator->validate()
#31 C:/Users/DELL/growza/growza/vendor/laravel/fortify/src/Http/Controllers/RegisteredUserController.php(62): App/Domain/Auth/Actions/CreateNewUser->create(Array)
#32 C:/Users/DELL/growza/growza/vendor/laravel/framework/src/Illuminate/Routing/Controller.php(54): Laravel/Fortify/Http/Controllers/RegisteredUserController->store(Object(Illuminate/Http/Request), Object(App/Domain/Auth/Actions/CreateNewUser))
#33 C:/Users/DELL/growza/growza/vendor/laravel/framework/src/Illuminate/Routing/ControllerDispatcher.php(44): Illuminate/Routing/Controller->callAction('store', Array)
#34 C:/Users/DELL/growza/growza/vendor/laravel/framework/src/Illuminate/Routing/Route.php(266): Illuminate/Routing/ControllerDispatcher->dispatch(Object(Illuminate/Routing/Route), Object(Laravel/Fortify/Http/Controllers/RegisteredUserController), 'store')
#35 C:/Users/DELL/growza/growza/vendor/laravel/framework/src/Illuminate/Routing/Route.php(212): Illuminate/Routing/Route->runController()
#36 C:/Users/DELL/growza/growza/vendor/laravel/framework/src/Illuminate/Routing/Router.php(808): Illuminate/Routing/Route->run()
#37 C:/Users/DELL/growza/growza/vendor/laravel/framework/src/Illuminate/Pipeline/Pipeline.php(170): Illuminate/Routing/Router->{closure:Illuminate/Routing/Router::runRouteWithinStack():807}(Object(Illuminate/Http/Request))
#38 C:/Users/DELL/growza/growza/vendor/laravel/framework/src/Illuminate/Auth/Middleware/RedirectIfAuthenticated.php(35): Illuminate/Pipeline/Pipeline->{closure:Illuminate/Pipeline/Pipeline::prepareDestination():168}(Object(Illuminate/Http/Request))
#39 C:/Users/DELL/growza/growza/vendor/laravel/framework/src/Illuminate/Pipeline/Pipeline.php(209): Illuminate/Auth/Middleware/RedirectIfAuthenticated->handle(Object(Illuminate/Http/Request), Object(Closure), 'web')
#40 C:/Users/DELL/growza/growza/vendor/laravel/framework/src/Illuminate/Routing/Middleware/SubstituteBindings.php(51): Illuminate/Pipeline/Pipeline->{closure:{closure:Illuminate/Pipeline/Pipeline::carry():184}:185}(Object(Illuminate/Http/Request))
#41 C:/Users/DELL/growza/growza/vendor/laravel/framework/src/Illuminate/Pipeline/Pipeline.php(209): Illuminate/Routing/Middleware/SubstituteBindings->handle(Object(Illuminate/Http/Request), Object(Closure))
#42 C:/Users/DELL/growza/growza/vendor/laravel/framework/src/Illuminate/Foundation/Http/Middleware/VerifyCsrfToken.php(88): Illuminate/Pipeline/Pipeline->{closure:{closure:Illuminate/Pipeline/Pipeline::carry():184}:185}(Object(Illuminate/Http/Request))
#43 C:/Users/DELL/growza/growza/vendor/laravel/framework/src/Illuminate/Pipeline/Pipeline.php(209): Illuminate/Foundation/Http/Middleware/VerifyCsrfToken->handle(Object(Illuminate/Http/Request), Object(Closure))
#44 C:/Users/DELL/growza/growza/vendor/laravel/framework/src/Illuminate/View/Middleware/ShareErrorsFromSession.php(49): Illuminate/Pipeline/Pipeline->{closure:{closure:Illuminate/Pipeline/Pipeline::carry():184}:185}(Object(Illuminate/Http/Request))
#45 C:/Users/DELL/growza/growza/vendor/laravel/framework/src/Illuminate/Pipeline/Pipeline.php(209): Illuminate/View/Middleware/ShareErrorsFromSession->handle(Object(Illuminate/Http/Request), Object(Closure))
#46 C:/Users/DELL/growza/growza/vendor/laravel/framework/src/Illuminate/Session/Middleware/StartSession.php(121): Illuminate/Pipeline/Pipeline->{closure:{closure:Illuminate/Pipeline/Pipeline::carry():184}:185}(Object(Illuminate/Http/Request))
#47 C:/Users/DELL/growza/growza/vendor/laravel/framework/src/Illuminate/Session/Middleware/StartSession.php(64): Illuminate/Session/Middleware/StartSession->handleStatefulRequest(Object(Illuminate/Http/Request), Object(Illuminate/Session/Store), Object(Closure))
#48 C:/Users/DELL/growza/growza/vendor/laravel/framework/src/Illuminate/Pipeline/Pipeline.php(209): Illuminate/Session/Middleware/StartSession->handle(Object(Illuminate/Http/Request), Object(Closure))
#49 C:/Users/DELL/growza/growza/vendor/laravel/framework/src/Illuminate/Cookie/Middleware/AddQueuedCookiesToResponse.php(37): Illuminate/Pipeline/Pipeline->{closure:{closure:Illuminate/Pipeline/Pipeline::carry():184}:185}(Object(Illuminate/Http/Request))
#50 C:/Users/DELL/growza/growza/vendor/laravel/framework/src/Illuminate/Pipeline/Pipeline.php(209): Illuminate/Cookie/Middleware/AddQueuedCookiesToResponse->handle(Object(Illuminate/Http/Request), Object(Closure))
#51 C:/Users/DELL/growza/growza/vendor/laravel/framework/src/Illuminate/Cookie/Middleware/EncryptCookies.php(75): Illuminate/Pipeline/Pipeline->{closure:{closure:Illuminate/Pipeline/Pipeline::carry():184}:185}(Object(Illuminate/Http/Request))
#52 C:/Users/DELL/growza/growza/vendor/laravel/framework/src/Illuminate/Pipeline/Pipeline.php(209): Illuminate/Cookie/Middleware/EncryptCookies->handle(Object(Illuminate/Http/Request), Object(Closure))
#53 C:/Users/DELL/growza/growza/vendor/laravel/framework/src/Illuminate/Pipeline/Pipeline.php(127): Illuminate/Pipeline/Pipeline->{closure:{closure:Illuminate/Pipeline/Pipeline::carry():184}:185}(Object(Illuminate/Http/Request))
#54 C:/Users/DELL/growza/growza/vendor/laravel/framework/src/Illuminate/Routing/Router.php(807): Illuminate/Pipeline/Pipeline->then(Object(Closure))
#55 C:/Users/DELL/growza/growza/vendor/laravel/framework/src/Illuminate/Routing/Router.php(786): Illuminate/Routing/Router->runRouteWithinStack(Object(Illuminate/Routing/Route), Object(Illuminate/Http/Request))
#56 C:/Users/DELL/growza/growza/vendor/laravel/framework/src/Illuminate/Routing/Router.php(750): Illuminate/Routing/Router->runRoute(Object(Illuminate/Http/Request), Object(Illuminate/Routing/Route))
#57 C:/Users/DELL/growza/growza/vendor/laravel/framework/src/Illuminate/Routing/Router.php(739): Illuminate/Routing/Router->dispatchToRoute(Object(Illuminate/Http/Request))
#58 C:/Users/DELL/growza/growza/vendor/laravel/framework/src/Illuminate/Foundation/Http/Kernel.php(201): Illuminate/Routing/Router->dispatch(Object(Illuminate/Http/Request))
#59 C:/Users/DELL/growza/growza/vendor/laravel/framework/src/Illuminate/Pipeline/Pipeline.php(170): Illuminate/Foundation/Http/Kernel->{closure:Illuminate/Foundation/Http/Kernel::dispatchToRouter():198}(Object(Illuminate/Http/Request))
#60 C:/Users/DELL/growza/growza/vendor/livewire/livewire/src/Features/SupportDisablingBackButtonCache/DisableBackButtonCacheMiddleware.php(19): Illuminate/Pipeline/Pipeline->{closure:Illuminate/Pipeline/Pipeline::prepareDestination():168}(Object(Illuminate/Http/Request))
#61 C:/Users/DELL/growza/growza/vendor/laravel/framework/src/Illuminate/Pipeline/Pipeline.php(209): Livewire/Features/SupportDisablingBackButtonCache/DisableBackButtonCacheMiddleware->handle(Object(Illuminate/Http/Request), Object(Closure))
#62 C:/Users/DELL/growza/growza/vendor/laravel/framework/src/Illuminate/Foundation/Http/Middleware/TransformsRequest.php(21): Illuminate/Pipeline/Pipeline->{closure:{closure:Illuminate/Pipeline/Pipeline::carry():184}:185}(Object(Illuminate/Http/Request))
#63 C:/Users/DELL/growza/growza/vendor/laravel/framework/src/Illuminate/Foundation/Http/Middleware/ConvertEmptyStringsToNull.php(31): Illuminate/Foundation/Http/Middleware/TransformsRequest->handle(Object(Illuminate/Http/Request), Object(Closure))
#64 C:/Users/DELL/growza/growza/vendor/laravel/framework/src/Illuminate/Pipeline/Pipeline.php(209): Illuminate/Foundation/Http/Middleware/ConvertEmptyStringsToNull->handle(Object(Illuminate/Http/Request), Object(Closure))
#65 C:/Users/DELL/growza/growza/vendor/laravel/framework/src/Illuminate/Foundation/Http/Middleware/TransformsRequest.php(21): Illuminate/Pipeline/Pipeline->{closure:{closure:Illuminate/Pipeline/Pipeline::carry():184}:185}(Object(Illuminate/Http/Request))
#66 C:/Users/DELL/growza/growza/vendor/laravel/framework/src/Illuminate/Foundation/Http/Middleware/TrimStrings.php(51): Illuminate/Foundation/Http/Middleware/TransformsRequest->handle(Object(Illuminate/Http/Request), Object(Closure))
#67 C:/Users/DELL/growza/growza/vendor/laravel/framework/src/Illuminate/Pipeline/Pipeline.php(209): Illuminate/Foundation/Http/Middleware/TrimStrings->handle(Object(Illuminate/Http/Request), Object(Closure))
#68 C:/Users/DELL/growza/growza/vendor/laravel/framework/src/Illuminate/Http/Middleware/ValidatePostSize.php(27): Illuminate/Pipeline/Pipeline->{closure:{closure:Illuminate/Pipeline/Pipeline::carry():184}:185}(Object(Illuminate/Http/Request))
#69 C:/Users/DELL/growza/growza/vendor/laravel/framework/src/Illuminate/Pipeline/Pipeline.php(209): Illuminate/Http/Middleware/ValidatePostSize->handle(Object(Illuminate/Http/Request), Object(Closure))
#70 C:/Users/DELL/growza/growza/vendor/laravel/framework/src/Illuminate/Foundation/Http/Middleware/PreventRequestsDuringMaintenance.php(110): Illuminate/Pipeline/Pipeline->{closure:{closure:Illuminate/Pipeline/Pipeline::carry():184}:185}(Object(Illuminate/Http/Request))
#71 C:/Users/DELL/growza/growza/vendor/laravel/framework/src/Illuminate/Pipeline/Pipeline.php(209): Illuminate/Foundation/Http/Middleware/PreventRequestsDuringMaintenance->handle(Object(Illuminate/Http/Request), Object(Closure))
#72 C:/Users/DELL/growza/growza/vendor/laravel/framework/src/Illuminate/Http/Middleware/HandleCors.php(49): Illuminate/Pipeline/Pipeline->{closure:{closure:Illuminate/Pipeline/Pipeline::carry():184}:185}(Object(Illuminate/Http/Request))
#73 C:/Users/DELL/growza/growza/vendor/laravel/framework/src/Illuminate/Pipeline/Pipeline.php(209): Illuminate/Http/Middleware/HandleCors->handle(Object(Illuminate/Http/Request), Object(Closure))
#74 C:/Users/DELL/growza/growza/vendor/laravel/framework/src/Illuminate/Http/Middleware/TrustProxies.php(58): Illuminate/Pipeline/Pipeline->{closure:{closure:Illuminate/Pipeline/Pipeline::carry():184}:185}(Object(Illuminate/Http/Request))
#75 C:/Users/DELL/growza/growza/vendor/laravel/framework/src/Illuminate/Pipeline/Pipeline.php(209): Illuminate/Http/Middleware/TrustProxies->handle(Object(Illuminate/Http/Request), Object(Closure))
#76 C:/Users/DELL/growza/growza/vendor/laravel/framework/src/Illuminate/Foundation/Http/Middleware/InvokeDeferredCallbacks.php(22): Illuminate/Pipeline/Pipeline->{closure:{closure:Illuminate/Pipeline/Pipeline::carry():184}:185}(Object(Illuminate/Http/Request))
#77 C:/Users/DELL/growza/growza/vendor/laravel/framework/src/Illuminate/Pipeline/Pipeline.php(209): Illuminate/Foundation/Http/Middleware/InvokeDeferredCallbacks->handle(Object(Illuminate/Http/Request), Object(Closure))
#78 C:/Users/DELL/growza/growza/vendor/laravel/framework/src/Illuminate/Pipeline/Pipeline.php(127): Illuminate/Pipeline/Pipeline->{closure:{closure:Illuminate/Pipeline/Pipeline::carry():184}:185}(Object(Illuminate/Http/Request))
#79 C:/Users/DELL/growza/growza/vendor/laravel/framework/src/Illuminate/Foundation/Http/Kernel.php(176): Illuminate/Pipeline/Pipeline->then(Object(Closure))
#80 C:/Users/DELL/growza/growza/vendor/laravel/framework/src/Illuminate/Foundation/Http/Kernel.php(145): Illuminate/Foundation/Http/Kernel->sendRequestThroughRouter(Object(Illuminate/Http/Request))
#81 C:/Users/DELL/growza/growza/vendor/laravel/framework/src/Illuminate/Foundation/Testing/Concerns/MakesHttpRequests.php(607): Illuminate/Foundation/Http/Kernel->handle(Object(Illuminate/Http/Request))
#82 C:/Users/DELL/growza/growza/vendor/laravel/framework/src/Illuminate/Foundation/Testing/Concerns/MakesHttpRequests.php(397): Illuminate/Foundation/Testing/TestCase->call('POST', 'http://localhos...', Array, Array, Array, Array)
#83 [internal function]: Illuminate/Foundation/Testing/TestCase->post('http://localhos...', Array)
#84 C:/Users/DELL/growza/growza/vendor/pestphp/pest/src/Support/Reflection.php(38): ReflectionMethod->invoke(Object(P/Tests/Feature/AuthenticationTest), 'http://localhos...', Array)
#85 C:/Users/DELL/growza/growza/vendor/pestphp/pest/src/Support/HigherOrderMessage.php(59): Pest/Support/Reflection::call(Object(P/Tests/Feature/AuthenticationTest), 'post', Array)
#86 C:/Users/DELL/growza/growza/vendor/pestphp/pest/src/Support/HigherOrderTapProxy.php(66): Pest/Support/HigherOrderMessage->call(Object(P/Tests/Feature/AuthenticationTest))
#87 C:/Users/DELL/growza/growza/vendor/pestphp/pest-plugin-laravel/src/Http.php(209): Pest/Support/HigherOrderTapProxy->__call('post', Array)
#88 C:/Users/DELL/growza/growza/tests/Feature/AuthenticationTest.php(49): Pest/Laravel/post('http://localhos...', Array)
#89 C:/Users/DELL/growza/growza/vendor/pestphp/pest/src/Factories/TestCaseMethodFactory.php(110): P/Tests/Feature/AuthenticationTest->{closure:C:/Users/DELL/growza/growza/tests/Feature/AuthenticationTest.php:48}()
#90 [internal function]: P/Tests/Feature/AuthenticationTest->{closure:Pest/Factories/TestCaseMethodFactory::getClosure():102}()
#91 C:/Users/DELL/growza/growza/vendor/pestphp/pest/src/Concerns/Testable.php(339): call_user_func_array(Object(Closure), Array)
#92 C:/Users/DELL/growza/growza/vendor/pestphp/pest/src/Support/ExceptionTrace.php(26): P/Tests/Feature/AuthenticationTest->{closure:Pest/Concerns/Testable::__callClosure():339}()
#93 C:/Users/DELL/growza/growza/vendor/pestphp/pest/src/Concerns/Testable.php(339): Pest/Support/ExceptionTrace::ensure(Object(Closure))
#94 C:/Users/DELL/growza/growza/vendor/pestphp/pest/src/Concerns/Testable.php(256): P/Tests/Feature/AuthenticationTest->__callClosure(Object(Closure), Array)
#95 C:/Users/DELL/growza/growza/vendor/pestphp/pest/src/Factories/TestCaseFactory.php(197) : eval()'d code(56): P/Tests/Feature/AuthenticationTest->__runTest(Object(Closure))
#96 C:/Users/DELL/growza/growza/vendor/phpunit/phpunit/src/Framework/TestCase.php(1548): P/Tests/Feature/AuthenticationTest->__pest_evaluable_it_records_a_referral_code_at_registration_without_resolving_it()
#97 C:/Users/DELL/growza/growza/vendor/phpunit/phpunit/src/Framework/TestCase.php(686): PHPUnit/Framework/TestCase->runTest()
#98 C:/Users/DELL/growza/growza/vendor/phpunit/phpunit/src/Framework/TestRunner.php(106): PHPUnit/Framework/TestCase->runBare()
#99 C:/Users/DELL/growza/growza/vendor/phpunit/phpunit/src/Framework/TestCase.php(516): PHPUnit/Framework/TestRunner->run(Object(P/Tests/Feature/AuthenticationTest))
#100 C:/Users/DELL/growza/growza/vendor/phpunit/phpunit/src/Framework/TestSuite.php(374): PHPUnit/Framework/TestCase->run()
#101 C:/Users/DELL/growza/growza/vendor/phpunit/phpunit/src/Framework/TestSuite.php(374): PHPUnit/Framework/TestSuite->run()
#102 C:/Users/DELL/growza/growza/vendor/phpunit/phpunit/src/Framework/TestSuite.php(374): PHPUnit/Framework/TestSuite->run()
#103 C:/Users/DELL/growza/growza/vendor/phpunit/phpunit/src/TextUI/TestRunner.php(64): PHPUnit/Framework/TestSuite->run()
#104 C:/Users/DELL/growza/growza/vendor/phpunit/phpunit/src/TextUI/Application.php(204): PHPUnit/TextUI/TestRunner->run(Object(PHPUnit/TextUI/Configuration/Configuration), Object(PHPUnit/Runner/ResultCache/DefaultResultCache), Object(PHPUnit/Framework/TestSuite))
#105 C:/Users/DELL/growza/growza/vendor/pestphp/pest/src/Kernel.php(103): PHPUnit/TextUI/Application->run(Array)
#106 C:/Users/DELL/growza/growza/vendor/pestphp/pest/bin/pest(91): Pest/Kernel->handle(Array, Array)
#107 C:/Users/DELL/growza/growza/vendor/pestphp/pest/bin/pest(99): {closure:C:/Users/DELL/growza/growza/vendor/pestphp/pest/bin/pest:12}()
#108 {main}
"} 
[2026-09-21 06:25:47] testing.ERROR: SQLSTATE[23000]: Integrity constraint violation: 19 NOT NULL constraint failed: model_has_roles.team_id (Connection: sqlite, SQL: insert into "model_has_roles" ("model_id", "model_type", "role_id", "team_id") values (1, App\Domain\Identity\Models\User, 9, ?)) {"exception":"[object] (Illuminate\\Database\\QueryException(code: 23000): SQLSTATE[23000]: Integrity constraint violation: 19 NOT NULL constraint failed: model_has_roles.team_id (Connection: sqlite, SQL: insert into \"model_has_roles\" (\"model_id\", \"model_type\", \"role_id\", \"team_id\") values (1, App\\Domain\\Identity\\Models\\User, 9, ?)) at C:/Users/DELL/growza/growza/vendor/laravel/framework/src/Illuminate/Database/Connection.php:825)
[stacktrace]
#0 C:/Users/DELL/growza/growza/vendor/laravel/framework/src/Illuminate/Database/Connection.php(779): Illuminate/Database/Connection->runQueryCallback('insert into \"mo...', Array, Object(Closure))
#1 C:/Users/DELL/growza/growza/vendor/laravel/framework/src/Illuminate/Database/Connection.php(560): Illuminate/Database/Connection->run('insert into \"mo...', Array, Object(Closure))
#2 C:/Users/DELL/growza/growza/vendor/laravel/framework/src/Illuminate/Database/Connection.php(524): Illuminate/Database/Connection->statement('insert into \"mo...', Array)
#3 C:/Users/DELL/growza/growza/vendor/laravel/framework/src/Illuminate/Database/Query/Builder.php(3717): Illuminate/Database/Connection->insert('insert into \"mo...', Array)
#4 C:/Users/DELL/growza/growza/vendor/laravel/framework/src/Illuminate/Database/Eloquent/Relations/Concerns/InteractsWithPivotTable.php(276): Illuminate/Database/Query/Builder->insert(Array)
#5 C:/Users/DELL/growza/growza/vendor/spatie/laravel-permission/src/Traits/HasRoles.php(164): Illuminate/Database/Eloquent/Relations/BelongsToMany->attach(Array, Array)
#6 C:/Users/DELL/growza/growza/app/Domain/Auth/Actions/CreateNewUser.php(75): App/Domain/Identity/Models/User->assignRole('Customer')
#7 C:/Users/DELL/growza/growza/vendor/laravel/framework/src/Illuminate/Database/Concerns/ManagesTransactions.php(32): App/Domain/Auth/Actions/CreateNewUser->{closure:App/Domain/Auth/Actions/CreateNewUser::create():58}(Object(Illuminate/Database/SQLiteConnection))
#8 C:/Users/DELL/growza/growza/vendor/laravel/framework/src/Illuminate/Database/DatabaseManager.php(495): Illuminate/Database/Connection->transaction(Object(Closure))
#9 C:/Users/DELL/growza/growza/vendor/laravel/framework/src/Illuminate/Support/Facades/Facade.php(361): Illuminate/Database/DatabaseManager->__call('transaction', Array)
#10 C:/Users/DELL/growza/growza/app/Domain/Auth/Actions/CreateNewUser.php(58): Illuminate/Support/Facades/Facade::__callStatic('transaction', Array)
#11 C:/Users/DELL/growza/growza/vendor/laravel/fortify/src/Http/Controllers/RegisteredUserController.php(62): App/Domain/Auth/Actions/CreateNewUser->create(Array)
#12 C:/Users/DELL/growza/growza/vendor/laravel/framework/src/Illuminate/Routing/Controller.php(54): Laravel/Fortify/Http/Controllers/RegisteredUserController->store(Object(Illuminate/Http/Request), Object(App/Domain/Auth/Actions/CreateNewUser))
#13 C:/Users/DELL/growza/growza/vendor/laravel/framework/src/Illuminate/Routing/ControllerDispatcher.php(44): Illuminate/Routing/Controller->callAction('store', Array)
#14 C:/Users/DELL/growza/growza/vendor/laravel/framework/src/Illuminate/Routing/Route.php(266): Illuminate/Routing/ControllerDispatcher->dispatch(Object(Illuminate/Routing/Route), Object(Laravel/Fortify/Http/Controllers/RegisteredUserController), 'store')
#15 C:/Users/DELL/growza/growza/vendor/laravel/framework/src/Illuminate/Routing/Route.php(212): Illuminate/Routing/Route->runController()
#16 C:/Users/DELL/growza/growza/vendor/laravel/framework/src/Illuminate/Routing/Router.php(808): Illuminate/Routing/Route->run()
#17 C:/Users/DELL/growza/growza/vendor/laravel/framework/src/Illuminate/Pipeline/Pipeline.php(170): Illuminate/Routing/Router->{closure:Illuminate/Routing/Router::runRouteWithinStack():807}(Object(Illuminate/Http/Request))
#18 C:/Users/DELL/growza/growza/vendor/laravel/framework/src/Illuminate/Auth/Middleware/RedirectIfAuthenticated.php(35): Illuminate/Pipeline/Pipeline->{closure:Illuminate/Pipeline/Pipeline::prepareDestination():168}(Object(Illuminate/Http/Request))
#19 C:/Users/DELL/growza/growza/vendor/laravel/framework/src/Illuminate/Pipeline/Pipeline.php(209): Illuminate/Auth/Middleware/RedirectIfAuthenticated->handle(Object(Illuminate/Http/Request), Object(Closure), 'web')
#20 C:/Users/DELL/growza/growza/vendor/laravel/framework/src/Illuminate/Routing/Middleware/SubstituteBindings.php(51): Illuminate/Pipeline/Pipeline->{closure:{closure:Illuminate/Pipeline/Pipeline::carry():184}:185}(Object(Illuminate/Http/Request))
#21 C:/Users/DELL/growza/growza/vendor/laravel/framework/src/Illuminate/Pipeline/Pipeline.php(209): Illuminate/Routing/Middleware/SubstituteBindings->handle(Object(Illuminate/Http/Request), Object(Closure))
#22 C:/Users/DELL/growza/growza/vendor/laravel/framework/src/Illuminate/Foundation/Http/Middleware/VerifyCsrfToken.php(88): Illuminate/Pipeline/Pipeline->{closure:{closure:Illuminate/Pipeline/Pipeline::carry():184}:185}(Object(Illuminate/Http/Request))
#23 C:/Users/DELL/growza/growza/vendor/laravel/framework/src/Illuminate/Pipeline/Pipeline.php(209): Illuminate/Foundation/Http/Middleware/VerifyCsrfToken->handle(Object(Illuminate/Http/Request), Object(Closure))
#24 C:/Users/DELL/growza/growza/vendor/laravel/framework/src/Illuminate/View/Middleware/ShareErrorsFromSession.php(49): Illuminate/Pipeline/Pipeline->{closure:{closure:Illuminate/Pipeline/Pipeline::carry():184}:185}(Object(Illuminate/Http/Request))
#25 C:/Users/DELL/growza/growza/vendor/laravel/framework/src/Illuminate/Pipeline/Pipeline.php(209): Illuminate/View/Middleware/ShareErrorsFromSession->handle(Object(Illuminate/Http/Request), Object(Closure))
#26 C:/Users/DELL/growza/growza/vendor/laravel/framework/src/Illuminate/Session/Middleware/StartSession.php(121): Illuminate/Pipeline/Pipeline->{closure:{closure:Illuminate/Pipeline/Pipeline::carry():184}:185}(Object(Illuminate/Http/Request))
#27 C:/Users/DELL/growza/growza/vendor/laravel/framework/src/Illuminate/Session/Middleware/StartSession.php(64): Illuminate/Session/Middleware/StartSession->handleStatefulRequest(Object(Illuminate/Http/Request), Object(Illuminate/Session/Store), Object(Closure))
#28 C:/Users/DELL/growza/growza/vendor/laravel/framework/src/Illuminate/Pipeline/Pipeline.php(209): Illuminate/Session/Middleware/StartSession->handle(Object(Illuminate/Http/Request), Object(Closure))
#29 C:/Users/DELL/growza/growza/vendor/laravel/framework/src/Illuminate/Cookie/Middleware/AddQueuedCookiesToResponse.php(37): Illuminate/Pipeline/Pipeline->{closure:{closure:Illuminate/Pipeline/Pipeline::carry():184}:185}(Object(Illuminate/Http/Request))
#30 C:/Users/DELL/growza/growza/vendor/laravel/framework/src/Illuminate/Pipeline/Pipeline.php(209): Illuminate/Cookie/Middleware/AddQueuedCookiesToResponse->handle(Object(Illuminate/Http/Request), Object(Closure))
#31 C:/Users/DELL/growza/growza/vendor/laravel/framework/src/Illuminate/Cookie/Middleware/EncryptCookies.php(75): Illuminate/Pipeline/Pipeline->{closure:{closure:Illuminate/Pipeline/Pipeline::carry():184}:185}(Object(Illuminate/Http/Request))
#32 C:/Users/DELL/growza/growza/vendor/laravel/framework/src/Illuminate/Pipeline/Pipeline.php(209): Illuminate/Cookie/Middleware/EncryptCookies->handle(Object(Illuminate/Http/Request), Object(Closure))
#33 C:/Users/DELL/growza/growza/vendor/laravel/framework/src/Illuminate/Pipeline/Pipeline.php(127): Illuminate/Pipeline/Pipeline->{closure:{closure:Illuminate/Pipeline/Pipeline::carry():184}:185}(Object(Illuminate/Http/Request))
#34 C:/Users/DELL/growza/growza/vendor/laravel/framework/src/Illuminate/Routing/Router.php(807): Illuminate/Pipeline/Pipeline->then(Object(Closure))
#35 C:/Users/DELL/growza/growza/vendor/laravel/framework/src/Illuminate/Routing/Router.php(786): Illuminate/Routing/Router->runRouteWithinStack(Object(Illuminate/Routing/Route), Object(Illuminate/Http/Request))
#36 C:/Users/DELL/growza/growza/vendor/laravel/framework/src/Illuminate/Routing/Router.php(750): Illuminate/Routing/Router->runRoute(Object(Illuminate/Http/Request), Object(Illuminate/Routing/Route))
#37 C:/Users/DELL/growza/growza/vendor/laravel/framework/src/Illuminate/Routing/Router.php(739): Illuminate/Routing/Router->dispatchToRoute(Object(Illuminate/Http/Request))
#38 C:/Users/DELL/growza/growza/vendor/laravel/framework/src/Illuminate/Foundation/Http/Kernel.php(201): Illuminate/Routing/Router->dispatch(Object(Illuminate/Http/Request))
#39 C:/Users/DELL/growza/growza/vendor/laravel/framework/src/Illuminate/Pipeline/Pipeline.php(170): Illuminate/Foundation/Http/Kernel->{closure:Illuminate/Foundation/Http/Kernel::dispatchToRouter():198}(Object(Illuminate/Http/Request))
#40 C:/Users/DELL/growza/growza/vendor/livewire/livewire/src/Features/SupportDisablingBackButtonCache/DisableBackButtonCacheMiddleware.php(19): Illuminate/Pipeline/Pipeline->{closure:Illuminate/Pipeline/Pipeline::prepareDestination():168}(Object(Illuminate/Http/Request))
#41 C:/Users/DELL/growza/growza/vendor/laravel/framework/src/Illuminate/Pipeline/Pipeline.php(209): Livewire/Features/SupportDisablingBackButtonCache/DisableBackButtonCacheMiddleware->handle(Object(Illuminate/Http/Request), Object(Closure))
#42 C:/Users/DELL/growza/growza/vendor/laravel/framework/src/Illuminate/Foundation/Http/Middleware/TransformsRequest.php(21): Illuminate/Pipeline/Pipeline->{closure:{closure:Illuminate/Pipeline/Pipeline::carry():184}:185}(Object(Illuminate/Http/Request))
#43 C:/Users/DELL/growza/growza/vendor/laravel/framework/src/Illuminate/Foundation/Http/Middleware/ConvertEmptyStringsToNull.php(31): Illuminate/Foundation/Http/Middleware/TransformsRequest->handle(Object(Illuminate/Http/Request), Object(Closure))
#44 C:/Users/DELL/growza/growza/vendor/laravel/framework/src/Illuminate/Pipeline/Pipeline.php(209): Illuminate/Foundation/Http/Middleware/ConvertEmptyStringsToNull->handle(Object(Illuminate/Http/Request), Object(Closure))
#45 C:/Users/DELL/growza/growza/vendor/laravel/framework/src/Illuminate/Foundation/Http/Middleware/TransformsRequest.php(21): Illuminate/Pipeline/Pipeline->{closure:{closure:Illuminate/Pipeline/Pipeline::carry():184}:185}(Object(Illuminate/Http/Request))
#46 C:/Users/DELL/growza/growza/vendor/laravel/framework/src/Illuminate/Foundation/Http/Middleware/TrimStrings.php(51): Illuminate/Foundation/Http/Middleware/TransformsRequest->handle(Object(Illuminate/Http/Request), Object(Closure))
#47 C:/Users/DELL/growza/growza/vendor/laravel/framework/src/Illuminate/Pipeline/Pipeline.php(209): Illuminate/Foundation/Http/Middleware/TrimStrings->handle(Object(Illuminate/Http/Request), Object(Closure))
#48 C:/Users/DELL/growza/growza/vendor/laravel/framework/src/Illuminate/Http/Middleware/ValidatePostSize.php(27): Illuminate/Pipeline/Pipeline->{closure:{closure:Illuminate/Pipeline/Pipeline::carry():184}:185}(Object(Illuminate/Http/Request))
#49 C:/Users/DELL/growza/growza/vendor/laravel/framework/src/Illuminate/Pipeline/Pipeline.php(209): Illuminate/Http/Middleware/ValidatePostSize->handle(Object(Illuminate/Http/Request), Object(Closure))
#50 C:/Users/DELL/growza/growza/vendor/laravel/framework/src/Illuminate/Foundation/Http/Middleware/PreventRequestsDuringMaintenance.php(110): Illuminate/Pipeline/Pipeline->{closure:{closure:Illuminate/Pipeline/Pipeline::carry():184}:185}(Object(Illuminate/Http/Request))
#51 C:/Users/DELL/growza/growza/vendor/laravel/framework/src/Illuminate/Pipeline/Pipeline.php(209): Illuminate/Foundation/Http/Middleware/PreventRequestsDuringMaintenance->handle(Object(Illuminate/Http/Request), Object(Closure))
#52 C:/Users/DELL/growza/growza/vendor/laravel/framework/src/Illuminate/Http/Middleware/HandleCors.php(49): Illuminate/Pipeline/Pipeline->{closure:{closure:Illuminate/Pipeline/Pipeline::carry():184}:185}(Object(Illuminate/Http/Request))
#53 C:/Users/DELL/growza/growza/vendor/laravel/framework/src/Illuminate/Pipeline/Pipeline.php(209): Illuminate/Http/Middleware/HandleCors->handle(Object(Illuminate/Http/Request), Object(Closure))
#54 C:/Users/DELL/growza/growza/vendor/laravel/framework/src/Illuminate/Http/Middleware/TrustProxies.php(58): Illuminate/Pipeline/Pipeline->{closure:{closure:Illuminate/Pipeline/Pipeline::carry():184}:185}(Object(Illuminate/Http/Request))
#55 C:/Users/DELL/growza/growza/vendor/laravel/framework/src/Illuminate/Pipeline/Pipeline.php(209): Illuminate/Http/Middleware/TrustProxies->handle(Object(Illuminate/Http/Request), Object(Closure))
#56 C:/Users/DELL/growza/growza/vendor/laravel/framework/src/Illuminate/Foundation/Http/Middleware/InvokeDeferredCallbacks.php(22): Illuminate/Pipeline/Pipeline->{closure:{closure:Illuminate/Pipeline/Pipeline::carry():184}:185}(Object(Illuminate/Http/Request))
#57 C:/Users/DELL/growza/growza/vendor/laravel/framework/src/Illuminate/Pipeline/Pipeline.php(209): Illuminate/Foundation/Http/Middleware/InvokeDeferredCallbacks->handle(Object(Illuminate/Http/Request), Object(Closure))
#58 C:/Users/DELL/growza/growza/vendor/laravel/framework/src/Illuminate/Pipeline/Pipeline.php(127): Illuminate/Pipeline/Pipeline->{closure:{closure:Illuminate/Pipeline/Pipeline::carry():184}:185}(Object(Illuminate/Http/Request))
#59 C:/Users/DELL/growza/growza/vendor/laravel/framework/src/Illuminate/Foundation/Http/Kernel.php(176): Illuminate/Pipeline/Pipeline->then(Object(Closure))
#60 C:/Users/DELL/growza/growza/vendor/laravel/framework/src/Illuminate/Foundation/Http/Kernel.php(145): Illuminate/Foundation/Http/Kernel->sendRequestThroughRouter(Object(Illuminate/Http/Request))
#61 C:/Users/DELL/growza/growza/vendor/laravel/framework/src/Illuminate/Foundation/Testing/Concerns/MakesHttpRequests.php(607): Illuminate/Foundation/Http/Kernel->handle(Object(Illuminate/Http/Request))
#62 C:/Users/DELL/growza/growza/vendor/laravel/framework/src/Illuminate/Foundation/Testing/Concerns/MakesHttpRequests.php(397): Illuminate/Foundation/Testing/TestCase->call('POST', 'http://localhos...', Array, Array, Array, Array)
#63 [internal function]: Illuminate/Foundation/Testing/TestCase->post('http://localhos...', Array)
#64 C:/Users/DELL/growza/growza/vendor/pestphp/pest/src/Support/Reflection.php(38): ReflectionMethod->invoke(Object(P/Tests/Feature/AuthenticationTest), 'http://localhos...', Array)
#65 C:/Users/DELL/growza/growza/vendor/pestphp/pest/src/Support/HigherOrderMessage.php(59): Pest/Support/Reflection::call(Object(P/Tests/Feature/AuthenticationTest), 'post', Array)
#66 C:/Users/DELL/growza/growza/vendor/pestphp/pest/src/Support/HigherOrderTapProxy.php(66): Pest/Support/HigherOrderMessage->call(Object(P/Tests/Feature/AuthenticationTest))
#67 C:/Users/DELL/growza/growza/vendor/pestphp/pest-plugin-laravel/src/Http.php(209): Pest/Support/HigherOrderTapProxy->__call('post', Array)
#68 C:/Users/DELL/growza/growza/tests/Feature/AuthenticationTest.php(49): Pest/Laravel/post('http://localhos...', Array)
#69 C:/Users/DELL/growza/growza/vendor/pestphp/pest/src/Factories/TestCaseMethodFactory.php(110): P/Tests/Feature/AuthenticationTest->{closure:C:/Users/DELL/growza/growza/tests/Feature/AuthenticationTest.php:48}()
#70 [internal function]: P/Tests/Feature/AuthenticationTest->{closure:Pest/Factories/TestCaseMethodFactory::getClosure():102}()
#71 C:/Users/DELL/growza/growza/vendor/pestphp/pest/src/Concerns/Testable.php(339): call_user_func_array(Object(Closure), Array)
#72 C:/Users/DELL/growza/growza/vendor/pestphp/pest/src/Support/ExceptionTrace.php(26): P/Tests/Feature/AuthenticationTest->{closure:Pest/Concerns/Testable::__callClosure():339}()
#73 C:/Users/DELL/growza/growza/vendor/pestphp/pest/src/Concerns/Testable.php(339): Pest/Support/ExceptionTrace::ensure(Object(Closure))
#74 C:/Users/DELL/growza/growza/vendor/pestphp/pest/src/Concerns/Testable.php(256): P/Tests/Feature/AuthenticationTest->__callClosure(Object(Closure), Array)
#75 C:/Users/DELL/growza/growza/vendor/pestphp/pest/src/Factories/TestCaseFactory.php(197) : eval()'d code(56): P/Tests/Feature/AuthenticationTest->__runTest(Object(Closure))
#76 C:/Users/DELL/growza/growza/vendor/phpunit/phpunit/src/Framework/TestCase.php(1548): P/Tests/Feature/AuthenticationTest->__pest_evaluable_it_records_a_referral_code_at_registration_without_resolving_it()
#77 C:/Users/DELL/growza/growza/vendor/phpunit/phpunit/src/Framework/TestCase.php(686): PHPUnit/Framework/TestCase->runTest()
#78 C:/Users/DELL/growza/growza/vendor/phpunit/phpunit/src/Framework/TestRunner.php(106): PHPUnit/Framework/TestCase->runBare()
#79 C:/Users/DELL/growza/growza/vendor/phpunit/phpunit/src/Framework/TestCase.php(516): PHPUnit/Framework/TestRunner->run(Object(P/Tests/Feature/AuthenticationTest))
#80 C:/Users/DELL/growza/growza/vendor/phpunit/phpunit/src/Framework/TestSuite.php(374): PHPUnit/Framework/TestCase->run()
#81 C:/Users/DELL/growza/growza/vendor/phpunit/phpunit/src/Framework/TestSuite.php(374): PHPUnit/Framework/TestSuite->run()
#82 C:/Users/DELL/growza/growza/vendor/phpunit/phpunit/src/Framework/TestSuite.php(374): PHPUnit/Framework/TestSuite->run()
#83 C:/Users/DELL/growza/growza/vendor/phpunit/phpunit/src/TextUI/TestRunner.php(64): PHPUnit/Framework/TestSuite->run()
#84 C:/Users/DELL/growza/growza/vendor/phpunit/phpunit/src/TextUI/Application.php(204): PHPUnit/TextUI/TestRunner->run(Object(PHPUnit/TextUI/Configuration/Configuration), Object(PHPUnit/Runner/ResultCache/DefaultResultCache), Object(PHPUnit/Framework/TestSuite))
#85 C:/Users/DELL/growza/growza/vendor/pestphp/pest/src/Kernel.php(103): PHPUnit/TextUI/Application->run(Array)
#86 C:/Users/DELL/growza/growza/vendor/pestphp/pest/bin/pest(91): Pest/Kernel->handle(Array, Array)
#87 C:/Users/DELL/growza/growza/vendor/pestphp/pest/bin/pest(99): {closure:C:/Users/DELL/growza/growza/vendor/pestphp/pest/bin/pest:12}()
#88 {main}

[previous exception] [object] (PDOException(code: 23000): SQLSTATE[23000]: Integrity constraint violation: 19 NOT NULL constraint failed: model_has_roles.team_id at C:/Users/DELL/growza/growza/vendor/laravel/framework/src/Illuminate/Database/Connection.php:571)
[stacktrace]
#0 C:/Users/DELL/growza/growza/vendor/laravel/framework/src/Illuminate/Database/Connection.php(571): PDOStatement->execute()
#1 C:/Users/DELL/growza/growza/vendor/laravel/framework/src/Illuminate/Database/Connection.php(812): Illuminate/Database/Connection->{closure:Illuminate/Database/Connection::statement():560}('insert into \"mo...', Array)
#2 C:/Users/DELL/growza/growza/vendor/laravel/framework/src/Illuminate/Database/Connection.php(779): Illuminate/Database/Connection->runQueryCallback('insert into \"mo...', Array, Object(Closure))
#3 C:/Users/DELL/growza/growza/vendor/laravel/framework/src/Illuminate/Database/Connection.php(560): Illuminate/Database/Connection->run('insert into \"mo...', Array, Object(Closure))
#4 C:/Users/DELL/growza/growza/vendor/laravel/framework/src/Illuminate/Database/Connection.php(524): Illuminate/Database/Connection->statement('insert into \"mo...', Array)
#5 C:/Users/DELL/growza/growza/vendor/laravel/framework/src/Illuminate/Database/Query/Builder.php(3717): Illuminate/Database/Connection->insert('insert into \"mo...', Array)
#6 C:/Users/DELL/growza/growza/vendor/laravel/framework/src/Illuminate/Database/Eloquent/Relations/Concerns/InteractsWithPivotTable.php(276): Illuminate/Database/Query/Builder->insert(Array)
#7 C:/Users/DELL/growza/growza/vendor/spatie/laravel-permission/src/Traits/HasRoles.php(164): Illuminate/Database/Eloquent/Relations/BelongsToMany->attach(Array, Array)
#8 C:/Users/DELL/growza/growza/app/Domain/Auth/Actions/CreateNewUser.php(75): App/Domain/Identity/Models/User->assignRole('Customer')
#9 C:/Users/DELL/growza/growza/vendor/laravel/framework/src/Illuminate/Database/Concerns/ManagesTransactions.php(32): App/Domain/Auth/Actions/CreateNewUser->{closure:App/Domain/Auth/Actions/CreateNewUser::create():58}(Object(Illuminate/Database/SQLiteConnection))
#10 C:/Users/DELL/growza/growza/vendor/laravel/framework/src/Illuminate/Database/DatabaseManager.php(495): Illuminate/Database/Connection->transaction(Object(Closure))
#11 C:/Users/DELL/growza/growza/vendor/laravel/framework/src/Illuminate/Support/Facades/Facade.php(361): Illuminate/Database/DatabaseManager->__call('transaction', Array)
#12 C:/Users/DELL/growza/growza/app/Domain/Auth/Actions/CreateNewUser.php(58): Illuminate/Support/Facades/Facade::__callStatic('transaction', Array)
#13 C:/Users/DELL/growza/growza/vendor/laravel/fortify/src/Http/Controllers/RegisteredUserController.php(62): App/Domain/Auth/Actions/CreateNewUser->create(Array)
#14 C:/Users/DELL/growza/growza/vendor/laravel/framework/src/Illuminate/Routing/Controller.php(54): Laravel/Fortify/Http/Controllers/RegisteredUserController->store(Object(Illuminate/Http/Request), Object(App/Domain/Auth/Actions/CreateNewUser))
#15 C:/Users/DELL/growza/growza/vendor/laravel/framework/src/Illuminate/Routing/ControllerDispatcher.php(44): Illuminate/Routing/Controller->callAction('store', Array)
#16 C:/Users/DELL/growza/growza/vendor/laravel/framework/src/Illuminate/Routing/Route.php(266): Illuminate/Routing/ControllerDispatcher->dispatch(Object(Illuminate/Routing/Route), Object(Laravel/Fortify/Http/Controllers/RegisteredUserController), 'store')
#17 C:/Users/DELL/growza/growza/vendor/laravel/framework/src/Illuminate/Routing/Route.php(212): Illuminate/Routing/Route->runController()
#18 C:/Users/DELL/growza/growza/vendor/laravel/framework/src/Illuminate/Routing/Router.php(808): Illuminate/Routing/Route->run()
#19 C:/Users/DELL/growza/growza/vendor/laravel/framework/src/Illuminate/Pipeline/Pipeline.php(170): Illuminate/Routing/Router->{closure:Illuminate/Routing/Router::runRouteWithinStack():807}(Object(Illuminate/Http/Request))
#20 C:/Users/DELL/growza/growza/vendor/laravel/framework/src/Illuminate/Auth/Middleware/RedirectIfAuthenticated.php(35): Illuminate/Pipeline/Pipeline->{closure:Illuminate/Pipeline/Pipeline::prepareDestination():168}(Object(Illuminate/Http/Request))
#21 C:/Users/DELL/growza/growza/vendor/laravel/framework/src/Illuminate/Pipeline/Pipeline.php(209): Illuminate/Auth/Middleware/RedirectIfAuthenticated->handle(Object(Illuminate/Http/Request), Object(Closure), 'web')
#22 C:/Users/DELL/growza/growza/vendor/laravel/framework/src/Illuminate/Routing/Middleware/SubstituteBindings.php(51): Illuminate/Pipeline/Pipeline->{closure:{closure:Illuminate/Pipeline/Pipeline::carry():184}:185}(Object(Illuminate/Http/Request))
#23 C:/Users/DELL/growza/growza/vendor/laravel/framework/src/Illuminate/Pipeline/Pipeline.php(209): Illuminate/Routing/Middleware/SubstituteBindings->handle(Object(Illuminate/Http/Request), Object(Closure))
#24 C:/Users/DELL/growza/growza/vendor/laravel/framework/src/Illuminate/Foundation/Http/Middleware/VerifyCsrfToken.php(88): Illuminate/Pipeline/Pipeline->{closure:{closure:Illuminate/Pipeline/Pipeline::carry():184}:185}(Object(Illuminate/Http/Request))
#25 C:/Users/DELL/growza/growza/vendor/laravel/framework/src/Illuminate/Pipeline/Pipeline.php(209): Illuminate/Foundation/Http/Middleware/VerifyCsrfToken->handle(Object(Illuminate/Http/Request), Object(Closure))
#26 C:/Users/DELL/growza/growza/vendor/laravel/framework/src/Illuminate/View/Middleware/ShareErrorsFromSession.php(49): Illuminate/Pipeline/Pipeline->{closure:{closure:Illuminate/Pipeline/Pipeline::carry():184}:185}(Object(Illuminate/Http/Request))
#27 C:/Users/DELL/growza/growza/vendor/laravel/framework/src/Illuminate/Pipeline/Pipeline.php(209): Illuminate/View/Middleware/ShareErrorsFromSession->handle(Object(Illuminate/Http/Request), Object(Closure))
#28 C:/Users/DELL/growza/growza/vendor/laravel/framework/src/Illuminate/Session/Middleware/StartSession.php(121): Illuminate/Pipeline/Pipeline->{closure:{closure:Illuminate/Pipeline/Pipeline::carry():184}:185}(Object(Illuminate/Http/Request))
#29 C:/Users/DELL/growza/growza/vendor/laravel/framework/src/Illuminate/Session/Middleware/StartSession.php(64): Illuminate/Session/Middleware/StartSession->handleStatefulRequest(Object(Illuminate/Http/Request), Object(Illuminate/Session/Store), Object(Closure))
#30 C:/Users/DELL/growza/growza/vendor/laravel/framework/src/Illuminate/Pipeline/Pipeline.php(209): Illuminate/Session/Middleware/StartSession->handle(Object(Illuminate/Http/Request), Object(Closure))
#31 C:/Users/DELL/growza/growza/vendor/laravel/framework/src/Illuminate/Cookie/Middleware/AddQueuedCookiesToResponse.php(37): Illuminate/Pipeline/Pipeline->{closure:{closure:Illuminate/Pipeline/Pipeline::carry():184}:185}(Object(Illuminate/Http/Request))
#32 C:/Users/DELL/growza/growza/vendor/laravel/framework/src/Illuminate/Pipeline/Pipeline.php(209): Illuminate/Cookie/Middleware/AddQueuedCookiesToResponse->handle(Object(Illuminate/Http/Request), Object(Closure))
#33 C:/Users/DELL/growza/growza/vendor/laravel/framework/src/Illuminate/Cookie/Middleware/EncryptCookies.php(75): Illuminate/Pipeline/Pipeline->{closure:{closure:Illuminate/Pipeline/Pipeline::carry():184}:185}(Object(Illuminate/Http/Request))
#34 C:/Users/DELL/growza/growza/vendor/laravel/framework/src/Illuminate/Pipeline/Pipeline.php(209): Illuminate/Cookie/Middleware/EncryptCookies->handle(Object(Illuminate/Http/Request), Object(Closure))
#35 C:/Users/DELL/growza/growza/vendor/laravel/framework/src/Illuminate/Pipeline/Pipeline.php(127): Illuminate/Pipeline/Pipeline->{closure:{closure:Illuminate/Pipeline/Pipeline::carry():184}:185}(Object(Illuminate/Http/Request))
#36 C:/Users/DELL/growza/growza/vendor/laravel/framework/src/Illuminate/Routing/Router.php(807): Illuminate/Pipeline/Pipeline->then(Object(Closure))
#37 C:/Users/DELL/growza/growza/vendor/laravel/framework/src/Illuminate/Routing/Router.php(786): Illuminate/Routing/Router->runRouteWithinStack(Object(Illuminate/Routing/Route), Object(Illuminate/Http/Request))
#38 C:/Users/DELL/growza/growza/vendor/laravel/framework/src/Illuminate/Routing/Router.php(750): Illuminate/Routing/Router->runRoute(Object(Illuminate/Http/Request), Object(Illuminate/Routing/Route))
#39 C:/Users/DELL/growza/growza/vendor/laravel/framework/src/Illuminate/Routing/Router.php(739): Illuminate/Routing/Router->dispatchToRoute(Object(Illuminate/Http/Request))
#40 C:/Users/DELL/growza/growza/vendor/laravel/framework/src/Illuminate/Foundation/Http/Kernel.php(201): Illuminate/Routing/Router->dispatch(Object(Illuminate/Http/Request))
#41 C:/Users/DELL/growza/growza/vendor/laravel/framework/src/Illuminate/Pipeline/Pipeline.php(170): Illuminate/Foundation/Http/Kernel->{closure:Illuminate/Foundation/Http/Kernel::dispatchToRouter():198}(Object(Illuminate/Http/Request))
#42 C:/Users/DELL/growza/growza/vendor/livewire/livewire/src/Features/SupportDisablingBackButtonCache/DisableBackButtonCacheMiddleware.php(19): Illuminate/Pipeline/Pipeline->{closure:Illuminate/Pipeline/Pipeline::prepareDestination():168}(Object(Illuminate/Http/Request))
#43 C:/Users/DELL/growza/growza/vendor/laravel/framework/src/Illuminate/Pipeline/Pipeline.php(209): Livewire/Features/SupportDisablingBackButtonCache/DisableBackButtonCacheMiddleware->handle(Object(Illuminate/Http/Request), Object(Closure))
#44 C:/Users/DELL/growza/growza/vendor/laravel/framework/src/Illuminate/Foundation/Http/Middleware/TransformsRequest.php(21): Illuminate/Pipeline/Pipeline->{closure:{closure:Illuminate/Pipeline/Pipeline::carry():184}:185}(Object(Illuminate/Http/Request))
#45 C:/Users/DELL/growza/growza/vendor/laravel/framework/src/Illuminate/Foundation/Http/Middleware/ConvertEmptyStringsToNull.php(31): Illuminate/Foundation/Http/Middleware/TransformsRequest->handle(Object(Illuminate/Http/Request), Object(Closure))
#46 C:/Users/DELL/growza/growza/vendor/laravel/framework/src/Illuminate/Pipeline/Pipeline.php(209): Illuminate/Foundation/Http/Middleware/ConvertEmptyStringsToNull->handle(Object(Illuminate/Http/Request), Object(Closure))
#47 C:/Users/DELL/growza/growza/vendor/laravel/framework/src/Illuminate/Foundation/Http/Middleware/TransformsRequest.php(21): Illuminate/Pipeline/Pipeline->{closure:{closure:Illuminate/Pipeline/Pipeline::carry():184}:185}(Object(Illuminate/Http/Request))
#48 C:/Users/DELL/growza/growza/vendor/laravel/framework/src/Illuminate/Foundation/Http/Middleware/TrimStrings.php(51): Illuminate/Foundation/Http/Middleware/TransformsRequest->handle(Object(Illuminate/Http/Request), Object(Closure))
#49 C:/Users/DELL/growza/growza/vendor/laravel/framework/src/Illuminate/Pipeline/Pipeline.php(209): Illuminate/Foundation/Http/Middleware/TrimStrings->handle(Object(Illuminate/Http/Request), Object(Closure))
#50 C:/Users/DELL/growza/growza/vendor/laravel/framework/src/Illuminate/Http/Middleware/ValidatePostSize.php(27): Illuminate/Pipeline/Pipeline->{closure:{closure:Illuminate/Pipeline/Pipeline::carry():184}:185}(Object(Illuminate/Http/Request))
#51 C:/Users/DELL/growza/growza/vendor/laravel/framework/src/Illuminate/Pipeline/Pipeline.php(209): Illuminate/Http/Middleware/ValidatePostSize->handle(Object(Illuminate/Http/Request), Object(Closure))
#52 C:/Users/DELL/growza/growza/vendor/laravel/framework/src/Illuminate/Foundation/Http/Middleware/PreventRequestsDuringMaintenance.php(110): Illuminate/Pipeline/Pipeline->{closure:{closure:Illuminate/Pipeline/Pipeline::carry():184}:185}(Object(Illuminate/Http/Request))
#53 C:/Users/DELL/growza/growza/vendor/laravel/framework/src/Illuminate/Pipeline/Pipeline.php(209): Illuminate/Foundation/Http/Middleware/PreventRequestsDuringMaintenance->handle(Object(Illuminate/Http/Request), Object(Closure))
#54 C:/Users/DELL/growza/growza/vendor/laravel/framework/src/Illuminate/Http/Middleware/HandleCors.php(49): Illuminate/Pipeline/Pipeline->{closure:{closure:Illuminate/Pipeline/Pipeline::carry():184}:185}(Object(Illuminate/Http/Request))
#55 C:/Users/DELL/growza/growza/vendor/laravel/framework/src/Illuminate/Pipeline/Pipeline.php(209): Illuminate/Http/Middleware/HandleCors->handle(Object(Illuminate/Http/Request), Object(Closure))
#56 C:/Users/DELL/growza/growza/vendor/laravel/framework/src/Illuminate/Http/Middleware/TrustProxies.php(58): Illuminate/Pipeline/Pipeline->{closure:{closure:Illuminate/Pipeline/Pipeline::carry():184}:185}(Object(Illuminate/Http/Request))
#57 C:/Users/DELL/growza/growza/vendor/laravel/framework/src/Illuminate/Pipeline/Pipeline.php(209): Illuminate/Http/Middleware/TrustProxies->handle(Object(Illuminate/Http/Request), Object(Closure))
#58 C:/Users/DELL/growza/growza/vendor/laravel/framework/src/Illuminate/Foundation/Http/Middleware/InvokeDeferredCallbacks.php(22): Illuminate/Pipeline/Pipeline->{closure:{closure:Illuminate/Pipeline/Pipeline::carry():184}:185}(Object(Illuminate/Http/Request))
#59 C:/Users/DELL/growza/growza/vendor/laravel/framework/src/Illuminate/Pipeline/Pipeline.php(209): Illuminate/Foundation/Http/Middleware/InvokeDeferredCallbacks->handle(Object(Illuminate/Http/Request), Object(Closure))
#60 C:/Users/DELL/growza/growza/vendor/laravel/framework/src/Illuminate/Pipeline/Pipeline.php(127): Illuminate/Pipeline/Pipeline->{closure:{closure:Illuminate/Pipeline/Pipeline::carry():184}:185}(Object(Illuminate/Http/Request))
#61 C:/Users/DELL/growza/growza/vendor/laravel/framework/src/Illuminate/Foundation/Http/Kernel.php(176): Illuminate/Pipeline/Pipeline->then(Object(Closure))
#62 C:/Users/DELL/growza/growza/vendor/laravel/framework/src/Illuminate/Foundation/Http/Kernel.php(145): Illuminate/Foundation/Http/Kernel->sendRequestThroughRouter(Object(Illuminate/Http/Request))
#63 C:/Users/DELL/growza/growza/vendor/laravel/framework/src/Illuminate/Foundation/Testing/Concerns/MakesHttpRequests.php(607): Illuminate/Foundation/Http/Kernel->handle(Object(Illuminate/Http/Request))
#64 C:/Users/DELL/growza/growza/vendor/laravel/framework/src/Illuminate/Foundation/Testing/Concerns/MakesHttpRequests.php(397): Illuminate/Foundation/Testing/TestCase->call('POST', 'http://localhos...', Array, Array, Array, Array)
#65 [internal function]: Illuminate/Foundation/Testing/TestCase->post('http://localhos...', Array)
#66 C:/Users/DELL/growza/growza/vendor/pestphp/pest/src/Support/Reflection.php(38): ReflectionMethod->invoke(Object(P/Tests/Feature/AuthenticationTest), 'http://localhos...', Array)
#67 C:/Users/DELL/growza/growza/vendor/pestphp/pest/src/Support/HigherOrderMessage.php(59): Pest/Support/Reflection::call(Object(P/Tests/Feature/AuthenticationTest), 'post', Array)
#68 C:/Users/DELL/growza/growza/vendor/pestphp/pest/src/Support/HigherOrderTapProxy.php(66): Pest/Support/HigherOrderMessage->call(Object(P/Tests/Feature/AuthenticationTest))
#69 C:/Users/DELL/growza/growza/vendor/pestphp/pest-plugin-laravel/src/Http.php(209): Pest/Support/HigherOrderTapProxy->__call('post', Array)
#70 C:/Users/DELL/growza/growza/tests/Feature/AuthenticationTest.php(49): Pest/Laravel/post('http://localhos...', Array)
#71 C:/Users/DELL/growza/growza/vendor/pestphp/pest/src/Factories/TestCaseMethodFactory.php(110): P/Tests/Feature/AuthenticationTest->{closure:C:/Users/DELL/growza/growza/tests/Feature/AuthenticationTest.php:48}()
#72 [internal function]: P/Tests/Feature/AuthenticationTest->{closure:Pest/Factories/TestCaseMethodFactory::getClosure():102}()
#73 C:/Users/DELL/growza/growza/vendor/pestphp/pest/src/Concerns/Testable.php(339): call_user_func_array(Object(Closure), Array)
#74 C:/Users/DELL/growza/growza/vendor/pestphp/pest/src/Support/ExceptionTrace.php(26): P/Tests/Feature/AuthenticationTest->{closure:Pest/Concerns/Testable::__callClosure():339}()
#75 C:/Users/DELL/growza/growza/vendor/pestphp/pest/src/Concerns/Testable.php(339): Pest/Support/ExceptionTrace::ensure(Object(Closure))
#76 C:/Users/DELL/growza/growza/vendor/pestphp/pest/src/Concerns/Testable.php(256): P/Tests/Feature/AuthenticationTest->__callClosure(Object(Closure), Array)
#77 C:/Users/DELL/growza/growza/vendor/pestphp/pest/src/Factories/TestCaseFactory.php(197) : eval()'d code(56): P/Tests/Feature/AuthenticationTest->__runTest(Object(Closure))
#78 C:/Users/DELL/growza/growza/vendor/phpunit/phpunit/src/Framework/TestCase.php(1548): P/Tests/Feature/AuthenticationTest->__pest_evaluable_it_records_a_referral_code_at_registration_without_resolving_it()
#79 C:/Users/DELL/growza/growza/vendor/phpunit/phpunit/src/Framework/TestCase.php(686): PHPUnit/Framework/TestCase->runTest()
#80 C:/Users/DELL/growza/growza/vendor/phpunit/phpunit/src/Framework/TestRunner.php(106): PHPUnit/Framework/TestCase->runBare()
#81 C:/Users/DELL/growza/growza/vendor/phpunit/phpunit/src/Framework/TestCase.php(516): PHPUnit/Framework/TestRunner->run(Object(P/Tests/Feature/AuthenticationTest))
#82 C:/Users/DELL/growza/growza/vendor/phpunit/phpunit/src/Framework/TestSuite.php(374): PHPUnit/Framework/TestCase->run()
#83 C:/Users/DELL/growza/growza/vendor/phpunit/phpunit/src/Framework/TestSuite.php(374): PHPUnit/Framework/TestSuite->run()
#84 C:/Users/DELL/growza/growza/vendor/phpunit/phpunit/src/Framework/TestSuite.php(374): PHPUnit/Framework/TestSuite->run()
#85 C:/Users/DELL/growza/growza/vendor/phpunit/phpunit/src/TextUI/TestRunner.php(64): PHPUnit/Framework/TestSuite->run()
#86 C:/Users/DELL/growza/growza/vendor/phpunit/phpunit/src/TextUI/Application.php(204): PHPUnit/TextUI/TestRunner->run(Object(PHPUnit/TextUI/Configuration/Configuration), Object(PHPUnit/Runner/ResultCache/DefaultResultCache), Object(PHPUnit/Framework/TestSuite))
#87 C:/Users/DELL/growza/growza/vendor/pestphp/pest/src/Kernel.php(103): PHPUnit/TextUI/Application->run(Array)
#88 C:/Users/DELL/growza/growza/vendor/pestphp/pest/bin/pest(91): Pest/Kernel->handle(Array, Array)
#89 C:/Users/DELL/growza/growza/vendor/pestphp/pest/bin/pest(99): {closure:C:/Users/DELL/growza/growza/vendor/pestphp/pest/bin/pest:12}()
#90 {main}
"} 
[2026-09-21 06:25:51] testing.ERROR: cURL error 60: SSL certificate problem: unable to get local issuer certificate (see https://curl.se/libcurl/c/libcurl-errors.html) for https://api.pwnedpasswords.com/range/E8E64 {"exception":"[object] (GuzzleHttp\\Exception\\RequestException(code: 0): cURL error 60: SSL certificate problem: unable to get local issuer certificate (see https://curl.se/libcurl/c/libcurl-errors.html) for https://api.pwnedpasswords.com/range/E8E64 at C:/Users/DELL/growza/growza/vendor/guzzlehttp/guzzle/src/Handler/CurlFactory.php:1141)
[stacktrace]
#0 C:/Users/DELL/growza/growza/vendor/guzzlehttp/guzzle/src/Handler/CurlFactory.php(1077): GuzzleHttp/Handler/CurlFactory::createRejection(Object(GuzzleHttp/Handler/EasyHandle), Array)
#1 C:/Users/DELL/growza/growza/vendor/guzzlehttp/guzzle/src/Handler/CurlFactory.php(1014): GuzzleHttp/Handler/CurlFactory::finishError(Object(GuzzleHttp/Handler/CurlHandler), Object(GuzzleHttp/Handler/EasyHandle), Object(GuzzleHttp/Handler/CurlFactory))
#2 C:/Users/DELL/growza/growza/vendor/guzzlehttp/guzzle/src/Handler/CurlHandler.php(88): GuzzleHttp/Handler/CurlFactory::finish(Object(GuzzleHttp/Handler/CurlHandler), Object(GuzzleHttp/Handler/EasyHandle), Object(GuzzleHttp/Handler/CurlFactory))
#3 C:/Users/DELL/growza/growza/vendor/guzzlehttp/guzzle/src/Handler/Proxy.php(28): GuzzleHttp/Handler/CurlHandler->__invoke(Object(GuzzleHttp/Psr7/Request), Array)
#4 C:/Users/DELL/growza/growza/vendor/guzzlehttp/guzzle/src/Handler/Proxy.php(68): GuzzleHttp/Handler/Proxy::{closure:GuzzleHttp/Handler/Proxy::wrapSync():27}(Object(GuzzleHttp/Psr7/Request), Array)
#5 C:/Users/DELL/growza/growza/vendor/guzzlehttp/guzzle/src/Handler/Proxy.php(48): GuzzleHttp/Handler/Proxy::{closure:GuzzleHttp/Handler/Proxy::wrapTlsFallback():63}(Object(GuzzleHttp/Psr7/Request), Array)
#6 C:/Users/DELL/growza/growza/vendor/laravel/framework/src/Illuminate/Http/Client/PendingRequest.php(1340): GuzzleHttp/Handler/Proxy::{closure:GuzzleHttp/Handler/Proxy::wrapStreaming():47}(Object(GuzzleHttp/Psr7/Request), Array)
#7 C:/Users/DELL/growza/growza/vendor/laravel/framework/src/Illuminate/Http/Client/PendingRequest.php(1306): Illuminate/Http/Client/PendingRequest->{closure:{closure:Illuminate/Http/Client/PendingRequest::buildStubHandler():1327}:1328}(Object(GuzzleHttp/Psr7/Request), Array)
#8 C:/Users/DELL/growza/growza/vendor/laravel/framework/src/Illuminate/Http/Client/PendingRequest.php(1292): Illuminate/Http/Client/PendingRequest->{closure:{closure:Illuminate/Http/Client/PendingRequest::buildRecorderHandler():1304}:1305}(Object(GuzzleHttp/Psr7/Request), Array)
#9 C:/Users/DELL/growza/growza/vendor/guzzlehttp/guzzle/src/PrepareBodyMiddleware.php(35): Illuminate/Http/Client/PendingRequest->{closure:{closure:Illuminate/Http/Client/PendingRequest::buildBeforeSendingHandler():1290}:1291}(Object(GuzzleHttp/Psr7/Request), Array)
#10 C:/Users/DELL/growza/growza/vendor/guzzlehttp/guzzle/src/Middleware.php(38): GuzzleHttp/PrepareBodyMiddleware->__invoke(Object(GuzzleHttp/Psr7/Request), Array)
#11 C:/Users/DELL/growza/growza/vendor/guzzlehttp/guzzle/src/RedirectMiddleware.php(72): GuzzleHttp/Middleware::{closure:{closure:GuzzleHttp/Middleware::cookies():28}:29}(Object(GuzzleHttp/Psr7/Request), Array)
#12 C:/Users/DELL/growza/growza/vendor/guzzlehttp/guzzle/src/Middleware.php(63): GuzzleHttp/RedirectMiddleware->__invoke(Object(GuzzleHttp/Psr7/Request), Array)
#13 C:/Users/DELL/growza/growza/vendor/guzzlehttp/guzzle/src/HandlerStack.php(75): GuzzleHttp/Middleware::{closure:{closure:GuzzleHttp/Middleware::httpErrors():60}:61}(Object(GuzzleHttp/Psr7/Request), Array)
#14 C:/Users/DELL/growza/growza/vendor/guzzlehttp/guzzle/src/Client.php(1109): GuzzleHttp/HandlerStack->__invoke(Object(GuzzleHttp/Psr7/Request), Array)
#15 C:/Users/DELL/growza/growza/vendor/guzzlehttp/guzzle/src/Client.php(243): GuzzleHttp/Client->transfer(Object(GuzzleHttp/Psr7/Request), Array)
#16 C:/Users/DELL/growza/growza/vendor/guzzlehttp/guzzle/src/Client.php(273): GuzzleHttp/Client->requestAsync('GET', Object(GuzzleHttp/Psr7/Uri), Array)
#17 C:/Users/DELL/growza/growza/vendor/laravel/framework/src/Illuminate/Http/Client/PendingRequest.php(1138): GuzzleHttp/Client->request('GET', 'https://api.pwn...', Array)
#18 C:/Users/DELL/growza/growza/vendor/laravel/framework/src/Illuminate/Http/Client/PendingRequest.php(907): Illuminate/Http/Client/PendingRequest->sendRequest('GET', 'https://api.pwn...', Array)
#19 C:/Users/DELL/growza/growza/vendor/laravel/framework/src/Illuminate/Support/helpers.php(338): Illuminate/Http/Client/PendingRequest->{closure:Illuminate/Http/Client/PendingRequest::send():905}(1)
#20 C:/Users/DELL/growza/growza/vendor/laravel/framework/src/Illuminate/Http/Client/PendingRequest.php(905): retry(0, Object(Closure), 100, Object(Closure))
#21 C:/Users/DELL/growza/growza/vendor/laravel/framework/src/Illuminate/Http/Client/PendingRequest.php(772): Illuminate/Http/Client/PendingRequest->send('GET', 'https://api.pwn...', Array)
#22 C:/Users/DELL/growza/growza/vendor/laravel/framework/src/Illuminate/Validation/NotPwnedVerifier.php(89): Illuminate/Http/Client/PendingRequest->get('https://api.pwn...')
#23 C:/Users/DELL/growza/growza/vendor/laravel/framework/src/Illuminate/Validation/NotPwnedVerifier.php(55): Illuminate/Validation/NotPwnedVerifier->search('E8E64')
#24 C:/Users/DELL/growza/growza/vendor/laravel/framework/src/Illuminate/Validation/Rules/Password.php(349): Illuminate/Validation/NotPwnedVerifier->verify(Array)
#25 C:/Users/DELL/growza/growza/vendor/laravel/framework/src/Illuminate/Validation/Validator.php(902): Illuminate/Validation/Rules/Password->passes('password', 'correct-horse-9...')
#26 C:/Users/DELL/growza/growza/vendor/laravel/framework/src/Illuminate/Validation/Validator.php(678): Illuminate/Validation/Validator->validateUsingCustomRule('password', 'correct-horse-9...', Object(Illuminate/Validation/Rules/Password))
#27 C:/Users/DELL/growza/growza/vendor/laravel/framework/src/Illuminate/Validation/Validator.php(481): Illuminate/Validation/Validator->validateAttribute('password', Object(Illuminate/Validation/Rules/Password))
#28 C:/Users/DELL/growza/growza/vendor/laravel/framework/src/Illuminate/Validation/Validator.php(516): Illuminate/Validation/Validator->passes()
#29 C:/Users/DELL/growza/growza/vendor/laravel/framework/src/Illuminate/Validation/Validator.php(558): Illuminate/Validation/Validator->fails()
#30 C:/Users/DELL/growza/growza/app/Domain/Auth/Actions/CreateNewUser.php(53): Illuminate/Validation/Validator->validate()
#31 C:/Users/DELL/growza/growza/vendor/laravel/fortify/src/Http/Controllers/RegisteredUserController.php(62): App/Domain/Auth/Actions/CreateNewUser->create(Array)
#32 C:/Users/DELL/growza/growza/vendor/laravel/framework/src/Illuminate/Routing/Controller.php(54): Laravel/Fortify/Http/Controllers/RegisteredUserController->store(Object(Illuminate/Http/Request), Object(App/Domain/Auth/Actions/CreateNewUser))
#33 C:/Users/DELL/growza/growza/vendor/laravel/framework/src/Illuminate/Routing/ControllerDispatcher.php(44): Illuminate/Routing/Controller->callAction('store', Array)
#34 C:/Users/DELL/growza/growza/vendor/laravel/framework/src/Illuminate/Routing/Route.php(266): Illuminate/Routing/ControllerDispatcher->dispatch(Object(Illuminate/Routing/Route), Object(Laravel/Fortify/Http/Controllers/RegisteredUserController), 'store')
#35 C:/Users/DELL/growza/growza/vendor/laravel/framework/src/Illuminate/Routing/Route.php(212): Illuminate/Routing/Route->runController()
#36 C:/Users/DELL/growza/growza/vendor/laravel/framework/src/Illuminate/Routing/Router.php(808): Illuminate/Routing/Route->run()
#37 C:/Users/DELL/growza/growza/vendor/laravel/framework/src/Illuminate/Pipeline/Pipeline.php(170): Illuminate/Routing/Router->{closure:Illuminate/Routing/Router::runRouteWithinStack():807}(Object(Illuminate/Http/Request))
#38 C:/Users/DELL/growza/growza/vendor/laravel/framework/src/Illuminate/Auth/Middleware/RedirectIfAuthenticated.php(35): Illuminate/Pipeline/Pipeline->{closure:Illuminate/Pipeline/Pipeline::prepareDestination():168}(Object(Illuminate/Http/Request))
#39 C:/Users/DELL/growza/growza/vendor/laravel/framework/src/Illuminate/Pipeline/Pipeline.php(209): Illuminate/Auth/Middleware/RedirectIfAuthenticated->handle(Object(Illuminate/Http/Request), Object(Closure), 'web')
#40 C:/Users/DELL/growza/growza/vendor/laravel/framework/src/Illuminate/Routing/Middleware/SubstituteBindings.php(51): Illuminate/Pipeline/Pipeline->{closure:{closure:Illuminate/Pipeline/Pipeline::carry():184}:185}(Object(Illuminate/Http/Request))
#41 C:/Users/DELL/growza/growza/vendor/laravel/framework/src/Illuminate/Pipeline/Pipeline.php(209): Illuminate/Routing/Middleware/SubstituteBindings->handle(Object(Illuminate/Http/Request), Object(Closure))
#42 C:/Users/DELL/growza/growza/vendor/laravel/framework/src/Illuminate/Foundation/Http/Middleware/VerifyCsrfToken.php(88): Illuminate/Pipeline/Pipeline->{closure:{closure:Illuminate/Pipeline/Pipeline::carry():184}:185}(Object(Illuminate/Http/Request))
#43 C:/Users/DELL/growza/growza/vendor/laravel/framework/src/Illuminate/Pipeline/Pipeline.php(209): Illuminate/Foundation/Http/Middleware/VerifyCsrfToken->handle(Object(Illuminate/Http/Request), Object(Closure))
#44 C:/Users/DELL/growza/growza/vendor/laravel/framework/src/Illuminate/View/Middleware/ShareErrorsFromSession.php(49): Illuminate/Pipeline/Pipeline->{closure:{closure:Illuminate/Pipeline/Pipeline::carry():184}:185}(Object(Illuminate/Http/Request))
#45 C:/Users/DELL/growza/growza/vendor/laravel/framework/src/Illuminate/Pipeline/Pipeline.php(209): Illuminate/View/Middleware/ShareErrorsFromSession->handle(Object(Illuminate/Http/Request), Object(Closure))
#46 C:/Users/DELL/growza/growza/vendor/laravel/framework/src/Illuminate/Session/Middleware/StartSession.php(121): Illuminate/Pipeline/Pipeline->{closure:{closure:Illuminate/Pipeline/Pipeline::carry():184}:185}(Object(Illuminate/Http/Request))
#47 C:/Users/DELL/growza/growza/vendor/laravel/framework/src/Illuminate/Session/Middleware/StartSession.php(64): Illuminate/Session/Middleware/StartSession->handleStatefulRequest(Object(Illuminate/Http/Request), Object(Illuminate/Session/Store), Object(Closure))
#48 C:/Users/DELL/growza/growza/vendor/laravel/framework/src/Illuminate/Pipeline/Pipeline.php(209): Illuminate/Session/Middleware/StartSession->handle(Object(Illuminate/Http/Request), Object(Closure))
#49 C:/Users/DELL/growza/growza/vendor/laravel/framework/src/Illuminate/Cookie/Middleware/AddQueuedCookiesToResponse.php(37): Illuminate/Pipeline/Pipeline->{closure:{closure:Illuminate/Pipeline/Pipeline::carry():184}:185}(Object(Illuminate/Http/Request))
#50 C:/Users/DELL/growza/growza/vendor/laravel/framework/src/Illuminate/Pipeline/Pipeline.php(209): Illuminate/Cookie/Middleware/AddQueuedCookiesToResponse->handle(Object(Illuminate/Http/Request), Object(Closure))
#51 C:/Users/DELL/growza/growza/vendor/laravel/framework/src/Illuminate/Cookie/Middleware/EncryptCookies.php(75): Illuminate/Pipeline/Pipeline->{closure:{closure:Illuminate/Pipeline/Pipeline::carry():184}:185}(Object(Illuminate/Http/Request))
#52 C:/Users/DELL/growza/growza/vendor/laravel/framework/src/Illuminate/Pipeline/Pipeline.php(209): Illuminate/Cookie/Middleware/EncryptCookies->handle(Object(Illuminate/Http/Request), Object(Closure))
#53 C:/Users/DELL/growza/growza/vendor/laravel/framework/src/Illuminate/Pipeline/Pipeline.php(127): Illuminate/Pipeline/Pipeline->{closure:{closure:Illuminate/Pipeline/Pipeline::carry():184}:185}(Object(Illuminate/Http/Request))
#54 C:/Users/DELL/growza/growza/vendor/laravel/framework/src/Illuminate/Routing/Router.php(807): Illuminate/Pipeline/Pipeline->then(Object(Closure))
#55 C:/Users/DELL/growza/growza/vendor/laravel/framework/src/Illuminate/Routing/Router.php(786): Illuminate/Routing/Router->runRouteWithinStack(Object(Illuminate/Routing/Route), Object(Illuminate/Http/Request))
#56 C:/Users/DELL/growza/growza/vendor/laravel/framework/src/Illuminate/Routing/Router.php(750): Illuminate/Routing/Router->runRoute(Object(Illuminate/Http/Request), Object(Illuminate/Routing/Route))
#57 C:/Users/DELL/growza/growza/vendor/laravel/framework/src/Illuminate/Routing/Router.php(739): Illuminate/Routing/Router->dispatchToRoute(Object(Illuminate/Http/Request))
#58 C:/Users/DELL/growza/growza/vendor/laravel/framework/src/Illuminate/Foundation/Http/Kernel.php(201): Illuminate/Routing/Router->dispatch(Object(Illuminate/Http/Request))
#59 C:/Users/DELL/growza/growza/vendor/laravel/framework/src/Illuminate/Pipeline/Pipeline.php(170): Illuminate/Foundation/Http/Kernel->{closure:Illuminate/Foundation/Http/Kernel::dispatchToRouter():198}(Object(Illuminate/Http/Request))
#60 C:/Users/DELL/growza/growza/vendor/livewire/livewire/src/Features/SupportDisablingBackButtonCache/DisableBackButtonCacheMiddleware.php(19): Illuminate/Pipeline/Pipeline->{closure:Illuminate/Pipeline/Pipeline::prepareDestination():168}(Object(Illuminate/Http/Request))
#61 C:/Users/DELL/growza/growza/vendor/laravel/framework/src/Illuminate/Pipeline/Pipeline.php(209): Livewire/Features/SupportDisablingBackButtonCache/DisableBackButtonCacheMiddleware->handle(Object(Illuminate/Http/Request), Object(Closure))
#62 C:/Users/DELL/growza/growza/vendor/laravel/framework/src/Illuminate/Foundation/Http/Middleware/TransformsRequest.php(21): Illuminate/Pipeline/Pipeline->{closure:{closure:Illuminate/Pipeline/Pipeline::carry():184}:185}(Object(Illuminate/Http/Request))
#63 C:/Users/DELL/growza/growza/vendor/laravel/framework/src/Illuminate/Foundation/Http/Middleware/ConvertEmptyStringsToNull.php(31): Illuminate/Foundation/Http/Middleware/TransformsRequest->handle(Object(Illuminate/Http/Request), Object(Closure))
#64 C:/Users/DELL/growza/growza/vendor/laravel/framework/src/Illuminate/Pipeline/Pipeline.php(209): Illuminate/Foundation/Http/Middleware/ConvertEmptyStringsToNull->handle(Object(Illuminate/Http/Request), Object(Closure))
#65 C:/Users/DELL/growza/growza/vendor/laravel/framework/src/Illuminate/Foundation/Http/Middleware/TransformsRequest.php(21): Illuminate/Pipeline/Pipeline->{closure:{closure:Illuminate/Pipeline/Pipeline::carry():184}:185}(Object(Illuminate/Http/Request))
#66 C:/Users/DELL/growza/growza/vendor/laravel/framework/src/Illuminate/Foundation/Http/Middleware/TrimStrings.php(51): Illuminate/Foundation/Http/Middleware/TransformsRequest->handle(Object(Illuminate/Http/Request), Object(Closure))
#67 C:/Users/DELL/growza/growza/vendor/laravel/framework/src/Illuminate/Pipeline/Pipeline.php(209): Illuminate/Foundation/Http/Middleware/TrimStrings->handle(Object(Illuminate/Http/Request), Object(Closure))
#68 C:/Users/DELL/growza/growza/vendor/laravel/framework/src/Illuminate/Http/Middleware/ValidatePostSize.php(27): Illuminate/Pipeline/Pipeline->{closure:{closure:Illuminate/Pipeline/Pipeline::carry():184}:185}(Object(Illuminate/Http/Request))
#69 C:/Users/DELL/growza/growza/vendor/laravel/framework/src/Illuminate/Pipeline/Pipeline.php(209): Illuminate/Http/Middleware/ValidatePostSize->handle(Object(Illuminate/Http/Request), Object(Closure))
#70 C:/Users/DELL/growza/growza/vendor/laravel/framework/src/Illuminate/Foundation/Http/Middleware/PreventRequestsDuringMaintenance.php(110): Illuminate/Pipeline/Pipeline->{closure:{closure:Illuminate/Pipeline/Pipeline::carry():184}:185}(Object(Illuminate/Http/Request))
#71 C:/Users/DELL/growza/growza/vendor/laravel/framework/src/Illuminate/Pipeline/Pipeline.php(209): Illuminate/Foundation/Http/Middleware/PreventRequestsDuringMaintenance->handle(Object(Illuminate/Http/Request), Object(Closure))
#72 C:/Users/DELL/growza/growza/vendor/laravel/framework/src/Illuminate/Http/Middleware/HandleCors.php(49): Illuminate/Pipeline/Pipeline->{closure:{closure:Illuminate/Pipeline/Pipeline::carry():184}:185}(Object(Illuminate/Http/Request))
#73 C:/Users/DELL/growza/growza/vendor/laravel/framework/src/Illuminate/Pipeline/Pipeline.php(209): Illuminate/Http/Middleware/HandleCors->handle(Object(Illuminate/Http/Request), Object(Closure))
#74 C:/Users/DELL/growza/growza/vendor/laravel/framework/src/Illuminate/Http/Middleware/TrustProxies.php(58): Illuminate/Pipeline/Pipeline->{closure:{closure:Illuminate/Pipeline/Pipeline::carry():184}:185}(Object(Illuminate/Http/Request))
#75 C:/Users/DELL/growza/growza/vendor/laravel/framework/src/Illuminate/Pipeline/Pipeline.php(209): Illuminate/Http/Middleware/TrustProxies->handle(Object(Illuminate/Http/Request), Object(Closure))
#76 C:/Users/DELL/growza/growza/vendor/laravel/framework/src/Illuminate/Foundation/Http/Middleware/InvokeDeferredCallbacks.php(22): Illuminate/Pipeline/Pipeline->{closure:{closure:Illuminate/Pipeline/Pipeline::carry():184}:185}(Object(Illuminate/Http/Request))
#77 C:/Users/DELL/growza/growza/vendor/laravel/framework/src/Illuminate/Pipeline/Pipeline.php(209): Illuminate/Foundation/Http/Middleware/InvokeDeferredCallbacks->handle(Object(Illuminate/Http/Request), Object(Closure))
#78 C:/Users/DELL/growza/growza/vendor/laravel/framework/src/Illuminate/Pipeline/Pipeline.php(127): Illuminate/Pipeline/Pipeline->{closure:{closure:Illuminate/Pipeline/Pipeline::carry():184}:185}(Object(Illuminate/Http/Request))
#79 C:/Users/DELL/growza/growza/vendor/laravel/framework/src/Illuminate/Foundation/Http/Kernel.php(176): Illuminate/Pipeline/Pipeline->then(Object(Closure))
#80 C:/Users/DELL/growza/growza/vendor/laravel/framework/src/Illuminate/Foundation/Http/Kernel.php(145): Illuminate/Foundation/Http/Kernel->sendRequestThroughRouter(Object(Illuminate/Http/Request))
#81 C:/Users/DELL/growza/growza/vendor/laravel/framework/src/Illuminate/Foundation/Testing/Concerns/MakesHttpRequests.php(607): Illuminate/Foundation/Http/Kernel->handle(Object(Illuminate/Http/Request))
#82 C:/Users/DELL/growza/growza/vendor/laravel/framework/src/Illuminate/Foundation/Testing/Concerns/MakesHttpRequests.php(397): Illuminate/Foundation/Testing/TestCase->call('POST', 'http://localhos...', Array, Array, Array, Array)
#83 [internal function]: Illuminate/Foundation/Testing/TestCase->post('http://localhos...', Array)
#84 C:/Users/DELL/growza/growza/vendor/pestphp/pest/src/Support/Reflection.php(38): ReflectionMethod->invoke(Object(P/Tests/Feature/AuthenticationTest), 'http://localhos...', Array)
#85 C:/Users/DELL/growza/growza/vendor/pestphp/pest/src/Support/HigherOrderMessage.php(59): Pest/Support/Reflection::call(Object(P/Tests/Feature/AuthenticationTest), 'post', Array)
#86 C:/Users/DELL/growza/growza/vendor/pestphp/pest/src/Support/HigherOrderTapProxy.php(66): Pest/Support/HigherOrderMessage->call(Object(P/Tests/Feature/AuthenticationTest))
#87 C:/Users/DELL/growza/growza/vendor/pestphp/pest-plugin-laravel/src/Http.php(209): Pest/Support/HigherOrderTapProxy->__call('post', Array)
#88 C:/Users/DELL/growza/growza/tests/Feature/AuthenticationTest.php(64): Pest/Laravel/post('http://localhos...', Array)
#89 C:/Users/DELL/growza/growza/vendor/pestphp/pest/src/Factories/TestCaseMethodFactory.php(110): P/Tests/Feature/AuthenticationTest->{closure:C:/Users/DELL/growza/growza/tests/Feature/AuthenticationTest.php:63}()
#90 [internal function]: P/Tests/Feature/AuthenticationTest->{closure:Pest/Factories/TestCaseMethodFactory::getClosure():102}()
#91 C:/Users/DELL/growza/growza/vendor/pestphp/pest/src/Concerns/Testable.php(339): call_user_func_array(Object(Closure), Array)
#92 C:/Users/DELL/growza/growza/vendor/pestphp/pest/src/Support/ExceptionTrace.php(26): P/Tests/Feature/AuthenticationTest->{closure:Pest/Concerns/Testable::__callClosure():339}()
#93 C:/Users/DELL/growza/growza/vendor/pestphp/pest/src/Concerns/Testable.php(339): Pest/Support/ExceptionTrace::ensure(Object(Closure))
#94 C:/Users/DELL/growza/growza/vendor/pestphp/pest/src/Concerns/Testable.php(256): P/Tests/Feature/AuthenticationTest->__callClosure(Object(Closure), Array)
#95 C:/Users/DELL/growza/growza/vendor/pestphp/pest/src/Factories/TestCaseFactory.php(197) : eval()'d code(71): P/Tests/Feature/AuthenticationTest->__runTest(Object(Closure))
#96 C:/Users/DELL/growza/growza/vendor/phpunit/phpunit/src/Framework/TestCase.php(1548): P/Tests/Feature/AuthenticationTest->__pest_evaluable_it_refuses_registration_without_accepting_the_terms()
#97 C:/Users/DELL/growza/growza/vendor/phpunit/phpunit/src/Framework/TestCase.php(686): PHPUnit/Framework/TestCase->runTest()
#98 C:/Users/DELL/growza/growza/vendor/phpunit/phpunit/src/Framework/TestRunner.php(106): PHPUnit/Framework/TestCase->runBare()
#99 C:/Users/DELL/growza/growza/vendor/phpunit/phpunit/src/Framework/TestCase.php(516): PHPUnit/Framework/TestRunner->run(Object(P/Tests/Feature/AuthenticationTest))
#100 C:/Users/DELL/growza/growza/vendor/phpunit/phpunit/src/Framework/TestSuite.php(374): PHPUnit/Framework/TestCase->run()
#101 C:/Users/DELL/growza/growza/vendor/phpunit/phpunit/src/Framework/TestSuite.php(374): PHPUnit/Framework/TestSuite->run()
#102 C:/Users/DELL/growza/growza/vendor/phpunit/phpunit/src/Framework/TestSuite.php(374): PHPUnit/Framework/TestSuite->run()
#103 C:/Users/DELL/growza/growza/vendor/phpunit/phpunit/src/TextUI/TestRunner.php(64): PHPUnit/Framework/TestSuite->run()
#104 C:/Users/DELL/growza/growza/vendor/phpunit/phpunit/src/TextUI/Application.php(204): PHPUnit/TextUI/TestRunner->run(Object(PHPUnit/TextUI/Configuration/Configuration), Object(PHPUnit/Runner/ResultCache/DefaultResultCache), Object(PHPUnit/Framework/TestSuite))
#105 C:/Users/DELL/growza/growza/vendor/pestphp/pest/src/Kernel.php(103): PHPUnit/TextUI/Application->run(Array)
#106 C:/Users/DELL/growza/growza/vendor/pestphp/pest/bin/pest(91): Pest/Kernel->handle(Array, Array)
#107 C:/Users/DELL/growza/growza/vendor/pestphp/pest/bin/pest(99): {closure:C:/Users/DELL/growza/growza/vendor/pestphp/pest/bin/pest:12}()
#108 {main}
"} 
[2026-09-21 06:25:52] testing.ERROR: cURL error 60: SSL certificate problem: unable to get local issuer certificate (see https://curl.se/libcurl/c/libcurl-errors.html) for https://api.pwnedpasswords.com/range/E8E64 {"exception":"[object] (GuzzleHttp\\Exception\\RequestException(code: 0): cURL error 60: SSL certificate problem: unable to get local issuer certificate (see https://curl.se/libcurl/c/libcurl-errors.html) for https://api.pwnedpasswords.com/range/E8E64 at C:/Users/DELL/growza/growza/vendor/guzzlehttp/guzzle/src/Handler/CurlFactory.php:1141)
[stacktrace]
#0 C:/Users/DELL/growza/growza/vendor/guzzlehttp/guzzle/src/Handler/CurlFactory.php(1077): GuzzleHttp/Handler/CurlFactory::createRejection(Object(GuzzleHttp/Handler/EasyHandle), Array)
#1 C:/Users/DELL/growza/growza/vendor/guzzlehttp/guzzle/src/Handler/CurlFactory.php(1014): GuzzleHttp/Handler/CurlFactory::finishError(Object(GuzzleHttp/Handler/CurlHandler), Object(GuzzleHttp/Handler/EasyHandle), Object(GuzzleHttp/Handler/CurlFactory))
#2 C:/Users/DELL/growza/growza/vendor/guzzlehttp/guzzle/src/Handler/CurlHandler.php(88): GuzzleHttp/Handler/CurlFactory::finish(Object(GuzzleHttp/Handler/CurlHandler), Object(GuzzleHttp/Handler/EasyHandle), Object(GuzzleHttp/Handler/CurlFactory))
#3 C:/Users/DELL/growza/growza/vendor/guzzlehttp/guzzle/src/Handler/Proxy.php(28): GuzzleHttp/Handler/CurlHandler->__invoke(Object(GuzzleHttp/Psr7/Request), Array)
#4 C:/Users/DELL/growza/growza/vendor/guzzlehttp/guzzle/src/Handler/Proxy.php(68): GuzzleHttp/Handler/Proxy::{closure:GuzzleHttp/Handler/Proxy::wrapSync():27}(Object(GuzzleHttp/Psr7/Request), Array)
#5 C:/Users/DELL/growza/growza/vendor/guzzlehttp/guzzle/src/Handler/Proxy.php(48): GuzzleHttp/Handler/Proxy::{closure:GuzzleHttp/Handler/Proxy::wrapTlsFallback():63}(Object(GuzzleHttp/Psr7/Request), Array)
#6 C:/Users/DELL/growza/growza/vendor/laravel/framework/src/Illuminate/Http/Client/PendingRequest.php(1340): GuzzleHttp/Handler/Proxy::{closure:GuzzleHttp/Handler/Proxy::wrapStreaming():47}(Object(GuzzleHttp/Psr7/Request), Array)
#7 C:/Users/DELL/growza/growza/vendor/laravel/framework/src/Illuminate/Http/Client/PendingRequest.php(1306): Illuminate/Http/Client/PendingRequest->{closure:{closure:Illuminate/Http/Client/PendingRequest::buildStubHandler():1327}:1328}(Object(GuzzleHttp/Psr7/Request), Array)
#8 C:/Users/DELL/growza/growza/vendor/laravel/framework/src/Illuminate/Http/Client/PendingRequest.php(1292): Illuminate/Http/Client/PendingRequest->{closure:{closure:Illuminate/Http/Client/PendingRequest::buildRecorderHandler():1304}:1305}(Object(GuzzleHttp/Psr7/Request), Array)
#9 C:/Users/DELL/growza/growza/vendor/guzzlehttp/guzzle/src/PrepareBodyMiddleware.php(35): Illuminate/Http/Client/PendingRequest->{closure:{closure:Illuminate/Http/Client/PendingRequest::buildBeforeSendingHandler():1290}:1291}(Object(GuzzleHttp/Psr7/Request), Array)
#10 C:/Users/DELL/growza/growza/vendor/guzzlehttp/guzzle/src/Middleware.php(38): GuzzleHttp/PrepareBodyMiddleware->__invoke(Object(GuzzleHttp/Psr7/Request), Array)
#11 C:/Users/DELL/growza/growza/vendor/guzzlehttp/guzzle/src/RedirectMiddleware.php(72): GuzzleHttp/Middleware::{closure:{closure:GuzzleHttp/Middleware::cookies():28}:29}(Object(GuzzleHttp/Psr7/Request), Array)
#12 C:/Users/DELL/growza/growza/vendor/guzzlehttp/guzzle/src/Middleware.php(63): GuzzleHttp/RedirectMiddleware->__invoke(Object(GuzzleHttp/Psr7/Request), Array)
#13 C:/Users/DELL/growza/growza/vendor/guzzlehttp/guzzle/src/HandlerStack.php(75): GuzzleHttp/Middleware::{closure:{closure:GuzzleHttp/Middleware::httpErrors():60}:61}(Object(GuzzleHttp/Psr7/Request), Array)
#14 C:/Users/DELL/growza/growza/vendor/guzzlehttp/guzzle/src/Client.php(1109): GuzzleHttp/HandlerStack->__invoke(Object(GuzzleHttp/Psr7/Request), Array)
#15 C:/Users/DELL/growza/growza/vendor/guzzlehttp/guzzle/src/Client.php(243): GuzzleHttp/Client->transfer(Object(GuzzleHttp/Psr7/Request), Array)
#16 C:/Users/DELL/growza/growza/vendor/guzzlehttp/guzzle/src/Client.php(273): GuzzleHttp/Client->requestAsync('GET', Object(GuzzleHttp/Psr7/Uri), Array)
#17 C:/Users/DELL/growza/growza/vendor/laravel/framework/src/Illuminate/Http/Client/PendingRequest.php(1138): GuzzleHttp/Client->request('GET', 'https://api.pwn...', Array)
#18 C:/Users/DELL/growza/growza/vendor/laravel/framework/src/Illuminate/Http/Client/PendingRequest.php(907): Illuminate/Http/Client/PendingRequest->sendRequest('GET', 'https://api.pwn...', Array)
#19 C:/Users/DELL/growza/growza/vendor/laravel/framework/src/Illuminate/Support/helpers.php(338): Illuminate/Http/Client/PendingRequest->{closure:Illuminate/Http/Client/PendingRequest::send():905}(1)
#20 C:/Users/DELL/growza/growza/vendor/laravel/framework/src/Illuminate/Http/Client/PendingRequest.php(905): retry(0, Object(Closure), 100, Object(Closure))
#21 C:/Users/DELL/growza/growza/vendor/laravel/framework/src/Illuminate/Http/Client/PendingRequest.php(772): Illuminate/Http/Client/PendingRequest->send('GET', 'https://api.pwn...', Array)
#22 C:/Users/DELL/growza/growza/vendor/laravel/framework/src/Illuminate/Validation/NotPwnedVerifier.php(89): Illuminate/Http/Client/PendingRequest->get('https://api.pwn...')
#23 C:/Users/DELL/growza/growza/vendor/laravel/framework/src/Illuminate/Validation/NotPwnedVerifier.php(55): Illuminate/Validation/NotPwnedVerifier->search('E8E64')
#24 C:/Users/DELL/growza/growza/vendor/laravel/framework/src/Illuminate/Validation/Rules/Password.php(349): Illuminate/Validation/NotPwnedVerifier->verify(Array)
#25 C:/Users/DELL/growza/growza/vendor/laravel/framework/src/Illuminate/Validation/Validator.php(902): Illuminate/Validation/Rules/Password->passes('password', 'correct-horse-9...')
#26 C:/Users/DELL/growza/growza/vendor/laravel/framework/src/Illuminate/Validation/Validator.php(678): Illuminate/Validation/Validator->validateUsingCustomRule('password', 'correct-horse-9...', Object(Illuminate/Validation/Rules/Password))
#27 C:/Users/DELL/growza/growza/vendor/laravel/framework/src/Illuminate/Validation/Validator.php(481): Illuminate/Validation/Validator->validateAttribute('password', Object(Illuminate/Validation/Rules/Password))
#28 C:/Users/DELL/growza/growza/vendor/laravel/framework/src/Illuminate/Validation/Validator.php(516): Illuminate/Validation/Validator->passes()
#29 C:/Users/DELL/growza/growza/vendor/laravel/framework/src/Illuminate/Validation/Validator.php(558): Illuminate/Validation/Validator->fails()
#30 C:/Users/DELL/growza/growza/app/Domain/Auth/Actions/CreateNewUser.php(53): Illuminate/Validation/Validator->validate()
#31 C:/Users/DELL/growza/growza/vendor/laravel/fortify/src/Http/Controllers/RegisteredUserController.php(62): App/Domain/Auth/Actions/CreateNewUser->create(Array)
#32 C:/Users/DELL/growza/growza/vendor/laravel/framework/src/Illuminate/Routing/Controller.php(54): Laravel/Fortify/Http/Controllers/RegisteredUserController->store(Object(Illuminate/Http/Request), Object(App/Domain/Auth/Actions/CreateNewUser))
#33 C:/Users/DELL/growza/growza/vendor/laravel/framework/src/Illuminate/Routing/ControllerDispatcher.php(44): Illuminate/Routing/Controller->callAction('store', Array)
#34 C:/Users/DELL/growza/growza/vendor/laravel/framework/src/Illuminate/Routing/Route.php(266): Illuminate/Routing/ControllerDispatcher->dispatch(Object(Illuminate/Routing/Route), Object(Laravel/Fortify/Http/Controllers/RegisteredUserController), 'store')
#35 C:/Users/DELL/growza/growza/vendor/laravel/framework/src/Illuminate/Routing/Route.php(212): Illuminate/Routing/Route->runController()
#36 C:/Users/DELL/growza/growza/vendor/laravel/framework/src/Illuminate/Routing/Router.php(808): Illuminate/Routing/Route->run()
#37 C:/Users/DELL/growza/growza/vendor/laravel/framework/src/Illuminate/Pipeline/Pipeline.php(170): Illuminate/Routing/Router->{closure:Illuminate/Routing/Router::runRouteWithinStack():807}(Object(Illuminate/Http/Request))
#38 C:/Users/DELL/growza/growza/vendor/laravel/framework/src/Illuminate/Auth/Middleware/RedirectIfAuthenticated.php(35): Illuminate/Pipeline/Pipeline->{closure:Illuminate/Pipeline/Pipeline::prepareDestination():168}(Object(Illuminate/Http/Request))
#39 C:/Users/DELL/growza/growza/vendor/laravel/framework/src/Illuminate/Pipeline/Pipeline.php(209): Illuminate/Auth/Middleware/RedirectIfAuthenticated->handle(Object(Illuminate/Http/Request), Object(Closure), 'web')
#40 C:/Users/DELL/growza/growza/vendor/laravel/framework/src/Illuminate/Routing/Middleware/SubstituteBindings.php(51): Illuminate/Pipeline/Pipeline->{closure:{closure:Illuminate/Pipeline/Pipeline::carry():184}:185}(Object(Illuminate/Http/Request))
#41 C:/Users/DELL/growza/growza/vendor/laravel/framework/src/Illuminate/Pipeline/Pipeline.php(209): Illuminate/Routing/Middleware/SubstituteBindings->handle(Object(Illuminate/Http/Request), Object(Closure))
#42 C:/Users/DELL/growza/growza/vendor/laravel/framework/src/Illuminate/Foundation/Http/Middleware/VerifyCsrfToken.php(88): Illuminate/Pipeline/Pipeline->{closure:{closure:Illuminate/Pipeline/Pipeline::carry():184}:185}(Object(Illuminate/Http/Request))
#43 C:/Users/DELL/growza/growza/vendor/laravel/framework/src/Illuminate/Pipeline/Pipeline.php(209): Illuminate/Foundation/Http/Middleware/VerifyCsrfToken->handle(Object(Illuminate/Http/Request), Object(Closure))
#44 C:/Users/DELL/growza/growza/vendor/laravel/framework/src/Illuminate/View/Middleware/ShareErrorsFromSession.php(49): Illuminate/Pipeline/Pipeline->{closure:{closure:Illuminate/Pipeline/Pipeline::carry():184}:185}(Object(Illuminate/Http/Request))
#45 C:/Users/DELL/growza/growza/vendor/laravel/framework/src/Illuminate/Pipeline/Pipeline.php(209): Illuminate/View/Middleware/ShareErrorsFromSession->handle(Object(Illuminate/Http/Request), Object(Closure))
#46 C:/Users/DELL/growza/growza/vendor/laravel/framework/src/Illuminate/Session/Middleware/StartSession.php(121): Illuminate/Pipeline/Pipeline->{closure:{closure:Illuminate/Pipeline/Pipeline::carry():184}:185}(Object(Illuminate/Http/Request))
#47 C:/Users/DELL/growza/growza/vendor/laravel/framework/src/Illuminate/Session/Middleware/StartSession.php(64): Illuminate/Session/Middleware/StartSession->handleStatefulRequest(Object(Illuminate/Http/Request), Object(Illuminate/Session/Store), Object(Closure))
#48 C:/Users/DELL/growza/growza/vendor/laravel/framework/src/Illuminate/Pipeline/Pipeline.php(209): Illuminate/Session/Middleware/StartSession->handle(Object(Illuminate/Http/Request), Object(Closure))
#49 C:/Users/DELL/growza/growza/vendor/laravel/framework/src/Illuminate/Cookie/Middleware/AddQueuedCookiesToResponse.php(37): Illuminate/Pipeline/Pipeline->{closure:{closure:Illuminate/Pipeline/Pipeline::carry():184}:185}(Object(Illuminate/Http/Request))
#50 C:/Users/DELL/growza/growza/vendor/laravel/framework/src/Illuminate/Pipeline/Pipeline.php(209): Illuminate/Cookie/Middleware/AddQueuedCookiesToResponse->handle(Object(Illuminate/Http/Request), Object(Closure))
#51 C:/Users/DELL/growza/growza/vendor/laravel/framework/src/Illuminate/Cookie/Middleware/EncryptCookies.php(75): Illuminate/Pipeline/Pipeline->{closure:{closure:Illuminate/Pipeline/Pipeline::carry():184}:185}(Object(Illuminate/Http/Request))
#52 C:/Users/DELL/growza/growza/vendor/laravel/framework/src/Illuminate/Pipeline/Pipeline.php(209): Illuminate/Cookie/Middleware/EncryptCookies->handle(Object(Illuminate/Http/Request), Object(Closure))
#53 C:/Users/DELL/growza/growza/vendor/laravel/framework/src/Illuminate/Pipeline/Pipeline.php(127): Illuminate/Pipeline/Pipeline->{closure:{closure:Illuminate/Pipeline/Pipeline::carry():184}:185}(Object(Illuminate/Http/Request))
#54 C:/Users/DELL/growza/growza/vendor/laravel/framework/src/Illuminate/Routing/Router.php(807): Illuminate/Pipeline/Pipeline->then(Object(Closure))
#55 C:/Users/DELL/growza/growza/vendor/laravel/framework/src/Illuminate/Routing/Router.php(786): Illuminate/Routing/Router->runRouteWithinStack(Object(Illuminate/Routing/Route), Object(Illuminate/Http/Request))
#56 C:/Users/DELL/growza/growza/vendor/laravel/framework/src/Illuminate/Routing/Router.php(750): Illuminate/Routing/Router->runRoute(Object(Illuminate/Http/Request), Object(Illuminate/Routing/Route))
#57 C:/Users/DELL/growza/growza/vendor/laravel/framework/src/Illuminate/Routing/Router.php(739): Illuminate/Routing/Router->dispatchToRoute(Object(Illuminate/Http/Request))
#58 C:/Users/DELL/growza/growza/vendor/laravel/framework/src/Illuminate/Foundation/Http/Kernel.php(201): Illuminate/Routing/Router->dispatch(Object(Illuminate/Http/Request))
#59 C:/Users/DELL/growza/growza/vendor/laravel/framework/src/Illuminate/Pipeline/Pipeline.php(170): Illuminate/Foundation/Http/Kernel->{closure:Illuminate/Foundation/Http/Kernel::dispatchToRouter():198}(Object(Illuminate/Http/Request))
#60 C:/Users/DELL/growza/growza/vendor/livewire/livewire/src/Features/SupportDisablingBackButtonCache/DisableBackButtonCacheMiddleware.php(19): Illuminate/Pipeline/Pipeline->{closure:Illuminate/Pipeline/Pipeline::prepareDestination():168}(Object(Illuminate/Http/Request))
#61 C:/Users/DELL/growza/growza/vendor/laravel/framework/src/Illuminate/Pipeline/Pipeline.php(209): Livewire/Features/SupportDisablingBackButtonCache/DisableBackButtonCacheMiddleware->handle(Object(Illuminate/Http/Request), Object(Closure))
#62 C:/Users/DELL/growza/growza/vendor/laravel/framework/src/Illuminate/Foundation/Http/Middleware/TransformsRequest.php(21): Illuminate/Pipeline/Pipeline->{closure:{closure:Illuminate/Pipeline/Pipeline::carry():184}:185}(Object(Illuminate/Http/Request))
#63 C:/Users/DELL/growza/growza/vendor/laravel/framework/src/Illuminate/Foundation/Http/Middleware/ConvertEmptyStringsToNull.php(31): Illuminate/Foundation/Http/Middleware/TransformsRequest->handle(Object(Illuminate/Http/Request), Object(Closure))
#64 C:/Users/DELL/growza/growza/vendor/laravel/framework/src/Illuminate/Pipeline/Pipeline.php(209): Illuminate/Foundation/Http/Middleware/ConvertEmptyStringsToNull->handle(Object(Illuminate/Http/Request), Object(Closure))
#65 C:/Users/DELL/growza/growza/vendor/laravel/framework/src/Illuminate/Foundation/Http/Middleware/TransformsRequest.php(21): Illuminate/Pipeline/Pipeline->{closure:{closure:Illuminate/Pipeline/Pipeline::carry():184}:185}(Object(Illuminate/Http/Request))
#66 C:/Users/DELL/growza/growza/vendor/laravel/framework/src/Illuminate/Foundation/Http/Middleware/TrimStrings.php(51): Illuminate/Foundation/Http/Middleware/TransformsRequest->handle(Object(Illuminate/Http/Request), Object(Closure))
#67 C:/Users/DELL/growza/growza/vendor/laravel/framework/src/Illuminate/Pipeline/Pipeline.php(209): Illuminate/Foundation/Http/Middleware/TrimStrings->handle(Object(Illuminate/Http/Request), Object(Closure))
#68 C:/Users/DELL/growza/growza/vendor/laravel/framework/src/Illuminate/Http/Middleware/ValidatePostSize.php(27): Illuminate/Pipeline/Pipeline->{closure:{closure:Illuminate/Pipeline/Pipeline::carry():184}:185}(Object(Illuminate/Http/Request))
#69 C:/Users/DELL/growza/growza/vendor/laravel/framework/src/Illuminate/Pipeline/Pipeline.php(209): Illuminate/Http/Middleware/ValidatePostSize->handle(Object(Illuminate/Http/Request), Object(Closure))
#70 C:/Users/DELL/growza/growza/vendor/laravel/framework/src/Illuminate/Foundation/Http/Middleware/PreventRequestsDuringMaintenance.php(110): Illuminate/Pipeline/Pipeline->{closure:{closure:Illuminate/Pipeline/Pipeline::carry():184}:185}(Object(Illuminate/Http/Request))
#71 C:/Users/DELL/growza/growza/vendor/laravel/framework/src/Illuminate/Pipeline/Pipeline.php(209): Illuminate/Foundation/Http/Middleware/PreventRequestsDuringMaintenance->handle(Object(Illuminate/Http/Request), Object(Closure))
#72 C:/Users/DELL/growza/growza/vendor/laravel/framework/src/Illuminate/Http/Middleware/HandleCors.php(49): Illuminate/Pipeline/Pipeline->{closure:{closure:Illuminate/Pipeline/Pipeline::carry():184}:185}(Object(Illuminate/Http/Request))
#73 C:/Users/DELL/growza/growza/vendor/laravel/framework/src/Illuminate/Pipeline/Pipeline.php(209): Illuminate/Http/Middleware/HandleCors->handle(Object(Illuminate/Http/Request), Object(Closure))
#74 C:/Users/DELL/growza/growza/vendor/laravel/framework/src/Illuminate/Http/Middleware/TrustProxies.php(58): Illuminate/Pipeline/Pipeline->{closure:{closure:Illuminate/Pipeline/Pipeline::carry():184}:185}(Object(Illuminate/Http/Request))
#75 C:/Users/DELL/growza/growza/vendor/laravel/framework/src/Illuminate/Pipeline/Pipeline.php(209): Illuminate/Http/Middleware/TrustProxies->handle(Object(Illuminate/Http/Request), Object(Closure))
#76 C:/Users/DELL/growza/growza/vendor/laravel/framework/src/Illuminate/Foundation/Http/Middleware/InvokeDeferredCallbacks.php(22): Illuminate/Pipeline/Pipeline->{closure:{closure:Illuminate/Pipeline/Pipeline::carry():184}:185}(Object(Illuminate/Http/Request))
#77 C:/Users/DELL/growza/growza/vendor/laravel/framework/src/Illuminate/Pipeline/Pipeline.php(209): Illuminate/Foundation/Http/Middleware/InvokeDeferredCallbacks->handle(Object(Illuminate/Http/Request), Object(Closure))
#78 C:/Users/DELL/growza/growza/vendor/laravel/framework/src/Illuminate/Pipeline/Pipeline.php(127): Illuminate/Pipeline/Pipeline->{closure:{closure:Illuminate/Pipeline/Pipeline::carry():184}:185}(Object(Illuminate/Http/Request))
#79 C:/Users/DELL/growza/growza/vendor/laravel/framework/src/Illuminate/Foundation/Http/Kernel.php(176): Illuminate/Pipeline/Pipeline->then(Object(Closure))
#80 C:/Users/DELL/growza/growza/vendor/laravel/framework/src/Illuminate/Foundation/Http/Kernel.php(145): Illuminate/Foundation/Http/Kernel->sendRequestThroughRouter(Object(Illuminate/Http/Request))
#81 C:/Users/DELL/growza/growza/vendor/laravel/framework/src/Illuminate/Foundation/Testing/Concerns/MakesHttpRequests.php(607): Illuminate/Foundation/Http/Kernel->handle(Object(Illuminate/Http/Request))
#82 C:/Users/DELL/growza/growza/vendor/laravel/framework/src/Illuminate/Foundation/Testing/Concerns/MakesHttpRequests.php(397): Illuminate/Foundation/Testing/TestCase->call('POST', 'http://localhos...', Array, Array, Array, Array)
#83 [internal function]: Illuminate/Foundation/Testing/TestCase->post('http://localhos...', Array)
#84 C:/Users/DELL/growza/growza/vendor/pestphp/pest/src/Support/Reflection.php(38): ReflectionMethod->invoke(Object(P/Tests/Feature/AuthenticationTest), 'http://localhos...', Array)
#85 C:/Users/DELL/growza/growza/vendor/pestphp/pest/src/Support/HigherOrderMessage.php(59): Pest/Support/Reflection::call(Object(P/Tests/Feature/AuthenticationTest), 'post', Array)
#86 C:/Users/DELL/growza/growza/vendor/pestphp/pest/src/Support/HigherOrderTapProxy.php(66): Pest/Support/HigherOrderMessage->call(Object(P/Tests/Feature/AuthenticationTest))
#87 C:/Users/DELL/growza/growza/vendor/pestphp/pest-plugin-laravel/src/Http.php(209): Pest/Support/HigherOrderTapProxy->__call('post', Array)
#88 C:/Users/DELL/growza/growza/tests/Feature/AuthenticationTest.php(89): Pest/Laravel/post('http://localhos...', Array)
#89 C:/Users/DELL/growza/growza/vendor/pestphp/pest/src/Factories/TestCaseMethodFactory.php(110): P/Tests/Feature/AuthenticationTest->{closure:C:/Users/DELL/growza/growza/tests/Feature/AuthenticationTest.php:86}()
#90 [internal function]: P/Tests/Feature/AuthenticationTest->{closure:Pest/Factories/TestCaseMethodFactory::getClosure():102}()
#91 C:/Users/DELL/growza/growza/vendor/pestphp/pest/src/Concerns/Testable.php(339): call_user_func_array(Object(Closure), Array)
#92 C:/Users/DELL/growza/growza/vendor/pestphp/pest/src/Support/ExceptionTrace.php(26): P/Tests/Feature/AuthenticationTest->{closure:Pest/Concerns/Testable::__callClosure():339}()
#93 C:/Users/DELL/growza/growza/vendor/pestphp/pest/src/Concerns/Testable.php(339): Pest/Support/ExceptionTrace::ensure(Object(Closure))
#94 C:/Users/DELL/growza/growza/vendor/pestphp/pest/src/Concerns/Testable.php(256): P/Tests/Feature/AuthenticationTest->__callClosure(Object(Closure), Array)
#95 C:/Users/DELL/growza/growza/vendor/pestphp/pest/src/Factories/TestCaseFactory.php(197) : eval()'d code(101): P/Tests/Feature/AuthenticationTest->__runTest(Object(Closure))
#96 C:/Users/DELL/growza/growza/vendor/phpunit/phpunit/src/Framework/TestCase.php(1548): P/Tests/Feature/AuthenticationTest->__pest_evaluable_it_rejects_a_duplicate_email_and_a_duplicate_phone()
#97 C:/Users/DELL/growza/growza/vendor/phpunit/phpunit/src/Framework/TestCase.php(686): PHPUnit/Framework/TestCase->runTest()
#98 C:/Users/DELL/growza/growza/vendor/phpunit/phpunit/src/Framework/TestRunner.php(106): PHPUnit/Framework/TestCase->runBare()
#99 C:/Users/DELL/growza/growza/vendor/phpunit/phpunit/src/Framework/TestCase.php(516): PHPUnit/Framework/TestRunner->run(Object(P/Tests/Feature/AuthenticationTest))
#100 C:/Users/DELL/growza/growza/vendor/phpunit/phpunit/src/Framework/TestSuite.php(374): PHPUnit/Framework/TestCase->run()
#101 C:/Users/DELL/growza/growza/vendor/phpunit/phpunit/src/Framework/TestSuite.php(374): PHPUnit/Framework/TestSuite->run()
#102 C:/Users/DELL/growza/growza/vendor/phpunit/phpunit/src/Framework/TestSuite.php(374): PHPUnit/Framework/TestSuite->run()
#103 C:/Users/DELL/growza/growza/vendor/phpunit/phpunit/src/TextUI/TestRunner.php(64): PHPUnit/Framework/TestSuite->run()
#104 C:/Users/DELL/growza/growza/vendor/phpunit/phpunit/src/TextUI/Application.php(204): PHPUnit/TextUI/TestRunner->run(Object(PHPUnit/TextUI/Configuration/Configuration), Object(PHPUnit/Runner/ResultCache/DefaultResultCache), Object(PHPUnit/Framework/TestSuite))
#105 C:/Users/DELL/growza/growza/vendor/pestphp/pest/src/Kernel.php(103): PHPUnit/TextUI/Application->run(Array)
#106 C:/Users/DELL/growza/growza/vendor/pestphp/pest/bin/pest(91): Pest/Kernel->handle(Array, Array)
#107 C:/Users/DELL/growza/growza/vendor/pestphp/pest/bin/pest(99): {closure:C:/Users/DELL/growza/growza/vendor/pestphp/pest/bin/pest:12}()
#108 {main}
"} 
[2026-09-21 06:25:54] testing.ERROR: cURL error 60: SSL certificate problem: unable to get local issuer certificate (see https://curl.se/libcurl/c/libcurl-errors.html) for https://api.pwnedpasswords.com/range/E8E64 {"exception":"[object] (GuzzleHttp\\Exception\\RequestException(code: 0): cURL error 60: SSL certificate problem: unable to get local issuer certificate (see https://curl.se/libcurl/c/libcurl-errors.html) for https://api.pwnedpasswords.com/range/E8E64 at C:/Users/DELL/growza/growza/vendor/guzzlehttp/guzzle/src/Handler/CurlFactory.php:1141)
[stacktrace]
#0 C:/Users/DELL/growza/growza/vendor/guzzlehttp/guzzle/src/Handler/CurlFactory.php(1077): GuzzleHttp/Handler/CurlFactory::createRejection(Object(GuzzleHttp/Handler/EasyHandle), Array)
#1 C:/Users/DELL/growza/growza/vendor/guzzlehttp/guzzle/src/Handler/CurlFactory.php(1014): GuzzleHttp/Handler/CurlFactory::finishError(Object(GuzzleHttp/Handler/CurlHandler), Object(GuzzleHttp/Handler/EasyHandle), Object(GuzzleHttp/Handler/CurlFactory))
#2 C:/Users/DELL/growza/growza/vendor/guzzlehttp/guzzle/src/Handler/CurlHandler.php(88): GuzzleHttp/Handler/CurlFactory::finish(Object(GuzzleHttp/Handler/CurlHandler), Object(GuzzleHttp/Handler/EasyHandle), Object(GuzzleHttp/Handler/CurlFactory))
#3 C:/Users/DELL/growza/growza/vendor/guzzlehttp/guzzle/src/Handler/Proxy.php(28): GuzzleHttp/Handler/CurlHandler->__invoke(Object(GuzzleHttp/Psr7/Request), Array)
#4 C:/Users/DELL/growza/growza/vendor/guzzlehttp/guzzle/src/Handler/Proxy.php(68): GuzzleHttp/Handler/Proxy::{closure:GuzzleHttp/Handler/Proxy::wrapSync():27}(Object(GuzzleHttp/Psr7/Request), Array)
#5 C:/Users/DELL/growza/growza/vendor/guzzlehttp/guzzle/src/Handler/Proxy.php(48): GuzzleHttp/Handler/Proxy::{closure:GuzzleHttp/Handler/Proxy::wrapTlsFallback():63}(Object(GuzzleHttp/Psr7/Request), Array)
#6 C:/Users/DELL/growza/growza/vendor/laravel/framework/src/Illuminate/Http/Client/PendingRequest.php(1340): GuzzleHttp/Handler/Proxy::{closure:GuzzleHttp/Handler/Proxy::wrapStreaming():47}(Object(GuzzleHttp/Psr7/Request), Array)
#7 C:/Users/DELL/growza/growza/vendor/laravel/framework/src/Illuminate/Http/Client/PendingRequest.php(1306): Illuminate/Http/Client/PendingRequest->{closure:{closure:Illuminate/Http/Client/PendingRequest::buildStubHandler():1327}:1328}(Object(GuzzleHttp/Psr7/Request), Array)
#8 C:/Users/DELL/growza/growza/vendor/laravel/framework/src/Illuminate/Http/Client/PendingRequest.php(1292): Illuminate/Http/Client/PendingRequest->{closure:{closure:Illuminate/Http/Client/PendingRequest::buildRecorderHandler():1304}:1305}(Object(GuzzleHttp/Psr7/Request), Array)
#9 C:/Users/DELL/growza/growza/vendor/guzzlehttp/guzzle/src/PrepareBodyMiddleware.php(35): Illuminate/Http/Client/PendingRequest->{closure:{closure:Illuminate/Http/Client/PendingRequest::buildBeforeSendingHandler():1290}:1291}(Object(GuzzleHttp/Psr7/Request), Array)
#10 C:/Users/DELL/growza/growza/vendor/guzzlehttp/guzzle/src/Middleware.php(38): GuzzleHttp/PrepareBodyMiddleware->__invoke(Object(GuzzleHttp/Psr7/Request), Array)
#11 C:/Users/DELL/growza/growza/vendor/guzzlehttp/guzzle/src/RedirectMiddleware.php(72): GuzzleHttp/Middleware::{closure:{closure:GuzzleHttp/Middleware::cookies():28}:29}(Object(GuzzleHttp/Psr7/Request), Array)
#12 C:/Users/DELL/growza/growza/vendor/guzzlehttp/guzzle/src/Middleware.php(63): GuzzleHttp/RedirectMiddleware->__invoke(Object(GuzzleHttp/Psr7/Request), Array)
#13 C:/Users/DELL/growza/growza/vendor/guzzlehttp/guzzle/src/HandlerStack.php(75): GuzzleHttp/Middleware::{closure:{closure:GuzzleHttp/Middleware::httpErrors():60}:61}(Object(GuzzleHttp/Psr7/Request), Array)
#14 C:/Users/DELL/growza/growza/vendor/guzzlehttp/guzzle/src/Client.php(1109): GuzzleHttp/HandlerStack->__invoke(Object(GuzzleHttp/Psr7/Request), Array)
#15 C:/Users/DELL/growza/growza/vendor/guzzlehttp/guzzle/src/Client.php(243): GuzzleHttp/Client->transfer(Object(GuzzleHttp/Psr7/Request), Array)
#16 C:/Users/DELL/growza/growza/vendor/guzzlehttp/guzzle/src/Client.php(273): GuzzleHttp/Client->requestAsync('GET', Object(GuzzleHttp/Psr7/Uri), Array)
#17 C:/Users/DELL/growza/growza/vendor/laravel/framework/src/Illuminate/Http/Client/PendingRequest.php(1138): GuzzleHttp/Client->request('GET', 'https://api.pwn...', Array)
#18 C:/Users/DELL/growza/growza/vendor/laravel/framework/src/Illuminate/Http/Client/PendingRequest.php(907): Illuminate/Http/Client/PendingRequest->sendRequest('GET', 'https://api.pwn...', Array)
#19 C:/Users/DELL/growza/growza/vendor/laravel/framework/src/Illuminate/Support/helpers.php(338): Illuminate/Http/Client/PendingRequest->{closure:Illuminate/Http/Client/PendingRequest::send():905}(1)
#20 C:/Users/DELL/growza/growza/vendor/laravel/framework/src/Illuminate/Http/Client/PendingRequest.php(905): retry(0, Object(Closure), 100, Object(Closure))
#21 C:/Users/DELL/growza/growza/vendor/laravel/framework/src/Illuminate/Http/Client/PendingRequest.php(772): Illuminate/Http/Client/PendingRequest->send('GET', 'https://api.pwn...', Array)
#22 C:/Users/DELL/growza/growza/vendor/laravel/framework/src/Illuminate/Validation/NotPwnedVerifier.php(89): Illuminate/Http/Client/PendingRequest->get('https://api.pwn...')
#23 C:/Users/DELL/growza/growza/vendor/laravel/framework/src/Illuminate/Validation/NotPwnedVerifier.php(55): Illuminate/Validation/NotPwnedVerifier->search('E8E64')
#24 C:/Users/DELL/growza/growza/vendor/laravel/framework/src/Illuminate/Validation/Rules/Password.php(349): Illuminate/Validation/NotPwnedVerifier->verify(Array)
#25 C:/Users/DELL/growza/growza/vendor/laravel/framework/src/Illuminate/Validation/Validator.php(902): Illuminate/Validation/Rules/Password->passes('password', 'correct-horse-9...')
#26 C:/Users/DELL/growza/growza/vendor/laravel/framework/src/Illuminate/Validation/Validator.php(678): Illuminate/Validation/Validator->validateUsingCustomRule('password', 'correct-horse-9...', Object(Illuminate/Validation/Rules/Password))
#27 C:/Users/DELL/growza/growza/vendor/laravel/framework/src/Illuminate/Validation/Validator.php(481): Illuminate/Validation/Validator->validateAttribute('password', Object(Illuminate/Validation/Rules/Password))
#28 C:/Users/DELL/growza/growza/vendor/laravel/framework/src/Illuminate/Validation/Validator.php(516): Illuminate/Validation/Validator->passes()
#29 C:/Users/DELL/growza/growza/vendor/laravel/framework/src/Illuminate/Validation/Validator.php(558): Illuminate/Validation/Validator->fails()
#30 C:/Users/DELL/growza/growza/app/Domain/Auth/Actions/CreateNewUser.php(53): Illuminate/Validation/Validator->validate()
#31 C:/Users/DELL/growza/growza/vendor/laravel/fortify/src/Http/Controllers/RegisteredUserController.php(62): App/Domain/Auth/Actions/CreateNewUser->create(Array)
#32 C:/Users/DELL/growza/growza/vendor/laravel/framework/src/Illuminate/Routing/Controller.php(54): Laravel/Fortify/Http/Controllers/RegisteredUserController->store(Object(Illuminate/Http/Request), Object(App/Domain/Auth/Actions/CreateNewUser))
#33 C:/Users/DELL/growza/growza/vendor/laravel/framework/src/Illuminate/Routing/ControllerDispatcher.php(44): Illuminate/Routing/Controller->callAction('store', Array)
#34 C:/Users/DELL/growza/growza/vendor/laravel/framework/src/Illuminate/Routing/Route.php(266): Illuminate/Routing/ControllerDispatcher->dispatch(Object(Illuminate/Routing/Route), Object(Laravel/Fortify/Http/Controllers/RegisteredUserController), 'store')
#35 C:/Users/DELL/growza/growza/vendor/laravel/framework/src/Illuminate/Routing/Route.php(212): Illuminate/Routing/Route->runController()
#36 C:/Users/DELL/growza/growza/vendor/laravel/framework/src/Illuminate/Routing/Router.php(808): Illuminate/Routing/Route->run()
#37 C:/Users/DELL/growza/growza/vendor/laravel/framework/src/Illuminate/Pipeline/Pipeline.php(170): Illuminate/Routing/Router->{closure:Illuminate/Routing/Router::runRouteWithinStack():807}(Object(Illuminate/Http/Request))
#38 C:/Users/DELL/growza/growza/vendor/laravel/framework/src/Illuminate/Auth/Middleware/RedirectIfAuthenticated.php(35): Illuminate/Pipeline/Pipeline->{closure:Illuminate/Pipeline/Pipeline::prepareDestination():168}(Object(Illuminate/Http/Request))
#39 C:/Users/DELL/growza/growza/vendor/laravel/framework/src/Illuminate/Pipeline/Pipeline.php(209): Illuminate/Auth/Middleware/RedirectIfAuthenticated->handle(Object(Illuminate/Http/Request), Object(Closure), 'web')
#40 C:/Users/DELL/growza/growza/vendor/laravel/framework/src/Illuminate/Routing/Middleware/SubstituteBindings.php(51): Illuminate/Pipeline/Pipeline->{closure:{closure:Illuminate/Pipeline/Pipeline::carry():184}:185}(Object(Illuminate/Http/Request))
#41 C:/Users/DELL/growza/growza/vendor/laravel/framework/src/Illuminate/Pipeline/Pipeline.php(209): Illuminate/Routing/Middleware/SubstituteBindings->handle(Object(Illuminate/Http/Request), Object(Closure))
#42 C:/Users/DELL/growza/growza/vendor/laravel/framework/src/Illuminate/Foundation/Http/Middleware/VerifyCsrfToken.php(88): Illuminate/Pipeline/Pipeline->{closure:{closure:Illuminate/Pipeline/Pipeline::carry():184}:185}(Object(Illuminate/Http/Request))
#43 C:/Users/DELL/growza/growza/vendor/laravel/framework/src/Illuminate/Pipeline/Pipeline.php(209): Illuminate/Foundation/Http/Middleware/VerifyCsrfToken->handle(Object(Illuminate/Http/Request), Object(Closure))
#44 C:/Users/DELL/growza/growza/vendor/laravel/framework/src/Illuminate/View/Middleware/ShareErrorsFromSession.php(49): Illuminate/Pipeline/Pipeline->{closure:{closure:Illuminate/Pipeline/Pipeline::carry():184}:185}(Object(Illuminate/Http/Request))
#45 C:/Users/DELL/growza/growza/vendor/laravel/framework/src/Illuminate/Pipeline/Pipeline.php(209): Illuminate/View/Middleware/ShareErrorsFromSession->handle(Object(Illuminate/Http/Request), Object(Closure))
#46 C:/Users/DELL/growza/growza/vendor/laravel/framework/src/Illuminate/Session/Middleware/StartSession.php(121): Illuminate/Pipeline/Pipeline->{closure:{closure:Illuminate/Pipeline/Pipeline::carry():184}:185}(Object(Illuminate/Http/Request))
#47 C:/Users/DELL/growza/growza/vendor/laravel/framework/src/Illuminate/Session/Middleware/StartSession.php(64): Illuminate/Session/Middleware/StartSession->handleStatefulRequest(Object(Illuminate/Http/Request), Object(Illuminate/Session/Store), Object(Closure))
#48 C:/Users/DELL/growza/growza/vendor/laravel/framework/src/Illuminate/Pipeline/Pipeline.php(209): Illuminate/Session/Middleware/StartSession->handle(Object(Illuminate/Http/Request), Object(Closure))
#49 C:/Users/DELL/growza/growza/vendor/laravel/framework/src/Illuminate/Cookie/Middleware/AddQueuedCookiesToResponse.php(37): Illuminate/Pipeline/Pipeline->{closure:{closure:Illuminate/Pipeline/Pipeline::carry():184}:185}(Object(Illuminate/Http/Request))
#50 C:/Users/DELL/growza/growza/vendor/laravel/framework/src/Illuminate/Pipeline/Pipeline.php(209): Illuminate/Cookie/Middleware/AddQueuedCookiesToResponse->handle(Object(Illuminate/Http/Request), Object(Closure))
#51 C:/Users/DELL/growza/growza/vendor/laravel/framework/src/Illuminate/Cookie/Middleware/EncryptCookies.php(75): Illuminate/Pipeline/Pipeline->{closure:{closure:Illuminate/Pipeline/Pipeline::carry():184}:185}(Object(Illuminate/Http/Request))
#52 C:/Users/DELL/growza/growza/vendor/laravel/framework/src/Illuminate/Pipeline/Pipeline.php(209): Illuminate/Cookie/Middleware/EncryptCookies->handle(Object(Illuminate/Http/Request), Object(Closure))
#53 C:/Users/DELL/growza/growza/vendor/laravel/framework/src/Illuminate/Pipeline/Pipeline.php(127): Illuminate/Pipeline/Pipeline->{closure:{closure:Illuminate/Pipeline/Pipeline::carry():184}:185}(Object(Illuminate/Http/Request))
#54 C:/Users/DELL/growza/growza/vendor/laravel/framework/src/Illuminate/Routing/Router.php(807): Illuminate/Pipeline/Pipeline->then(Object(Closure))
#55 C:/Users/DELL/growza/growza/vendor/laravel/framework/src/Illuminate/Routing/Router.php(786): Illuminate/Routing/Router->runRouteWithinStack(Object(Illuminate/Routing/Route), Object(Illuminate/Http/Request))
#56 C:/Users/DELL/growza/growza/vendor/laravel/framework/src/Illuminate/Routing/Router.php(750): Illuminate/Routing/Router->runRoute(Object(Illuminate/Http/Request), Object(Illuminate/Routing/Route))
#57 C:/Users/DELL/growza/growza/vendor/laravel/framework/src/Illuminate/Routing/Router.php(739): Illuminate/Routing/Router->dispatchToRoute(Object(Illuminate/Http/Request))
#58 C:/Users/DELL/growza/growza/vendor/laravel/framework/src/Illuminate/Foundation/Http/Kernel.php(201): Illuminate/Routing/Router->dispatch(Object(Illuminate/Http/Request))
#59 C:/Users/DELL/growza/growza/vendor/laravel/framework/src/Illuminate/Pipeline/Pipeline.php(170): Illuminate/Foundation/Http/Kernel->{closure:Illuminate/Foundation/Http/Kernel::dispatchToRouter():198}(Object(Illuminate/Http/Request))
#60 C:/Users/DELL/growza/growza/vendor/livewire/livewire/src/Features/SupportDisablingBackButtonCache/DisableBackButtonCacheMiddleware.php(19): Illuminate/Pipeline/Pipeline->{closure:Illuminate/Pipeline/Pipeline::prepareDestination():168}(Object(Illuminate/Http/Request))
#61 C:/Users/DELL/growza/growza/vendor/laravel/framework/src/Illuminate/Pipeline/Pipeline.php(209): Livewire/Features/SupportDisablingBackButtonCache/DisableBackButtonCacheMiddleware->handle(Object(Illuminate/Http/Request), Object(Closure))
#62 C:/Users/DELL/growza/growza/vendor/laravel/framework/src/Illuminate/Foundation/Http/Middleware/TransformsRequest.php(21): Illuminate/Pipeline/Pipeline->{closure:{closure:Illuminate/Pipeline/Pipeline::carry():184}:185}(Object(Illuminate/Http/Request))
#63 C:/Users/DELL/growza/growza/vendor/laravel/framework/src/Illuminate/Foundation/Http/Middleware/ConvertEmptyStringsToNull.php(31): Illuminate/Foundation/Http/Middleware/TransformsRequest->handle(Object(Illuminate/Http/Request), Object(Closure))
#64 C:/Users/DELL/growza/growza/vendor/laravel/framework/src/Illuminate/Pipeline/Pipeline.php(209): Illuminate/Foundation/Http/Middleware/ConvertEmptyStringsToNull->handle(Object(Illuminate/Http/Request), Object(Closure))
#65 C:/Users/DELL/growza/growza/vendor/laravel/framework/src/Illuminate/Foundation/Http/Middleware/TransformsRequest.php(21): Illuminate/Pipeline/Pipeline->{closure:{closure:Illuminate/Pipeline/Pipeline::carry():184}:185}(Object(Illuminate/Http/Request))
#66 C:/Users/DELL/growza/growza/vendor/laravel/framework/src/Illuminate/Foundation/Http/Middleware/TrimStrings.php(51): Illuminate/Foundation/Http/Middleware/TransformsRequest->handle(Object(Illuminate/Http/Request), Object(Closure))
#67 C:/Users/DELL/growza/growza/vendor/laravel/framework/src/Illuminate/Pipeline/Pipeline.php(209): Illuminate/Foundation/Http/Middleware/TrimStrings->handle(Object(Illuminate/Http/Request), Object(Closure))
#68 C:/Users/DELL/growza/growza/vendor/laravel/framework/src/Illuminate/Http/Middleware/ValidatePostSize.php(27): Illuminate/Pipeline/Pipeline->{closure:{closure:Illuminate/Pipeline/Pipeline::carry():184}:185}(Object(Illuminate/Http/Request))
#69 C:/Users/DELL/growza/growza/vendor/laravel/framework/src/Illuminate/Pipeline/Pipeline.php(209): Illuminate/Http/Middleware/ValidatePostSize->handle(Object(Illuminate/Http/Request), Object(Closure))
#70 C:/Users/DELL/growza/growza/vendor/laravel/framework/src/Illuminate/Foundation/Http/Middleware/PreventRequestsDuringMaintenance.php(110): Illuminate/Pipeline/Pipeline->{closure:{closure:Illuminate/Pipeline/Pipeline::carry():184}:185}(Object(Illuminate/Http/Request))
#71 C:/Users/DELL/growza/growza/vendor/laravel/framework/src/Illuminate/Pipeline/Pipeline.php(209): Illuminate/Foundation/Http/Middleware/PreventRequestsDuringMaintenance->handle(Object(Illuminate/Http/Request), Object(Closure))
#72 C:/Users/DELL/growza/growza/vendor/laravel/framework/src/Illuminate/Http/Middleware/HandleCors.php(49): Illuminate/Pipeline/Pipeline->{closure:{closure:Illuminate/Pipeline/Pipeline::carry():184}:185}(Object(Illuminate/Http/Request))
#73 C:/Users/DELL/growza/growza/vendor/laravel/framework/src/Illuminate/Pipeline/Pipeline.php(209): Illuminate/Http/Middleware/HandleCors->handle(Object(Illuminate/Http/Request), Object(Closure))
#74 C:/Users/DELL/growza/growza/vendor/laravel/framework/src/Illuminate/Http/Middleware/TrustProxies.php(58): Illuminate/Pipeline/Pipeline->{closure:{closure:Illuminate/Pipeline/Pipeline::carry():184}:185}(Object(Illuminate/Http/Request))
#75 C:/Users/DELL/growza/growza/vendor/laravel/framework/src/Illuminate/Pipeline/Pipeline.php(209): Illuminate/Http/Middleware/TrustProxies->handle(Object(Illuminate/Http/Request), Object(Closure))
#76 C:/Users/DELL/growza/growza/vendor/laravel/framework/src/Illuminate/Foundation/Http/Middleware/InvokeDeferredCallbacks.php(22): Illuminate/Pipeline/Pipeline->{closure:{closure:Illuminate/Pipeline/Pipeline::carry():184}:185}(Object(Illuminate/Http/Request))
#77 C:/Users/DELL/growza/growza/vendor/laravel/framework/src/Illuminate/Pipeline/Pipeline.php(209): Illuminate/Foundation/Http/Middleware/InvokeDeferredCallbacks->handle(Object(Illuminate/Http/Request), Object(Closure))
#78 C:/Users/DELL/growza/growza/vendor/laravel/framework/src/Illuminate/Pipeline/Pipeline.php(127): Illuminate/Pipeline/Pipeline->{closure:{closure:Illuminate/Pipeline/Pipeline::carry():184}:185}(Object(Illuminate/Http/Request))
#79 C:/Users/DELL/growza/growza/vendor/laravel/framework/src/Illuminate/Foundation/Http/Kernel.php(176): Illuminate/Pipeline/Pipeline->then(Object(Closure))
#80 C:/Users/DELL/growza/growza/vendor/laravel/framework/src/Illuminate/Foundation/Http/Kernel.php(145): Illuminate/Foundation/Http/Kernel->sendRequestThroughRouter(Object(Illuminate/Http/Request))
#81 C:/Users/DELL/growza/growza/vendor/laravel/framework/src/Illuminate/Foundation/Testing/Concerns/MakesHttpRequests.php(607): Illuminate/Foundation/Http/Kernel->handle(Object(Illuminate/Http/Request))
#82 C:/Users/DELL/growza/growza/vendor/laravel/framework/src/Illuminate/Foundation/Testing/Concerns/MakesHttpRequests.php(397): Illuminate/Foundation/Testing/TestCase->call('POST', 'http://localhos...', Array, Array, Array, Array)
#83 [internal function]: Illuminate/Foundation/Testing/TestCase->post('http://localhos...', Array)
#84 C:/Users/DELL/growza/growza/vendor/pestphp/pest/src/Support/Reflection.php(38): ReflectionMethod->invoke(Object(P/Tests/Feature/AuthenticationTest), 'http://localhos...', Array)
#85 C:/Users/DELL/growza/growza/vendor/pestphp/pest/src/Support/HigherOrderMessage.php(59): Pest/Support/Reflection::call(Object(P/Tests/Feature/AuthenticationTest), 'post', Array)
#86 C:/Users/DELL/growza/growza/vendor/pestphp/pest/src/Support/HigherOrderTapProxy.php(66): Pest/Support/HigherOrderMessage->call(Object(P/Tests/Feature/AuthenticationTest))
#87 C:/Users/DELL/growza/growza/vendor/pestphp/pest-plugin-laravel/src/Http.php(209): Pest/Support/HigherOrderTapProxy->__call('post', Array)
#88 C:/Users/DELL/growza/growza/tests/Feature/AuthenticationTest.php(98): Pest/Laravel/post('http://localhos...', Array)
#89 C:/Users/DELL/growza/growza/vendor/pestphp/pest/src/Factories/TestCaseMethodFactory.php(110): P/Tests/Feature/AuthenticationTest->{closure:C:/Users/DELL/growza/growza/tests/Feature/AuthenticationTest.php:86}()
#90 [internal function]: P/Tests/Feature/AuthenticationTest->{closure:Pest/Factories/TestCaseMethodFactory::getClosure():102}()
#91 C:/Users/DELL/growza/growza/vendor/pestphp/pest/src/Concerns/Testable.php(339): call_user_func_array(Object(Closure), Array)
#92 C:/Users/DELL/growza/growza/vendor/pestphp/pest/src/Support/ExceptionTrace.php(26): P/Tests/Feature/AuthenticationTest->{closure:Pest/Concerns/Testable::__callClosure():339}()
#93 C:/Users/DELL/growza/growza/vendor/pestphp/pest/src/Concerns/Testable.php(339): Pest/Support/ExceptionTrace::ensure(Object(Closure))
#94 C:/Users/DELL/growza/growza/vendor/pestphp/pest/src/Concerns/Testable.php(256): P/Tests/Feature/AuthenticationTest->__callClosure(Object(Closure), Array)
#95 C:/Users/DELL/growza/growza/vendor/pestphp/pest/src/Factories/TestCaseFactory.php(197) : eval()'d code(101): P/Tests/Feature/AuthenticationTest->__runTest(Object(Closure))
#96 C:/Users/DELL/growza/growza/vendor/phpunit/phpunit/src/Framework/TestCase.php(1548): P/Tests/Feature/AuthenticationTest->__pest_evaluable_it_rejects_a_duplicate_email_and_a_duplicate_phone()
#97 C:/Users/DELL/growza/growza/vendor/phpunit/phpunit/src/Framework/TestCase.php(686): PHPUnit/Framework/TestCase->runTest()
#98 C:/Users/DELL/growza/growza/vendor/phpunit/phpunit/src/Framework/TestRunner.php(106): PHPUnit/Framework/TestCase->runBare()
#99 C:/Users/DELL/growza/growza/vendor/phpunit/phpunit/src/Framework/TestCase.php(516): PHPUnit/Framework/TestRunner->run(Object(P/Tests/Feature/AuthenticationTest))
#100 C:/Users/DELL/growza/growza/vendor/phpunit/phpunit/src/Framework/TestSuite.php(374): PHPUnit/Framework/TestCase->run()
#101 C:/Users/DELL/growza/growza/vendor/phpunit/phpunit/src/Framework/TestSuite.php(374): PHPUnit/Framework/TestSuite->run()
#102 C:/Users/DELL/growza/growza/vendor/phpunit/phpunit/src/Framework/TestSuite.php(374): PHPUnit/Framework/TestSuite->run()
#103 C:/Users/DELL/growza/growza/vendor/phpunit/phpunit/src/TextUI/TestRunner.php(64): PHPUnit/Framework/TestSuite->run()
#104 C:/Users/DELL/growza/growza/vendor/phpunit/phpunit/src/TextUI/Application.php(204): PHPUnit/TextUI/TestRunner->run(Object(PHPUnit/TextUI/Configuration/Configuration), Object(PHPUnit/Runner/ResultCache/DefaultResultCache), Object(PHPUnit/Framework/TestSuite))
#105 C:/Users/DELL/growza/growza/vendor/pestphp/pest/src/Kernel.php(103): PHPUnit/TextUI/Application->run(Array)
#106 C:/Users/DELL/growza/growza/vendor/pestphp/pest/bin/pest(91): Pest/Kernel->handle(Array, Array)
#107 C:/Users/DELL/growza/growza/vendor/pestphp/pest/bin/pest(99): {closure:C:/Users/DELL/growza/growza/vendor/pestphp/pest/bin/pest:12}()
#108 {main}
"} 
[2026-09-21 06:25:56] testing.INFO: Contact enquiry received {"contact_message_id":1,"subject":"campaign"} 
[2026-09-21 06:25:56] testing.INFO: Contact enquiry received {"contact_message_id":1,"subject":"campaign"} 
[2026-09-21 06:25:57] testing.INFO: Contact enquiry received {"contact_message_id":1,"subject":"campaign"} 
[2026-09-21 06:25:57] testing.INFO: Contact enquiry received {"contact_message_id":1,"subject":"campaign"} 
[2026-09-21 06:25:57] testing.INFO: Contact enquiry received {"contact_message_id":2,"subject":"campaign"} 
[2026-09-21 06:25:57] testing.INFO: Contact enquiry received {"contact_message_id":3,"subject":"campaign"} 
[2026-09-21 06:25:57] testing.INFO: Contact enquiry received {"contact_message_id":4,"subject":"campaign"} 
[2026-09-21 06:25:57] testing.INFO: Contact enquiry received {"contact_message_id":5,"subject":"campaign"} 
[2026-09-21 06:26:05] testing.ERROR: cURL error 60: SSL certificate problem: unable to get local issuer certificate (see https://curl.se/libcurl/c/libcurl-errors.html) for https://api.pwnedpasswords.com/range/E8E64 {"exception":"[object] (GuzzleHttp\\Exception\\RequestException(code: 0): cURL error 60: SSL certificate problem: unable to get local issuer certificate (see https://curl.se/libcurl/c/libcurl-errors.html) for https://api.pwnedpasswords.com/range/E8E64 at C:/Users/DELL/growza/growza/vendor/guzzlehttp/guzzle/src/Handler/CurlFactory.php:1141)
[stacktrace]
#0 C:/Users/DELL/growza/growza/vendor/guzzlehttp/guzzle/src/Handler/CurlFactory.php(1077): GuzzleHttp/Handler/CurlFactory::createRejection(Object(GuzzleHttp/Handler/EasyHandle), Array)
#1 C:/Users/DELL/growza/growza/vendor/guzzlehttp/guzzle/src/Handler/CurlFactory.php(1014): GuzzleHttp/Handler/CurlFactory::finishError(Object(GuzzleHttp/Handler/CurlHandler), Object(GuzzleHttp/Handler/EasyHandle), Object(GuzzleHttp/Handler/CurlFactory))
#2 C:/Users/DELL/growza/growza/vendor/guzzlehttp/guzzle/src/Handler/CurlHandler.php(88): GuzzleHttp/Handler/CurlFactory::finish(Object(GuzzleHttp/Handler/CurlHandler), Object(GuzzleHttp/Handler/EasyHandle), Object(GuzzleHttp/Handler/CurlFactory))
#3 C:/Users/DELL/growza/growza/vendor/guzzlehttp/guzzle/src/Handler/Proxy.php(28): GuzzleHttp/Handler/CurlHandler->__invoke(Object(GuzzleHttp/Psr7/Request), Array)
#4 C:/Users/DELL/growza/growza/vendor/guzzlehttp/guzzle/src/Handler/Proxy.php(68): GuzzleHttp/Handler/Proxy::{closure:GuzzleHttp/Handler/Proxy::wrapSync():27}(Object(GuzzleHttp/Psr7/Request), Array)
#5 C:/Users/DELL/growza/growza/vendor/guzzlehttp/guzzle/src/Handler/Proxy.php(48): GuzzleHttp/Handler/Proxy::{closure:GuzzleHttp/Handler/Proxy::wrapTlsFallback():63}(Object(GuzzleHttp/Psr7/Request), Array)
#6 C:/Users/DELL/growza/growza/vendor/laravel/framework/src/Illuminate/Http/Client/PendingRequest.php(1340): GuzzleHttp/Handler/Proxy::{closure:GuzzleHttp/Handler/Proxy::wrapStreaming():47}(Object(GuzzleHttp/Psr7/Request), Array)
#7 C:/Users/DELL/growza/growza/vendor/laravel/framework/src/Illuminate/Http/Client/PendingRequest.php(1306): Illuminate/Http/Client/PendingRequest->{closure:{closure:Illuminate/Http/Client/PendingRequest::buildStubHandler():1327}:1328}(Object(GuzzleHttp/Psr7/Request), Array)
#8 C:/Users/DELL/growza/growza/vendor/laravel/framework/src/Illuminate/Http/Client/PendingRequest.php(1292): Illuminate/Http/Client/PendingRequest->{closure:{closure:Illuminate/Http/Client/PendingRequest::buildRecorderHandler():1304}:1305}(Object(GuzzleHttp/Psr7/Request), Array)
#9 C:/Users/DELL/growza/growza/vendor/guzzlehttp/guzzle/src/PrepareBodyMiddleware.php(35): Illuminate/Http/Client/PendingRequest->{closure:{closure:Illuminate/Http/Client/PendingRequest::buildBeforeSendingHandler():1290}:1291}(Object(GuzzleHttp/Psr7/Request), Array)
#10 C:/Users/DELL/growza/growza/vendor/guzzlehttp/guzzle/src/Middleware.php(38): GuzzleHttp/PrepareBodyMiddleware->__invoke(Object(GuzzleHttp/Psr7/Request), Array)
#11 C:/Users/DELL/growza/growza/vendor/guzzlehttp/guzzle/src/RedirectMiddleware.php(72): GuzzleHttp/Middleware::{closure:{closure:GuzzleHttp/Middleware::cookies():28}:29}(Object(GuzzleHttp/Psr7/Request), Array)
#12 C:/Users/DELL/growza/growza/vendor/guzzlehttp/guzzle/src/Middleware.php(63): GuzzleHttp/RedirectMiddleware->__invoke(Object(GuzzleHttp/Psr7/Request), Array)
#13 C:/Users/DELL/growza/growza/vendor/guzzlehttp/guzzle/src/HandlerStack.php(75): GuzzleHttp/Middleware::{closure:{closure:GuzzleHttp/Middleware::httpErrors():60}:61}(Object(GuzzleHttp/Psr7/Request), Array)
#14 C:/Users/DELL/growza/growza/vendor/guzzlehttp/guzzle/src/Client.php(1109): GuzzleHttp/HandlerStack->__invoke(Object(GuzzleHttp/Psr7/Request), Array)
#15 C:/Users/DELL/growza/growza/vendor/guzzlehttp/guzzle/src/Client.php(243): GuzzleHttp/Client->transfer(Object(GuzzleHttp/Psr7/Request), Array)
#16 C:/Users/DELL/growza/growza/vendor/guzzlehttp/guzzle/src/Client.php(273): GuzzleHttp/Client->requestAsync('GET', Object(GuzzleHttp/Psr7/Uri), Array)
#17 C:/Users/DELL/growza/growza/vendor/laravel/framework/src/Illuminate/Http/Client/PendingRequest.php(1138): GuzzleHttp/Client->request('GET', 'https://api.pwn...', Array)
#18 C:/Users/DELL/growza/growza/vendor/laravel/framework/src/Illuminate/Http/Client/PendingRequest.php(907): Illuminate/Http/Client/PendingRequest->sendRequest('GET', 'https://api.pwn...', Array)
#19 C:/Users/DELL/growza/growza/vendor/laravel/framework/src/Illuminate/Support/helpers.php(338): Illuminate/Http/Client/PendingRequest->{closure:Illuminate/Http/Client/PendingRequest::send():905}(1)
#20 C:/Users/DELL/growza/growza/vendor/laravel/framework/src/Illuminate/Http/Client/PendingRequest.php(905): retry(0, Object(Closure), 100, Object(Closure))
#21 C:/Users/DELL/growza/growza/vendor/laravel/framework/src/Illuminate/Http/Client/PendingRequest.php(772): Illuminate/Http/Client/PendingRequest->send('GET', 'https://api.pwn...', Array)
#22 C:/Users/DELL/growza/growza/vendor/laravel/framework/src/Illuminate/Validation/NotPwnedVerifier.php(89): Illuminate/Http/Client/PendingRequest->get('https://api.pwn...')
#23 C:/Users/DELL/growza/growza/vendor/laravel/framework/src/Illuminate/Validation/NotPwnedVerifier.php(55): Illuminate/Validation/NotPwnedVerifier->search('E8E64')
#24 C:/Users/DELL/growza/growza/vendor/laravel/framework/src/Illuminate/Validation/Rules/Password.php(349): Illuminate/Validation/NotPwnedVerifier->verify(Array)
#25 C:/Users/DELL/growza/growza/vendor/laravel/framework/src/Illuminate/Validation/Validator.php(902): Illuminate/Validation/Rules/Password->passes('password', 'correct-horse-9...')
#26 C:/Users/DELL/growza/growza/vendor/laravel/framework/src/Illuminate/Validation/Validator.php(678): Illuminate/Validation/Validator->validateUsingCustomRule('password', 'correct-horse-9...', Object(Illuminate/Validation/Rules/Password))
#27 C:/Users/DELL/growza/growza/vendor/laravel/framework/src/Illuminate/Validation/Validator.php(481): Illuminate/Validation/Validator->validateAttribute('password', Object(Illuminate/Validation/Rules/Password))
#28 C:/Users/DELL/growza/growza/vendor/laravel/framework/src/Illuminate/Validation/Validator.php(516): Illuminate/Validation/Validator->passes()
#29 C:/Users/DELL/growza/growza/vendor/laravel/framework/src/Illuminate/Validation/Validator.php(558): Illuminate/Validation/Validator->fails()
#30 C:/Users/DELL/growza/growza/app/Domain/Auth/Actions/CreateNewUser.php(53): Illuminate/Validation/Validator->validate()
#31 C:/Users/DELL/growza/growza/vendor/laravel/fortify/src/Http/Controllers/RegisteredUserController.php(62): App/Domain/Auth/Actions/CreateNewUser->create(Array)
#32 C:/Users/DELL/growza/growza/vendor/laravel/framework/src/Illuminate/Routing/Controller.php(54): Laravel/Fortify/Http/Controllers/RegisteredUserController->store(Object(Illuminate/Http/Request), Object(App/Domain/Auth/Actions/CreateNewUser))
#33 C:/Users/DELL/growza/growza/vendor/laravel/framework/src/Illuminate/Routing/ControllerDispatcher.php(44): Illuminate/Routing/Controller->callAction('store', Array)
#34 C:/Users/DELL/growza/growza/vendor/laravel/framework/src/Illuminate/Routing/Route.php(266): Illuminate/Routing/ControllerDispatcher->dispatch(Object(Illuminate/Routing/Route), Object(Laravel/Fortify/Http/Controllers/RegisteredUserController), 'store')
#35 C:/Users/DELL/growza/growza/vendor/laravel/framework/src/Illuminate/Routing/Route.php(212): Illuminate/Routing/Route->runController()
#36 C:/Users/DELL/growza/growza/vendor/laravel/framework/src/Illuminate/Routing/Router.php(808): Illuminate/Routing/Route->run()
#37 C:/Users/DELL/growza/growza/vendor/laravel/framework/src/Illuminate/Pipeline/Pipeline.php(170): Illuminate/Routing/Router->{closure:Illuminate/Routing/Router::runRouteWithinStack():807}(Object(Illuminate/Http/Request))
#38 C:/Users/DELL/growza/growza/vendor/laravel/framework/src/Illuminate/Auth/Middleware/RedirectIfAuthenticated.php(35): Illuminate/Pipeline/Pipeline->{closure:Illuminate/Pipeline/Pipeline::prepareDestination():168}(Object(Illuminate/Http/Request))
#39 C:/Users/DELL/growza/growza/vendor/laravel/framework/src/Illuminate/Pipeline/Pipeline.php(209): Illuminate/Auth/Middleware/RedirectIfAuthenticated->handle(Object(Illuminate/Http/Request), Object(Closure), 'web')
#40 C:/Users/DELL/growza/growza/vendor/laravel/framework/src/Illuminate/Routing/Middleware/SubstituteBindings.php(51): Illuminate/Pipeline/Pipeline->{closure:{closure:Illuminate/Pipeline/Pipeline::carry():184}:185}(Object(Illuminate/Http/Request))
#41 C:/Users/DELL/growza/growza/vendor/laravel/framework/src/Illuminate/Pipeline/Pipeline.php(209): Illuminate/Routing/Middleware/SubstituteBindings->handle(Object(Illuminate/Http/Request), Object(Closure))
#42 C:/Users/DELL/growza/growza/vendor/laravel/framework/src/Illuminate/Foundation/Http/Middleware/VerifyCsrfToken.php(88): Illuminate/Pipeline/Pipeline->{closure:{closure:Illuminate/Pipeline/Pipeline::carry():184}:185}(Object(Illuminate/Http/Request))
#43 C:/Users/DELL/growza/growza/vendor/laravel/framework/src/Illuminate/Pipeline/Pipeline.php(209): Illuminate/Foundation/Http/Middleware/VerifyCsrfToken->handle(Object(Illuminate/Http/Request), Object(Closure))
#44 C:/Users/DELL/growza/growza/vendor/laravel/framework/src/Illuminate/View/Middleware/ShareErrorsFromSession.php(49): Illuminate/Pipeline/Pipeline->{closure:{closure:Illuminate/Pipeline/Pipeline::carry():184}:185}(Object(Illuminate/Http/Request))
#45 C:/Users/DELL/growza/growza/vendor/laravel/framework/src/Illuminate/Pipeline/Pipeline.php(209): Illuminate/View/Middleware/ShareErrorsFromSession->handle(Object(Illuminate/Http/Request), Object(Closure))
#46 C:/Users/DELL/growza/growza/vendor/laravel/framework/src/Illuminate/Session/Middleware/StartSession.php(121): Illuminate/Pipeline/Pipeline->{closure:{closure:Illuminate/Pipeline/Pipeline::carry():184}:185}(Object(Illuminate/Http/Request))
#47 C:/Users/DELL/growza/growza/vendor/laravel/framework/src/Illuminate/Session/Middleware/StartSession.php(64): Illuminate/Session/Middleware/StartSession->handleStatefulRequest(Object(Illuminate/Http/Request), Object(Illuminate/Session/Store), Object(Closure))
#48 C:/Users/DELL/growza/growza/vendor/laravel/framework/src/Illuminate/Pipeline/Pipeline.php(209): Illuminate/Session/Middleware/StartSession->handle(Object(Illuminate/Http/Request), Object(Closure))
#49 C:/Users/DELL/growza/growza/vendor/laravel/framework/src/Illuminate/Cookie/Middleware/AddQueuedCookiesToResponse.php(37): Illuminate/Pipeline/Pipeline->{closure:{closure:Illuminate/Pipeline/Pipeline::carry():184}:185}(Object(Illuminate/Http/Request))
#50 C:/Users/DELL/growza/growza/vendor/laravel/framework/src/Illuminate/Pipeline/Pipeline.php(209): Illuminate/Cookie/Middleware/AddQueuedCookiesToResponse->handle(Object(Illuminate/Http/Request), Object(Closure))
#51 C:/Users/DELL/growza/growza/vendor/laravel/framework/src/Illuminate/Cookie/Middleware/EncryptCookies.php(75): Illuminate/Pipeline/Pipeline->{closure:{closure:Illuminate/Pipeline/Pipeline::carry():184}:185}(Object(Illuminate/Http/Request))
#52 C:/Users/DELL/growza/growza/vendor/laravel/framework/src/Illuminate/Pipeline/Pipeline.php(209): Illuminate/Cookie/Middleware/EncryptCookies->handle(Object(Illuminate/Http/Request), Object(Closure))
#53 C:/Users/DELL/growza/growza/vendor/laravel/framework/src/Illuminate/Pipeline/Pipeline.php(127): Illuminate/Pipeline/Pipeline->{closure:{closure:Illuminate/Pipeline/Pipeline::carry():184}:185}(Object(Illuminate/Http/Request))
#54 C:/Users/DELL/growza/growza/vendor/laravel/framework/src/Illuminate/Routing/Router.php(807): Illuminate/Pipeline/Pipeline->then(Object(Closure))
#55 C:/Users/DELL/growza/growza/vendor/laravel/framework/src/Illuminate/Routing/Router.php(786): Illuminate/Routing/Router->runRouteWithinStack(Object(Illuminate/Routing/Route), Object(Illuminate/Http/Request))
#56 C:/Users/DELL/growza/growza/vendor/laravel/framework/src/Illuminate/Routing/Router.php(750): Illuminate/Routing/Router->runRoute(Object(Illuminate/Http/Request), Object(Illuminate/Routing/Route))
#57 C:/Users/DELL/growza/growza/vendor/laravel/framework/src/Illuminate/Routing/Router.php(739): Illuminate/Routing/Router->dispatchToRoute(Object(Illuminate/Http/Request))
#58 C:/Users/DELL/growza/growza/vendor/laravel/framework/src/Illuminate/Foundation/Http/Kernel.php(201): Illuminate/Routing/Router->dispatch(Object(Illuminate/Http/Request))
#59 C:/Users/DELL/growza/growza/vendor/laravel/framework/src/Illuminate/Pipeline/Pipeline.php(170): Illuminate/Foundation/Http/Kernel->{closure:Illuminate/Foundation/Http/Kernel::dispatchToRouter():198}(Object(Illuminate/Http/Request))
#60 C:/Users/DELL/growza/growza/vendor/livewire/livewire/src/Features/SupportDisablingBackButtonCache/DisableBackButtonCacheMiddleware.php(19): Illuminate/Pipeline/Pipeline->{closure:Illuminate/Pipeline/Pipeline::prepareDestination():168}(Object(Illuminate/Http/Request))
#61 C:/Users/DELL/growza/growza/vendor/laravel/framework/src/Illuminate/Pipeline/Pipeline.php(209): Livewire/Features/SupportDisablingBackButtonCache/DisableBackButtonCacheMiddleware->handle(Object(Illuminate/Http/Request), Object(Closure))
#62 C:/Users/DELL/growza/growza/vendor/laravel/framework/src/Illuminate/Foundation/Http/Middleware/TransformsRequest.php(21): Illuminate/Pipeline/Pipeline->{closure:{closure:Illuminate/Pipeline/Pipeline::carry():184}:185}(Object(Illuminate/Http/Request))
#63 C:/Users/DELL/growza/growza/vendor/laravel/framework/src/Illuminate/Foundation/Http/Middleware/ConvertEmptyStringsToNull.php(31): Illuminate/Foundation/Http/Middleware/TransformsRequest->handle(Object(Illuminate/Http/Request), Object(Closure))
#64 C:/Users/DELL/growza/growza/vendor/laravel/framework/src/Illuminate/Pipeline/Pipeline.php(209): Illuminate/Foundation/Http/Middleware/ConvertEmptyStringsToNull->handle(Object(Illuminate/Http/Request), Object(Closure))
#65 C:/Users/DELL/growza/growza/vendor/laravel/framework/src/Illuminate/Foundation/Http/Middleware/TransformsRequest.php(21): Illuminate/Pipeline/Pipeline->{closure:{closure:Illuminate/Pipeline/Pipeline::carry():184}:185}(Object(Illuminate/Http/Request))
#66 C:/Users/DELL/growza/growza/vendor/laravel/framework/src/Illuminate/Foundation/Http/Middleware/TrimStrings.php(51): Illuminate/Foundation/Http/Middleware/TransformsRequest->handle(Object(Illuminate/Http/Request), Object(Closure))
#67 C:/Users/DELL/growza/growza/vendor/laravel/framework/src/Illuminate/Pipeline/Pipeline.php(209): Illuminate/Foundation/Http/Middleware/TrimStrings->handle(Object(Illuminate/Http/Request), Object(Closure))
#68 C:/Users/DELL/growza/growza/vendor/laravel/framework/src/Illuminate/Http/Middleware/ValidatePostSize.php(27): Illuminate/Pipeline/Pipeline->{closure:{closure:Illuminate/Pipeline/Pipeline::carry():184}:185}(Object(Illuminate/Http/Request))
#69 C:/Users/DELL/growza/growza/vendor/laravel/framework/src/Illuminate/Pipeline/Pipeline.php(209): Illuminate/Http/Middleware/ValidatePostSize->handle(Object(Illuminate/Http/Request), Object(Closure))
#70 C:/Users/DELL/growza/growza/vendor/laravel/framework/src/Illuminate/Foundation/Http/Middleware/PreventRequestsDuringMaintenance.php(110): Illuminate/Pipeline/Pipeline->{closure:{closure:Illuminate/Pipeline/Pipeline::carry():184}:185}(Object(Illuminate/Http/Request))
#71 C:/Users/DELL/growza/growza/vendor/laravel/framework/src/Illuminate/Pipeline/Pipeline.php(209): Illuminate/Foundation/Http/Middleware/PreventRequestsDuringMaintenance->handle(Object(Illuminate/Http/Request), Object(Closure))
#72 C:/Users/DELL/growza/growza/vendor/laravel/framework/src/Illuminate/Http/Middleware/HandleCors.php(49): Illuminate/Pipeline/Pipeline->{closure:{closure:Illuminate/Pipeline/Pipeline::carry():184}:185}(Object(Illuminate/Http/Request))
#73 C:/Users/DELL/growza/growza/vendor/laravel/framework/src/Illuminate/Pipeline/Pipeline.php(209): Illuminate/Http/Middleware/HandleCors->handle(Object(Illuminate/Http/Request), Object(Closure))
#74 C:/Users/DELL/growza/growza/vendor/laravel/framework/src/Illuminate/Http/Middleware/TrustProxies.php(58): Illuminate/Pipeline/Pipeline->{closure:{closure:Illuminate/Pipeline/Pipeline::carry():184}:185}(Object(Illuminate/Http/Request))
#75 C:/Users/DELL/growza/growza/vendor/laravel/framework/src/Illuminate/Pipeline/Pipeline.php(209): Illuminate/Http/Middleware/TrustProxies->handle(Object(Illuminate/Http/Request), Object(Closure))
#76 C:/Users/DELL/growza/growza/vendor/laravel/framework/src/Illuminate/Foundation/Http/Middleware/InvokeDeferredCallbacks.php(22): Illuminate/Pipeline/Pipeline->{closure:{closure:Illuminate/Pipeline/Pipeline::carry():184}:185}(Object(Illuminate/Http/Request))
#77 C:/Users/DELL/growza/growza/vendor/laravel/framework/src/Illuminate/Pipeline/Pipeline.php(209): Illuminate/Foundation/Http/Middleware/InvokeDeferredCallbacks->handle(Object(Illuminate/Http/Request), Object(Closure))
#78 C:/Users/DELL/growza/growza/vendor/laravel/framework/src/Illuminate/Pipeline/Pipeline.php(127): Illuminate/Pipeline/Pipeline->{closure:{closure:Illuminate/Pipeline/Pipeline::carry():184}:185}(Object(Illuminate/Http/Request))
#79 C:/Users/DELL/growza/growza/vendor/laravel/framework/src/Illuminate/Foundation/Http/Kernel.php(176): Illuminate/Pipeline/Pipeline->then(Object(Closure))
#80 C:/Users/DELL/growza/growza/vendor/laravel/framework/src/Illuminate/Foundation/Http/Kernel.php(145): Illuminate/Foundation/Http/Kernel->sendRequestThroughRouter(Object(Illuminate/Http/Request))
#81 C:/Users/DELL/growza/growza/vendor/laravel/framework/src/Illuminate/Foundation/Testing/Concerns/MakesHttpRequests.php(607): Illuminate/Foundation/Http/Kernel->handle(Object(Illuminate/Http/Request))
#82 C:/Users/DELL/growza/growza/vendor/laravel/framework/src/Illuminate/Foundation/Testing/Concerns/MakesHttpRequests.php(397): Illuminate/Foundation/Testing/TestCase->call('POST', 'http://localhos...', Array, Array, Array, Array)
#83 [internal function]: Illuminate/Foundation/Testing/TestCase->post('http://localhos...', Array)
#84 C:/Users/DELL/growza/growza/vendor/pestphp/pest/src/Support/Reflection.php(38): ReflectionMethod->invoke(Object(P/Tests/Feature/RbacTest), 'http://localhos...', Array)
#85 C:/Users/DELL/growza/growza/vendor/pestphp/pest/src/Support/HigherOrderMessage.php(59): Pest/Support/Reflection::call(Object(P/Tests/Feature/RbacTest), 'post', Array)
#86 C:/Users/DELL/growza/growza/vendor/pestphp/pest/src/Support/HigherOrderTapProxy.php(66): Pest/Support/HigherOrderMessage->call(Object(P/Tests/Feature/RbacTest))
#87 C:/Users/DELL/growza/growza/vendor/pestphp/pest-plugin-laravel/src/Http.php(209): Pest/Support/HigherOrderTapProxy->__call('post', Array)
#88 C:/Users/DELL/growza/growza/tests/Feature/RbacTest.php(78): Pest/Laravel/post('http://localhos...', Array)
#89 C:/Users/DELL/growza/growza/vendor/pestphp/pest/src/Factories/TestCaseMethodFactory.php(110): P/Tests/Feature/RbacTest->{closure:C:/Users/DELL/growza/growza/tests/Feature/RbacTest.php:77}()
#90 [internal function]: P/Tests/Feature/RbacTest->{closure:Pest/Factories/TestCaseMethodFactory::getClosure():102}()
#91 C:/Users/DELL/growza/growza/vendor/pestphp/pest/src/Concerns/Testable.php(339): call_user_func_array(Object(Closure), Array)
#92 C:/Users/DELL/growza/growza/vendor/pestphp/pest/src/Support/ExceptionTrace.php(26): P/Tests/Feature/RbacTest->{closure:Pest/Concerns/Testable::__callClosure():339}()
#93 C:/Users/DELL/growza/growza/vendor/pestphp/pest/src/Concerns/Testable.php(339): Pest/Support/ExceptionTrace::ensure(Object(Closure))
#94 C:/Users/DELL/growza/growza/vendor/pestphp/pest/src/Concerns/Testable.php(256): P/Tests/Feature/RbacTest->__callClosure(Object(Closure), Array)
#95 C:/Users/DELL/growza/growza/vendor/pestphp/pest/src/Factories/TestCaseFactory.php(197) : eval()'d code(116): P/Tests/Feature/RbacTest->__runTest(Object(Closure))
#96 C:/Users/DELL/growza/growza/vendor/phpunit/phpunit/src/Framework/TestCase.php(1548): P/Tests/Feature/RbacTest->__pest_evaluable_it_assigns_the_Customer_role_automatically_at_registration()
#97 C:/Users/DELL/growza/growza/vendor/phpunit/phpunit/src/Framework/TestCase.php(686): PHPUnit/Framework/TestCase->runTest()
#98 C:/Users/DELL/growza/growza/vendor/phpunit/phpunit/src/Framework/TestRunner.php(106): PHPUnit/Framework/TestCase->runBare()
#99 C:/Users/DELL/growza/growza/vendor/phpunit/phpunit/src/Framework/TestCase.php(516): PHPUnit/Framework/TestRunner->run(Object(P/Tests/Feature/RbacTest))
#100 C:/Users/DELL/growza/growza/vendor/phpunit/phpunit/src/Framework/TestSuite.php(374): PHPUnit/Framework/TestCase->run()
#101 C:/Users/DELL/growza/growza/vendor/phpunit/phpunit/src/Framework/TestSuite.php(374): PHPUnit/Framework/TestSuite->run()
#102 C:/Users/DELL/growza/growza/vendor/phpunit/phpunit/src/Framework/TestSuite.php(374): PHPUnit/Framework/TestSuite->run()
#103 C:/Users/DELL/growza/growza/vendor/phpunit/phpunit/src/TextUI/TestRunner.php(64): PHPUnit/Framework/TestSuite->run()
#104 C:/Users/DELL/growza/growza/vendor/phpunit/phpunit/src/TextUI/Application.php(204): PHPUnit/TextUI/TestRunner->run(Object(PHPUnit/TextUI/Configuration/Configuration), Object(PHPUnit/Runner/ResultCache/DefaultResultCache), Object(PHPUnit/Framework/TestSuite))
#105 C:/Users/DELL/growza/growza/vendor/pestphp/pest/src/Kernel.php(103): PHPUnit/TextUI/Application->run(Array)
#106 C:/Users/DELL/growza/growza/vendor/pestphp/pest/bin/pest(91): Pest/Kernel->handle(Array, Array)
#107 C:/Users/DELL/growza/growza/vendor/pestphp/pest/bin/pest(99): {closure:C:/Users/DELL/growza/growza/vendor/pestphp/pest/bin/pest:12}()
#108 {main}
"} 
[2026-09-21 06:26:05] testing.ERROR: SQLSTATE[23000]: Integrity constraint violation: 19 NOT NULL constraint failed: model_has_roles.team_id (Connection: sqlite, SQL: insert into "model_has_roles" ("model_id", "model_type", "role_id", "team_id") values (1, App\Domain\Identity\Models\User, 9, ?)) {"exception":"[object] (Illuminate\\Database\\QueryException(code: 23000): SQLSTATE[23000]: Integrity constraint violation: 19 NOT NULL constraint failed: model_has_roles.team_id (Connection: sqlite, SQL: insert into \"model_has_roles\" (\"model_id\", \"model_type\", \"role_id\", \"team_id\") values (1, App\\Domain\\Identity\\Models\\User, 9, ?)) at C:/Users/DELL/growza/growza/vendor/laravel/framework/src/Illuminate/Database/Connection.php:825)
[stacktrace]
#0 C:/Users/DELL/growza/growza/vendor/laravel/framework/src/Illuminate/Database/Connection.php(779): Illuminate/Database/Connection->runQueryCallback('insert into \"mo...', Array, Object(Closure))
#1 C:/Users/DELL/growza/growza/vendor/laravel/framework/src/Illuminate/Database/Connection.php(560): Illuminate/Database/Connection->run('insert into \"mo...', Array, Object(Closure))
#2 C:/Users/DELL/growza/growza/vendor/laravel/framework/src/Illuminate/Database/Connection.php(524): Illuminate/Database/Connection->statement('insert into \"mo...', Array)
#3 C:/Users/DELL/growza/growza/vendor/laravel/framework/src/Illuminate/Database/Query/Builder.php(3717): Illuminate/Database/Connection->insert('insert into \"mo...', Array)
#4 C:/Users/DELL/growza/growza/vendor/laravel/framework/src/Illuminate/Database/Eloquent/Relations/Concerns/InteractsWithPivotTable.php(276): Illuminate/Database/Query/Builder->insert(Array)
#5 C:/Users/DELL/growza/growza/vendor/spatie/laravel-permission/src/Traits/HasRoles.php(164): Illuminate/Database/Eloquent/Relations/BelongsToMany->attach(Array, Array)
#6 C:/Users/DELL/growza/growza/app/Domain/Auth/Actions/CreateNewUser.php(75): App/Domain/Identity/Models/User->assignRole('Customer')
#7 C:/Users/DELL/growza/growza/vendor/laravel/framework/src/Illuminate/Database/Concerns/ManagesTransactions.php(32): App/Domain/Auth/Actions/CreateNewUser->{closure:App/Domain/Auth/Actions/CreateNewUser::create():58}(Object(Illuminate/Database/SQLiteConnection))
#8 C:/Users/DELL/growza/growza/vendor/laravel/framework/src/Illuminate/Database/DatabaseManager.php(495): Illuminate/Database/Connection->transaction(Object(Closure))
#9 C:/Users/DELL/growza/growza/vendor/laravel/framework/src/Illuminate/Support/Facades/Facade.php(361): Illuminate/Database/DatabaseManager->__call('transaction', Array)
#10 C:/Users/DELL/growza/growza/app/Domain/Auth/Actions/CreateNewUser.php(58): Illuminate/Support/Facades/Facade::__callStatic('transaction', Array)
#11 C:/Users/DELL/growza/growza/vendor/laravel/fortify/src/Http/Controllers/RegisteredUserController.php(62): App/Domain/Auth/Actions/CreateNewUser->create(Array)
#12 C:/Users/DELL/growza/growza/vendor/laravel/framework/src/Illuminate/Routing/Controller.php(54): Laravel/Fortify/Http/Controllers/RegisteredUserController->store(Object(Illuminate/Http/Request), Object(App/Domain/Auth/Actions/CreateNewUser))
#13 C:/Users/DELL/growza/growza/vendor/laravel/framework/src/Illuminate/Routing/ControllerDispatcher.php(44): Illuminate/Routing/Controller->callAction('store', Array)
#14 C:/Users/DELL/growza/growza/vendor/laravel/framework/src/Illuminate/Routing/Route.php(266): Illuminate/Routing/ControllerDispatcher->dispatch(Object(Illuminate/Routing/Route), Object(Laravel/Fortify/Http/Controllers/RegisteredUserController), 'store')
#15 C:/Users/DELL/growza/growza/vendor/laravel/framework/src/Illuminate/Routing/Route.php(212): Illuminate/Routing/Route->runController()
#16 C:/Users/DELL/growza/growza/vendor/laravel/framework/src/Illuminate/Routing/Router.php(808): Illuminate/Routing/Route->run()
#17 C:/Users/DELL/growza/growza/vendor/laravel/framework/src/Illuminate/Pipeline/Pipeline.php(170): Illuminate/Routing/Router->{closure:Illuminate/Routing/Router::runRouteWithinStack():807}(Object(Illuminate/Http/Request))
#18 C:/Users/DELL/growza/growza/vendor/laravel/framework/src/Illuminate/Auth/Middleware/RedirectIfAuthenticated.php(35): Illuminate/Pipeline/Pipeline->{closure:Illuminate/Pipeline/Pipeline::prepareDestination():168}(Object(Illuminate/Http/Request))
#19 C:/Users/DELL/growza/growza/vendor/laravel/framework/src/Illuminate/Pipeline/Pipeline.php(209): Illuminate/Auth/Middleware/RedirectIfAuthenticated->handle(Object(Illuminate/Http/Request), Object(Closure), 'web')
#20 C:/Users/DELL/growza/growza/vendor/laravel/framework/src/Illuminate/Routing/Middleware/SubstituteBindings.php(51): Illuminate/Pipeline/Pipeline->{closure:{closure:Illuminate/Pipeline/Pipeline::carry():184}:185}(Object(Illuminate/Http/Request))
#21 C:/Users/DELL/growza/growza/vendor/laravel/framework/src/Illuminate/Pipeline/Pipeline.php(209): Illuminate/Routing/Middleware/SubstituteBindings->handle(Object(Illuminate/Http/Request), Object(Closure))
#22 C:/Users/DELL/growza/growza/vendor/laravel/framework/src/Illuminate/Foundation/Http/Middleware/VerifyCsrfToken.php(88): Illuminate/Pipeline/Pipeline->{closure:{closure:Illuminate/Pipeline/Pipeline::carry():184}:185}(Object(Illuminate/Http/Request))
#23 C:/Users/DELL/growza/growza/vendor/laravel/framework/src/Illuminate/Pipeline/Pipeline.php(209): Illuminate/Foundation/Http/Middleware/VerifyCsrfToken->handle(Object(Illuminate/Http/Request), Object(Closure))
#24 C:/Users/DELL/growza/growza/vendor/laravel/framework/src/Illuminate/View/Middleware/ShareErrorsFromSession.php(49): Illuminate/Pipeline/Pipeline->{closure:{closure:Illuminate/Pipeline/Pipeline::carry():184}:185}(Object(Illuminate/Http/Request))
#25 C:/Users/DELL/growza/growza/vendor/laravel/framework/src/Illuminate/Pipeline/Pipeline.php(209): Illuminate/View/Middleware/ShareErrorsFromSession->handle(Object(Illuminate/Http/Request), Object(Closure))
#26 C:/Users/DELL/growza/growza/vendor/laravel/framework/src/Illuminate/Session/Middleware/StartSession.php(121): Illuminate/Pipeline/Pipeline->{closure:{closure:Illuminate/Pipeline/Pipeline::carry():184}:185}(Object(Illuminate/Http/Request))
#27 C:/Users/DELL/growza/growza/vendor/laravel/framework/src/Illuminate/Session/Middleware/StartSession.php(64): Illuminate/Session/Middleware/StartSession->handleStatefulRequest(Object(Illuminate/Http/Request), Object(Illuminate/Session/Store), Object(Closure))
#28 C:/Users/DELL/growza/growza/vendor/laravel/framework/src/Illuminate/Pipeline/Pipeline.php(209): Illuminate/Session/Middleware/StartSession->handle(Object(Illuminate/Http/Request), Object(Closure))
#29 C:/Users/DELL/growza/growza/vendor/laravel/framework/src/Illuminate/Cookie/Middleware/AddQueuedCookiesToResponse.php(37): Illuminate/Pipeline/Pipeline->{closure:{closure:Illuminate/Pipeline/Pipeline::carry():184}:185}(Object(Illuminate/Http/Request))
#30 C:/Users/DELL/growza/growza/vendor/laravel/framework/src/Illuminate/Pipeline/Pipeline.php(209): Illuminate/Cookie/Middleware/AddQueuedCookiesToResponse->handle(Object(Illuminate/Http/Request), Object(Closure))
#31 C:/Users/DELL/growza/growza/vendor/laravel/framework/src/Illuminate/Cookie/Middleware/EncryptCookies.php(75): Illuminate/Pipeline/Pipeline->{closure:{closure:Illuminate/Pipeline/Pipeline::carry():184}:185}(Object(Illuminate/Http/Request))
#32 C:/Users/DELL/growza/growza/vendor/laravel/framework/src/Illuminate/Pipeline/Pipeline.php(209): Illuminate/Cookie/Middleware/EncryptCookies->handle(Object(Illuminate/Http/Request), Object(Closure))
#33 C:/Users/DELL/growza/growza/vendor/laravel/framework/src/Illuminate/Pipeline/Pipeline.php(127): Illuminate/Pipeline/Pipeline->{closure:{closure:Illuminate/Pipeline/Pipeline::carry():184}:185}(Object(Illuminate/Http/Request))
#34 C:/Users/DELL/growza/growza/vendor/laravel/framework/src/Illuminate/Routing/Router.php(807): Illuminate/Pipeline/Pipeline->then(Object(Closure))
#35 C:/Users/DELL/growza/growza/vendor/laravel/framework/src/Illuminate/Routing/Router.php(786): Illuminate/Routing/Router->runRouteWithinStack(Object(Illuminate/Routing/Route), Object(Illuminate/Http/Request))
#36 C:/Users/DELL/growza/growza/vendor/laravel/framework/src/Illuminate/Routing/Router.php(750): Illuminate/Routing/Router->runRoute(Object(Illuminate/Http/Request), Object(Illuminate/Routing/Route))
#37 C:/Users/DELL/growza/growza/vendor/laravel/framework/src/Illuminate/Routing/Router.php(739): Illuminate/Routing/Router->dispatchToRoute(Object(Illuminate/Http/Request))
#38 C:/Users/DELL/growza/growza/vendor/laravel/framework/src/Illuminate/Foundation/Http/Kernel.php(201): Illuminate/Routing/Router->dispatch(Object(Illuminate/Http/Request))
#39 C:/Users/DELL/growza/growza/vendor/laravel/framework/src/Illuminate/Pipeline/Pipeline.php(170): Illuminate/Foundation/Http/Kernel->{closure:Illuminate/Foundation/Http/Kernel::dispatchToRouter():198}(Object(Illuminate/Http/Request))
#40 C:/Users/DELL/growza/growza/vendor/livewire/livewire/src/Features/SupportDisablingBackButtonCache/DisableBackButtonCacheMiddleware.php(19): Illuminate/Pipeline/Pipeline->{closure:Illuminate/Pipeline/Pipeline::prepareDestination():168}(Object(Illuminate/Http/Request))
#41 C:/Users/DELL/growza/growza/vendor/laravel/framework/src/Illuminate/Pipeline/Pipeline.php(209): Livewire/Features/SupportDisablingBackButtonCache/DisableBackButtonCacheMiddleware->handle(Object(Illuminate/Http/Request), Object(Closure))
#42 C:/Users/DELL/growza/growza/vendor/laravel/framework/src/Illuminate/Foundation/Http/Middleware/TransformsRequest.php(21): Illuminate/Pipeline/Pipeline->{closure:{closure:Illuminate/Pipeline/Pipeline::carry():184}:185}(Object(Illuminate/Http/Request))
#43 C:/Users/DELL/growza/growza/vendor/laravel/framework/src/Illuminate/Foundation/Http/Middleware/ConvertEmptyStringsToNull.php(31): Illuminate/Foundation/Http/Middleware/TransformsRequest->handle(Object(Illuminate/Http/Request), Object(Closure))
#44 C:/Users/DELL/growza/growza/vendor/laravel/framework/src/Illuminate/Pipeline/Pipeline.php(209): Illuminate/Foundation/Http/Middleware/ConvertEmptyStringsToNull->handle(Object(Illuminate/Http/Request), Object(Closure))
#45 C:/Users/DELL/growza/growza/vendor/laravel/framework/src/Illuminate/Foundation/Http/Middleware/TransformsRequest.php(21): Illuminate/Pipeline/Pipeline->{closure:{closure:Illuminate/Pipeline/Pipeline::carry():184}:185}(Object(Illuminate/Http/Request))
#46 C:/Users/DELL/growza/growza/vendor/laravel/framework/src/Illuminate/Foundation/Http/Middleware/TrimStrings.php(51): Illuminate/Foundation/Http/Middleware/TransformsRequest->handle(Object(Illuminate/Http/Request), Object(Closure))
#47 C:/Users/DELL/growza/growza/vendor/laravel/framework/src/Illuminate/Pipeline/Pipeline.php(209): Illuminate/Foundation/Http/Middleware/TrimStrings->handle(Object(Illuminate/Http/Request), Object(Closure))
#48 C:/Users/DELL/growza/growza/vendor/laravel/framework/src/Illuminate/Http/Middleware/ValidatePostSize.php(27): Illuminate/Pipeline/Pipeline->{closure:{closure:Illuminate/Pipeline/Pipeline::carry():184}:185}(Object(Illuminate/Http/Request))
#49 C:/Users/DELL/growza/growza/vendor/laravel/framework/src/Illuminate/Pipeline/Pipeline.php(209): Illuminate/Http/Middleware/ValidatePostSize->handle(Object(Illuminate/Http/Request), Object(Closure))
#50 C:/Users/DELL/growza/growza/vendor/laravel/framework/src/Illuminate/Foundation/Http/Middleware/PreventRequestsDuringMaintenance.php(110): Illuminate/Pipeline/Pipeline->{closure:{closure:Illuminate/Pipeline/Pipeline::carry():184}:185}(Object(Illuminate/Http/Request))
#51 C:/Users/DELL/growza/growza/vendor/laravel/framework/src/Illuminate/Pipeline/Pipeline.php(209): Illuminate/Foundation/Http/Middleware/PreventRequestsDuringMaintenance->handle(Object(Illuminate/Http/Request), Object(Closure))
#52 C:/Users/DELL/growza/growza/vendor/laravel/framework/src/Illuminate/Http/Middleware/HandleCors.php(49): Illuminate/Pipeline/Pipeline->{closure:{closure:Illuminate/Pipeline/Pipeline::carry():184}:185}(Object(Illuminate/Http/Request))
#53 C:/Users/DELL/growza/growza/vendor/laravel/framework/src/Illuminate/Pipeline/Pipeline.php(209): Illuminate/Http/Middleware/HandleCors->handle(Object(Illuminate/Http/Request), Object(Closure))
#54 C:/Users/DELL/growza/growza/vendor/laravel/framework/src/Illuminate/Http/Middleware/TrustProxies.php(58): Illuminate/Pipeline/Pipeline->{closure:{closure:Illuminate/Pipeline/Pipeline::carry():184}:185}(Object(Illuminate/Http/Request))
#55 C:/Users/DELL/growza/growza/vendor/laravel/framework/src/Illuminate/Pipeline/Pipeline.php(209): Illuminate/Http/Middleware/TrustProxies->handle(Object(Illuminate/Http/Request), Object(Closure))
#56 C:/Users/DELL/growza/growza/vendor/laravel/framework/src/Illuminate/Foundation/Http/Middleware/InvokeDeferredCallbacks.php(22): Illuminate/Pipeline/Pipeline->{closure:{closure:Illuminate/Pipeline/Pipeline::carry():184}:185}(Object(Illuminate/Http/Request))
#57 C:/Users/DELL/growza/growza/vendor/laravel/framework/src/Illuminate/Pipeline/Pipeline.php(209): Illuminate/Foundation/Http/Middleware/InvokeDeferredCallbacks->handle(Object(Illuminate/Http/Request), Object(Closure))
#58 C:/Users/DELL/growza/growza/vendor/laravel/framework/src/Illuminate/Pipeline/Pipeline.php(127): Illuminate/Pipeline/Pipeline->{closure:{closure:Illuminate/Pipeline/Pipeline::carry():184}:185}(Object(Illuminate/Http/Request))
#59 C:/Users/DELL/growza/growza/vendor/laravel/framework/src/Illuminate/Foundation/Http/Kernel.php(176): Illuminate/Pipeline/Pipeline->then(Object(Closure))
#60 C:/Users/DELL/growza/growza/vendor/laravel/framework/src/Illuminate/Foundation/Http/Kernel.php(145): Illuminate/Foundation/Http/Kernel->sendRequestThroughRouter(Object(Illuminate/Http/Request))
#61 C:/Users/DELL/growza/growza/vendor/laravel/framework/src/Illuminate/Foundation/Testing/Concerns/MakesHttpRequests.php(607): Illuminate/Foundation/Http/Kernel->handle(Object(Illuminate/Http/Request))
#62 C:/Users/DELL/growza/growza/vendor/laravel/framework/src/Illuminate/Foundation/Testing/Concerns/MakesHttpRequests.php(397): Illuminate/Foundation/Testing/TestCase->call('POST', 'http://localhos...', Array, Array, Array, Array)
#63 [internal function]: Illuminate/Foundation/Testing/TestCase->post('http://localhos...', Array)
#64 C:/Users/DELL/growza/growza/vendor/pestphp/pest/src/Support/Reflection.php(38): ReflectionMethod->invoke(Object(P/Tests/Feature/RbacTest), 'http://localhos...', Array)
#65 C:/Users/DELL/growza/growza/vendor/pestphp/pest/src/Support/HigherOrderMessage.php(59): Pest/Support/Reflection::call(Object(P/Tests/Feature/RbacTest), 'post', Array)
#66 C:/Users/DELL/growza/growza/vendor/pestphp/pest/src/Support/HigherOrderTapProxy.php(66): Pest/Support/HigherOrderMessage->call(Object(P/Tests/Feature/RbacTest))
#67 C:/Users/DELL/growza/growza/vendor/pestphp/pest-plugin-laravel/src/Http.php(209): Pest/Support/HigherOrderTapProxy->__call('post', Array)
#68 C:/Users/DELL/growza/growza/tests/Feature/RbacTest.php(78): Pest/Laravel/post('http://localhos...', Array)
#69 C:/Users/DELL/growza/growza/vendor/pestphp/pest/src/Factories/TestCaseMethodFactory.php(110): P/Tests/Feature/RbacTest->{closure:C:/Users/DELL/growza/growza/tests/Feature/RbacTest.php:77}()
#70 [internal function]: P/Tests/Feature/RbacTest->{closure:Pest/Factories/TestCaseMethodFactory::getClosure():102}()
#71 C:/Users/DELL/growza/growza/vendor/pestphp/pest/src/Concerns/Testable.php(339): call_user_func_array(Object(Closure), Array)
#72 C:/Users/DELL/growza/growza/vendor/pestphp/pest/src/Support/ExceptionTrace.php(26): P/Tests/Feature/RbacTest->{closure:Pest/Concerns/Testable::__callClosure():339}()
#73 C:/Users/DELL/growza/growza/vendor/pestphp/pest/src/Concerns/Testable.php(339): Pest/Support/ExceptionTrace::ensure(Object(Closure))
#74 C:/Users/DELL/growza/growza/vendor/pestphp/pest/src/Concerns/Testable.php(256): P/Tests/Feature/RbacTest->__callClosure(Object(Closure), Array)
#75 C:/Users/DELL/growza/growza/vendor/pestphp/pest/src/Factories/TestCaseFactory.php(197) : eval()'d code(116): P/Tests/Feature/RbacTest->__runTest(Object(Closure))
#76 C:/Users/DELL/growza/growza/vendor/phpunit/phpunit/src/Framework/TestCase.php(1548): P/Tests/Feature/RbacTest->__pest_evaluable_it_assigns_the_Customer_role_automatically_at_registration()
#77 C:/Users/DELL/growza/growza/vendor/phpunit/phpunit/src/Framework/TestCase.php(686): PHPUnit/Framework/TestCase->runTest()
#78 C:/Users/DELL/growza/growza/vendor/phpunit/phpunit/src/Framework/TestRunner.php(106): PHPUnit/Framework/TestCase->runBare()
#79 C:/Users/DELL/growza/growza/vendor/phpunit/phpunit/src/Framework/TestCase.php(516): PHPUnit/Framework/TestRunner->run(Object(P/Tests/Feature/RbacTest))
#80 C:/Users/DELL/growza/growza/vendor/phpunit/phpunit/src/Framework/TestSuite.php(374): PHPUnit/Framework/TestCase->run()
#81 C:/Users/DELL/growza/growza/vendor/phpunit/phpunit/src/Framework/TestSuite.php(374): PHPUnit/Framework/TestSuite->run()
#82 C:/Users/DELL/growza/growza/vendor/phpunit/phpunit/src/Framework/TestSuite.php(374): PHPUnit/Framework/TestSuite->run()
#83 C:/Users/DELL/growza/growza/vendor/phpunit/phpunit/src/TextUI/TestRunner.php(64): PHPUnit/Framework/TestSuite->run()
#84 C:/Users/DELL/growza/growza/vendor/phpunit/phpunit/src/TextUI/Application.php(204): PHPUnit/TextUI/TestRunner->run(Object(PHPUnit/TextUI/Configuration/Configuration), Object(PHPUnit/Runner/ResultCache/DefaultResultCache), Object(PHPUnit/Framework/TestSuite))
#85 C:/Users/DELL/growza/growza/vendor/pestphp/pest/src/Kernel.php(103): PHPUnit/TextUI/Application->run(Array)
#86 C:/Users/DELL/growza/growza/vendor/pestphp/pest/bin/pest(91): Pest/Kernel->handle(Array, Array)
#87 C:/Users/DELL/growza/growza/vendor/pestphp/pest/bin/pest(99): {closure:C:/Users/DELL/growza/growza/vendor/pestphp/pest/bin/pest:12}()
#88 {main}

[previous exception] [object] (PDOException(code: 23000): SQLSTATE[23000]: Integrity constraint violation: 19 NOT NULL constraint failed: model_has_roles.team_id at C:/Users/DELL/growza/growza/vendor/laravel/framework/src/Illuminate/Database/Connection.php:571)
[stacktrace]
#0 C:/Users/DELL/growza/growza/vendor/laravel/framework/src/Illuminate/Database/Connection.php(571): PDOStatement->execute()
#1 C:/Users/DELL/growza/growza/vendor/laravel/framework/src/Illuminate/Database/Connection.php(812): Illuminate/Database/Connection->{closure:Illuminate/Database/Connection::statement():560}('insert into \"mo...', Array)
#2 C:/Users/DELL/growza/growza/vendor/laravel/framework/src/Illuminate/Database/Connection.php(779): Illuminate/Database/Connection->runQueryCallback('insert into \"mo...', Array, Object(Closure))
#3 C:/Users/DELL/growza/growza/vendor/laravel/framework/src/Illuminate/Database/Connection.php(560): Illuminate/Database/Connection->run('insert into \"mo...', Array, Object(Closure))
#4 C:/Users/DELL/growza/growza/vendor/laravel/framework/src/Illuminate/Database/Connection.php(524): Illuminate/Database/Connection->statement('insert into \"mo...', Array)
#5 C:/Users/DELL/growza/growza/vendor/laravel/framework/src/Illuminate/Database/Query/Builder.php(3717): Illuminate/Database/Connection->insert('insert into \"mo...', Array)
#6 C:/Users/DELL/growza/growza/vendor/laravel/framework/src/Illuminate/Database/Eloquent/Relations/Concerns/InteractsWithPivotTable.php(276): Illuminate/Database/Query/Builder->insert(Array)
#7 C:/Users/DELL/growza/growza/vendor/spatie/laravel-permission/src/Traits/HasRoles.php(164): Illuminate/Database/Eloquent/Relations/BelongsToMany->attach(Array, Array)
#8 C:/Users/DELL/growza/growza/app/Domain/Auth/Actions/CreateNewUser.php(75): App/Domain/Identity/Models/User->assignRole('Customer')
#9 C:/Users/DELL/growza/growza/vendor/laravel/framework/src/Illuminate/Database/Concerns/ManagesTransactions.php(32): App/Domain/Auth/Actions/CreateNewUser->{closure:App/Domain/Auth/Actions/CreateNewUser::create():58}(Object(Illuminate/Database/SQLiteConnection))
#10 C:/Users/DELL/growza/growza/vendor/laravel/framework/src/Illuminate/Database/DatabaseManager.php(495): Illuminate/Database/Connection->transaction(Object(Closure))
#11 C:/Users/DELL/growza/growza/vendor/laravel/framework/src/Illuminate/Support/Facades/Facade.php(361): Illuminate/Database/DatabaseManager->__call('transaction', Array)
#12 C:/Users/DELL/growza/growza/app/Domain/Auth/Actions/CreateNewUser.php(58): Illuminate/Support/Facades/Facade::__callStatic('transaction', Array)
#13 C:/Users/DELL/growza/growza/vendor/laravel/fortify/src/Http/Controllers/RegisteredUserController.php(62): App/Domain/Auth/Actions/CreateNewUser->create(Array)
#14 C:/Users/DELL/growza/growza/vendor/laravel/framework/src/Illuminate/Routing/Controller.php(54): Laravel/Fortify/Http/Controllers/RegisteredUserController->store(Object(Illuminate/Http/Request), Object(App/Domain/Auth/Actions/CreateNewUser))
#15 C:/Users/DELL/growza/growza/vendor/laravel/framework/src/Illuminate/Routing/ControllerDispatcher.php(44): Illuminate/Routing/Controller->callAction('store', Array)
#16 C:/Users/DELL/growza/growza/vendor/laravel/framework/src/Illuminate/Routing/Route.php(266): Illuminate/Routing/ControllerDispatcher->dispatch(Object(Illuminate/Routing/Route), Object(Laravel/Fortify/Http/Controllers/RegisteredUserController), 'store')
#17 C:/Users/DELL/growza/growza/vendor/laravel/framework/src/Illuminate/Routing/Route.php(212): Illuminate/Routing/Route->runController()
#18 C:/Users/DELL/growza/growza/vendor/laravel/framework/src/Illuminate/Routing/Router.php(808): Illuminate/Routing/Route->run()
#19 C:/Users/DELL/growza/growza/vendor/laravel/framework/src/Illuminate/Pipeline/Pipeline.php(170): Illuminate/Routing/Router->{closure:Illuminate/Routing/Router::runRouteWithinStack():807}(Object(Illuminate/Http/Request))
#20 C:/Users/DELL/growza/growza/vendor/laravel/framework/src/Illuminate/Auth/Middleware/RedirectIfAuthenticated.php(35): Illuminate/Pipeline/Pipeline->{closure:Illuminate/Pipeline/Pipeline::prepareDestination():168}(Object(Illuminate/Http/Request))
#21 C:/Users/DELL/growza/growza/vendor/laravel/framework/src/Illuminate/Pipeline/Pipeline.php(209): Illuminate/Auth/Middleware/RedirectIfAuthenticated->handle(Object(Illuminate/Http/Request), Object(Closure), 'web')
#22 C:/Users/DELL/growza/growza/vendor/laravel/framework/src/Illuminate/Routing/Middleware/SubstituteBindings.php(51): Illuminate/Pipeline/Pipeline->{closure:{closure:Illuminate/Pipeline/Pipeline::carry():184}:185}(Object(Illuminate/Http/Request))
#23 C:/Users/DELL/growza/growza/vendor/laravel/framework/src/Illuminate/Pipeline/Pipeline.php(209): Illuminate/Routing/Middleware/SubstituteBindings->handle(Object(Illuminate/Http/Request), Object(Closure))
#24 C:/Users/DELL/growza/growza/vendor/laravel/framework/src/Illuminate/Foundation/Http/Middleware/VerifyCsrfToken.php(88): Illuminate/Pipeline/Pipeline->{closure:{closure:Illuminate/Pipeline/Pipeline::carry():184}:185}(Object(Illuminate/Http/Request))
#25 C:/Users/DELL/growza/growza/vendor/laravel/framework/src/Illuminate/Pipeline/Pipeline.php(209): Illuminate/Foundation/Http/Middleware/VerifyCsrfToken->handle(Object(Illuminate/Http/Request), Object(Closure))
#26 C:/Users/DELL/growza/growza/vendor/laravel/framework/src/Illuminate/View/Middleware/ShareErrorsFromSession.php(49): Illuminate/Pipeline/Pipeline->{closure:{closure:Illuminate/Pipeline/Pipeline::carry():184}:185}(Object(Illuminate/Http/Request))
#27 C:/Users/DELL/growza/growza/vendor/laravel/framework/src/Illuminate/Pipeline/Pipeline.php(209): Illuminate/View/Middleware/ShareErrorsFromSession->handle(Object(Illuminate/Http/Request), Object(Closure))
#28 C:/Users/DELL/growza/growza/vendor/laravel/framework/src/Illuminate/Session/Middleware/StartSession.php(121): Illuminate/Pipeline/Pipeline->{closure:{closure:Illuminate/Pipeline/Pipeline::carry():184}:185}(Object(Illuminate/Http/Request))
#29 C:/Users/DELL/growza/growza/vendor/laravel/framework/src/Illuminate/Session/Middleware/StartSession.php(64): Illuminate/Session/Middleware/StartSession->handleStatefulRequest(Object(Illuminate/Http/Request), Object(Illuminate/Session/Store), Object(Closure))
#30 C:/Users/DELL/growza/growza/vendor/laravel/framework/src/Illuminate/Pipeline/Pipeline.php(209): Illuminate/Session/Middleware/StartSession->handle(Object(Illuminate/Http/Request), Object(Closure))
#31 C:/Users/DELL/growza/growza/vendor/laravel/framework/src/Illuminate/Cookie/Middleware/AddQueuedCookiesToResponse.php(37): Illuminate/Pipeline/Pipeline->{closure:{closure:Illuminate/Pipeline/Pipeline::carry():184}:185}(Object(Illuminate/Http/Request))
#32 C:/Users/DELL/growza/growza/vendor/laravel/framework/src/Illuminate/Pipeline/Pipeline.php(209): Illuminate/Cookie/Middleware/AddQueuedCookiesToResponse->handle(Object(Illuminate/Http/Request), Object(Closure))
#33 C:/Users/DELL/growza/growza/vendor/laravel/framework/src/Illuminate/Cookie/Middleware/EncryptCookies.php(75): Illuminate/Pipeline/Pipeline->{closure:{closure:Illuminate/Pipeline/Pipeline::carry():184}:185}(Object(Illuminate/Http/Request))
#34 C:/Users/DELL/growza/growza/vendor/laravel/framework/src/Illuminate/Pipeline/Pipeline.php(209): Illuminate/Cookie/Middleware/EncryptCookies->handle(Object(Illuminate/Http/Request), Object(Closure))
#35 C:/Users/DELL/growza/growza/vendor/laravel/framework/src/Illuminate/Pipeline/Pipeline.php(127): Illuminate/Pipeline/Pipeline->{closure:{closure:Illuminate/Pipeline/Pipeline::carry():184}:185}(Object(Illuminate/Http/Request))
#36 C:/Users/DELL/growza/growza/vendor/laravel/framework/src/Illuminate/Routing/Router.php(807): Illuminate/Pipeline/Pipeline->then(Object(Closure))
#37 C:/Users/DELL/growza/growza/vendor/laravel/framework/src/Illuminate/Routing/Router.php(786): Illuminate/Routing/Router->runRouteWithinStack(Object(Illuminate/Routing/Route), Object(Illuminate/Http/Request))
#38 C:/Users/DELL/growza/growza/vendor/laravel/framework/src/Illuminate/Routing/Router.php(750): Illuminate/Routing/Router->runRoute(Object(Illuminate/Http/Request), Object(Illuminate/Routing/Route))
#39 C:/Users/DELL/growza/growza/vendor/laravel/framework/src/Illuminate/Routing/Router.php(739): Illuminate/Routing/Router->dispatchToRoute(Object(Illuminate/Http/Request))
#40 C:/Users/DELL/growza/growza/vendor/laravel/framework/src/Illuminate/Foundation/Http/Kernel.php(201): Illuminate/Routing/Router->dispatch(Object(Illuminate/Http/Request))
#41 C:/Users/DELL/growza/growza/vendor/laravel/framework/src/Illuminate/Pipeline/Pipeline.php(170): Illuminate/Foundation/Http/Kernel->{closure:Illuminate/Foundation/Http/Kernel::dispatchToRouter():198}(Object(Illuminate/Http/Request))
#42 C:/Users/DELL/growza/growza/vendor/livewire/livewire/src/Features/SupportDisablingBackButtonCache/DisableBackButtonCacheMiddleware.php(19): Illuminate/Pipeline/Pipeline->{closure:Illuminate/Pipeline/Pipeline::prepareDestination():168}(Object(Illuminate/Http/Request))
#43 C:/Users/DELL/growza/growza/vendor/laravel/framework/src/Illuminate/Pipeline/Pipeline.php(209): Livewire/Features/SupportDisablingBackButtonCache/DisableBackButtonCacheMiddleware->handle(Object(Illuminate/Http/Request), Object(Closure))
#44 C:/Users/DELL/growza/growza/vendor/laravel/framework/src/Illuminate/Foundation/Http/Middleware/TransformsRequest.php(21): Illuminate/Pipeline/Pipeline->{closure:{closure:Illuminate/Pipeline/Pipeline::carry():184}:185}(Object(Illuminate/Http/Request))
#45 C:/Users/DELL/growza/growza/vendor/laravel/framework/src/Illuminate/Foundation/Http/Middleware/ConvertEmptyStringsToNull.php(31): Illuminate/Foundation/Http/Middleware/TransformsRequest->handle(Object(Illuminate/Http/Request), Object(Closure))
#46 C:/Users/DELL/growza/growza/vendor/laravel/framework/src/Illuminate/Pipeline/Pipeline.php(209): Illuminate/Foundation/Http/Middleware/ConvertEmptyStringsToNull->handle(Object(Illuminate/Http/Request), Object(Closure))
#47 C:/Users/DELL/growza/growza/vendor/laravel/framework/src/Illuminate/Foundation/Http/Middleware/TransformsRequest.php(21): Illuminate/Pipeline/Pipeline->{closure:{closure:Illuminate/Pipeline/Pipeline::carry():184}:185}(Object(Illuminate/Http/Request))
#48 C:/Users/DELL/growza/growza/vendor/laravel/framework/src/Illuminate/Foundation/Http/Middleware/TrimStrings.php(51): Illuminate/Foundation/Http/Middleware/TransformsRequest->handle(Object(Illuminate/Http/Request), Object(Closure))
#49 C:/Users/DELL/growza/growza/vendor/laravel/framework/src/Illuminate/Pipeline/Pipeline.php(209): Illuminate/Foundation/Http/Middleware/TrimStrings->handle(Object(Illuminate/Http/Request), Object(Closure))
#50 C:/Users/DELL/growza/growza/vendor/laravel/framework/src/Illuminate/Http/Middleware/ValidatePostSize.php(27): Illuminate/Pipeline/Pipeline->{closure:{closure:Illuminate/Pipeline/Pipeline::carry():184}:185}(Object(Illuminate/Http/Request))
#51 C:/Users/DELL/growza/growza/vendor/laravel/framework/src/Illuminate/Pipeline/Pipeline.php(209): Illuminate/Http/Middleware/ValidatePostSize->handle(Object(Illuminate/Http/Request), Object(Closure))
#52 C:/Users/DELL/growza/growza/vendor/laravel/framework/src/Illuminate/Foundation/Http/Middleware/PreventRequestsDuringMaintenance.php(110): Illuminate/Pipeline/Pipeline->{closure:{closure:Illuminate/Pipeline/Pipeline::carry():184}:185}(Object(Illuminate/Http/Request))
#53 C:/Users/DELL/growza/growza/vendor/laravel/framework/src/Illuminate/Pipeline/Pipeline.php(209): Illuminate/Foundation/Http/Middleware/PreventRequestsDuringMaintenance->handle(Object(Illuminate/Http/Request), Object(Closure))
#54 C:/Users/DELL/growza/growza/vendor/laravel/framework/src/Illuminate/Http/Middleware/HandleCors.php(49): Illuminate/Pipeline/Pipeline->{closure:{closure:Illuminate/Pipeline/Pipeline::carry():184}:185}(Object(Illuminate/Http/Request))
#55 C:/Users/DELL/growza/growza/vendor/laravel/framework/src/Illuminate/Pipeline/Pipeline.php(209): Illuminate/Http/Middleware/HandleCors->handle(Object(Illuminate/Http/Request), Object(Closure))
#56 C:/Users/DELL/growza/growza/vendor/laravel/framework/src/Illuminate/Http/Middleware/TrustProxies.php(58): Illuminate/Pipeline/Pipeline->{closure:{closure:Illuminate/Pipeline/Pipeline::carry():184}:185}(Object(Illuminate/Http/Request))
#57 C:/Users/DELL/growza/growza/vendor/laravel/framework/src/Illuminate/Pipeline/Pipeline.php(209): Illuminate/Http/Middleware/TrustProxies->handle(Object(Illuminate/Http/Request), Object(Closure))
#58 C:/Users/DELL/growza/growza/vendor/laravel/framework/src/Illuminate/Foundation/Http/Middleware/InvokeDeferredCallbacks.php(22): Illuminate/Pipeline/Pipeline->{closure:{closure:Illuminate/Pipeline/Pipeline::carry():184}:185}(Object(Illuminate/Http/Request))
#59 C:/Users/DELL/growza/growza/vendor/laravel/framework/src/Illuminate/Pipeline/Pipeline.php(209): Illuminate/Foundation/Http/Middleware/InvokeDeferredCallbacks->handle(Object(Illuminate/Http/Request), Object(Closure))
#60 C:/Users/DELL/growza/growza/vendor/laravel/framework/src/Illuminate/Pipeline/Pipeline.php(127): Illuminate/Pipeline/Pipeline->{closure:{closure:Illuminate/Pipeline/Pipeline::carry():184}:185}(Object(Illuminate/Http/Request))
#61 C:/Users/DELL/growza/growza/vendor/laravel/framework/src/Illuminate/Foundation/Http/Kernel.php(176): Illuminate/Pipeline/Pipeline->then(Object(Closure))
#62 C:/Users/DELL/growza/growza/vendor/laravel/framework/src/Illuminate/Foundation/Http/Kernel.php(145): Illuminate/Foundation/Http/Kernel->sendRequestThroughRouter(Object(Illuminate/Http/Request))
#63 C:/Users/DELL/growza/growza/vendor/laravel/framework/src/Illuminate/Foundation/Testing/Concerns/MakesHttpRequests.php(607): Illuminate/Foundation/Http/Kernel->handle(Object(Illuminate/Http/Request))
#64 C:/Users/DELL/growza/growza/vendor/laravel/framework/src/Illuminate/Foundation/Testing/Concerns/MakesHttpRequests.php(397): Illuminate/Foundation/Testing/TestCase->call('POST', 'http://localhos...', Array, Array, Array, Array)
#65 [internal function]: Illuminate/Foundation/Testing/TestCase->post('http://localhos...', Array)
#66 C:/Users/DELL/growza/growza/vendor/pestphp/pest/src/Support/Reflection.php(38): ReflectionMethod->invoke(Object(P/Tests/Feature/RbacTest), 'http://localhos...', Array)
#67 C:/Users/DELL/growza/growza/vendor/pestphp/pest/src/Support/HigherOrderMessage.php(59): Pest/Support/Reflection::call(Object(P/Tests/Feature/RbacTest), 'post', Array)
#68 C:/Users/DELL/growza/growza/vendor/pestphp/pest/src/Support/HigherOrderTapProxy.php(66): Pest/Support/HigherOrderMessage->call(Object(P/Tests/Feature/RbacTest))
#69 C:/Users/DELL/growza/growza/vendor/pestphp/pest-plugin-laravel/src/Http.php(209): Pest/Support/HigherOrderTapProxy->__call('post', Array)
#70 C:/Users/DELL/growza/growza/tests/Feature/RbacTest.php(78): Pest/Laravel/post('http://localhos...', Array)
#71 C:/Users/DELL/growza/growza/vendor/pestphp/pest/src/Factories/TestCaseMethodFactory.php(110): P/Tests/Feature/RbacTest->{closure:C:/Users/DELL/growza/growza/tests/Feature/RbacTest.php:77}()
#72 [internal function]: P/Tests/Feature/RbacTest->{closure:Pest/Factories/TestCaseMethodFactory::getClosure():102}()
#73 C:/Users/DELL/growza/growza/vendor/pestphp/pest/src/Concerns/Testable.php(339): call_user_func_array(Object(Closure), Array)
#74 C:/Users/DELL/growza/growza/vendor/pestphp/pest/src/Support/ExceptionTrace.php(26): P/Tests/Feature/RbacTest->{closure:Pest/Concerns/Testable::__callClosure():339}()
#75 C:/Users/DELL/growza/growza/vendor/pestphp/pest/src/Concerns/Testable.php(339): Pest/Support/ExceptionTrace::ensure(Object(Closure))
#76 C:/Users/DELL/growza/growza/vendor/pestphp/pest/src/Concerns/Testable.php(256): P/Tests/Feature/RbacTest->__callClosure(Object(Closure), Array)
#77 C:/Users/DELL/growza/growza/vendor/pestphp/pest/src/Factories/TestCaseFactory.php(197) : eval()'d code(116): P/Tests/Feature/RbacTest->__runTest(Object(Closure))
#78 C:/Users/DELL/growza/growza/vendor/phpunit/phpunit/src/Framework/TestCase.php(1548): P/Tests/Feature/RbacTest->__pest_evaluable_it_assigns_the_Customer_role_automatically_at_registration()
#79 C:/Users/DELL/growza/growza/vendor/phpunit/phpunit/src/Framework/TestCase.php(686): PHPUnit/Framework/TestCase->runTest()
#80 C:/Users/DELL/growza/growza/vendor/phpunit/phpunit/src/Framework/TestRunner.php(106): PHPUnit/Framework/TestCase->runBare()
#81 C:/Users/DELL/growza/growza/vendor/phpunit/phpunit/src/Framework/TestCase.php(516): PHPUnit/Framework/TestRunner->run(Object(P/Tests/Feature/RbacTest))
#82 C:/Users/DELL/growza/growza/vendor/phpunit/phpunit/src/Framework/TestSuite.php(374): PHPUnit/Framework/TestCase->run()
#83 C:/Users/DELL/growza/growza/vendor/phpunit/phpunit/src/Framework/TestSuite.php(374): PHPUnit/Framework/TestSuite->run()
#84 C:/Users/DELL/growza/growza/vendor/phpunit/phpunit/src/Framework/TestSuite.php(374): PHPUnit/Framework/TestSuite->run()
#85 C:/Users/DELL/growza/growza/vendor/phpunit/phpunit/src/TextUI/TestRunner.php(64): PHPUnit/Framework/TestSuite->run()
#86 C:/Users/DELL/growza/growza/vendor/phpunit/phpunit/src/TextUI/Application.php(204): PHPUnit/TextUI/TestRunner->run(Object(PHPUnit/TextUI/Configuration/Configuration), Object(PHPUnit/Runner/ResultCache/DefaultResultCache), Object(PHPUnit/Framework/TestSuite))
#87 C:/Users/DELL/growza/growza/vendor/pestphp/pest/src/Kernel.php(103): PHPUnit/TextUI/Application->run(Array)
#88 C:/Users/DELL/growza/growza/vendor/pestphp/pest/bin/pest(91): Pest/Kernel->handle(Array, Array)
#89 C:/Users/DELL/growza/growza/vendor/pestphp/pest/bin/pest(99): {closure:C:/Users/DELL/growza/growza/vendor/pestphp/pest/bin/pest:12}()
#90 {main}
"} 
[2026-09-21 06:31:24] local.ERROR: Target [Spatie\Permission\Contracts\PermissionsTeamResolver] is not instantiable. {"exception":"[object] (Illuminate\\Contracts\\Container\\BindingResolutionException(code: 0): Target [Spatie\\Permission\\Contracts\\PermissionsTeamResolver] is not instantiable. at C:/Users/DELL/growza/growza/vendor/laravel/framework/src/Illuminate/Container/Container.php:1216)
[stacktrace]
#0 C:/Users/DELL/growza/growza/vendor/laravel/framework/src/Illuminate/Container/Container.php(968): Illuminate/Container/Container->notInstantiable('Spatie//Permissi...')
#1 C:/Users/DELL/growza/growza/vendor/laravel/framework/src/Illuminate/Container/Container.php(832): Illuminate/Container/Container->build('Spatie//Permissi...')
#2 C:/Users/DELL/growza/growza/vendor/laravel/framework/src/Illuminate/Foundation/Application.php(1078): Illuminate/Container/Container->resolve('Spatie//Permissi...', Array, true)
#3 C:/Users/DELL/growza/growza/vendor/laravel/framework/src/Illuminate/Container/Container.php(763): Illuminate/Foundation/Application->resolve('Spatie//Permissi...', Array)
#4 C:/Users/DELL/growza/growza/vendor/laravel/framework/src/Illuminate/Foundation/Application.php(1058): Illuminate/Container/Container->make('Spatie//Permissi...', Array)
#5 C:/Users/DELL/growza/growza/vendor/laravel/framework/src/Illuminate/Foundation/helpers.php(124): Illuminate/Foundation/Application->make('Spatie//Permissi...', Array)
#6 C:/Users/DELL/growza/growza/storage/app/probe-team.php(9): app('Spatie//Permissi...')
#7 {main}
"} 
[2026-09-21 06:32:39] local.ERROR: SQLSTATE[HY000] [2002] No connection could be made because the target machine actively refused it (Connection: mysql, SQL: select exists (select 1 from information_schema.tables where table_schema = 'growza' and table_name = 'migrations' and table_type in ('BASE TABLE', 'SYSTEM VERSIONED')) as `exists`) {"exception":"[object] (Illuminate\\Database\\QueryException(code: 2002): SQLSTATE[HY000] [2002] No connection could be made because the target machine actively refused it (Connection: mysql, SQL: select exists (select 1 from information_schema.tables where table_schema = 'growza' and table_name = 'migrations' and table_type in ('BASE TABLE', 'SYSTEM VERSIONED')) as `exists`) at C:/Users/DELL/growza/growza/vendor/laravel/framework/src/Illuminate/Database/Connection.php:825)
[stacktrace]
#0 C:/Users/DELL/growza/growza/vendor/laravel/framework/src/Illuminate/Database/Connection.php(979): Illuminate/Database/Connection->runQueryCallback('select exists (...', Array, Object(Closure))
#1 C:/Users/DELL/growza/growza/vendor/laravel/framework/src/Illuminate/Database/Connection.php(958): Illuminate/Database/Connection->tryAgainIfCausedByLostConnection(Object(Illuminate/Database/QueryException), 'select exists (...', Array, Object(Closure))
#2 C:/Users/DELL/growza/growza/vendor/laravel/framework/src/Illuminate/Database/Connection.php(781): Illuminate/Database/Connection->handleQueryException(Object(Illuminate/Database/QueryException), 'select exists (...', Array, Object(Closure))
#3 C:/Users/DELL/growza/growza/vendor/laravel/framework/src/Illuminate/Database/Connection.php(398): Illuminate/Database/Connection->run('select exists (...', Array, Object(Closure))
#4 C:/Users/DELL/growza/growza/vendor/laravel/framework/src/Illuminate/Database/Connection.php(344): Illuminate/Database/Connection->select('select exists (...', Array, true)
#5 C:/Users/DELL/growza/growza/vendor/laravel/framework/src/Illuminate/Database/Connection.php(361): Illuminate/Database/Connection->selectOne('select exists (...', Array, true)
#6 C:/Users/DELL/growza/growza/vendor/laravel/framework/src/Illuminate/Database/Schema/MySqlBuilder.php(45): Illuminate/Database/Connection->scalar('select exists (...')
#7 C:/Users/DELL/growza/growza/vendor/laravel/framework/src/Illuminate/Database/Migrations/DatabaseMigrationRepository.php(184): Illuminate/Database/Schema/MySqlBuilder->hasTable('migrations')
#8 C:/Users/DELL/growza/growza/vendor/laravel/framework/src/Illuminate/Database/Migrations/Migrator.php(742): Illuminate/Database/Migrations/DatabaseMigrationRepository->repositoryExists()
#9 C:/Users/DELL/growza/growza/vendor/laravel/framework/src/Illuminate/Database/Console/Migrations/StatusCommand.php(56): Illuminate/Database/Migrations/Migrator->repositoryExists()
#10 C:/Users/DELL/growza/growza/vendor/laravel/framework/src/Illuminate/Database/Migrations/Migrator.php(658): Illuminate/Database/Console/Migrations/StatusCommand->{closure:Illuminate/Database/Console/Migrations/StatusCommand::handle():55}()
#11 C:/Users/DELL/growza/growza/vendor/laravel/framework/src/Illuminate/Database/Console/Migrations/StatusCommand.php(55): Illuminate/Database/Migrations/Migrator->usingConnection(NULL, Object(Closure))
#12 C:/Users/DELL/growza/growza/vendor/laravel/framework/src/Illuminate/Container/BoundMethod.php(36): Illuminate/Database/Console/Migrations/StatusCommand->handle()
#13 C:/Users/DELL/growza/growza/vendor/laravel/framework/src/Illuminate/Container/Util.php(43): Illuminate/Container/BoundMethod::{closure:Illuminate/Container/BoundMethod::call():35}()
#14 C:/Users/DELL/growza/growza/vendor/laravel/framework/src/Illuminate/Container/BoundMethod.php(95): Illuminate/Container/Util::unwrapIfClosure(Object(Closure))
#15 C:/Users/DELL/growza/growza/vendor/laravel/framework/src/Illuminate/Container/BoundMethod.php(35): Illuminate/Container/BoundMethod::callBoundMethod(Object(Illuminate/Foundation/Application), Array, Object(Closure))
#16 C:/Users/DELL/growza/growza/vendor/laravel/framework/src/Illuminate/Container/Container.php(696): Illuminate/Container/BoundMethod::call(Object(Illuminate/Foundation/Application), Array, Array, NULL)
#17 C:/Users/DELL/growza/growza/vendor/laravel/framework/src/Illuminate/Console/Command.php(213): Illuminate/Container/Container->call(Array)
#18 C:/Users/DELL/growza/growza/vendor/symfony/console/Command/Command.php(341): Illuminate/Console/Command->execute(Object(Symfony/Component/Console/Input/ArgvInput), Object(Illuminate/Console/OutputStyle))
#19 C:/Users/DELL/growza/growza/vendor/laravel/framework/src/Illuminate/Console/Command.php(182): Symfony/Component/Console/Command/Command->run(Object(Symfony/Component/Console/Input/ArgvInput), Object(Illuminate/Console/OutputStyle))
#20 C:/Users/DELL/growza/growza/vendor/symfony/console/Application.php(1117): Illuminate/Console/Command->run(Object(Symfony/Component/Console/Input/ArgvInput), Object(Symfony/Component/Console/Output/ConsoleOutput))
#21 C:/Users/DELL/growza/growza/vendor/symfony/console/Application.php(356): Symfony/Component/Console/Application->doRunCommand(Object(Illuminate/Database/Console/Migrations/StatusCommand), Object(Symfony/Component/Console/Input/ArgvInput), Object(Symfony/Component/Console/Output/ConsoleOutput))
#22 C:/Users/DELL/growza/growza/vendor/symfony/console/Application.php(195): Symfony/Component/Console/Application->doRun(Object(Symfony/Component/Console/Input/ArgvInput), Object(Symfony/Component/Console/Output/ConsoleOutput))
#23 C:/Users/DELL/growza/growza/vendor/laravel/framework/src/Illuminate/Foundation/Console/Kernel.php(198): Symfony/Component/Console/Application->run(Object(Symfony/Component/Console/Input/ArgvInput), Object(Symfony/Component/Console/Output/ConsoleOutput))
#24 C:/Users/DELL/growza/growza/vendor/laravel/framework/src/Illuminate/Foundation/Application.php(1235): Illuminate/Foundation/Console/Kernel->handle(Object(Symfony/Component/Console/Input/ArgvInput), Object(Symfony/Component/Console/Output/ConsoleOutput))
#25 C:/Users/DELL/growza/growza/artisan(14): Illuminate/Foundation/Application->handleCommand(Object(Symfony/Component/Console/Input/ArgvInput))
#26 {main}

[previous exception] [object] (PDOException(code: 2002): SQLSTATE[HY000] [2002] No connection could be made because the target machine actively refused it at C:/Users/DELL/growza/growza/vendor/laravel/framework/src/Illuminate/Database/Connectors/Connector.php:67)
[stacktrace]
#0 C:/Users/DELL/growza/growza/vendor/laravel/framework/src/Illuminate/Database/Connectors/Connector.php(67): PDO::connect('mysql:host=127....', 'root', Object(SensitiveParameterValue), Array)
#1 C:/Users/DELL/growza/growza/vendor/laravel/framework/src/Illuminate/Database/Connectors/Connector.php(85): Illuminate/Database/Connectors/Connector->createPdoConnection('mysql:host=127....', 'root', Object(SensitiveParameterValue), Array)
#2 C:/Users/DELL/growza/growza/vendor/laravel/framework/src/Illuminate/Database/Connectors/Connector.php(48): Illuminate/Database/Connectors/Connector->tryAgainIfCausedByLostConnection(Object(PDOException), 'mysql:host=127....', 'root', Object(SensitiveParameterValue), Array)
#3 C:/Users/DELL/growza/growza/vendor/laravel/framework/src/Illuminate/Database/Connectors/MySqlConnector.php(24): Illuminate/Database/Connectors/Connector->createConnection('mysql:host=127....', Array, Array)
#4 C:/Users/DELL/growza/growza/vendor/laravel/framework/src/Illuminate/Database/Connectors/ConnectionFactory.php(185): Illuminate/Database/Connectors/MySqlConnector->connect(Array)
#5 [internal function]: Illuminate/Database/Connectors/ConnectionFactory->{closure:Illuminate/Database/Connectors/ConnectionFactory::createPdoResolverWithHosts():180}()
#6 C:/Users/DELL/growza/growza/vendor/laravel/framework/src/Illuminate/Database/Connection.php(1231): call_user_func(Object(Closure))
#7 C:/Users/DELL/growza/growza/vendor/laravel/framework/src/Illuminate/Database/Connection.php(1267): Illuminate/Database/Connection->getPdo()
#8 C:/Users/DELL/growza/growza/vendor/laravel/framework/src/Illuminate/Database/Connection.php(512): Illuminate/Database/Connection->getReadPdo()
#9 C:/Users/DELL/growza/growza/vendor/laravel/framework/src/Illuminate/Database/Connection.php(407): Illuminate/Database/Connection->getPdoForSelect(true)
#10 C:/Users/DELL/growza/growza/vendor/laravel/framework/src/Illuminate/Database/Connection.php(812): Illuminate/Database/Connection->{closure:Illuminate/Database/Connection::select():398}('select exists (...', Array)
#11 C:/Users/DELL/growza/growza/vendor/laravel/framework/src/Illuminate/Database/Connection.php(979): Illuminate/Database/Connection->runQueryCallback('select exists (...', Array, Object(Closure))
#12 C:/Users/DELL/growza/growza/vendor/laravel/framework/src/Illuminate/Database/Connection.php(958): Illuminate/Database/Connection->tryAgainIfCausedByLostConnection(Object(Illuminate/Database/QueryException), 'select exists (...', Array, Object(Closure))
#13 C:/Users/DELL/growza/growza/vendor/laravel/framework/src/Illuminate/Database/Connection.php(781): Illuminate/Database/Connection->handleQueryException(Object(Illuminate/Database/QueryException), 'select exists (...', Array, Object(Closure))
#14 C:/Users/DELL/growza/growza/vendor/laravel/framework/src/Illuminate/Database/Connection.php(398): Illuminate/Database/Connection->run('select exists (...', Array, Object(Closure))
#15 C:/Users/DELL/growza/growza/vendor/laravel/framework/src/Illuminate/Database/Connection.php(344): Illuminate/Database/Connection->select('select exists (...', Array, true)
#16 C:/Users/DELL/growza/growza/vendor/laravel/framework/src/Illuminate/Database/Connection.php(361): Illuminate/Database/Connection->selectOne('select exists (...', Array, true)
#17 C:/Users/DELL/growza/growza/vendor/laravel/framework/src/Illuminate/Database/Schema/MySqlBuilder.php(45): Illuminate/Database/Connection->scalar('select exists (...')
#18 C:/Users/DELL/growza/growza/vendor/laravel/framework/src/Illuminate/Database/Migrations/DatabaseMigrationRepository.php(184): Illuminate/Database/Schema/MySqlBuilder->hasTable('migrations')
#19 C:/Users/DELL/growza/growza/vendor/laravel/framework/src/Illuminate/Database/Migrations/Migrator.php(742): Illuminate/Database/Migrations/DatabaseMigrationRepository->repositoryExists()
#20 C:/Users/DELL/growza/growza/vendor/laravel/framework/src/Illuminate/Database/Console/Migrations/StatusCommand.php(56): Illuminate/Database/Migrations/Migrator->repositoryExists()
#21 C:/Users/DELL/growza/growza/vendor/laravel/framework/src/Illuminate/Database/Migrations/Migrator.php(658): Illuminate/Database/Console/Migrations/StatusCommand->{closure:Illuminate/Database/Console/Migrations/StatusCommand::handle():55}()
#22 C:/Users/DELL/growza/growza/vendor/laravel/framework/src/Illuminate/Database/Console/Migrations/StatusCommand.php(55): Illuminate/Database/Migrations/Migrator->usingConnection(NULL, Object(Closure))
#23 C:/Users/DELL/growza/growza/vendor/laravel/framework/src/Illuminate/Container/BoundMethod.php(36): Illuminate/Database/Console/Migrations/StatusCommand->handle()
#24 C:/Users/DELL/growza/growza/vendor/laravel/framework/src/Illuminate/Container/Util.php(43): Illuminate/Container/BoundMethod::{closure:Illuminate/Container/BoundMethod::call():35}()
#25 C:/Users/DELL/growza/growza/vendor/laravel/framework/src/Illuminate/Container/BoundMethod.php(95): Illuminate/Container/Util::unwrapIfClosure(Object(Closure))
#26 C:/Users/DELL/growza/growza/vendor/laravel/framework/src/Illuminate/Container/BoundMethod.php(35): Illuminate/Container/BoundMethod::callBoundMethod(Object(Illuminate/Foundation/Application), Array, Object(Closure))
#27 C:/Users/DELL/growza/growza/vendor/laravel/framework/src/Illuminate/Container/Container.php(696): Illuminate/Container/BoundMethod::call(Object(Illuminate/Foundation/Application), Array, Array, NULL)
#28 C:/Users/DELL/growza/growza/vendor/laravel/framework/src/Illuminate/Console/Command.php(213): Illuminate/Container/Container->call(Array)
#29 C:/Users/DELL/growza/growza/vendor/symfony/console/Command/Command.php(341): Illuminate/Console/Command->execute(Object(Symfony/Component/Console/Input/ArgvInput), Object(Illuminate/Console/OutputStyle))
#30 C:/Users/DELL/growza/growza/vendor/laravel/framework/src/Illuminate/Console/Command.php(182): Symfony/Component/Console/Command/Command->run(Object(Symfony/Component/Console/Input/ArgvInput), Object(Illuminate/Console/OutputStyle))
#31 C:/Users/DELL/growza/growza/vendor/symfony/console/Application.php(1117): Illuminate/Console/Command->run(Object(Symfony/Component/Console/Input/ArgvInput), Object(Symfony/Component/Console/Output/ConsoleOutput))
#32 C:/Users/DELL/growza/growza/vendor/symfony/console/Application.php(356): Symfony/Component/Console/Application->doRunCommand(Object(Illuminate/Database/Console/Migrations/StatusCommand), Object(Symfony/Component/Console/Input/ArgvInput), Object(Symfony/Component/Console/Output/ConsoleOutput))
#33 C:/Users/DELL/growza/growza/vendor/symfony/console/Application.php(195): Symfony/Component/Console/Application->doRun(Object(Symfony/Component/Console/Input/ArgvInput), Object(Symfony/Component/Console/Output/ConsoleOutput))
#34 C:/Users/DELL/growza/growza/vendor/laravel/framework/src/Illuminate/Foundation/Console/Kernel.php(198): Symfony/Component/Console/Application->run(Object(Symfony/Component/Console/Input/ArgvInput), Object(Symfony/Component/Console/Output/ConsoleOutput))
#35 C:/Users/DELL/growza/growza/vendor/laravel/framework/src/Illuminate/Foundation/Application.php(1235): Illuminate/Foundation/Console/Kernel->handle(Object(Symfony/Component/Console/Input/ArgvInput), Object(Symfony/Component/Console/Output/ConsoleOutput))
#36 C:/Users/DELL/growza/growza/artisan(14): Illuminate/Foundation/Application->handleCommand(Object(Symfony/Component/Console/Input/ArgvInput))
#37 {main}
"} 
[2026-09-21 07:31:41] local.ERROR: SQLSTATE[42000]: Syntax error or access violation: 1091 Can't DROP INDEX `role_id_team_unique`; check that it exists (Connection: mysql, SQL: alter table `model_has_roles` drop index `role_id_team_unique`) {"exception":"[object] (Illuminate\\Database\\QueryException(code: 42000): SQLSTATE[42000]: Syntax error or access violation: 1091 Can't DROP INDEX `role_id_team_unique`; check that it exists (Connection: mysql, SQL: alter table `model_has_roles` drop index `role_id_team_unique`) at C:/Users/DELL/growza/growza/vendor/laravel/framework/src/Illuminate/Database/Connection.php:825)
[stacktrace]
#0 C:/Users/DELL/growza/growza/vendor/laravel/framework/src/Illuminate/Database/Connection.php(779): Illuminate/Database/Connection->runQueryCallback('alter table `mo...', Array, Object(Closure))
#1 C:/Users/DELL/growza/growza/vendor/laravel/framework/src/Illuminate/Database/Connection.php(560): Illuminate/Database/Connection->run('alter table `mo...', Array, Object(Closure))
#2 C:/Users/DELL/growza/growza/vendor/laravel/framework/src/Illuminate/Database/Schema/Blueprint.php(118): Illuminate/Database/Connection->statement('alter table `mo...')
#3 C:/Users/DELL/growza/growza/vendor/laravel/framework/src/Illuminate/Database/Schema/Builder.php(564): Illuminate/Database/Schema/Blueprint->build(Object(Illuminate/Database/MySqlConnection), Object(Illuminate/Database/Schema/Grammars/MySqlGrammar))
#4 C:/Users/DELL/growza/growza/vendor/laravel/framework/src/Illuminate/Database/Schema/Builder.php(406): Illuminate/Database/Schema/Builder->build(Object(Illuminate/Database/Schema/Blueprint))
#5 C:/Users/DELL/growza/growza/vendor/laravel/framework/src/Illuminate/Support/Facades/Facade.php(361): Illuminate/Database/Schema/Builder->table('model_has_roles', Object(Closure))
#6 C:/Users/DELL/growza/growza/database/migrations/2026_01_03_000_make_rbac_pivot_team_id_nullable.php(124): Illuminate/Support/Facades/Facade::__callStatic('table', Array)
#7 C:/Users/DELL/growza/growza/vendor/laravel/framework/src/Illuminate/Database/Migrations/Migrator.php(507): Illuminate/Database/Migrations/Migration@anonymous->down()
#8 C:/Users/DELL/growza/growza/vendor/laravel/framework/src/Illuminate/Database/Migrations/Migrator.php(432): Illuminate/Database/Migrations/Migrator->runMethod(Object(Illuminate/Database/MySqlConnection), Object(Illuminate/Database/Migrations/Migration@anonymous), 'down')
#9 C:/Users/DELL/growza/growza/vendor/laravel/framework/src/Illuminate/Database/Migrations/Migrator.php(441): Illuminate/Database/Migrations/Migrator->{closure:Illuminate/Database/Migrations/Migrator::runMigration():428}()
#10 C:/Users/DELL/growza/growza/vendor/laravel/framework/src/Illuminate/Database/Migrations/Migrator.php(407): Illuminate/Database/Migrations/Migrator->runMigration(Object(Illuminate/Database/Migrations/Migration@anonymous), 'down')
#11 C:/Users/DELL/growza/growza/vendor/laravel/framework/src/Illuminate/Console/View/Components/Task.php(40): Illuminate/Database/Migrations/Migrator->{closure:Illuminate/Database/Migrations/Migrator::runDown():407}()
#12 C:/Users/DELL/growza/growza/vendor/laravel/framework/src/Illuminate/Database/Migrations/Migrator.php(798): Illuminate/Console/View/Components/Task->render('2026_01_03_000_...', Object(Closure))
#13 C:/Users/DELL/growza/growza/vendor/laravel/framework/src/Illuminate/Database/Migrations/Migrator.php(407): Illuminate/Database/Migrations/Migrator->write('Illuminate//Cons...', '2026_01_03_000_...', Object(Closure))
#14 C:/Users/DELL/growza/growza/vendor/laravel/framework/src/Illuminate/Database/Migrations/Migrator.php(330): Illuminate/Database/Migrations/Migrator->runDown('C://Users//DELL//g...', Object(stdClass), false)
#15 C:/Users/DELL/growza/growza/vendor/laravel/framework/src/Illuminate/Database/Migrations/Migrator.php(274): Illuminate/Database/Migrations/Migrator->rollbackMigrations(Array, Array, Array)
#16 C:/Users/DELL/growza/growza/vendor/laravel/framework/src/Illuminate/Database/Console/Migrations/RollbackCommand.php(64): Illuminate/Database/Migrations/Migrator->rollback(Array, Array)
#17 C:/Users/DELL/growza/growza/vendor/laravel/framework/src/Illuminate/Database/Migrations/Migrator.php(658): Illuminate/Database/Console/Migrations/RollbackCommand->{closure:Illuminate/Database/Console/Migrations/RollbackCommand::handle():63}()
#18 C:/Users/DELL/growza/growza/vendor/laravel/framework/src/Illuminate/Database/Console/Migrations/RollbackCommand.php(63): Illuminate/Database/Migrations/Migrator->usingConnection(NULL, Object(Closure))
#19 C:/Users/DELL/growza/growza/vendor/laravel/framework/src/Illuminate/Container/BoundMethod.php(36): Illuminate/Database/Console/Migrations/RollbackCommand->handle()
#20 C:/Users/DELL/growza/growza/vendor/laravel/framework/src/Illuminate/Container/Util.php(43): Illuminate/Container/BoundMethod::{closure:Illuminate/Container/BoundMethod::call():35}()
#21 C:/Users/DELL/growza/growza/vendor/laravel/framework/src/Illuminate/Container/BoundMethod.php(95): Illuminate/Container/Util::unwrapIfClosure(Object(Closure))
#22 C:/Users/DELL/growza/growza/vendor/laravel/framework/src/Illuminate/Container/BoundMethod.php(35): Illuminate/Container/BoundMethod::callBoundMethod(Object(Illuminate/Foundation/Application), Array, Object(Closure))
#23 C:/Users/DELL/growza/growza/vendor/laravel/framework/src/Illuminate/Container/Container.php(696): Illuminate/Container/BoundMethod::call(Object(Illuminate/Foundation/Application), Array, Array, NULL)
#24 C:/Users/DELL/growza/growza/vendor/laravel/framework/src/Illuminate/Console/Command.php(213): Illuminate/Container/Container->call(Array)
#25 C:/Users/DELL/growza/growza/vendor/symfony/console/Command/Command.php(341): Illuminate/Console/Command->execute(Object(Symfony/Component/Console/Input/ArgvInput), Object(Illuminate/Console/OutputStyle))
#26 C:/Users/DELL/growza/growza/vendor/laravel/framework/src/Illuminate/Console/Command.php(182): Symfony/Component/Console/Command/Command->run(Object(Symfony/Component/Console/Input/ArgvInput), Object(Illuminate/Console/OutputStyle))
#27 C:/Users/DELL/growza/growza/vendor/symfony/console/Application.php(1117): Illuminate/Console/Command->run(Object(Symfony/Component/Console/Input/ArgvInput), Object(Symfony/Component/Console/Output/ConsoleOutput))
#28 C:/Users/DELL/growza/growza/vendor/symfony/console/Application.php(356): Symfony/Component/Console/Application->doRunCommand(Object(Illuminate/Database/Console/Migrations/RollbackCommand), Object(Symfony/Component/Console/Input/ArgvInput), Object(Symfony/Component/Console/Output/ConsoleOutput))
#29 C:/Users/DELL/growza/growza/vendor/symfony/console/Application.php(195): Symfony/Component/Console/Application->doRun(Object(Symfony/Component/Console/Input/ArgvInput), Object(Symfony/Component/Console/Output/ConsoleOutput))
#30 C:/Users/DELL/growza/growza/vendor/laravel/framework/src/Illuminate/Foundation/Console/Kernel.php(198): Symfony/Component/Console/Application->run(Object(Symfony/Component/Console/Input/ArgvInput), Object(Symfony/Component/Console/Output/ConsoleOutput))
#31 C:/Users/DELL/growza/growza/vendor/laravel/framework/src/Illuminate/Foundation/Application.php(1235): Illuminate/Foundation/Console/Kernel->handle(Object(Symfony/Component/Console/Input/ArgvInput), Object(Symfony/Component/Console/Output/ConsoleOutput))
#32 C:/Users/DELL/growza/growza/artisan(14): Illuminate/Foundation/Application->handleCommand(Object(Symfony/Component/Console/Input/ArgvInput))
#33 {main}

[previous exception] [object] (PDOException(code: 42000): SQLSTATE[42000]: Syntax error or access violation: 1091 Can't DROP INDEX `role_id_team_unique`; check that it exists at C:/Users/DELL/growza/growza/vendor/laravel/framework/src/Illuminate/Database/Connection.php:571)
[stacktrace]
#0 C:/Users/DELL/growza/growza/vendor/laravel/framework/src/Illuminate/Database/Connection.php(571): PDOStatement->execute()
#1 C:/Users/DELL/growza/growza/vendor/laravel/framework/src/Illuminate/Database/Connection.php(812): Illuminate/Database/Connection->{closure:Illuminate/Database/Connection::statement():560}('alter table `mo...', Array)
#2 C:/Users/DELL/growza/growza/vendor/laravel/framework/src/Illuminate/Database/Connection.php(779): Illuminate/Database/Connection->runQueryCallback('alter table `mo...', Array, Object(Closure))
#3 C:/Users/DELL/growza/growza/vendor/laravel/framework/src/Illuminate/Database/Connection.php(560): Illuminate/Database/Connection->run('alter table `mo...', Array, Object(Closure))
#4 C:/Users/DELL/growza/growza/vendor/laravel/framework/src/Illuminate/Database/Schema/Blueprint.php(118): Illuminate/Database/Connection->statement('alter table `mo...')
#5 C:/Users/DELL/growza/growza/vendor/laravel/framework/src/Illuminate/Database/Schema/Builder.php(564): Illuminate/Database/Schema/Blueprint->build(Object(Illuminate/Database/MySqlConnection), Object(Illuminate/Database/Schema/Grammars/MySqlGrammar))
#6 C:/Users/DELL/growza/growza/vendor/laravel/framework/src/Illuminate/Database/Schema/Builder.php(406): Illuminate/Database/Schema/Builder->build(Object(Illuminate/Database/Schema/Blueprint))
#7 C:/Users/DELL/growza/growza/vendor/laravel/framework/src/Illuminate/Support/Facades/Facade.php(361): Illuminate/Database/Schema/Builder->table('model_has_roles', Object(Closure))
#8 C:/Users/DELL/growza/growza/database/migrations/2026_01_03_000_make_rbac_pivot_team_id_nullable.php(124): Illuminate/Support/Facades/Facade::__callStatic('table', Array)
#9 C:/Users/DELL/growza/growza/vendor/laravel/framework/src/Illuminate/Database/Migrations/Migrator.php(507): Illuminate/Database/Migrations/Migration@anonymous->down()
#10 C:/Users/DELL/growza/growza/vendor/laravel/framework/src/Illuminate/Database/Migrations/Migrator.php(432): Illuminate/Database/Migrations/Migrator->runMethod(Object(Illuminate/Database/MySqlConnection), Object(Illuminate/Database/Migrations/Migration@anonymous), 'down')
#11 C:/Users/DELL/growza/growza/vendor/laravel/framework/src/Illuminate/Database/Migrations/Migrator.php(441): Illuminate/Database/Migrations/Migrator->{closure:Illuminate/Database/Migrations/Migrator::runMigration():428}()
#12 C:/Users/DELL/growza/growza/vendor/laravel/framework/src/Illuminate/Database/Migrations/Migrator.php(407): Illuminate/Database/Migrations/Migrator->runMigration(Object(Illuminate/Database/Migrations/Migration@anonymous), 'down')
#13 C:/Users/DELL/growza/growza/vendor/laravel/framework/src/Illuminate/Console/View/Components/Task.php(40): Illuminate/Database/Migrations/Migrator->{closure:Illuminate/Database/Migrations/Migrator::runDown():407}()
#14 C:/Users/DELL/growza/growza/vendor/laravel/framework/src/Illuminate/Database/Migrations/Migrator.php(798): Illuminate/Console/View/Components/Task->render('2026_01_03_000_...', Object(Closure))
#15 C:/Users/DELL/growza/growza/vendor/laravel/framework/src/Illuminate/Database/Migrations/Migrator.php(407): Illuminate/Database/Migrations/Migrator->write('Illuminate//Cons...', '2026_01_03_000_...', Object(Closure))
#16 C:/Users/DELL/growza/growza/vendor/laravel/framework/src/Illuminate/Database/Migrations/Migrator.php(330): Illuminate/Database/Migrations/Migrator->runDown('C://Users//DELL//g...', Object(stdClass), false)
#17 C:/Users/DELL/growza/growza/vendor/laravel/framework/src/Illuminate/Database/Migrations/Migrator.php(274): Illuminate/Database/Migrations/Migrator->rollbackMigrations(Array, Array, Array)
#18 C:/Users/DELL/growza/growza/vendor/laravel/framework/src/Illuminate/Database/Console/Migrations/RollbackCommand.php(64): Illuminate/Database/Migrations/Migrator->rollback(Array, Array)
#19 C:/Users/DELL/growza/growza/vendor/laravel/framework/src/Illuminate/Database/Migrations/Migrator.php(658): Illuminate/Database/Console/Migrations/RollbackCommand->{closure:Illuminate/Database/Console/Migrations/RollbackCommand::handle():63}()
#20 C:/Users/DELL/growza/growza/vendor/laravel/framework/src/Illuminate/Database/Console/Migrations/RollbackCommand.php(63): Illuminate/Database/Migrations/Migrator->usingConnection(NULL, Object(Closure))
#21 C:/Users/DELL/growza/growza/vendor/laravel/framework/src/Illuminate/Container/BoundMethod.php(36): Illuminate/Database/Console/Migrations/RollbackCommand->handle()
#22 C:/Users/DELL/growza/growza/vendor/laravel/framework/src/Illuminate/Container/Util.php(43): Illuminate/Container/BoundMethod::{closure:Illuminate/Container/BoundMethod::call():35}()
#23 C:/Users/DELL/growza/growza/vendor/laravel/framework/src/Illuminate/Container/BoundMethod.php(95): Illuminate/Container/Util::unwrapIfClosure(Object(Closure))
#24 C:/Users/DELL/growza/growza/vendor/laravel/framework/src/Illuminate/Container/BoundMethod.php(35): Illuminate/Container/BoundMethod::callBoundMethod(Object(Illuminate/Foundation/Application), Array, Object(Closure))
#25 C:/Users/DELL/growza/growza/vendor/laravel/framework/src/Illuminate/Container/Container.php(696): Illuminate/Container/BoundMethod::call(Object(Illuminate/Foundation/Application), Array, Array, NULL)
#26 C:/Users/DELL/growza/growza/vendor/laravel/framework/src/Illuminate/Console/Command.php(213): Illuminate/Container/Container->call(Array)
#27 C:/Users/DELL/growza/growza/vendor/symfony/console/Command/Command.php(341): Illuminate/Console/Command->execute(Object(Symfony/Component/Console/Input/ArgvInput), Object(Illuminate/Console/OutputStyle))
#28 C:/Users/DELL/growza/growza/vendor/laravel/framework/src/Illuminate/Console/Command.php(182): Symfony/Component/Console/Command/Command->run(Object(Symfony/Component/Console/Input/ArgvInput), Object(Illuminate/Console/OutputStyle))
#29 C:/Users/DELL/growza/growza/vendor/symfony/console/Application.php(1117): Illuminate/Console/Command->run(Object(Symfony/Component/Console/Input/ArgvInput), Object(Symfony/Component/Console/Output/ConsoleOutput))
#30 C:/Users/DELL/growza/growza/vendor/symfony/console/Application.php(356): Symfony/Component/Console/Application->doRunCommand(Object(Illuminate/Database/Console/Migrations/RollbackCommand), Object(Symfony/Component/Console/Input/ArgvInput), Object(Symfony/Component/Console/Output/ConsoleOutput))
#31 C:/Users/DELL/growza/growza/vendor/symfony/console/Application.php(195): Symfony/Component/Console/Application->doRun(Object(Symfony/Component/Console/Input/ArgvInput), Object(Symfony/Component/Console/Output/ConsoleOutput))
#32 C:/Users/DELL/growza/growza/vendor/laravel/framework/src/Illuminate/Foundation/Console/Kernel.php(198): Symfony/Component/Console/Application->run(Object(Symfony/Component/Console/Input/ArgvInput), Object(Symfony/Component/Console/Output/ConsoleOutput))
#33 C:/Users/DELL/growza/growza/vendor/laravel/framework/src/Illuminate/Foundation/Application.php(1235): Illuminate/Foundation/Console/Kernel->handle(Object(Symfony/Component/Console/Input/ArgvInput), Object(Symfony/Component/Console/Output/ConsoleOutput))
#34 C:/Users/DELL/growza/growza/artisan(14): Illuminate/Foundation/Application->handleCommand(Object(Symfony/Component/Console/Input/ArgvInput))
#35 {main}
"} 
[2026-09-21 07:34:43] local.ERROR: SQLSTATE[42000]: Syntax error or access violation: 1068 Multiple primary key defined (Connection: mysql, SQL: alter table `model_has_roles` add primary key (`team_id`, `role_id`, `model_id`, `model_type`)) {"exception":"[object] (Illuminate\\Database\\QueryException(code: 42000): SQLSTATE[42000]: Syntax error or access violation: 1068 Multiple primary key defined (Connection: mysql, SQL: alter table `model_has_roles` add primary key (`team_id`, `role_id`, `model_id`, `model_type`)) at C:/Users/DELL/growza/growza/vendor/laravel/framework/src/Illuminate/Database/Connection.php:825)
[stacktrace]
#0 C:/Users/DELL/growza/growza/vendor/laravel/framework/src/Illuminate/Database/Connection.php(779): Illuminate/Database/Connection->runQueryCallback('alter table `mo...', Array, Object(Closure))
#1 C:/Users/DELL/growza/growza/vendor/laravel/framework/src/Illuminate/Database/Connection.php(560): Illuminate/Database/Connection->run('alter table `mo...', Array, Object(Closure))
#2 C:/Users/DELL/growza/growza/vendor/laravel/framework/src/Illuminate/Database/Schema/Blueprint.php(118): Illuminate/Database/Connection->statement('alter table `mo...')
#3 C:/Users/DELL/growza/growza/vendor/laravel/framework/src/Illuminate/Database/Schema/Builder.php(564): Illuminate/Database/Schema/Blueprint->build(Object(Illuminate/Database/MySqlConnection), Object(Illuminate/Database/Schema/Grammars/MySqlGrammar))
#4 C:/Users/DELL/growza/growza/vendor/laravel/framework/src/Illuminate/Database/Schema/Builder.php(406): Illuminate/Database/Schema/Builder->build(Object(Illuminate/Database/Schema/Blueprint))
#5 C:/Users/DELL/growza/growza/vendor/laravel/framework/src/Illuminate/Support/Facades/Facade.php(361): Illuminate/Database/Schema/Builder->table('model_has_roles', Object(Closure))
#6 C:/Users/DELL/growza/growza/database/migrations/2026_01_03_000_make_rbac_pivot_team_id_nullable.php(130): Illuminate/Support/Facades/Facade::__callStatic('table', Array)
#7 C:/Users/DELL/growza/growza/vendor/laravel/framework/src/Illuminate/Database/Migrations/Migrator.php(507): Illuminate/Database/Migrations/Migration@anonymous->down()
#8 C:/Users/DELL/growza/growza/vendor/laravel/framework/src/Illuminate/Database/Migrations/Migrator.php(432): Illuminate/Database/Migrations/Migrator->runMethod(Object(Illuminate/Database/MySqlConnection), Object(Illuminate/Database/Migrations/Migration@anonymous), 'down')
#9 C:/Users/DELL/growza/growza/vendor/laravel/framework/src/Illuminate/Database/Migrations/Migrator.php(441): Illuminate/Database/Migrations/Migrator->{closure:Illuminate/Database/Migrations/Migrator::runMigration():428}()
#10 C:/Users/DELL/growza/growza/vendor/laravel/framework/src/Illuminate/Database/Migrations/Migrator.php(407): Illuminate/Database/Migrations/Migrator->runMigration(Object(Illuminate/Database/Migrations/Migration@anonymous), 'down')
#11 C:/Users/DELL/growza/growza/vendor/laravel/framework/src/Illuminate/Console/View/Components/Task.php(40): Illuminate/Database/Migrations/Migrator->{closure:Illuminate/Database/Migrations/Migrator::runDown():407}()
#12 C:/Users/DELL/growza/growza/vendor/laravel/framework/src/Illuminate/Database/Migrations/Migrator.php(798): Illuminate/Console/View/Components/Task->render('2026_01_03_000_...', Object(Closure))
#13 C:/Users/DELL/growza/growza/vendor/laravel/framework/src/Illuminate/Database/Migrations/Migrator.php(407): Illuminate/Database/Migrations/Migrator->write('Illuminate//Cons...', '2026_01_03_000_...', Object(Closure))
#14 C:/Users/DELL/growza/growza/vendor/laravel/framework/src/Illuminate/Database/Migrations/Migrator.php(330): Illuminate/Database/Migrations/Migrator->runDown('C://Users//DELL//g...', Object(stdClass), false)
#15 C:/Users/DELL/growza/growza/vendor/laravel/framework/src/Illuminate/Database/Migrations/Migrator.php(274): Illuminate/Database/Migrations/Migrator->rollbackMigrations(Array, Array, Array)
#16 C:/Users/DELL/growza/growza/vendor/laravel/framework/src/Illuminate/Database/Console/Migrations/RollbackCommand.php(64): Illuminate/Database/Migrations/Migrator->rollback(Array, Array)
#17 C:/Users/DELL/growza/growza/vendor/laravel/framework/src/Illuminate/Database/Migrations/Migrator.php(658): Illuminate/Database/Console/Migrations/RollbackCommand->{closure:Illuminate/Database/Console/Migrations/RollbackCommand::handle():63}()
#18 C:/Users/DELL/growza/growza/vendor/laravel/framework/src/Illuminate/Database/Console/Migrations/RollbackCommand.php(63): Illuminate/Database/Migrations/Migrator->usingConnection(NULL, Object(Closure))
#19 C:/Users/DELL/growza/growza/vendor/laravel/framework/src/Illuminate/Container/BoundMethod.php(36): Illuminate/Database/Console/Migrations/RollbackCommand->handle()
#20 C:/Users/DELL/growza/growza/vendor/laravel/framework/src/Illuminate/Container/Util.php(43): Illuminate/Container/BoundMethod::{closure:Illuminate/Container/BoundMethod::call():35}()
#21 C:/Users/DELL/growza/growza/vendor/laravel/framework/src/Illuminate/Container/BoundMethod.php(95): Illuminate/Container/Util::unwrapIfClosure(Object(Closure))
#22 C:/Users/DELL/growza/growza/vendor/laravel/framework/src/Illuminate/Container/BoundMethod.php(35): Illuminate/Container/BoundMethod::callBoundMethod(Object(Illuminate/Foundation/Application), Array, Object(Closure))
#23 C:/Users/DELL/growza/growza/vendor/laravel/framework/src/Illuminate/Container/Container.php(696): Illuminate/Container/BoundMethod::call(Object(Illuminate/Foundation/Application), Array, Array, NULL)
#24 C:/Users/DELL/growza/growza/vendor/laravel/framework/src/Illuminate/Console/Command.php(213): Illuminate/Container/Container->call(Array)
#25 C:/Users/DELL/growza/growza/vendor/symfony/console/Command/Command.php(341): Illuminate/Console/Command->execute(Object(Symfony/Component/Console/Input/ArgvInput), Object(Illuminate/Console/OutputStyle))
#26 C:/Users/DELL/growza/growza/vendor/laravel/framework/src/Illuminate/Console/Command.php(182): Symfony/Component/Console/Command/Command->run(Object(Symfony/Component/Console/Input/ArgvInput), Object(Illuminate/Console/OutputStyle))
#27 C:/Users/DELL/growza/growza/vendor/symfony/console/Application.php(1117): Illuminate/Console/Command->run(Object(Symfony/Component/Console/Input/ArgvInput), Object(Symfony/Component/Console/Output/ConsoleOutput))
#28 C:/Users/DELL/growza/growza/vendor/symfony/console/Application.php(356): Symfony/Component/Console/Application->doRunCommand(Object(Illuminate/Database/Console/Migrations/RollbackCommand), Object(Symfony/Component/Console/Input/ArgvInput), Object(Symfony/Component/Console/Output/ConsoleOutput))
#29 C:/Users/DELL/growza/growza/vendor/symfony/console/Application.php(195): Symfony/Component/Console/Application->doRun(Object(Symfony/Component/Console/Input/ArgvInput), Object(Symfony/Component/Console/Output/ConsoleOutput))
#30 C:/Users/DELL/growza/growza/vendor/laravel/framework/src/Illuminate/Foundation/Console/Kernel.php(198): Symfony/Component/Console/Application->run(Object(Symfony/Component/Console/Input/ArgvInput), Object(Symfony/Component/Console/Output/ConsoleOutput))
#31 C:/Users/DELL/growza/growza/vendor/laravel/framework/src/Illuminate/Foundation/Application.php(1235): Illuminate/Foundation/Console/Kernel->handle(Object(Symfony/Component/Console/Input/ArgvInput), Object(Symfony/Component/Console/Output/ConsoleOutput))
#32 C:/Users/DELL/growza/growza/artisan(14): Illuminate/Foundation/Application->handleCommand(Object(Symfony/Component/Console/Input/ArgvInput))
#33 {main}

[previous exception] [object] (PDOException(code: 42000): SQLSTATE[42000]: Syntax error or access violation: 1068 Multiple primary key defined at C:/Users/DELL/growza/growza/vendor/laravel/framework/src/Illuminate/Database/Connection.php:571)
[stacktrace]
#0 C:/Users/DELL/growza/growza/vendor/laravel/framework/src/Illuminate/Database/Connection.php(571): PDOStatement->execute()
#1 C:/Users/DELL/growza/growza/vendor/laravel/framework/src/Illuminate/Database/Connection.php(812): Illuminate/Database/Connection->{closure:Illuminate/Database/Connection::statement():560}('alter table `mo...', Array)
#2 C:/Users/DELL/growza/growza/vendor/laravel/framework/src/Illuminate/Database/Connection.php(779): Illuminate/Database/Connection->runQueryCallback('alter table `mo...', Array, Object(Closure))
#3 C:/Users/DELL/growza/growza/vendor/laravel/framework/src/Illuminate/Database/Connection.php(560): Illuminate/Database/Connection->run('alter table `mo...', Array, Object(Closure))
#4 C:/Users/DELL/growza/growza/vendor/laravel/framework/src/Illuminate/Database/Schema/Blueprint.php(118): Illuminate/Database/Connection->statement('alter table `mo...')
#5 C:/Users/DELL/growza/growza/vendor/laravel/framework/src/Illuminate/Database/Schema/Builder.php(564): Illuminate/Database/Schema/Blueprint->build(Object(Illuminate/Database/MySqlConnection), Object(Illuminate/Database/Schema/Grammars/MySqlGrammar))
#6 C:/Users/DELL/growza/growza/vendor/laravel/framework/src/Illuminate/Database/Schema/Builder.php(406): Illuminate/Database/Schema/Builder->build(Object(Illuminate/Database/Schema/Blueprint))
#7 C:/Users/DELL/growza/growza/vendor/laravel/framework/src/Illuminate/Support/Facades/Facade.php(361): Illuminate/Database/Schema/Builder->table('model_has_roles', Object(Closure))
#8 C:/Users/DELL/growza/growza/database/migrations/2026_01_03_000_make_rbac_pivot_team_id_nullable.php(130): Illuminate/Support/Facades/Facade::__callStatic('table', Array)
#9 C:/Users/DELL/growza/growza/vendor/laravel/framework/src/Illuminate/Database/Migrations/Migrator.php(507): Illuminate/Database/Migrations/Migration@anonymous->down()
#10 C:/Users/DELL/growza/growza/vendor/laravel/framework/src/Illuminate/Database/Migrations/Migrator.php(432): Illuminate/Database/Migrations/Migrator->runMethod(Object(Illuminate/Database/MySqlConnection), Object(Illuminate/Database/Migrations/Migration@anonymous), 'down')
#11 C:/Users/DELL/growza/growza/vendor/laravel/framework/src/Illuminate/Database/Migrations/Migrator.php(441): Illuminate/Database/Migrations/Migrator->{closure:Illuminate/Database/Migrations/Migrator::runMigration():428}()
#12 C:/Users/DELL/growza/growza/vendor/laravel/framework/src/Illuminate/Database/Migrations/Migrator.php(407): Illuminate/Database/Migrations/Migrator->runMigration(Object(Illuminate/Database/Migrations/Migration@anonymous), 'down')
#13 C:/Users/DELL/growza/growza/vendor/laravel/framework/src/Illuminate/Console/View/Components/Task.php(40): Illuminate/Database/Migrations/Migrator->{closure:Illuminate/Database/Migrations/Migrator::runDown():407}()
#14 C:/Users/DELL/growza/growza/vendor/laravel/framework/src/Illuminate/Database/Migrations/Migrator.php(798): Illuminate/Console/View/Components/Task->render('2026_01_03_000_...', Object(Closure))
#15 C:/Users/DELL/growza/growza/vendor/laravel/framework/src/Illuminate/Database/Migrations/Migrator.php(407): Illuminate/Database/Migrations/Migrator->write('Illuminate//Cons...', '2026_01_03_000_...', Object(Closure))
#16 C:/Users/DELL/growza/growza/vendor/laravel/framework/src/Illuminate/Database/Migrations/Migrator.php(330): Illuminate/Database/Migrations/Migrator->runDown('C://Users//DELL//g...', Object(stdClass), false)
#17 C:/Users/DELL/growza/growza/vendor/laravel/framework/src/Illuminate/Database/Migrations/Migrator.php(274): Illuminate/Database/Migrations/Migrator->rollbackMigrations(Array, Array, Array)
#18 C:/Users/DELL/growza/growza/vendor/laravel/framework/src/Illuminate/Database/Console/Migrations/RollbackCommand.php(64): Illuminate/Database/Migrations/Migrator->rollback(Array, Array)
#19 C:/Users/DELL/growza/growza/vendor/laravel/framework/src/Illuminate/Database/Migrations/Migrator.php(658): Illuminate/Database/Console/Migrations/RollbackCommand->{closure:Illuminate/Database/Console/Migrations/RollbackCommand::handle():63}()
#20 C:/Users/DELL/growza/growza/vendor/laravel/framework/src/Illuminate/Database/Console/Migrations/RollbackCommand.php(63): Illuminate/Database/Migrations/Migrator->usingConnection(NULL, Object(Closure))
#21 C:/Users/DELL/growza/growza/vendor/laravel/framework/src/Illuminate/Container/BoundMethod.php(36): Illuminate/Database/Console/Migrations/RollbackCommand->handle()
#22 C:/Users/DELL/growza/growza/vendor/laravel/framework/src/Illuminate/Container/Util.php(43): Illuminate/Container/BoundMethod::{closure:Illuminate/Container/BoundMethod::call():35}()
#23 C:/Users/DELL/growza/growza/vendor/laravel/framework/src/Illuminate/Container/BoundMethod.php(95): Illuminate/Container/Util::unwrapIfClosure(Object(Closure))
#24 C:/Users/DELL/growza/growza/vendor/laravel/framework/src/Illuminate/Container/BoundMethod.php(35): Illuminate/Container/BoundMethod::callBoundMethod(Object(Illuminate/Foundation/Application), Array, Object(Closure))
#25 C:/Users/DELL/growza/growza/vendor/laravel/framework/src/Illuminate/Container/Container.php(696): Illuminate/Container/BoundMethod::call(Object(Illuminate/Foundation/Application), Array, Array, NULL)
#26 C:/Users/DELL/growza/growza/vendor/laravel/framework/src/Illuminate/Console/Command.php(213): Illuminate/Container/Container->call(Array)
#27 C:/Users/DELL/growza/growza/vendor/symfony/console/Command/Command.php(341): Illuminate/Console/Command->execute(Object(Symfony/Component/Console/Input/ArgvInput), Object(Illuminate/Console/OutputStyle))
#28 C:/Users/DELL/growza/growza/vendor/laravel/framework/src/Illuminate/Console/Command.php(182): Symfony/Component/Console/Command/Command->run(Object(Symfony/Component/Console/Input/ArgvInput), Object(Illuminate/Console/OutputStyle))
#29 C:/Users/DELL/growza/growza/vendor/symfony/console/Application.php(1117): Illuminate/Console/Command->run(Object(Symfony/Component/Console/Input/ArgvInput), Object(Symfony/Component/Console/Output/ConsoleOutput))
#30 C:/Users/DELL/growza/growza/vendor/symfony/console/Application.php(356): Symfony/Component/Console/Application->doRunCommand(Object(Illuminate/Database/Console/Migrations/RollbackCommand), Object(Symfony/Component/Console/Input/ArgvInput), Object(Symfony/Component/Console/Output/ConsoleOutput))
#31 C:/Users/DELL/growza/growza/vendor/symfony/console/Application.php(195): Symfony/Component/Console/Application->doRun(Object(Symfony/Component/Console/Input/ArgvInput), Object(Symfony/Component/Console/Output/ConsoleOutput))
#32 C:/Users/DELL/growza/growza/vendor/laravel/framework/src/Illuminate/Foundation/Console/Kernel.php(198): Symfony/Component/Console/Application->run(Object(Symfony/Component/Console/Input/ArgvInput), Object(Symfony/Component/Console/Output/ConsoleOutput))
#33 C:/Users/DELL/growza/growza/vendor/laravel/framework/src/Illuminate/Foundation/Application.php(1235): Illuminate/Foundation/Console/Kernel->handle(Object(Symfony/Component/Console/Input/ArgvInput), Object(Symfony/Component/Console/Output/ConsoleOutput))
#34 C:/Users/DELL/growza/growza/artisan(14): Illuminate/Foundation/Application->handleCommand(Object(Symfony/Component/Console/Input/ArgvInput))
#35 {main}
"} 
[2026-09-21 07:49:00] testing.INFO: Contact enquiry received {"contact_message_id":1,"subject":"campaign"} 
[2026-09-21 07:49:01] testing.INFO: Contact enquiry received {"contact_message_id":1,"subject":"campaign"} 
[2026-09-21 07:49:01] testing.INFO: Contact enquiry received {"contact_message_id":1,"subject":"campaign"} 
[2026-09-21 07:49:03] testing.INFO: Contact enquiry received {"contact_message_id":1,"subject":"campaign"} 
[2026-09-21 07:49:03] testing.INFO: Contact enquiry received {"contact_message_id":2,"subject":"campaign"} 
[2026-09-21 07:49:03] testing.INFO: Contact enquiry received {"contact_message_id":3,"subject":"campaign"} 
[2026-09-21 07:49:03] testing.INFO: Contact enquiry received {"contact_message_id":4,"subject":"campaign"} 
[2026-09-21 07:49:03] testing.INFO: Contact enquiry received {"contact_message_id":5,"subject":"campaign"} 
[2026-09-21 07:55:27] testing.INFO: Contact enquiry received {"contact_message_id":1,"subject":"campaign"} 
[2026-09-21 07:55:27] testing.INFO: Contact enquiry received {"contact_message_id":1,"subject":"campaign"} 
[2026-09-21 07:55:27] testing.INFO: Contact enquiry received {"contact_message_id":1,"subject":"campaign"} 
[2026-09-21 07:55:28] testing.INFO: Contact enquiry received {"contact_message_id":1,"subject":"campaign"} 
[2026-09-21 07:55:28] testing.INFO: Contact enquiry received {"contact_message_id":2,"subject":"campaign"} 
[2026-09-21 07:55:28] testing.INFO: Contact enquiry received {"contact_message_id":3,"subject":"campaign"} 
[2026-09-21 07:55:28] testing.INFO: Contact enquiry received {"contact_message_id":4,"subject":"campaign"} 
[2026-09-21 07:55:28] testing.INFO: Contact enquiry received {"contact_message_id":5,"subject":"campaign"} 
[2026-09-21 08:00:32] testing.INFO: Contact enquiry received {"contact_message_id":1,"subject":"campaign"} 
[2026-09-21 08:00:33] testing.INFO: Contact enquiry received {"contact_message_id":1,"subject":"campaign"} 
[2026-09-21 08:00:33] testing.INFO: Contact enquiry received {"contact_message_id":1,"subject":"campaign"} 
[2026-09-21 08:00:34] testing.INFO: Contact enquiry received {"contact_message_id":1,"subject":"campaign"} 
[2026-09-21 08:00:34] testing.INFO: Contact enquiry received {"contact_message_id":2,"subject":"campaign"} 
[2026-09-21 08:00:34] testing.INFO: Contact enquiry received {"contact_message_id":3,"subject":"campaign"} 
[2026-09-21 08:00:34] testing.INFO: Contact enquiry received {"contact_message_id":4,"subject":"campaign"} 
[2026-09-21 08:00:34] testing.INFO: Contact enquiry received {"contact_message_id":5,"subject":"campaign"} 
[2026-09-21 08:22:32] testing.INFO: Contact enquiry received {"contact_message_id":1,"subject":"campaign"} 
[2026-09-21 08:22:32] testing.INFO: Contact enquiry received {"contact_message_id":1,"subject":"campaign"} 
[2026-09-21 08:22:33] testing.INFO: Contact enquiry received {"contact_message_id":1,"subject":"campaign"} 
[2026-09-21 08:22:33] testing.INFO: Contact enquiry received {"contact_message_id":1,"subject":"campaign"} 
[2026-09-21 08:22:33] testing.INFO: Contact enquiry received {"contact_message_id":2,"subject":"campaign"} 
[2026-09-21 08:22:33] testing.INFO: Contact enquiry received {"contact_message_id":3,"subject":"campaign"} 
[2026-09-21 08:22:33] testing.INFO: Contact enquiry received {"contact_message_id":4,"subject":"campaign"} 
[2026-09-21 08:22:33] testing.INFO: Contact enquiry received {"contact_message_id":5,"subject":"campaign"} 
[2026-09-21 11:39:49] testing.INFO: Contact enquiry received {"contact_message_id":1,"subject":"campaign"} 
[2026-09-21 11:39:49] testing.INFO: Contact enquiry received {"contact_message_id":1,"subject":"campaign"} 
[2026-09-21 11:39:50] testing.INFO: Contact enquiry received {"contact_message_id":1,"subject":"campaign"} 
[2026-09-21 11:39:51] testing.INFO: Contact enquiry received {"contact_message_id":1,"subject":"campaign"} 
[2026-09-21 11:39:51] testing.INFO: Contact enquiry received {"contact_message_id":2,"subject":"campaign"} 
[2026-09-21 11:39:51] testing.INFO: Contact enquiry received {"contact_message_id":3,"subject":"campaign"} 
[2026-09-21 11:39:51] testing.INFO: Contact enquiry received {"contact_message_id":4,"subject":"campaign"} 
[2026-09-21 11:39:51] testing.INFO: Contact enquiry received {"contact_message_id":5,"subject":"campaign"} 
[2026-09-21 11:42:53] testing.INFO: Contact enquiry received {"contact_message_id":1,"subject":"campaign"} 
[2026-09-21 11:42:54] testing.INFO: Contact enquiry received {"contact_message_id":1,"subject":"campaign"} 
[2026-09-21 11:42:55] testing.INFO: Contact enquiry received {"contact_message_id":1,"subject":"campaign"} 
[2026-09-21 11:42:56] testing.INFO: Contact enquiry received {"contact_message_id":1,"subject":"campaign"} 
[2026-09-21 11:42:56] testing.INFO: Contact enquiry received {"contact_message_id":2,"subject":"campaign"} 
[2026-09-21 11:42:56] testing.INFO: Contact enquiry received {"contact_message_id":3,"subject":"campaign"} 
[2026-09-21 11:42:56] testing.INFO: Contact enquiry received {"contact_message_id":4,"subject":"campaign"} 
[2026-09-21 11:42:56] testing.INFO: Contact enquiry received {"contact_message_id":5,"subject":"campaign"} 
[2026-09-21 11:43:50] local.ERROR: SQLSTATE[42S02]: Base table or view not found: 1146 Table 'performance_schema.session_status' doesn't exist (Connection: mysql, SQL: select variable_value as `Value` from performance_schema.session_status where variable_name = 'threads_connected') {"exception":"[object] (Illuminate\\Database\\QueryException(code: 42S02): SQLSTATE[42S02]: Base table or view not found: 1146 Table 'performance_schema.session_status' doesn't exist (Connection: mysql, SQL: select variable_value as `Value` from performance_schema.session_status where variable_name = 'threads_connected') at C:/Users/DELL/growza/growza/vendor/laravel/framework/src/Illuminate/Database/Connection.php:825)
[stacktrace]
#0 C:/Users/DELL/growza/growza/vendor/laravel/framework/src/Illuminate/Database/Connection.php(779): Illuminate/Database/Connection->runQueryCallback('select variable...', Array, Object(Closure))
#1 C:/Users/DELL/growza/growza/vendor/laravel/framework/src/Illuminate/Database/Connection.php(398): Illuminate/Database/Connection->run('select variable...', Array, Object(Closure))
#2 C:/Users/DELL/growza/growza/vendor/laravel/framework/src/Illuminate/Database/Connection.php(344): Illuminate/Database/Connection->select('select variable...', Array, true)
#3 C:/Users/DELL/growza/growza/vendor/laravel/framework/src/Illuminate/Database/Connection.php(361): Illuminate/Database/Connection->selectOne('select variable...', Array, true)
#4 C:/Users/DELL/growza/growza/vendor/laravel/framework/src/Illuminate/Database/Connection.php(636): Illuminate/Database/Connection->scalar('select variable...')
#5 C:/Users/DELL/growza/growza/vendor/laravel/framework/src/Illuminate/Database/Console/ShowCommand.php(53): Illuminate/Database/Connection->threadCount()
#6 C:/Users/DELL/growza/growza/vendor/laravel/framework/src/Illuminate/Container/BoundMethod.php(36): Illuminate/Database/Console/ShowCommand->handle(Object(Illuminate/Database/DatabaseManager))
#7 C:/Users/DELL/growza/growza/vendor/laravel/framework/src/Illuminate/Container/Util.php(43): Illuminate/Container/BoundMethod::{closure:Illuminate/Container/BoundMethod::call():35}()
#8 C:/Users/DELL/growza/growza/vendor/laravel/framework/src/Illuminate/Container/BoundMethod.php(95): Illuminate/Container/Util::unwrapIfClosure(Object(Closure))
#9 C:/Users/DELL/growza/growza/vendor/laravel/framework/src/Illuminate/Container/BoundMethod.php(35): Illuminate/Container/BoundMethod::callBoundMethod(Object(Illuminate/Foundation/Application), Array, Object(Closure))
#10 C:/Users/DELL/growza/growza/vendor/laravel/framework/src/Illuminate/Container/Container.php(696): Illuminate/Container/BoundMethod::call(Object(Illuminate/Foundation/Application), Array, Array, NULL)
#11 C:/Users/DELL/growza/growza/vendor/laravel/framework/src/Illuminate/Console/Command.php(213): Illuminate/Container/Container->call(Array)
#12 C:/Users/DELL/growza/growza/vendor/symfony/console/Command/Command.php(341): Illuminate/Console/Command->execute(Object(Symfony/Component/Console/Input/ArgvInput), Object(Illuminate/Console/OutputStyle))
#13 C:/Users/DELL/growza/growza/vendor/laravel/framework/src/Illuminate/Console/Command.php(182): Symfony/Component/Console/Command/Command->run(Object(Symfony/Component/Console/Input/ArgvInput), Object(Illuminate/Console/OutputStyle))
#14 C:/Users/DELL/growza/growza/vendor/symfony/console/Application.php(1117): Illuminate/Console/Command->run(Object(Symfony/Component/Console/Input/ArgvInput), Object(Symfony/Component/Console/Output/ConsoleOutput))
#15 C:/Users/DELL/growza/growza/vendor/symfony/console/Application.php(356): Symfony/Component/Console/Application->doRunCommand(Object(Illuminate/Database/Console/ShowCommand), Object(Symfony/Component/Console/Input/ArgvInput), Object(Symfony/Component/Console/Output/ConsoleOutput))
#16 C:/Users/DELL/growza/growza/vendor/symfony/console/Application.php(195): Symfony/Component/Console/Application->doRun(Object(Symfony/Component/Console/Input/ArgvInput), Object(Symfony/Component/Console/Output/ConsoleOutput))
#17 C:/Users/DELL/growza/growza/vendor/laravel/framework/src/Illuminate/Foundation/Console/Kernel.php(198): Symfony/Component/Console/Application->run(Object(Symfony/Component/Console/Input/ArgvInput), Object(Symfony/Component/Console/Output/ConsoleOutput))
#18 C:/Users/DELL/growza/growza/vendor/laravel/framework/src/Illuminate/Foundation/Application.php(1235): Illuminate/Foundation/Console/Kernel->handle(Object(Symfony/Component/Console/Input/ArgvInput), Object(Symfony/Component/Console/Output/ConsoleOutput))
#19 C:/Users/DELL/growza/growza/artisan(14): Illuminate/Foundation/Application->handleCommand(Object(Symfony/Component/Console/Input/ArgvInput))
#20 {main}

[previous exception] [object] (PDOException(code: 42S02): SQLSTATE[42S02]: Base table or view not found: 1146 Table 'performance_schema.session_status' doesn't exist at C:/Users/DELL/growza/growza/vendor/laravel/framework/src/Illuminate/Database/Connection.php:407)
[stacktrace]
#0 C:/Users/DELL/growza/growza/vendor/laravel/framework/src/Illuminate/Database/Connection.php(407): PDO->prepare('select variable...')
#1 C:/Users/DELL/growza/growza/vendor/laravel/framework/src/Illuminate/Database/Connection.php(812): Illuminate/Database/Connection->{closure:Illuminate/Database/Connection::select():398}('select variable...', Array)
#2 C:/Users/DELL/growza/growza/vendor/laravel/framework/src/Illuminate/Database/Connection.php(779): Illuminate/Database/Connection->runQueryCallback('select variable...', Array, Object(Closure))
#3 C:/Users/DELL/growza/growza/vendor/laravel/framework/src/Illuminate/Database/Connection.php(398): Illuminate/Database/Connection->run('select variable...', Array, Object(Closure))
#4 C:/Users/DELL/growza/growza/vendor/laravel/framework/src/Illuminate/Database/Connection.php(344): Illuminate/Database/Connection->select('select variable...', Array, true)
#5 C:/Users/DELL/growza/growza/vendor/laravel/framework/src/Illuminate/Database/Connection.php(361): Illuminate/Database/Connection->selectOne('select variable...', Array, true)
#6 C:/Users/DELL/growza/growza/vendor/laravel/framework/src/Illuminate/Database/Connection.php(636): Illuminate/Database/Connection->scalar('select variable...')
#7 C:/Users/DELL/growza/growza/vendor/laravel/framework/src/Illuminate/Database/Console/ShowCommand.php(53): Illuminate/Database/Connection->threadCount()
#8 C:/Users/DELL/growza/growza/vendor/laravel/framework/src/Illuminate/Container/BoundMethod.php(36): Illuminate/Database/Console/ShowCommand->handle(Object(Illuminate/Database/DatabaseManager))
#9 C:/Users/DELL/growza/growza/vendor/laravel/framework/src/Illuminate/Container/Util.php(43): Illuminate/Container/BoundMethod::{closure:Illuminate/Container/BoundMethod::call():35}()
#10 C:/Users/DELL/growza/growza/vendor/laravel/framework/src/Illuminate/Container/BoundMethod.php(95): Illuminate/Container/Util::unwrapIfClosure(Object(Closure))
#11 C:/Users/DELL/growza/growza/vendor/laravel/framework/src/Illuminate/Container/BoundMethod.php(35): Illuminate/Container/BoundMethod::callBoundMethod(Object(Illuminate/Foundation/Application), Array, Object(Closure))
#12 C:/Users/DELL/growza/growza/vendor/laravel/framework/src/Illuminate/Container/Container.php(696): Illuminate/Container/BoundMethod::call(Object(Illuminate/Foundation/Application), Array, Array, NULL)
#13 C:/Users/DELL/growza/growza/vendor/laravel/framework/src/Illuminate/Console/Command.php(213): Illuminate/Container/Container->call(Array)
#14 C:/Users/DELL/growza/growza/vendor/symfony/console/Command/Command.php(341): Illuminate/Console/Command->execute(Object(Symfony/Component/Console/Input/ArgvInput), Object(Illuminate/Console/OutputStyle))
#15 C:/Users/DELL/growza/growza/vendor/laravel/framework/src/Illuminate/Console/Command.php(182): Symfony/Component/Console/Command/Command->run(Object(Symfony/Component/Console/Input/ArgvInput), Object(Illuminate/Console/OutputStyle))
#16 C:/Users/DELL/growza/growza/vendor/symfony/console/Application.php(1117): Illuminate/Console/Command->run(Object(Symfony/Component/Console/Input/ArgvInput), Object(Symfony/Component/Console/Output/ConsoleOutput))
#17 C:/Users/DELL/growza/growza/vendor/symfony/console/Application.php(356): Symfony/Component/Console/Application->doRunCommand(Object(Illuminate/Database/Console/ShowCommand), Object(Symfony/Component/Console/Input/ArgvInput), Object(Symfony/Component/Console/Output/ConsoleOutput))
#18 C:/Users/DELL/growza/growza/vendor/symfony/console/Application.php(195): Symfony/Component/Console/Application->doRun(Object(Symfony/Component/Console/Input/ArgvInput), Object(Symfony/Component/Console/Output/ConsoleOutput))
#19 C:/Users/DELL/growza/growza/vendor/laravel/framework/src/Illuminate/Foundation/Console/Kernel.php(198): Symfony/Component/Console/Application->run(Object(Symfony/Component/Console/Input/ArgvInput), Object(Symfony/Component/Console/Output/ConsoleOutput))
#20 C:/Users/DELL/growza/growza/vendor/laravel/framework/src/Illuminate/Foundation/Application.php(1235): Illuminate/Foundation/Console/Kernel->handle(Object(Symfony/Component/Console/Input/ArgvInput), Object(Symfony/Component/Console/Output/ConsoleOutput))
#21 C:/Users/DELL/growza/growza/artisan(14): Illuminate/Foundation/Application->handleCommand(Object(Symfony/Component/Console/Input/ArgvInput))
#22 {main}
"} 
[2026-09-21 12:10:39] testing.INFO: Contact enquiry received {"contact_message_id":1,"subject":"campaign"} 
[2026-09-21 12:10:39] testing.INFO: Contact enquiry received {"contact_message_id":1,"subject":"campaign"} 
[2026-09-21 12:10:40] testing.INFO: Contact enquiry received {"contact_message_id":1,"subject":"campaign"} 
[2026-09-21 12:10:41] testing.INFO: Contact enquiry received {"contact_message_id":1,"subject":"campaign"} 
[2026-09-21 12:10:41] testing.INFO: Contact enquiry received {"contact_message_id":2,"subject":"campaign"} 
[2026-09-21 12:10:41] testing.INFO: Contact enquiry received {"contact_message_id":3,"subject":"campaign"} 
[2026-09-21 12:10:41] testing.INFO: Contact enquiry received {"contact_message_id":4,"subject":"campaign"} 
[2026-09-21 12:10:41] testing.INFO: Contact enquiry received {"contact_message_id":5,"subject":"campaign"} 
[2026-09-21 12:13:46] testing.INFO: Contact enquiry received {"contact_message_id":1,"subject":"campaign"} 
[2026-09-21 12:13:46] testing.INFO: Contact enquiry received {"contact_message_id":1,"subject":"campaign"} 
[2026-09-21 12:13:46] testing.INFO: Contact enquiry received {"contact_message_id":1,"subject":"campaign"} 
[2026-09-21 12:13:47] testing.INFO: Contact enquiry received {"contact_message_id":1,"subject":"campaign"} 
[2026-09-21 12:13:47] testing.INFO: Contact enquiry received {"contact_message_id":2,"subject":"campaign"} 
[2026-09-21 12:13:47] testing.INFO: Contact enquiry received {"contact_message_id":3,"subject":"campaign"} 
[2026-09-21 12:13:47] testing.INFO: Contact enquiry received {"contact_message_id":4,"subject":"campaign"} 
[2026-09-21 12:13:47] testing.INFO: Contact enquiry received {"contact_message_id":5,"subject":"campaign"} 
[2026-09-21 12:14:51] testing.INFO: Contact enquiry received {"contact_message_id":1,"subject":"campaign"} 
[2026-09-21 12:14:52] testing.INFO: Contact enquiry received {"contact_message_id":1,"subject":"campaign"} 
[2026-09-21 12:14:52] testing.INFO: Contact enquiry received {"contact_message_id":1,"subject":"campaign"} 
[2026-09-21 12:14:53] testing.INFO: Contact enquiry received {"contact_message_id":1,"subject":"campaign"} 
[2026-09-21 12:14:53] testing.INFO: Contact enquiry received {"contact_message_id":2,"subject":"campaign"} 
[2026-09-21 12:14:53] testing.INFO: Contact enquiry received {"contact_message_id":3,"subject":"campaign"} 
[2026-09-21 12:14:53] testing.INFO: Contact enquiry received {"contact_message_id":4,"subject":"campaign"} 
[2026-09-21 12:14:53] testing.INFO: Contact enquiry received {"contact_message_id":5,"subject":"campaign"} 
[2026-09-21 12:18:23] testing.INFO: Contact enquiry received {"contact_message_id":1,"subject":"campaign"} 
[2026-09-21 12:18:23] testing.INFO: Contact enquiry received {"contact_message_id":1,"subject":"campaign"} 
[2026-09-21 12:18:23] testing.INFO: Contact enquiry received {"contact_message_id":1,"subject":"campaign"} 
[2026-09-21 12:18:24] testing.INFO: Contact enquiry received {"contact_message_id":1,"subject":"campaign"} 
[2026-09-21 12:18:24] testing.INFO: Contact enquiry received {"contact_message_id":2,"subject":"campaign"} 
[2026-09-21 12:18:24] testing.INFO: Contact enquiry received {"contact_message_id":3,"subject":"campaign"} 
[2026-09-21 12:18:24] testing.INFO: Contact enquiry received {"contact_message_id":4,"subject":"campaign"} 
[2026-09-21 12:18:24] testing.INFO: Contact enquiry received {"contact_message_id":5,"subject":"campaign"} 
[2026-09-21 13:28:13] local.ERROR: Command "verify-level5-mysql.php" is not defined. {"exception":"[object] (Symfony\\Component\\Console\\Exception\\CommandNotFoundException(code: 0): Command \"verify-level5-mysql.php\" is not defined. at C:/Users/DELL/growza/growza/vendor/symfony/console/Application.php:759)
[stacktrace]
#0 C:/Users/DELL/growza/growza/vendor/symfony/console/Application.php(298): Symfony/Component/Console/Application->find('verify-level5-m...')
#1 C:/Users/DELL/growza/growza/vendor/symfony/console/Application.php(195): Symfony/Component/Console/Application->doRun(Object(Symfony/Component/Console/Input/ArgvInput), Object(Symfony/Component/Console/Output/ConsoleOutput))
#2 C:/Users/DELL/growza/growza/vendor/laravel/framework/src/Illuminate/Foundation/Console/Kernel.php(198): Symfony/Component/Console/Application->run(Object(Symfony/Component/Console/Input/ArgvInput), Object(Symfony/Component/Console/Output/ConsoleOutput))
#3 C:/Users/DELL/growza/growza/vendor/laravel/framework/src/Illuminate/Foundation/Application.php(1235): Illuminate/Foundation/Console/Kernel->handle(Object(Symfony/Component/Console/Input/ArgvInput), Object(Symfony/Component/Console/Output/ConsoleOutput))
#4 C:/Users/DELL/growza/growza/artisan(14): Illuminate/Foundation/Application->handleCommand(Object(Symfony/Component/Console/Input/ArgvInput))
#5 {main}
"} 
[2026-09-21 13:36:02] testing.INFO: Contact enquiry received {"contact_message_id":1,"subject":"campaign"} 
[2026-09-21 13:36:02] testing.INFO: Contact enquiry received {"contact_message_id":1,"subject":"campaign"} 
[2026-09-21 13:36:03] testing.INFO: Contact enquiry received {"contact_message_id":1,"subject":"campaign"} 
[2026-09-21 13:36:04] testing.INFO: Contact enquiry received {"contact_message_id":1,"subject":"campaign"} 
[2026-09-21 13:36:04] testing.INFO: Contact enquiry received {"contact_message_id":2,"subject":"campaign"} 
[2026-09-21 13:36:04] testing.INFO: Contact enquiry received {"contact_message_id":3,"subject":"campaign"} 
[2026-09-21 13:36:04] testing.INFO: Contact enquiry received {"contact_message_id":4,"subject":"campaign"} 
[2026-09-21 13:36:04] testing.INFO: Contact enquiry received {"contact_message_id":5,"subject":"campaign"} 
